V0_object_F1R_Q1_C1X_P2,4762932500
V0_object_F1R_Q1_C1X_P2,4863862300
V0_object_F1R_Q1_C1X_P2,4583085500
V0_object_F1R_Q1_C1X_P2,4680654400
V0_object_F1R_Q1_C1X_P2,4601403300
V0_object_F1X_Q1_C1R_P2,2287946200
V0_object_F1X_Q1_C1R_P2,2051641000
V0_object_F1X_Q1_C1R_P2,2140670700
V0_object_F1X_Q1_C1R_P2,2168646900
V0_object_F1X_Q1_C1R_P2,2148219500
V0_object_F1X_Q1_C1X_P2,1826210500
V0_object_F1X_Q1_C1X_P2,1825370300
V0_object_F1X_Q1_C1X_P2,1809388800
V0_object_F1X_Q1_C1X_P2,1811456000
V0_object_F1X_Q1_C1X_P2,1862543700
V0_object_F2R_Q1_C1R_P2,1626910700
V0_object_F2R_Q1_C1R_P2,1641019600
V0_object_F2R_Q1_C1R_P2,1635989500
V0_object_F2R_Q1_C1R_P2,1593856900
V0_object_F2R_Q1_C1R_P2,1629050600
V0_object_F2R_Q1_C1X_P2,1427362600
V0_object_F2R_Q1_C1X_P2,1448313500
V0_object_F2R_Q1_C1X_P2,1459232300
V0_object_F2R_Q1_C1X_P2,1344109200
V0_object_F2R_Q1_C1X_P2,1417852100
V0_object_F2X_Q1_C1R_P2,1235661900
V0_object_F2X_Q1_C1R_P2,1232751500
V0_object_F2X_Q1_C1R_P2,1263171200
V0_object_F2X_Q1_C1R_P2,1249417400
V0_object_F2X_Q1_C1R_P2,1254249200
V0_object_F2X_Q1_C1X_P2,1100188800
V0_object_F2X_Q1_C1X_P2,1100163700
V0_object_F2X_Q1_C1X_P2,1111406900
V0_object_F2X_Q1_C1X_P2,1108208800
V0_object_F2X_Q1_C1X_P2,1087734900
V0_object_F3R_Q1_C1R_P2,1362175200
V0_object_F3R_Q1_C1R_P2,1480545000
V0_object_F3R_Q1_C1R_P2,1463434200
V0_object_F3R_Q1_C1R_P2,1389164600
V0_object_F3R_Q1_C1R_P2,1403339700
V0_object_F3R_Q1_C1X_P2,1215154400
V0_object_F3R_Q1_C1X_P2,1246537500
V0_object_F3R_Q1_C1X_P2,1271395200
V0_object_F3R_Q1_C1X_P2,1269398500
V0_object_F3R_Q1_C1X_P2,1244354600
V0_object_F3X_Q1_C1R_P2,1271884300
V0_object_F3X_Q1_C1R_P2,1249183200
V0_object_F3X_Q1_C1R_P2,1263595200
V0_object_F3X_Q1_C1R_P2,1253729900
V0_object_F3X_Q1_C1R_P2,1257067600
V0_object_F3X_Q1_C1X_P2,1066232200
V0_object_F3X_Q1_C1X_P2,1060199900
V0_object_F3X_Q1_C1X_P2,1059765400
V0_object_F3X_Q1_C1X_P2,1079039200
V0_object_F3X_Q1_C1X_P2,1002128800
V0_object_F4_Q1_C1R_P2,812137300
V0_object_F4_Q1_C1R_P2,812211100
V0_object_F4_Q1_C1R_P2,817862400
V0_object_F4_Q1_C1R_P2,820664500
V0_object_F4_Q1_C1R_P2,815038700
V0_object_F4_Q1_C1X_P2,729439600
V0_object_F4_Q1_C1X_P2,743260700
V0_object_F4_Q1_C1X_P2,726127300
V0_object_F4_Q1_C1X_P2,735338400
V0_object_F4_Q1_C1X_P2,727743300
V0_scalar_F1R_Q1_C1R_P2,3247841600
V0_scalar_F1R_Q1_C1R_P2,3261516700
V0_scalar_F1R_Q1_C1R_P2,3309937800
V0_scalar_F1R_Q1_C1R_P2,3352813100
V0_scalar_F1R_Q1_C1R_P2,3557881200
V0_scalar_F1R_Q1_C1X_P2,2900190100
V0_scalar_F1R_Q1_C1X_P2,2893772400
V0_scalar_F1R_Q1_C1X_P2,2916796200
V0_scalar_F1R_Q1_C1X_P2,2886367300
V0_scalar_F1R_Q1_C1X_P2,2862146200
V0_scalar_F1R_Q1_C2R_P2,3155801100
V0_scalar_F1R_Q1_C2R_P2,3174678200
V0_scalar_F1R_Q1_C2R_P2,3206154500
V0_scalar_F1R_Q1_C2R_P2,3169549200
V0_scalar_F1R_Q1_C2R_P2,3187514500
V0_scalar_F1R_Q1_C2X_P2,2775849700
V0_scalar_F1R_Q1_C2X_P2,2843989100
V0_scalar_F1R_Q1_C2X_P2,2971716200
V0_scalar_F1R_Q1_C2X_P2,2854828800
V0_scalar_F1R_Q1_C2X_P2,2797747700
V0_scalar_F1R_Q1_C3_P2,2485557400
V0_scalar_F1R_Q1_C3_P2,2473918500
V0_scalar_F1R_Q1_C3_P2,2493407100
V0_scalar_F1R_Q1_C3_P2,2478254700
V0_scalar_F1R_Q1_C3_P2,2487732700
V0_scalar_F1R_Q1_C4F_P2,2466604900
V0_scalar_F1R_Q1_C4F_P2,2451024100
V0_scalar_F1R_Q1_C4F_P2,2450430800
V0_scalar_F1R_Q1_C4F_P2,2459339900
V0_scalar_F1R_Q1_C4F_P2,2455013400
V0_scalar_F1R_Q1_C4M_P2,2447874100
V0_scalar_F1R_Q1_C4M_P2,2465137000
V0_scalar_F1R_Q1_C4M_P2,2465531200
V0_scalar_F1R_Q1_C4M_P2,2429320600
V0_scalar_F1R_Q1_C4M_P2,2447335800
V0_scalar_F1R_Q2R_C1R_P2,5082625600
V0_scalar_F1R_Q2R_C1R_P2,5039525900
V0_scalar_F1R_Q2R_C1R_P2,5107930900
V0_scalar_F1R_Q2R_C1R_P2,5051789000
V0_scalar_F1R_Q2R_C1R_P2,5067771500
V0_scalar_F1R_Q2R_C1X_P2,4357727800
V0_scalar_F1R_Q2R_C1X_P2,4371808600
V0_scalar_F1R_Q2R_C1X_P2,4356983000
V0_scalar_F1R_Q2R_C1X_P2,4347880200
V0_scalar_F1R_Q2R_C1X_P2,4374508100
V0_scalar_F1R_Q2R_C2R_P2,4989634100
V0_scalar_F1R_Q2R_C2R_P2,4959884400
V0_scalar_F1R_Q2R_C2R_P2,4987064000
V0_scalar_F1R_Q2R_C2R_P2,4974191000
V0_scalar_F1R_Q2R_C2R_P2,4969588000
V0_scalar_F1R_Q2R_C2X_P2,4370871400
V0_scalar_F1R_Q2R_C2X_P2,4354179600
V0_scalar_F1R_Q2R_C2X_P2,4352467200
V0_scalar_F1R_Q2R_C2X_P2,4344892600
V0_scalar_F1R_Q2R_C2X_P2,4349273900
V0_scalar_F1R_Q2R_C3_P2,3675507200
V0_scalar_F1R_Q2R_C3_P2,3705606300
V0_scalar_F1R_Q2R_C3_P2,3721175200
V0_scalar_F1R_Q2R_C3_P2,3673684300
V0_scalar_F1R_Q2R_C3_P2,3699170800
V0_scalar_F1R_Q2R_C4F_P2,3600190000
V0_scalar_F1R_Q2R_C4F_P2,3653355500
V0_scalar_F1R_Q2R_C4F_P2,3597369900
V0_scalar_F1R_Q2R_C4F_P2,3584254500
V0_scalar_F1R_Q2R_C4F_P2,3621311800
V0_scalar_F1R_Q2R_C4M_P2,3607171000
V0_scalar_F1R_Q2R_C4M_P2,3598246900
V0_scalar_F1R_Q2R_C4M_P2,3605229100
V0_scalar_F1R_Q2R_C4M_P2,3633212200
V0_scalar_F1R_Q2R_C4M_P2,3611147400
V0_scalar_F1R_Q2X_C1R_P2,4289098100
V0_scalar_F1R_Q2X_C1R_P2,4274665400
V0_scalar_F1R_Q2X_C1R_P2,4232738300
V0_scalar_F1R_Q2X_C1R_P2,4267195200
V0_scalar_F1R_Q2X_C1R_P2,4258636300
V0_scalar_F1R_Q2X_C1X_P2,3765957200
V0_scalar_F1R_Q2X_C1X_P2,3749682000
V0_scalar_F1R_Q2X_C1X_P2,3759376200
V0_scalar_F1R_Q2X_C1X_P2,3753517800
V0_scalar_F1R_Q2X_C1X_P2,3705230700
V0_scalar_F1R_Q2X_C2R_P2,4190510300
V0_scalar_F1R_Q2X_C2R_P2,4168081400
V0_scalar_F1R_Q2X_C2R_P2,4187660900
V0_scalar_F1R_Q2X_C2R_P2,4242035200
V0_scalar_F1R_Q2X_C2R_P2,4203309200
V0_scalar_F1R_Q2X_C2X_P2,3733407000
V0_scalar_F1R_Q2X_C2X_P2,3699529200
V0_scalar_F1R_Q2X_C2X_P2,3700083700
V0_scalar_F1R_Q2X_C2X_P2,3720412900
V0_scalar_F1R_Q2X_C2X_P2,3730324500
V0_scalar_F1R_Q2X_C3_P2,3201470100
V0_scalar_F1R_Q2X_C3_P2,3183082000
V0_scalar_F1R_Q2X_C3_P2,3198753100
V0_scalar_F1R_Q2X_C3_P2,3221321800
V0_scalar_F1R_Q2X_C3_P2,3202608700
V0_scalar_F1R_Q2X_C4F_P2,3125804400
V0_scalar_F1R_Q2X_C4F_P2,3138576700
V0_scalar_F1R_Q2X_C4F_P2,3154938700
V0_scalar_F1R_Q2X_C4F_P2,3171535500
V0_scalar_F1R_Q2X_C4F_P2,3122545800
V0_scalar_F1R_Q2X_C4M_P2,3184796200
V0_scalar_F1R_Q2X_C4M_P2,3177509900
V0_scalar_F1R_Q2X_C4M_P2,3158039900
V0_scalar_F1R_Q2X_C4M_P2,3168172600
V0_scalar_F1R_Q2X_C4M_P2,3167935000
V0_scalar_F1R_Q3M_C1R_P2,3502037200
V0_scalar_F1R_Q3M_C1R_P2,3479626000
V0_scalar_F1R_Q3M_C1R_P2,3488848300
V0_scalar_F1R_Q3M_C1R_P2,3483916800
V0_scalar_F1R_Q3M_C1R_P2,3498380800
V0_scalar_F1R_Q3M_C1X_P2,3052485000
V0_scalar_F1R_Q3M_C1X_P2,3046686100
V0_scalar_F1R_Q3M_C1X_P2,3085069900
V0_scalar_F1R_Q3M_C1X_P2,3064480200
V0_scalar_F1R_Q3M_C1X_P2,3058898000
V0_scalar_F1R_Q3M_C2R_P2,3437003500
V0_scalar_F1R_Q3M_C2R_P2,3408778200
V0_scalar_F1R_Q3M_C2R_P2,3449726500
V0_scalar_F1R_Q3M_C2R_P2,3455406800
V0_scalar_F1R_Q3M_C2R_P2,3410776700
V0_scalar_F1R_Q3M_C2X_P2,3007537300
V0_scalar_F1R_Q3M_C2X_P2,3010531300
V0_scalar_F1R_Q3M_C2X_P2,3008218500
V0_scalar_F1R_Q3M_C2X_P2,2975808300
V0_scalar_F1R_Q3M_C2X_P2,3003374300
V0_scalar_F1R_Q3M_C3_P2,2612264300
V0_scalar_F1R_Q3M_C3_P2,2614990200
V0_scalar_F1R_Q3M_C3_P2,2639064200
V0_scalar_F1R_Q3M_C3_P2,2599868500
V0_scalar_F1R_Q3M_C3_P2,2598185100
V0_scalar_F1R_Q3M_C4F_P2,2586490500
V0_scalar_F1R_Q3M_C4F_P2,2570235300
V0_scalar_F1R_Q3M_C4F_P2,2570520700
V0_scalar_F1R_Q3M_C4F_P2,2595307600
V0_scalar_F1R_Q3M_C4F_P2,2575979700
V0_scalar_F1R_Q3M_C4M_P2,2570821200
V0_scalar_F1R_Q3M_C4M_P2,2576429900
V0_scalar_F1R_Q3M_C4M_P2,2574396800
V0_scalar_F1R_Q3M_C4M_P2,2585965600
V0_scalar_F1R_Q3M_C4M_P2,2571450500
V0_scalar_F1R_Q4F_C1R_P2,3281607500
V0_scalar_F1R_Q4F_C1R_P2,3298065200
V0_scalar_F1R_Q4F_C1R_P2,3301074900
V0_scalar_F1R_Q4F_C1R_P2,3276711600
V0_scalar_F1R_Q4F_C1R_P2,3345765000
V0_scalar_F1R_Q4F_C1X_P2,2877558600
V0_scalar_F1R_Q4F_C1X_P2,2912597300
V0_scalar_F1R_Q4F_C1X_P2,2876306700
V0_scalar_F1R_Q4F_C1X_P2,2872189300
V0_scalar_F1R_Q4F_C1X_P2,2879267700
V0_scalar_F1R_Q4F_C2R_P2,3214602900
V0_scalar_F1R_Q4F_C2R_P2,3201139900
V0_scalar_F1R_Q4F_C2R_P2,3201729300
V0_scalar_F1R_Q4F_C2R_P2,3214348300
V0_scalar_F1R_Q4F_C2R_P2,3231398500
V0_scalar_F1R_Q4F_C2X_P2,2877131900
V0_scalar_F1R_Q4F_C2X_P2,2869085700
V0_scalar_F1R_Q4F_C2X_P2,2871878500
V0_scalar_F1R_Q4F_C2X_P2,2860283100
V0_scalar_F1R_Q4F_C2X_P2,2856425800
V0_scalar_F1R_Q4F_C3_P2,2476135900
V0_scalar_F1R_Q4F_C3_P2,2467575700
V0_scalar_F1R_Q4F_C3_P2,2469369800
V0_scalar_F1R_Q4F_C3_P2,2481640100
V0_scalar_F1R_Q4F_C3_P2,2484008600
V0_scalar_F1R_Q4F_C4F_P2,2504110500
V0_scalar_F1R_Q4F_C4F_P2,2454317700
V0_scalar_F1R_Q4F_C4F_P2,2459989000
V0_scalar_F1R_Q4F_C4F_P2,2449653100
V0_scalar_F1R_Q4F_C4F_P2,2448054100
V0_scalar_F1R_Q4F_C4M_P2,2476763600
V0_scalar_F1R_Q4F_C4M_P2,2488416800
V0_scalar_F1R_Q4F_C4M_P2,2461668600
V0_scalar_F1R_Q4F_C4M_P2,2492179100
V0_scalar_F1R_Q4F_C4M_P2,2452373100
V0_scalar_F1R_Q4M_C1R_P2,3381428900
V0_scalar_F1R_Q4M_C1R_P2,3388272700
V0_scalar_F1R_Q4M_C1R_P2,3412045500
V0_scalar_F1R_Q4M_C1R_P2,3414952600
V0_scalar_F1R_Q4M_C1R_P2,3407335500
V0_scalar_F1R_Q4M_C1X_P2,2952556100
V0_scalar_F1R_Q4M_C1X_P2,2941334600
V0_scalar_F1R_Q4M_C1X_P2,2948863500
V0_scalar_F1R_Q4M_C1X_P2,2948513400
V0_scalar_F1R_Q4M_C1X_P2,2918247300
V0_scalar_F1R_Q4M_C2R_P2,3348057600
V0_scalar_F1R_Q4M_C2R_P2,3320090800
V0_scalar_F1R_Q4M_C2R_P2,3320016500
V0_scalar_F1R_Q4M_C2R_P2,3300149100
V0_scalar_F1R_Q4M_C2R_P2,3308305400
V0_scalar_F1R_Q4M_C2X_P2,2924339900
V0_scalar_F1R_Q4M_C2X_P2,2927378800
V0_scalar_F1R_Q4M_C2X_P2,2919310700
V0_scalar_F1R_Q4M_C2X_P2,2928460900
V0_scalar_F1R_Q4M_C2X_P2,2919517100
V0_scalar_F1R_Q4M_C3_P2,2531385600
V0_scalar_F1R_Q4M_C3_P2,2501898500
V0_scalar_F1R_Q4M_C3_P2,2509343200
V0_scalar_F1R_Q4M_C3_P2,2527486200
V0_scalar_F1R_Q4M_C3_P2,2490584600
V0_scalar_F1R_Q4M_C4F_P2,2497287400
V0_scalar_F1R_Q4M_C4F_P2,2490643400
V0_scalar_F1R_Q4M_C4F_P2,2503427100
V0_scalar_F1R_Q4M_C4F_P2,2502611200
V0_scalar_F1R_Q4M_C4F_P2,2503906400
V0_scalar_F1R_Q4M_C4M_P2,2541370400
V0_scalar_F1R_Q4M_C4M_P2,2546282100
V0_scalar_F1R_Q4M_C4M_P2,2539562200
V0_scalar_F1R_Q4M_C4M_P2,2517537000
V0_scalar_F1R_Q4M_C4M_P2,2532558500
V0_scalar_F1X_Q1_C1R_P2,1444061200
V0_scalar_F1X_Q1_C1R_P2,1475703100
V0_scalar_F1X_Q1_C1R_P2,1468288500
V0_scalar_F1X_Q1_C1R_P2,1456300500
V0_scalar_F1X_Q1_C1R_P2,1458337100
V0_scalar_F1X_Q1_C1X_P2,1069589000
V0_scalar_F1X_Q1_C1X_P2,1068194900
V0_scalar_F1X_Q1_C1X_P2,1059644900
V0_scalar_F1X_Q1_C1X_P2,1066070400
V0_scalar_F1X_Q1_C1X_P2,1062286800
V0_scalar_F1X_Q1_C2R_P2,1384799100
V0_scalar_F1X_Q1_C2R_P2,1376627800
V0_scalar_F1X_Q1_C2R_P2,1374007500
V0_scalar_F1X_Q1_C2R_P2,1381561500
V0_scalar_F1X_Q1_C2R_P2,1364750000
V0_scalar_F1X_Q1_C2X_P2,1016013400
V0_scalar_F1X_Q1_C2X_P2,1019747800
V0_scalar_F1X_Q1_C2X_P2,1010556900
V0_scalar_F1X_Q1_C2X_P2,1018955100
V0_scalar_F1X_Q1_C2X_P2,1027231000
V0_scalar_F1X_Q1_C3_P2,758279100
V0_scalar_F1X_Q1_C3_P2,770211600
V0_scalar_F1X_Q1_C3_P2,757191400
V0_scalar_F1X_Q1_C3_P2,755823800
V0_scalar_F1X_Q1_C3_P2,761549300
V0_scalar_F1X_Q1_C4F_P2,745600100
V0_scalar_F1X_Q1_C4F_P2,734608400
V0_scalar_F1X_Q1_C4F_P2,741466900
V0_scalar_F1X_Q1_C4F_P2,738757200
V0_scalar_F1X_Q1_C4F_P2,743126800
V0_scalar_F1X_Q1_C4M_P2,746875800
V0_scalar_F1X_Q1_C4M_P2,743115400
V0_scalar_F1X_Q1_C4M_P2,744774000
V0_scalar_F1X_Q1_C4M_P2,748726500
V0_scalar_F1X_Q1_C4M_P2,743394300
V0_scalar_F1X_Q2R_C1R_P2,3177442500
V0_scalar_F1X_Q2R_C1R_P2,3155343700
V0_scalar_F1X_Q2R_C1R_P2,3170682000
V0_scalar_F1X_Q2R_C1R_P2,3166989300
V0_scalar_F1X_Q2R_C1R_P2,3163606600
V0_scalar_F1X_Q2R_C1X_P2,2532913700
V0_scalar_F1X_Q2R_C1X_P2,2537590100
V0_scalar_F1X_Q2R_C1X_P2,2545429600
V0_scalar_F1X_Q2R_C1X_P2,2525751100
V0_scalar_F1X_Q2R_C1X_P2,2530272500
V0_scalar_F1X_Q2R_C2R_P2,3058997900
V0_scalar_F1X_Q2R_C2R_P2,3084523600
V0_scalar_F1X_Q2R_C2R_P2,3068589000
V0_scalar_F1X_Q2R_C2R_P2,3151790800
V0_scalar_F1X_Q2R_C2R_P2,3064446300
V0_scalar_F1X_Q2R_C2X_P2,2523453500
V0_scalar_F1X_Q2R_C2X_P2,2488725800
V0_scalar_F1X_Q2R_C2X_P2,2510703200
V0_scalar_F1X_Q2R_C2X_P2,2526056400
V0_scalar_F1X_Q2R_C2X_P2,2515868400
V0_scalar_F1X_Q2R_C3_P2,1833849100
V0_scalar_F1X_Q2R_C3_P2,1829511300
V0_scalar_F1X_Q2R_C3_P2,1858780700
V0_scalar_F1X_Q2R_C3_P2,1853521300
V0_scalar_F1X_Q2R_C3_P2,1846621700
V0_scalar_F1X_Q2R_C4F_P2,1772983000
V0_scalar_F1X_Q2R_C4F_P2,1740054800
V0_scalar_F1X_Q2R_C4F_P2,1980782700
V0_scalar_F1X_Q2R_C4F_P2,2046878900
V0_scalar_F1X_Q2R_C4F_P2,1966364600
V0_scalar_F1X_Q2R_C4M_P2,2543016200
V0_scalar_F1X_Q2R_C4M_P2,1823112300
V0_scalar_F1X_Q2R_C4M_P2,1863689500
V0_scalar_F1X_Q2R_C4M_P2,1801509400
V0_scalar_F1X_Q2R_C4M_P2,1811414900
V0_scalar_F1X_Q2X_C1R_P2,3118993300
V0_scalar_F1X_Q2X_C1R_P2,2455331600
V0_scalar_F1X_Q2X_C1R_P2,2447856800
V0_scalar_F1X_Q2X_C1R_P2,2538118400
V0_scalar_F1X_Q2X_C1R_P2,2499293600
V0_scalar_F1X_Q2X_C1X_P2,1936603600
V0_scalar_F1X_Q2X_C1X_P2,1956066400
V0_scalar_F1X_Q2X_C1X_P2,1989966000
V0_scalar_F1X_Q2X_C1X_P2,2321324200
V0_scalar_F1X_Q2X_C1X_P2,2138575500
V0_scalar_F1X_Q2X_C2R_P2,3135714100
V0_scalar_F1X_Q2X_C2R_P2,3190445700
V0_scalar_F1X_Q2X_C2R_P2,3231102500
V0_scalar_F1X_Q2X_C2R_P2,3367885300
V0_scalar_F1X_Q2X_C2R_P2,3177319200
V0_scalar_F1X_Q2X_C2X_P2,2292959500
V0_scalar_F1X_Q2X_C2X_P2,2131750500
V0_scalar_F1X_Q2X_C2X_P2,1943902400
V0_scalar_F1X_Q2X_C2X_P2,1864206900
V0_scalar_F1X_Q2X_C2X_P2,1895502900
V0_scalar_F1X_Q2X_C3_P2,1933833000
V0_scalar_F1X_Q2X_C3_P2,1808549400
V0_scalar_F1X_Q2X_C3_P2,1436288300
V0_scalar_F1X_Q2X_C3_P2,1321219700
V0_scalar_F1X_Q2X_C3_P2,1374851200
V0_scalar_F1X_Q2X_C4F_P2,1592593100
V0_scalar_F1X_Q2X_C4F_P2,2583389600
V0_scalar_F1X_Q2X_C4F_P2,1774410800
V0_scalar_F1X_Q2X_C4F_P2,1614352700
V0_scalar_F1X_Q2X_C4F_P2,1566194300
V0_scalar_F1X_Q2X_C4M_P2,1596216500
V0_scalar_F1X_Q2X_C4M_P2,1405855900
V0_scalar_F1X_Q2X_C4M_P2,1619586700
V0_scalar_F1X_Q2X_C4M_P2,1530016000
V0_scalar_F1X_Q2X_C4M_P2,1464517200
V0_scalar_F1X_Q3M_C1R_P2,1860731400
V0_scalar_F1X_Q3M_C1R_P2,2055362200
V0_scalar_F1X_Q3M_C1R_P2,1956792900
V0_scalar_F1X_Q3M_C1R_P2,1905798200
V0_scalar_F1X_Q3M_C1R_P2,1910845700
V0_scalar_F1X_Q3M_C1X_P2,1361753400
V0_scalar_F1X_Q3M_C1X_P2,1591326300
V0_scalar_F1X_Q3M_C1X_P2,1766366300
V0_scalar_F1X_Q3M_C1X_P2,1615251200
V0_scalar_F1X_Q3M_C1X_P2,1645359400
V0_scalar_F1X_Q3M_C2R_P2,1992756200
V0_scalar_F1X_Q3M_C2R_P2,2061326100
V0_scalar_F1X_Q3M_C2R_P2,1913258600
V0_scalar_F1X_Q3M_C2R_P2,1802525900
V0_scalar_F1X_Q3M_C2R_P2,1998092800
V0_scalar_F1X_Q3M_C2X_P2,1493143800
V0_scalar_F1X_Q3M_C2X_P2,1461925400
V0_scalar_F1X_Q3M_C2X_P2,1355678000
V0_scalar_F1X_Q3M_C2X_P2,1349620800
V0_scalar_F1X_Q3M_C2X_P2,1342495800
V0_scalar_F1X_Q3M_C3_P2,911117900
V0_scalar_F1X_Q3M_C3_P2,892194700
V0_scalar_F1X_Q3M_C3_P2,892231300
V0_scalar_F1X_Q3M_C3_P2,891004200
V0_scalar_F1X_Q3M_C3_P2,883881400
V0_scalar_F1X_Q3M_C4F_P2,859690500
V0_scalar_F1X_Q3M_C4F_P2,861830800
V0_scalar_F1X_Q3M_C4F_P2,852375300
V0_scalar_F1X_Q3M_C4F_P2,849158200
V0_scalar_F1X_Q3M_C4F_P2,857579200
V0_scalar_F1X_Q3M_C4M_P2,841693900
V0_scalar_F1X_Q3M_C4M_P2,842222700
V0_scalar_F1X_Q3M_C4M_P2,842462100
V0_scalar_F1X_Q3M_C4M_P2,847782000
V0_scalar_F1X_Q3M_C4M_P2,845326800
V0_scalar_F1X_Q4F_C1R_P2,1792986600
V0_scalar_F1X_Q4F_C1R_P2,1713686900
V0_scalar_F1X_Q4F_C1R_P2,1878066100
V0_scalar_F1X_Q4F_C1R_P2,1690488200
V0_scalar_F1X_Q4F_C1R_P2,1621602400
V0_scalar_F1X_Q4F_C1X_P2,1162800600
V0_scalar_F1X_Q4F_C1X_P2,1171739600
V0_scalar_F1X_Q4F_C1X_P2,1228090700
V0_scalar_F1X_Q4F_C1X_P2,1185796900
V0_scalar_F1X_Q4F_C1X_P2,1154882900
V0_scalar_F1X_Q4F_C2R_P2,1509979900
V0_scalar_F1X_Q4F_C2R_P2,1690855000
V0_scalar_F1X_Q4F_C2R_P2,1836103300
V0_scalar_F1X_Q4F_C2R_P2,1900129900
V0_scalar_F1X_Q4F_C2R_P2,1904138700
V0_scalar_F1X_Q4F_C2X_P2,1195973800
V0_scalar_F1X_Q4F_C2X_P2,1195042100
V0_scalar_F1X_Q4F_C2X_P2,1137501400
V0_scalar_F1X_Q4F_C2X_P2,1747105000
V0_scalar_F1X_Q4F_C2X_P2,1411875800
V0_scalar_F1X_Q4F_C3_P2,834503000
V0_scalar_F1X_Q4F_C3_P2,804003300
V0_scalar_F1X_Q4F_C3_P2,826197000
V0_scalar_F1X_Q4F_C3_P2,847387400
V0_scalar_F1X_Q4F_C3_P2,796981100
V0_scalar_F1X_Q4F_C4F_P2,840235900
V0_scalar_F1X_Q4F_C4F_P2,814101800
V0_scalar_F1X_Q4F_C4F_P2,781065000
V0_scalar_F1X_Q4F_C4F_P2,763451800
V0_scalar_F1X_Q4F_C4F_P2,759134500
V0_scalar_F1X_Q4F_C4M_P2,792815000
V0_scalar_F1X_Q4F_C4M_P2,772346100
V0_scalar_F1X_Q4F_C4M_P2,775878500
V0_scalar_F1X_Q4F_C4M_P2,778430800
V0_scalar_F1X_Q4F_C4M_P2,790835900
V0_scalar_F1X_Q4M_C1R_P2,2040766900
V0_scalar_F1X_Q4M_C1R_P2,1962493700
V0_scalar_F1X_Q4M_C1R_P2,2147465200
V0_scalar_F1X_Q4M_C1R_P2,1981216600
V0_scalar_F1X_Q4M_C1R_P2,2010510600
V0_scalar_F1X_Q4M_C1X_P2,1476434800
V0_scalar_F1X_Q4M_C1X_P2,1613490300
V0_scalar_F1X_Q4M_C1X_P2,1468173900
V0_scalar_F1X_Q4M_C1X_P2,1541849800
V0_scalar_F1X_Q4M_C1X_P2,1370973700
V0_scalar_F1X_Q4M_C2R_P2,1859364600
V0_scalar_F1X_Q4M_C2R_P2,1835181800
V0_scalar_F1X_Q4M_C2R_P2,1855336500
V0_scalar_F1X_Q4M_C2R_P2,1736645200
V0_scalar_F1X_Q4M_C2R_P2,1921336000
V0_scalar_F1X_Q4M_C2X_P2,1309154200
V0_scalar_F1X_Q4M_C2X_P2,1294658000
V0_scalar_F1X_Q4M_C2X_P2,1227754600
V0_scalar_F1X_Q4M_C2X_P2,1255737900
V0_scalar_F1X_Q4M_C2X_P2,1294540000
V0_scalar_F1X_Q4M_C3_P2,820249300
V0_scalar_F1X_Q4M_C3_P2,826939100
V0_scalar_F1X_Q4M_C3_P2,805218900
V0_scalar_F1X_Q4M_C3_P2,798375900
V0_scalar_F1X_Q4M_C3_P2,785314600
V0_scalar_F1X_Q4M_C4F_P2,781509300
V0_scalar_F1X_Q4M_C4F_P2,790116000
V0_scalar_F1X_Q4M_C4F_P2,782793800
V0_scalar_F1X_Q4M_C4F_P2,783357800
V0_scalar_F1X_Q4M_C4F_P2,781468800
V0_scalar_F1X_Q4M_C4M_P2,816923300
V0_scalar_F1X_Q4M_C4M_P2,815714100
V0_scalar_F1X_Q4M_C4M_P2,808778100
V0_scalar_F1X_Q4M_C4M_P2,803537200
V0_scalar_F1X_Q4M_C4M_P2,807503300
V0_scalar_F2R_Q1_C1R_P2,1328990100
V0_scalar_F2R_Q1_C1R_P2,1548822600
V0_scalar_F2R_Q1_C1R_P2,1563338400
V0_scalar_F2R_Q1_C1R_P2,1337635400
V0_scalar_F2R_Q1_C1R_P2,1477283800
V0_scalar_F2R_Q1_C1X_P2,854086800
V0_scalar_F2R_Q1_C1X_P2,836603500
V0_scalar_F2R_Q1_C1X_P2,968094600
V0_scalar_F2R_Q1_C1X_P2,955665400
V0_scalar_F2R_Q1_C1X_P2,873140200
V0_scalar_F2R_Q1_C2R_P2,1366228800
V0_scalar_F2R_Q1_C2R_P2,1275888700
V0_scalar_F2R_Q1_C2R_P2,1288009000
V0_scalar_F2R_Q1_C2R_P2,1520516500
V0_scalar_F2R_Q1_C2R_P2,1651299400
V0_scalar_F2R_Q1_C2X_P2,1107204500
V0_scalar_F2R_Q1_C2X_P2,750418600
V0_scalar_F2R_Q1_C2X_P2,804599900
V0_scalar_F2R_Q1_C2X_P2,941495300
V0_scalar_F2R_Q1_C2X_P2,1130235000
V0_scalar_F2R_Q1_C3_P2,470042500
V0_scalar_F2R_Q1_C3_P2,478601900
V0_scalar_F2R_Q1_C3_P2,468374400
V0_scalar_F2R_Q1_C3_P2,468945300
V0_scalar_F2R_Q1_C3_P2,494381900
V0_scalar_F2R_Q1_C4F_P2,473538000
V0_scalar_F2R_Q1_C4F_P2,431520900
V0_scalar_F2R_Q1_C4F_P2,466825200
V0_scalar_F2R_Q1_C4F_P2,420785700
V0_scalar_F2R_Q1_C4F_P2,424069400
V0_scalar_F2R_Q1_C4M_P2,426588500
V0_scalar_F2R_Q1_C4M_P2,436624200
V0_scalar_F2R_Q1_C4M_P2,423912500
V0_scalar_F2R_Q1_C4M_P2,437081600
V0_scalar_F2R_Q1_C4M_P2,428161200
V0_scalar_F2R_Q2R_C1R_P2,3666100700
V0_scalar_F2R_Q2R_C1R_P2,3612978600
V0_scalar_F2R_Q2R_C1R_P2,3652462200
V0_scalar_F2R_Q2R_C1R_P2,3566185700
V0_scalar_F2R_Q2R_C1R_P2,3561963400
V0_scalar_F2R_Q2R_C1X_P2,3131871500
V0_scalar_F2R_Q2R_C1X_P2,2756597700
V0_scalar_F2R_Q2R_C1X_P2,3015158400
V0_scalar_F2R_Q2R_C1X_P2,2953475300
V0_scalar_F2R_Q2R_C1X_P2,2926004300
V0_scalar_F2R_Q2R_C2R_P2,3812673400
V0_scalar_F2R_Q2R_C2R_P2,3668115600
V0_scalar_F2R_Q2R_C2R_P2,3761820600
V0_scalar_F2R_Q2R_C2R_P2,3606312800
V0_scalar_F2R_Q2R_C2R_P2,3631299000
V0_scalar_F2R_Q2R_C2X_P2,3044635100
V0_scalar_F2R_Q2R_C2X_P2,3262521700
V0_scalar_F2R_Q2R_C2X_P2,3003833800
V0_scalar_F2R_Q2R_C2X_P2,3231276400
V0_scalar_F2R_Q2R_C2X_P2,3092451500
V0_scalar_F2R_Q2R_C3_P2,2155942600
V0_scalar_F2R_Q2R_C3_P2,2243311600
V0_scalar_F2R_Q2R_C3_P2,2295798800
V0_scalar_F2R_Q2R_C3_P2,2260803700
V0_scalar_F2R_Q2R_C3_P2,2279499500
V0_scalar_F2R_Q2R_C4F_P2,2354319300
V0_scalar_F2R_Q2R_C4F_P2,2302578900
V0_scalar_F2R_Q2R_C4F_P2,2164133500
V0_scalar_F2R_Q2R_C4F_P2,2153213600
V0_scalar_F2R_Q2R_C4F_P2,2174463500
V0_scalar_F2R_Q2R_C4M_P2,2234338600
V0_scalar_F2R_Q2R_C4M_P2,2132792500
V0_scalar_F2R_Q2R_C4M_P2,2053144000
V0_scalar_F2R_Q2R_C4M_P2,2158004000
V0_scalar_F2R_Q2R_C4M_P2,2060808300
V0_scalar_F2R_Q2X_C1R_P2,3051643400
V0_scalar_F2R_Q2X_C1R_P2,3085435700
V0_scalar_F2R_Q2X_C1R_P2,3107210800
V0_scalar_F2R_Q2X_C1R_P2,3048991100
V0_scalar_F2R_Q2X_C1R_P2,3153090700
V0_scalar_F2R_Q2X_C1X_P2,2376789600
V0_scalar_F2R_Q2X_C1X_P2,2613215400
V0_scalar_F2R_Q2X_C1X_P2,2361359000
V0_scalar_F2R_Q2X_C1X_P2,2295069500
V0_scalar_F2R_Q2X_C1X_P2,2397586600
V0_scalar_F2R_Q2X_C2R_P2,3213661700
V0_scalar_F2R_Q2X_C2R_P2,2937691700
V0_scalar_F2R_Q2X_C2R_P2,2959789900
V0_scalar_F2R_Q2X_C2R_P2,3016399000
V0_scalar_F2R_Q2X_C2R_P2,3015988200
V0_scalar_F2R_Q2X_C2X_P2,2371721200
V0_scalar_F2R_Q2X_C2X_P2,2216426200
V0_scalar_F2R_Q2X_C2X_P2,2233454700
V0_scalar_F2R_Q2X_C2X_P2,2283524600
V0_scalar_F2R_Q2X_C2X_P2,2171247400
V0_scalar_F2R_Q2X_C3_P2,1688572300
V0_scalar_F2R_Q2X_C3_P2,1635332200
V0_scalar_F2R_Q2X_C3_P2,1878616000
V0_scalar_F2R_Q2X_C3_P2,1925291500
V0_scalar_F2R_Q2X_C3_P2,1985453300
V0_scalar_F2R_Q2X_C4F_P2,1823483800
V0_scalar_F2R_Q2X_C4F_P2,1921484500
V0_scalar_F2R_Q2X_C4F_P2,1706100800
V0_scalar_F2R_Q2X_C4F_P2,2020597300
V0_scalar_F2R_Q2X_C4F_P2,2348735700
V0_scalar_F2R_Q2X_C4M_P2,1730134500
V0_scalar_F2R_Q2X_C4M_P2,1829625200
V0_scalar_F2R_Q2X_C4M_P2,1731846600
V0_scalar_F2R_Q2X_C4M_P2,1695015200
V0_scalar_F2R_Q2X_C4M_P2,1811227100
V0_scalar_F2R_Q3M_C1R_P2,1775533800
V0_scalar_F2R_Q3M_C1R_P2,1841805300
V0_scalar_F2R_Q3M_C1R_P2,1874281300
V0_scalar_F2R_Q3M_C1R_P2,1854769500
V0_scalar_F2R_Q3M_C1R_P2,1863649800
V0_scalar_F2R_Q3M_C1X_P2,1284690000
V0_scalar_F2R_Q3M_C1X_P2,1299733300
V0_scalar_F2R_Q3M_C1X_P2,1349869400
V0_scalar_F2R_Q3M_C1X_P2,1278043100
V0_scalar_F2R_Q3M_C1X_P2,1285860800
V0_scalar_F2R_Q3M_C2R_P2,1681336300
V0_scalar_F2R_Q3M_C2R_P2,1687194400
V0_scalar_F2R_Q3M_C2R_P2,1658816000
V0_scalar_F2R_Q3M_C2R_P2,1685174400
V0_scalar_F2R_Q3M_C2R_P2,1657757500
V0_scalar_F2R_Q3M_C2X_P2,1214641400
V0_scalar_F2R_Q3M_C2X_P2,1207095900
V0_scalar_F2R_Q3M_C2X_P2,1183067600
V0_scalar_F2R_Q3M_C2X_P2,1245319700
V0_scalar_F2R_Q3M_C2X_P2,1168894600
V0_scalar_F2R_Q3M_C3_P2,540014400
V0_scalar_F2R_Q3M_C3_P2,564528800
V0_scalar_F2R_Q3M_C3_P2,552767200
V0_scalar_F2R_Q3M_C3_P2,577807500
V0_scalar_F2R_Q3M_C3_P2,557686500
V0_scalar_F2R_Q3M_C4F_P2,566961800
V0_scalar_F2R_Q3M_C4F_P2,556590600
V0_scalar_F2R_Q3M_C4F_P2,551475700
V0_scalar_F2R_Q3M_C4F_P2,564130800
V0_scalar_F2R_Q3M_C4F_P2,550568300
V0_scalar_F2R_Q3M_C4M_P2,551785400
V0_scalar_F2R_Q3M_C4M_P2,544509100
V0_scalar_F2R_Q3M_C4M_P2,556692900
V0_scalar_F2R_Q3M_C4M_P2,564992100
V0_scalar_F2R_Q3M_C4M_P2,550500900
V0_scalar_F2R_Q4F_C1R_P2,1603720500
V0_scalar_F2R_Q4F_C1R_P2,1658048200
V0_scalar_F2R_Q4F_C1R_P2,1622627700
V0_scalar_F2R_Q4F_C1R_P2,1609627900
V0_scalar_F2R_Q4F_C1R_P2,1638052200
V0_scalar_F2R_Q4F_C1X_P2,1084999700
V0_scalar_F2R_Q4F_C1X_P2,1066970200
V0_scalar_F2R_Q4F_C1X_P2,1094997800
V0_scalar_F2R_Q4F_C1X_P2,1122335700
V0_scalar_F2R_Q4F_C1X_P2,1080722200
V0_scalar_F2R_Q4F_C2R_P2,1501259400
V0_scalar_F2R_Q4F_C2R_P2,1469250200
V0_scalar_F2R_Q4F_C2R_P2,1523586400
V0_scalar_F2R_Q4F_C2R_P2,1510597400
V0_scalar_F2R_Q4F_C2R_P2,1546250900
V0_scalar_F2R_Q4F_C2X_P2,1062369200
V0_scalar_F2R_Q4F_C2X_P2,1020180200
V0_scalar_F2R_Q4F_C2X_P2,1000284600
V0_scalar_F2R_Q4F_C2X_P2,1069866400
V0_scalar_F2R_Q4F_C2X_P2,1060012100
V0_scalar_F2R_Q4F_C3_P2,467279200
V0_scalar_F2R_Q4F_C3_P2,461758700
V0_scalar_F2R_Q4F_C3_P2,460353400
V0_scalar_F2R_Q4F_C3_P2,464980000
V0_scalar_F2R_Q4F_C3_P2,466620600
V0_scalar_F2R_Q4F_C4F_P2,455208900
V0_scalar_F2R_Q4F_C4F_P2,443324900
V0_scalar_F2R_Q4F_C4F_P2,448255000
V0_scalar_F2R_Q4F_C4F_P2,438264500
V0_scalar_F2R_Q4F_C4F_P2,448472800
V0_scalar_F2R_Q4F_C4M_P2,449493300
V0_scalar_F2R_Q4F_C4M_P2,459054600
V0_scalar_F2R_Q4F_C4M_P2,450167100
V0_scalar_F2R_Q4F_C4M_P2,455535200
V0_scalar_F2R_Q4F_C4M_P2,459523500
V0_scalar_F2R_Q4M_C1R_P2,1789172900
V0_scalar_F2R_Q4M_C1R_P2,1831620300
V0_scalar_F2R_Q4M_C1R_P2,1745635800
V0_scalar_F2R_Q4M_C1R_P2,1748342600
V0_scalar_F2R_Q4M_C1R_P2,1791613300
V0_scalar_F2R_Q4M_C1X_P2,1189722100
V0_scalar_F2R_Q4M_C1X_P2,1141803200
V0_scalar_F2R_Q4M_C1X_P2,1165882100
V0_scalar_F2R_Q4M_C1X_P2,1152997100
V0_scalar_F2R_Q4M_C1X_P2,1129593700
V0_scalar_F2R_Q4M_C2R_P2,1690251800
V0_scalar_F2R_Q4M_C2R_P2,1689199600
V0_scalar_F2R_Q4M_C2R_P2,1681000900
V0_scalar_F2R_Q4M_C2R_P2,1776292700
V0_scalar_F2R_Q4M_C2R_P2,1928849800
V0_scalar_F2R_Q4M_C2X_P2,1311190000
V0_scalar_F2R_Q4M_C2X_P2,1325377200
V0_scalar_F2R_Q4M_C2X_P2,1315898200
V0_scalar_F2R_Q4M_C2X_P2,1388291600
V0_scalar_F2R_Q4M_C2X_P2,1389478300
V0_scalar_F2R_Q4M_C3_P2,534713800
V0_scalar_F2R_Q4M_C3_P2,486057900
V0_scalar_F2R_Q4M_C3_P2,473220700
V0_scalar_F2R_Q4M_C3_P2,483035100
V0_scalar_F2R_Q4M_C3_P2,493159900
V0_scalar_F2R_Q4M_C4F_P2,474365200
V0_scalar_F2R_Q4M_C4F_P2,470830600
V0_scalar_F2R_Q4M_C4F_P2,465056300
V0_scalar_F2R_Q4M_C4F_P2,462776800
V0_scalar_F2R_Q4M_C4F_P2,460072900
V0_scalar_F2R_Q4M_C4F_P2,465899000
V0_scalar_F2R_Q4M_C4M_P2,476279400
V0_scalar_F2R_Q4M_C4M_P2,492686900
V0_scalar_F2R_Q4M_C4M_P2,504617900
V0_scalar_F2R_Q4M_C4M_P2,493360000
V0_scalar_F2R_Q4M_C4M_P2,473235200
V0_scalar_F2X_Q1_C1R_P2,1170045100
V0_scalar_F2X_Q1_C1R_P2,1172820800
V0_scalar_F2X_Q1_C1R_P2,1152159000
V0_scalar_F2X_Q1_C1R_P2,1161446800
V0_scalar_F2X_Q1_C1R_P2,1136128800
V0_scalar_F2X_Q1_C1X_P2,621043500
V0_scalar_F2X_Q1_C1X_P2,655984200
V0_scalar_F2X_Q1_C1X_P2,660250800
V0_scalar_F2X_Q1_C1X_P2,671277500
V0_scalar_F2X_Q1_C1X_P2,658345100
V0_scalar_F2X_Q1_C2R_P2,1108671300
V0_scalar_F2X_Q1_C2R_P2,1122244700
V0_scalar_F2X_Q1_C2R_P2,1088764600
V0_scalar_F2X_Q1_C2R_P2,1132858100
V0_scalar_F2X_Q1_C2R_P2,1115373600
V0_scalar_F2X_Q1_C2X_P2,571246400
V0_scalar_F2X_Q1_C2X_P2,572814700
V0_scalar_F2X_Q1_C2X_P2,577631400
V0_scalar_F2X_Q1_C2X_P2,567414900
V0_scalar_F2X_Q1_C2X_P2,589729200
V0_scalar_F2X_Q1_C3_P2,223482100
V0_scalar_F2X_Q1_C3_P2,225853400
V0_scalar_F2X_Q1_C3_P2,224441100
V0_scalar_F2X_Q1_C3_P2,220933900
V0_scalar_F2X_Q1_C3_P2,225368800
V0_scalar_F2X_Q1_C3_P2,226675800
V0_scalar_F2X_Q1_C3_P2,222082300
V0_scalar_F2X_Q1_C3_P2,235239400
V0_scalar_F2X_Q1_C3_P2,229403600
V0_scalar_F2X_Q1_C4F_P2,210509200
V0_scalar_F2X_Q1_C4F_P2,212543200
V0_scalar_F2X_Q1_C4F_P2,212706900
V0_scalar_F2X_Q1_C4F_P2,214267200
V0_scalar_F2X_Q1_C4F_P2,213834200
V0_scalar_F2X_Q1_C4F_P2,209969800
V0_scalar_F2X_Q1_C4F_P2,217044000
V0_scalar_F2X_Q1_C4F_P2,210316400
V0_scalar_F2X_Q1_C4F_P2,210921400
V0_scalar_F2X_Q1_C4F_P2,229696200
V0_scalar_F2X_Q1_C4M_P2,218211200
V0_scalar_F2X_Q1_C4M_P2,216879900
V0_scalar_F2X_Q1_C4M_P2,218674400
V0_scalar_F2X_Q1_C4M_P2,214538700
V0_scalar_F2X_Q1_C4M_P2,217587000
V0_scalar_F2X_Q1_C4M_P2,219003200
V0_scalar_F2X_Q1_C4M_P2,214242300
V0_scalar_F2X_Q1_C4M_P2,219172400
V0_scalar_F2X_Q1_C4M_P2,218981600
V0_scalar_F2X_Q2R_C1R_P2,3352216700
V0_scalar_F2X_Q2R_C1R_P2,3247143600
V0_scalar_F2X_Q2R_C1R_P2,3284407200
V0_scalar_F2X_Q2R_C1R_P2,3329157500
V0_scalar_F2X_Q2R_C1R_P2,3419371800
V0_scalar_F2X_Q2R_C1X_P2,2528029700
V0_scalar_F2X_Q2R_C1X_P2,2526505100
V0_scalar_F2X_Q2R_C1X_P2,2572412300
V0_scalar_F2X_Q2R_C1X_P2,2488295200
V0_scalar_F2X_Q2R_C1X_P2,2527124600
V0_scalar_F2X_Q2R_C2R_P2,3201584400
V0_scalar_F2X_Q2R_C2R_P2,3244517100
V0_scalar_F2X_Q2R_C2R_P2,3304696200
V0_scalar_F2X_Q2R_C2R_P2,3261970400
V0_scalar_F2X_Q2R_C2R_P2,3265619600
V0_scalar_F2X_Q2R_C2X_P2,2571356700
V0_scalar_F2X_Q2R_C2X_P2,2597934300
V0_scalar_F2X_Q2R_C2X_P2,2498264800
V0_scalar_F2X_Q2R_C2X_P2,2464238000
V0_scalar_F2X_Q2R_C2X_P2,2460349100
V0_scalar_F2X_Q2R_C3_P2,1875926100
V0_scalar_F2X_Q2R_C3_P2,1842873200
V0_scalar_F2X_Q2R_C3_P2,1829243900
V0_scalar_F2X_Q2R_C3_P2,1841547100
V0_scalar_F2X_Q2R_C3_P2,1933114900
V0_scalar_F2X_Q2R_C4F_P2,1750077500
V0_scalar_F2X_Q2R_C4F_P2,1733761900
V0_scalar_F2X_Q2R_C4F_P2,1792600700
V0_scalar_F2X_Q2R_C4F_P2,1845144300
V0_scalar_F2X_Q2R_C4F_P2,1752198700
V0_scalar_F2X_Q2R_C4M_P2,1765134800
V0_scalar_F2X_Q2R_C4M_P2,1762909000
V0_scalar_F2X_Q2R_C4M_P2,1758997000
V0_scalar_F2X_Q2R_C4M_P2,1758649000
V0_scalar_F2X_Q2R_C4M_P2,1751495300
V0_scalar_F2X_Q2X_C1R_P2,2544149700
V0_scalar_F2X_Q2X_C1R_P2,2528866500
V0_scalar_F2X_Q2X_C1R_P2,2542931700
V0_scalar_F2X_Q2X_C1R_P2,2586318500
V0_scalar_F2X_Q2X_C1R_P2,2578072200
V0_scalar_F2X_Q2X_C1X_P2,2087881900
V0_scalar_F2X_Q2X_C1X_P2,2003108200
V0_scalar_F2X_Q2X_C1X_P2,2004376900
V0_scalar_F2X_Q2X_C1X_P2,2031058900
V0_scalar_F2X_Q2X_C1X_P2,2062873100
V0_scalar_F2X_Q2X_C2R_P2,2560700700
V0_scalar_F2X_Q2X_C2R_P2,2515723400
V0_scalar_F2X_Q2X_C2R_P2,2530491800
V0_scalar_F2X_Q2X_C2R_P2,2553002900
V0_scalar_F2X_Q2X_C2R_P2,2516247300
V0_scalar_F2X_Q2X_C2X_P2,1952226000
V0_scalar_F2X_Q2X_C2X_P2,1922669900
V0_scalar_F2X_Q2X_C2X_P2,1965129300
V0_scalar_F2X_Q2X_C2X_P2,2058526800
V0_scalar_F2X_Q2X_C2X_P2,1962541600
V0_scalar_F2X_Q2X_C3_P2,1139004900
V0_scalar_F2X_Q2X_C3_P2,1117353000
V0_scalar_F2X_Q2X_C3_P2,1108433700
V0_scalar_F2X_Q2X_C3_P2,1134010800
V0_scalar_F2X_Q2X_C3_P2,1116688700
V0_scalar_F2X_Q2X_C4F_P2,1137561700
V0_scalar_F2X_Q2X_C4F_P2,1123186000
V0_scalar_F2X_Q2X_C4F_P2,1130666700
V0_scalar_F2X_Q2X_C4F_P2,1159338800
V0_scalar_F2X_Q2X_C4F_P2,1146871700
V0_scalar_F2X_Q2X_C4M_P2,1274039600
V0_scalar_F2X_Q2X_C4M_P2,1233928100
V0_scalar_F2X_Q2X_C4M_P2,1260992200
V0_scalar_F2X_Q2X_C4M_P2,1249439500
V0_scalar_F2X_Q2X_C4M_P2,1225194900
V0_scalar_F2X_Q3M_C1R_P2,1415714000
V0_scalar_F2X_Q3M_C1R_P2,1382379400
V0_scalar_F2X_Q3M_C1R_P2,1424910000
V0_scalar_F2X_Q3M_C1R_P2,1426153500
V0_scalar_F2X_Q3M_C1R_P2,1381624700
V0_scalar_F2X_Q3M_C1X_P2,812753700
V0_scalar_F2X_Q3M_C1X_P2,812826200
V0_scalar_F2X_Q3M_C1X_P2,808029800
V0_scalar_F2X_Q3M_C1X_P2,837640000
V0_scalar_F2X_Q3M_C1X_P2,828942600
V0_scalar_F2X_Q3M_C2R_P2,1324101000
V0_scalar_F2X_Q3M_C2R_P2,1325545900
V0_scalar_F2X_Q3M_C2R_P2,1309922500
V0_scalar_F2X_Q3M_C2R_P2,1320247700
V0_scalar_F2X_Q3M_C2R_P2,1295974600
V0_scalar_F2X_Q3M_C2X_P2,791898000
V0_scalar_F2X_Q3M_C2X_P2,790325000
V0_scalar_F2X_Q3M_C2X_P2,796687100
V0_scalar_F2X_Q3M_C2X_P2,787415200
V0_scalar_F2X_Q3M_C2X_P2,809388700
V0_scalar_F2X_Q3M_C3_P2,313285200
V0_scalar_F2X_Q3M_C3_P2,321565400
V0_scalar_F2X_Q3M_C3_P2,327727000
V0_scalar_F2X_Q3M_C3_P2,325681700
V0_scalar_F2X_Q3M_C3_P2,316516700
V0_scalar_F2X_Q3M_C3_P2,325602200
V0_scalar_F2X_Q3M_C3_P2,323968000
V0_scalar_F2X_Q3M_C4F_P2,318009900
V0_scalar_F2X_Q3M_C4F_P2,319642600
V0_scalar_F2X_Q3M_C4F_P2,317740300
V0_scalar_F2X_Q3M_C4F_P2,314715500
V0_scalar_F2X_Q3M_C4F_P2,312710600
V0_scalar_F2X_Q3M_C4F_P2,322226200
V0_scalar_F2X_Q3M_C4F_P2,319579800
V0_scalar_F2X_Q3M_C4M_P2,326426800
V0_scalar_F2X_Q3M_C4M_P2,330648000
V0_scalar_F2X_Q3M_C4M_P2,327646800
V0_scalar_F2X_Q3M_C4M_P2,324743700
V0_scalar_F2X_Q3M_C4M_P2,322334600
V0_scalar_F2X_Q3M_C4M_P2,316569100
V0_scalar_F2X_Q3M_C4M_P2,324877600
V0_scalar_F2X_Q3M_C4M_P2,320155000
V0_scalar_F2X_Q4F_C1R_P2,1181230100
V0_scalar_F2X_Q4F_C1R_P2,1203102000
V0_scalar_F2X_Q4F_C1R_P2,1212064200
V0_scalar_F2X_Q4F_C1R_P2,1210732900
V0_scalar_F2X_Q4F_C1R_P2,1203335700
V0_scalar_F2X_Q4F_C1X_P2,650334400
V0_scalar_F2X_Q4F_C1X_P2,684532300
V0_scalar_F2X_Q4F_C1X_P2,636026300
V0_scalar_F2X_Q4F_C1X_P2,687969400
V0_scalar_F2X_Q4F_C1X_P2,685407600
V0_scalar_F2X_Q4F_C2R_P2,1100834500
V0_scalar_F2X_Q4F_C2R_P2,1093588500
V0_scalar_F2X_Q4F_C2R_P2,1193755000
V0_scalar_F2X_Q4F_C2R_P2,1120777100
V0_scalar_F2X_Q4F_C2R_P2,1064440300
V0_scalar_F2X_Q4F_C2X_P2,597016500
V0_scalar_F2X_Q4F_C2X_P2,631617900
V0_scalar_F2X_Q4F_C2X_P2,603156200
V0_scalar_F2X_Q4F_C2X_P2,624393700
V0_scalar_F2X_Q4F_C2X_P2,598080400
V0_scalar_F2X_Q4F_C3_P2,235690700
V0_scalar_F2X_Q4F_C3_P2,237485400
V0_scalar_F2X_Q4F_C3_P2,239589700
V0_scalar_F2X_Q4F_C3_P2,238145200
V0_scalar_F2X_Q4F_C3_P2,274847500
V0_scalar_F2X_Q4F_C3_P2,239097900
V0_scalar_F2X_Q4F_C3_P2,236482600
V0_scalar_F2X_Q4F_C3_P2,235869700
V0_scalar_F2X_Q4F_C3_P2,237215100
V0_scalar_F2X_Q4F_C4F_P2,227746800
V0_scalar_F2X_Q4F_C4F_P2,219713500
V0_scalar_F2X_Q4F_C4F_P2,222113000
V0_scalar_F2X_Q4F_C4F_P2,220083400
V0_scalar_F2X_Q4F_C4F_P2,227281800
V0_scalar_F2X_Q4F_C4F_P2,222745500
V0_scalar_F2X_Q4F_C4F_P2,227874300
V0_scalar_F2X_Q4F_C4F_P2,225659600
V0_scalar_F2X_Q4F_C4F_P2,223049400
V0_scalar_F2X_Q4F_C4M_P2,238303300
V0_scalar_F2X_Q4F_C4M_P2,231588200
V0_scalar_F2X_Q4F_C4M_P2,230124100
V0_scalar_F2X_Q4F_C4M_P2,227875900
V0_scalar_F2X_Q4F_C4M_P2,234026700
V0_scalar_F2X_Q4F_C4M_P2,231396800
V0_scalar_F2X_Q4F_C4M_P2,233954700
V0_scalar_F2X_Q4F_C4M_P2,234372500
V0_scalar_F2X_Q4F_C4M_P2,233147600
V0_scalar_F2X_Q4M_C1R_P2,1313767100
V0_scalar_F2X_Q4M_C1R_P2,1328955300
V0_scalar_F2X_Q4M_C1R_P2,1305943300
V0_scalar_F2X_Q4M_C1R_P2,1326562200
V0_scalar_F2X_Q4M_C1R_P2,1307655300
V0_scalar_F2X_Q4M_C1X_P2,719364300
V0_scalar_F2X_Q4M_C1X_P2,750531900
V0_scalar_F2X_Q4M_C1X_P2,699236600
V0_scalar_F2X_Q4M_C1X_P2,712587900
V0_scalar_F2X_Q4M_C1X_P2,718713400
V0_scalar_F2X_Q4M_C2R_P2,1201747500
V0_scalar_F2X_Q4M_C2R_P2,1215294800
V0_scalar_F2X_Q4M_C2R_P2,1220484600
V0_scalar_F2X_Q4M_C2R_P2,1210146300
V0_scalar_F2X_Q4M_C2R_P2,1205253900
V0_scalar_F2X_Q4M_C2X_P2,681756500
V0_scalar_F2X_Q4M_C2X_P2,755084700
V0_scalar_F2X_Q4M_C2X_P2,737358200
V0_scalar_F2X_Q4M_C2X_P2,708714600
V0_scalar_F2X_Q4M_C2X_P2,802531700
V0_scalar_F2X_Q4M_C3_P2,244783200
V0_scalar_F2X_Q4M_C3_P2,248708200
V0_scalar_F2X_Q4M_C3_P2,246105100
V0_scalar_F2X_Q4M_C3_P2,247955800
V0_scalar_F2X_Q4M_C3_P2,242771900
V0_scalar_F2X_Q4M_C3_P2,244528600
V0_scalar_F2X_Q4M_C3_P2,246649900
V0_scalar_F2X_Q4M_C3_P2,247265400
V0_scalar_F2X_Q4M_C3_P2,258892400
V0_scalar_F2X_Q4M_C4F_P2,244654500
V0_scalar_F2X_Q4M_C4F_P2,244967000
V0_scalar_F2X_Q4M_C4F_P2,242948300
V0_scalar_F2X_Q4M_C4F_P2,238051900
V0_scalar_F2X_Q4M_C4F_P2,238511500
V0_scalar_F2X_Q4M_C4F_P2,240975000
V0_scalar_F2X_Q4M_C4F_P2,238872800
V0_scalar_F2X_Q4M_C4F_P2,239426400
V0_scalar_F2X_Q4M_C4F_P2,238190400
V0_scalar_F2X_Q4M_C4M_P2,245752000
V0_scalar_F2X_Q4M_C4M_P2,248754600
V0_scalar_F2X_Q4M_C4M_P2,245722900
V0_scalar_F2X_Q4M_C4M_P2,248034100
V0_scalar_F2X_Q4M_C4M_P2,248136800
V0_scalar_F2X_Q4M_C4M_P2,248380500
V0_scalar_F2X_Q4M_C4M_P2,248414800
V0_scalar_F2X_Q4M_C4M_P2,251707700
V0_scalar_F2X_Q4M_C4M_P2,250168100
V0_scalar_F3R_Q1_C1R_P2,1283139300
V0_scalar_F3R_Q1_C1R_P2,1261394900
V0_scalar_F3R_Q1_C1R_P2,1264379800
V0_scalar_F3R_Q1_C1R_P2,1262381800
V0_scalar_F3R_Q1_C1R_P2,1256327100
V0_scalar_F3R_Q1_C1X_P2,682130600
V0_scalar_F3R_Q1_C1X_P2,673298500
V0_scalar_F3R_Q1_C1X_P2,693211600
V0_scalar_F3R_Q1_C1X_P2,686612600
V0_scalar_F3R_Q1_C1X_P2,757119000
V0_scalar_F3R_Q1_C2R_P2,1196139300
V0_scalar_F3R_Q1_C2R_P2,1189916600
V0_scalar_F3R_Q1_C2R_P2,1212792100
V0_scalar_F3R_Q1_C2R_P2,1196287200
V0_scalar_F3R_Q1_C2R_P2,1207718200
V0_scalar_F3R_Q1_C2X_P2,647667300
V0_scalar_F3R_Q1_C2X_P2,637782900
V0_scalar_F3R_Q1_C2X_P2,672063100
V0_scalar_F3R_Q1_C2X_P2,659249900
V0_scalar_F3R_Q1_C2X_P2,658460700
V0_scalar_F3R_Q1_C3_P2,263403800
V0_scalar_F3R_Q1_C3_P2,257992800
V0_scalar_F3R_Q1_C3_P2,263274300
V0_scalar_F3R_Q1_C3_P2,257441500
V0_scalar_F3R_Q1_C3_P2,263059800
V0_scalar_F3R_Q1_C3_P2,260012500
V0_scalar_F3R_Q1_C3_P2,271524200
V0_scalar_F3R_Q1_C3_P2,279269600
V0_scalar_F3R_Q1_C4F_P2,248105300
V0_scalar_F3R_Q1_C4F_P2,239419500
V0_scalar_F3R_Q1_C4F_P2,251676400
V0_scalar_F3R_Q1_C4F_P2,240329600
V0_scalar_F3R_Q1_C4F_P2,241391300
V0_scalar_F3R_Q1_C4F_P2,241074700
V0_scalar_F3R_Q1_C4F_P2,254839500
V0_scalar_F3R_Q1_C4F_P2,241070300
V0_scalar_F3R_Q1_C4F_P2,244130900
V0_scalar_F3R_Q1_C4M_P2,248759400
V0_scalar_F3R_Q1_C4M_P2,252001600
V0_scalar_F3R_Q1_C4M_P2,258080700
V0_scalar_F3R_Q1_C4M_P2,258194400
V0_scalar_F3R_Q1_C4M_P2,253151800
V0_scalar_F3R_Q1_C4M_P2,254666100
V0_scalar_F3R_Q1_C4M_P2,255429400
V0_scalar_F3R_Q1_C4M_P2,255530400
V0_scalar_F3R_Q2R_C1R_P2,3653950600
V0_scalar_F3R_Q2R_C1R_P2,3658430400
V0_scalar_F3R_Q2R_C1R_P2,3734158800
V0_scalar_F3R_Q2R_C1R_P2,3652548900
V0_scalar_F3R_Q2R_C1R_P2,3862832200
V0_scalar_F3R_Q2R_C1X_P2,2762721300
V0_scalar_F3R_Q2R_C1X_P2,2768507000
V0_scalar_F3R_Q2R_C1X_P2,2777186500
V0_scalar_F3R_Q2R_C1X_P2,2772342700
V0_scalar_F3R_Q2R_C1X_P2,2877641600
V0_scalar_F3R_Q2R_C2R_P2,3248578400
V0_scalar_F3R_Q2R_C2R_P2,3535708600
V0_scalar_F3R_Q2R_C2R_P2,3655218600
V0_scalar_F3R_Q2R_C2R_P2,3713502400
V0_scalar_F3R_Q2R_C2R_P2,3696542100
V0_scalar_F3R_Q2R_C2X_P2,2697386600
V0_scalar_F3R_Q2R_C2X_P2,2750141100
V0_scalar_F3R_Q2R_C2X_P2,2789826800
V0_scalar_F3R_Q2R_C2X_P2,2910784500
V0_scalar_F3R_Q2R_C2X_P2,2784526500
V0_scalar_F3R_Q2R_C3_P2,2127013200
V0_scalar_F3R_Q2R_C3_P2,2035217900
V0_scalar_F3R_Q2R_C3_P2,2043891100
V0_scalar_F3R_Q2R_C3_P2,2123242600
V0_scalar_F3R_Q2R_C3_P2,2063933400
V0_scalar_F3R_Q2R_C4F_P2,1832357600
V0_scalar_F3R_Q2R_C4F_P2,1946649400
V0_scalar_F3R_Q2R_C4F_P2,2011979900
V0_scalar_F3R_Q2R_C4F_P2,1948232400
V0_scalar_F3R_Q2R_C4F_P2,1942596400
V0_scalar_F3R_Q2R_C4M_P2,1946028100
V0_scalar_F3R_Q2R_C4M_P2,1980320600
V0_scalar_F3R_Q2R_C4M_P2,2023616500
V0_scalar_F3R_Q2R_C4M_P2,2000332900
V0_scalar_F3R_Q2R_C4M_P2,2038133700
V0_scalar_F3R_Q2X_C1R_P2,2881204400
V0_scalar_F3R_Q2X_C1R_P2,2936193800
V0_scalar_F3R_Q2X_C1R_P2,2986973100
V0_scalar_F3R_Q2X_C1R_P2,2857005000
V0_scalar_F3R_Q2X_C1R_P2,2929354100
V0_scalar_F3R_Q2X_C1X_P2,2291501500
V0_scalar_F3R_Q2X_C1X_P2,2299042300
V0_scalar_F3R_Q2X_C1X_P2,2239264500
V0_scalar_F3R_Q2X_C1X_P2,2280049000
V0_scalar_F3R_Q2X_C1X_P2,2320045400
V0_scalar_F3R_Q2X_C2R_P2,2803831000
V0_scalar_F3R_Q2X_C2R_P2,2868480900
V0_scalar_F3R_Q2X_C2R_P2,2849861800
V0_scalar_F3R_Q2X_C2R_P2,2945402000
V0_scalar_F3R_Q2X_C2R_P2,2856396300
V0_scalar_F3R_Q2X_C2X_P2,2327772800
V0_scalar_F3R_Q2X_C2X_P2,2316623500
V0_scalar_F3R_Q2X_C2X_P2,2280751600
V0_scalar_F3R_Q2X_C2X_P2,2303748900
V0_scalar_F3R_Q2X_C2X_P2,2299477700
V0_scalar_F3R_Q2X_C3_P2,1791351300
V0_scalar_F3R_Q2X_C3_P2,1810218000
V0_scalar_F3R_Q2X_C3_P2,1788559600
V0_scalar_F3R_Q2X_C3_P2,1817522200
V0_scalar_F3R_Q2X_C3_P2,1814350500
V0_scalar_F3R_Q2X_C4F_P2,1707189300
V0_scalar_F3R_Q2X_C4F_P2,1687041600
V0_scalar_F3R_Q2X_C4F_P2,1669912800
V0_scalar_F3R_Q2X_C4F_P2,1460479000
V0_scalar_F3R_Q2X_C4F_P2,1414412300
V0_scalar_F3R_Q2X_C4M_P2,1680415800
V0_scalar_F3R_Q2X_C4M_P2,1724000600
V0_scalar_F3R_Q2X_C4M_P2,1698076000
V0_scalar_F3R_Q2X_C4M_P2,1723965600
V0_scalar_F3R_Q2X_C4M_P2,1731126400
V0_scalar_F3R_Q3M_C1R_P2,1539894000
V0_scalar_F3R_Q3M_C1R_P2,1513566000
V0_scalar_F3R_Q3M_C1R_P2,1557081500
V0_scalar_F3R_Q3M_C1R_P2,1527218000
V0_scalar_F3R_Q3M_C1R_P2,1509117800
V0_scalar_F3R_Q3M_C1X_P2,952792600
V0_scalar_F3R_Q3M_C1X_P2,992864200
V0_scalar_F3R_Q3M_C1X_P2,1165789900
V0_scalar_F3R_Q3M_C1X_P2,965791800
V0_scalar_F3R_Q3M_C1X_P2,967276200
V0_scalar_F3R_Q3M_C2R_P2,1522433200
V0_scalar_F3R_Q3M_C2R_P2,1553933300
V0_scalar_F3R_Q3M_C2R_P2,1511475900
V0_scalar_F3R_Q3M_C2R_P2,1466449500
V0_scalar_F3R_Q3M_C2R_P2,1426336700
V0_scalar_F3R_Q3M_C2X_P2,892117500
V0_scalar_F3R_Q3M_C2X_P2,956163200
V0_scalar_F3R_Q3M_C2X_P2,908148300
V0_scalar_F3R_Q3M_C2X_P2,912347700
V0_scalar_F3R_Q3M_C2X_P2,962022900
V0_scalar_F3R_Q3M_C3_P2,361226500
V0_scalar_F3R_Q3M_C3_P2,372200200
V0_scalar_F3R_Q3M_C3_P2,365707000
V0_scalar_F3R_Q3M_C3_P2,371108400
V0_scalar_F3R_Q3M_C3_P2,380862000
V0_scalar_F3R_Q3M_C3_P2,377871800
V0_scalar_F3R_Q3M_C4F_P2,358726800
V0_scalar_F3R_Q3M_C4F_P2,361733100
V0_scalar_F3R_Q3M_C4F_P2,360480800
V0_scalar_F3R_Q3M_C4F_P2,364678200
V0_scalar_F3R_Q3M_C4F_P2,370301800
V0_scalar_F3R_Q3M_C4F_P2,363802500
V0_scalar_F3R_Q3M_C4F_P2,364779300
V0_scalar_F3R_Q3M_C4M_P2,380980800
V0_scalar_F3R_Q3M_C4M_P2,399742500
V0_scalar_F3R_Q3M_C4M_P2,386379700
V0_scalar_F3R_Q3M_C4M_P2,373492600
V0_scalar_F3R_Q3M_C4M_P2,376834700
V0_scalar_F3R_Q3M_C4M_P2,373739100
V0_scalar_F3R_Q4F_C1R_P2,1352804500
V0_scalar_F3R_Q4F_C1R_P2,1364327200
V0_scalar_F3R_Q4F_C1R_P2,1422191800
V0_scalar_F3R_Q4F_C1R_P2,1410371000
V0_scalar_F3R_Q4F_C1R_P2,1329186500
V0_scalar_F3R_Q4F_C1X_P2,835291800
V0_scalar_F3R_Q4F_C1X_P2,807981400
V0_scalar_F3R_Q4F_C1X_P2,855798000
V0_scalar_F3R_Q4F_C1X_P2,861387600
V0_scalar_F3R_Q4F_C1X_P2,857126400
V0_scalar_F3R_Q4F_C2R_P2,1270223600
V0_scalar_F3R_Q4F_C2R_P2,1229229800
V0_scalar_F3R_Q4F_C2R_P2,1282251600
V0_scalar_F3R_Q4F_C2R_P2,1268397900
V0_scalar_F3R_Q4F_C2R_P2,1245195700
V0_scalar_F3R_Q4F_C2X_P2,761717300
V0_scalar_F3R_Q4F_C2X_P2,773829900
V0_scalar_F3R_Q4F_C2X_P2,777054000
V0_scalar_F3R_Q4F_C2X_P2,767555800
V0_scalar_F3R_Q4F_C2X_P2,771335500
V0_scalar_F3R_Q4F_C3_P2,276862600
V0_scalar_F3R_Q4F_C3_P2,274412000
V0_scalar_F3R_Q4F_C3_P2,265392100
V0_scalar_F3R_Q4F_C3_P2,282582500
V0_scalar_F3R_Q4F_C3_P2,285017500
V0_scalar_F3R_Q4F_C3_P2,267848100
V0_scalar_F3R_Q4F_C3_P2,264575700
V0_scalar_F3R_Q4F_C3_P2,288004800
V0_scalar_F3R_Q4F_C4F_P2,256336300
V0_scalar_F3R_Q4F_C4F_P2,259413900
V0_scalar_F3R_Q4F_C4F_P2,247720600
V0_scalar_F3R_Q4F_C4F_P2,256148100
V0_scalar_F3R_Q4F_C4F_P2,259422700
V0_scalar_F3R_Q4F_C4F_P2,261521900
V0_scalar_F3R_Q4F_C4F_P2,256124400
V0_scalar_F3R_Q4F_C4F_P2,258923500
V0_scalar_F3R_Q4F_C4M_P2,270044900
V0_scalar_F3R_Q4F_C4M_P2,269156800
V0_scalar_F3R_Q4F_C4M_P2,264831900
V0_scalar_F3R_Q4F_C4M_P2,264767900
V0_scalar_F3R_Q4F_C4M_P2,275744600
V0_scalar_F3R_Q4F_C4M_P2,270576000
V0_scalar_F3R_Q4F_C4M_P2,269164300
V0_scalar_F3R_Q4F_C4M_P2,264364500
V0_scalar_F3R_Q4M_C1R_P2,1537944000
V0_scalar_F3R_Q4M_C1R_P2,1537763100
V0_scalar_F3R_Q4M_C1R_P2,1552909200
V0_scalar_F3R_Q4M_C1R_P2,1521157200
V0_scalar_F3R_Q4M_C1R_P2,1547825100
V0_scalar_F3R_Q4M_C1X_P2,903815300
V0_scalar_F3R_Q4M_C1X_P2,895055200
V0_scalar_F3R_Q4M_C1X_P2,906235100
V0_scalar_F3R_Q4M_C1X_P2,865076000
V0_scalar_F3R_Q4M_C1X_P2,876748900
V0_scalar_F3R_Q4M_C2R_P2,1475256600
V0_scalar_F3R_Q4M_C2R_P2,1510362700
V0_scalar_F3R_Q4M_C2R_P2,1438527000
V0_scalar_F3R_Q4M_C2R_P2,1351129700
V0_scalar_F3R_Q4M_C2R_P2,1441019800
V0_scalar_F3R_Q4M_C2X_P2,916253300
V0_scalar_F3R_Q4M_C2X_P2,958497700
V0_scalar_F3R_Q4M_C2X_P2,883302900
V0_scalar_F3R_Q4M_C2X_P2,873303300
V0_scalar_F3R_Q4M_C2X_P2,853131500
V0_scalar_F3R_Q4M_C3_P2,284817000
V0_scalar_F3R_Q4M_C3_P2,283970600
V0_scalar_F3R_Q4M_C3_P2,282836400
V0_scalar_F3R_Q4M_C3_P2,272593900
V0_scalar_F3R_Q4M_C3_P2,281933800
V0_scalar_F3R_Q4M_C3_P2,289802800
V0_scalar_F3R_Q4M_C3_P2,315262600
V0_scalar_F3R_Q4M_C4F_P2,276031200
V0_scalar_F3R_Q4M_C4F_P2,279573900
V0_scalar_F3R_Q4M_C4F_P2,282022600
V0_scalar_F3R_Q4M_C4F_P2,282963600
V0_scalar_F3R_Q4M_C4F_P2,277481100
V0_scalar_F3R_Q4M_C4F_P2,277545100
V0_scalar_F3R_Q4M_C4F_P2,273156000
V0_scalar_F3R_Q4M_C4F_P2,272610100
V0_scalar_F3R_Q4M_C4M_P2,285489600
V0_scalar_F3R_Q4M_C4M_P2,288780200
V0_scalar_F3R_Q4M_C4M_P2,279081100
V0_scalar_F3R_Q4M_C4M_P2,286496600
V0_scalar_F3R_Q4M_C4M_P2,284107100
V0_scalar_F3R_Q4M_C4M_P2,289696400
V0_scalar_F3R_Q4M_C4M_P2,277032700
V0_scalar_F3R_Q4M_C4M_P2,289513100
V0_scalar_F3X_Q1_C1R_P2,1064691300
V0_scalar_F3X_Q1_C1R_P2,1046323600
V0_scalar_F3X_Q1_C1R_P2,1079594800
V0_scalar_F3X_Q1_C1R_P2,1088089900
V0_scalar_F3X_Q1_C1R_P2,1098844400
V0_scalar_F3X_Q1_C1X_P2,550965600
V0_scalar_F3X_Q1_C1X_P2,601246100
V0_scalar_F3X_Q1_C1X_P2,627497600
V0_scalar_F3X_Q1_C1X_P2,543499900
V0_scalar_F3X_Q1_C1X_P2,612828500
V0_scalar_F3X_Q1_C2R_P2,1027971600
V0_scalar_F3X_Q1_C2R_P2,1038185200
V0_scalar_F3X_Q1_C2R_P2,1050004400
V0_scalar_F3X_Q1_C2R_P2,1043700800
V0_scalar_F3X_Q1_C2R_P2,1040767500
V0_scalar_F3X_Q1_C2X_P2,514718900
V0_scalar_F3X_Q1_C2X_P2,513286400
V0_scalar_F3X_Q1_C2X_P2,509283900
V0_scalar_F3X_Q1_C2X_P2,513568100
V0_scalar_F3X_Q1_C2X_P2,503789000
V0_scalar_F3X_Q1_C3_P2,184044900
V0_scalar_F3X_Q1_C3_P2,198676600
V0_scalar_F3X_Q1_C3_P2,185447600
V0_scalar_F3X_Q1_C3_P2,193289900
V0_scalar_F3X_Q1_C3_P2,186814200
V0_scalar_F3X_Q1_C3_P2,196432300
V0_scalar_F3X_Q1_C3_P2,187536900
V0_scalar_F3X_Q1_C3_P2,190064600
V0_scalar_F3X_Q1_C3_P2,186557400
V0_scalar_F3X_Q1_C3_P2,184259900
V0_scalar_F3X_Q1_C3_P2,186052800
V0_scalar_F3X_Q1_C4F_P2,174018000
V0_scalar_F3X_Q1_C4F_P2,171555700
V0_scalar_F3X_Q1_C4F_P2,171728700
V0_scalar_F3X_Q1_C4F_P2,173431100
V0_scalar_F3X_Q1_C4F_P2,171516900
V0_scalar_F3X_Q1_C4F_P2,174073600
V0_scalar_F3X_Q1_C4F_P2,172345200
V0_scalar_F3X_Q1_C4F_P2,175556300
V0_scalar_F3X_Q1_C4F_P2,170567500
V0_scalar_F3X_Q1_C4F_P2,169894100
V0_scalar_F3X_Q1_C4F_P2,171918100
V0_scalar_F3X_Q1_C4M_P2,188614000
V0_scalar_F3X_Q1_C4M_P2,180018000
V0_scalar_F3X_Q1_C4M_P2,187454100
V0_scalar_F3X_Q1_C4M_P2,176591200
V0_scalar_F3X_Q1_C4M_P2,179991500
V0_scalar_F3X_Q1_C4M_P2,181076300
V0_scalar_F3X_Q1_C4M_P2,181393800
V0_scalar_F3X_Q1_C4M_P2,179169300
V0_scalar_F3X_Q1_C4M_P2,179313000
V0_scalar_F3X_Q1_C4M_P2,184308100
V0_scalar_F3X_Q1_C4M_P2,183221100
V0_scalar_F3X_Q1_C4M_P2,180513200
V0_scalar_F3X_Q2R_C1R_P2,3195017900
V0_scalar_F3X_Q2R_C1R_P2,3193986400
V0_scalar_F3X_Q2R_C1R_P2,3249663700
V0_scalar_F3X_Q2R_C1R_P2,3312493000
V0_scalar_F3X_Q2R_C1R_P2,3221249300
V0_scalar_F3X_Q2R_C1X_P2,2529814200
V0_scalar_F3X_Q2R_C1X_P2,2412860300
V0_scalar_F3X_Q2R_C1X_P2,2423880700
V0_scalar_F3X_Q2R_C1X_P2,2410225800
V0_scalar_F3X_Q2R_C1X_P2,2399172600
V0_scalar_F3X_Q2R_C2R_P2,3169036700
V0_scalar_F3X_Q2R_C2R_P2,3144509200
V0_scalar_F3X_Q2R_C2R_P2,3128728100
V0_scalar_F3X_Q2R_C2R_P2,3193611700
V0_scalar_F3X_Q2R_C2R_P2,3148097600
V0_scalar_F3X_Q2R_C2X_P2,2435159700
V0_scalar_F3X_Q2R_C2X_P2,2447624000
V0_scalar_F3X_Q2R_C2X_P2,2451689400
V0_scalar_F3X_Q2R_C2X_P2,2407398300
V0_scalar_F3X_Q2R_C2X_P2,2396878700
V0_scalar_F3X_Q2R_C3_P2,1862098300
V0_scalar_F3X_Q2R_C3_P2,1848377500
V0_scalar_F3X_Q2R_C3_P2,1817315400
V0_scalar_F3X_Q2R_C3_P2,1844219400
V0_scalar_F3X_Q2R_C3_P2,1867283300
V0_scalar_F3X_Q2R_C4F_P2,1741433200
V0_scalar_F3X_Q2R_C4F_P2,1787019900
V0_scalar_F3X_Q2R_C4F_P2,1763518300
V0_scalar_F3X_Q2R_C4F_P2,1761497600
V0_scalar_F3X_Q2R_C4F_P2,1752761200
V0_scalar_F3X_Q2R_C4M_P2,1767197200
V0_scalar_F3X_Q2R_C4M_P2,1791361200
V0_scalar_F3X_Q2R_C4M_P2,1777521400
V0_scalar_F3X_Q2R_C4M_P2,1829248000
V0_scalar_F3X_Q2R_C4M_P2,1809537100
V0_scalar_F3X_Q2X_C1R_P2,2654622800
V0_scalar_F3X_Q2X_C1R_P2,2647271300
V0_scalar_F3X_Q2X_C1R_P2,2603722400
V0_scalar_F3X_Q2X_C1R_P2,2575354300
V0_scalar_F3X_Q2X_C1R_P2,2584579400
V0_scalar_F3X_Q2X_C1X_P2,1974395100
V0_scalar_F3X_Q2X_C1X_P2,1951258500
V0_scalar_F3X_Q2X_C1X_P2,1941957100
V0_scalar_F3X_Q2X_C1X_P2,1946892900
V0_scalar_F3X_Q2X_C1X_P2,1955206800
V0_scalar_F3X_Q2X_C2R_P2,2557528900
V0_scalar_F3X_Q2X_C2R_P2,2508448500
V0_scalar_F3X_Q2X_C2R_P2,2454194700
V0_scalar_F3X_Q2X_C2R_P2,2445084200
V0_scalar_F3X_Q2X_C2R_P2,2427136600
V0_scalar_F3X_Q2X_C2X_P2,1381289700
V0_scalar_F3X_Q2X_C2X_P2,1423602500
V0_scalar_F3X_Q2X_C2X_P2,1511593400
V0_scalar_F3X_Q2X_C2X_P2,1448276300
V0_scalar_F3X_Q2X_C2X_P2,1466523100
V0_scalar_F3X_Q2X_C3_P2,1014149700
V0_scalar_F3X_Q2X_C3_P2,991097800
V0_scalar_F3X_Q2X_C3_P2,1041233000
V0_scalar_F3X_Q2X_C3_P2,1032876500
V0_scalar_F3X_Q2X_C3_P2,1032218300
V0_scalar_F3X_Q2X_C4F_P2,983461100
V0_scalar_F3X_Q2X_C4F_P2,989002400
V0_scalar_F3X_Q2X_C4F_P2,983322700
V0_scalar_F3X_Q2X_C4F_P2,994578900
V0_scalar_F3X_Q2X_C4F_P2,967490700
V0_scalar_F3X_Q2X_C4M_P2,996009600
V0_scalar_F3X_Q2X_C4M_P2,1000219500
V0_scalar_F3X_Q2X_C4M_P2,998242100
V0_scalar_F3X_Q2X_C4M_P2,998852100
V0_scalar_F3X_Q2X_C4M_P2,978581900
V0_scalar_F3X_Q3M_C1R_P2,1350030600
V0_scalar_F3X_Q3M_C1R_P2,1335503200
V0_scalar_F3X_Q3M_C1R_P2,1379405100
V0_scalar_F3X_Q3M_C1R_P2,1338439400
V0_scalar_F3X_Q3M_C1R_P2,1346504800
V0_scalar_F3X_Q3M_C1X_P2,843903600
V0_scalar_F3X_Q3M_C1X_P2,787071300
V0_scalar_F3X_Q3M_C1X_P2,763669700
V0_scalar_F3X_Q3M_C1X_P2,786889500
V0_scalar_F3X_Q3M_C1X_P2,768915200
V0_scalar_F3X_Q3M_C2R_P2,1329465200
V0_scalar_F3X_Q3M_C2R_P2,1328271800
V0_scalar_F3X_Q3M_C2R_P2,1330580200
V0_scalar_F3X_Q3M_C2R_P2,1296856600
V0_scalar_F3X_Q3M_C2R_P2,1378594200
V0_scalar_F3X_Q3M_C2X_P2,830451800
V0_scalar_F3X_Q3M_C2X_P2,822658700
V0_scalar_F3X_Q3M_C2X_P2,827048500
V0_scalar_F3X_Q3M_C2X_P2,769727700
V0_scalar_F3X_Q3M_C2X_P2,773112500
V0_scalar_F3X_Q3M_C3_P2,274005200
V0_scalar_F3X_Q3M_C3_P2,270301700
V0_scalar_F3X_Q3M_C3_P2,269911100
V0_scalar_F3X_Q3M_C3_P2,268902800
V0_scalar_F3X_Q3M_C3_P2,301246400
V0_scalar_F3X_Q3M_C3_P2,277146600
V0_scalar_F3X_Q3M_C3_P2,272794000
V0_scalar_F3X_Q3M_C3_P2,278244300
V0_scalar_F3X_Q3M_C4F_P2,262636100
V0_scalar_F3X_Q3M_C4F_P2,264618400
V0_scalar_F3X_Q3M_C4F_P2,259747200
V0_scalar_F3X_Q3M_C4F_P2,258696000
V0_scalar_F3X_Q3M_C4F_P2,259346400
V0_scalar_F3X_Q3M_C4F_P2,264175600
V0_scalar_F3X_Q3M_C4F_P2,258264600
V0_scalar_F3X_Q3M_C4F_P2,259091400
V0_scalar_F3X_Q3M_C4F_P2,259040100
V0_scalar_F3X_Q3M_C4M_P2,269914500
V0_scalar_F3X_Q3M_C4M_P2,273361600
V0_scalar_F3X_Q3M_C4M_P2,289977600
V0_scalar_F3X_Q3M_C4M_P2,272312300
V0_scalar_F3X_Q3M_C4M_P2,268875000
V0_scalar_F3X_Q3M_C4M_P2,270584200
V0_scalar_F3X_Q3M_C4M_P2,271018100
V0_scalar_F3X_Q3M_C4M_P2,271785300
V0_scalar_F3X_Q4F_C1R_P2,1145054300
V0_scalar_F3X_Q4F_C1R_P2,1179529200
V0_scalar_F3X_Q4F_C1R_P2,1198690900
V0_scalar_F3X_Q4F_C1R_P2,1181162900
V0_scalar_F3X_Q4F_C1R_P2,1147002300
V0_scalar_F3X_Q4F_C1X_P2,614734900
V0_scalar_F3X_Q4F_C1X_P2,626737700
V0_scalar_F3X_Q4F_C1X_P2,628155300
V0_scalar_F3X_Q4F_C1X_P2,740880700
V0_scalar_F3X_Q4F_C1X_P2,699395900
V0_scalar_F3X_Q4F_C2R_P2,1078343600
V0_scalar_F3X_Q4F_C2R_P2,1070384200
V0_scalar_F3X_Q4F_C2R_P2,1108017500
V0_scalar_F3X_Q4F_C2R_P2,1072734800
V0_scalar_F3X_Q4F_C2R_P2,1109262700
V0_scalar_F3X_Q4F_C2X_P2,595369500
V0_scalar_F3X_Q4F_C2X_P2,603711100
V0_scalar_F3X_Q4F_C2X_P2,581054000
V0_scalar_F3X_Q4F_C2X_P2,590941400
V0_scalar_F3X_Q4F_C2X_P2,621748900
V0_scalar_F3X_Q4F_C3_P2,211150600
V0_scalar_F3X_Q4F_C3_P2,200968500
V0_scalar_F3X_Q4F_C3_P2,201262500
V0_scalar_F3X_Q4F_C3_P2,198402200
V0_scalar_F3X_Q4F_C3_P2,195938100
V0_scalar_F3X_Q4F_C3_P2,197787600
V0_scalar_F3X_Q4F_C3_P2,202026800
V0_scalar_F3X_Q4F_C3_P2,200204900
V0_scalar_F3X_Q4F_C3_P2,199530700
V0_scalar_F3X_Q4F_C3_P2,198414100
V0_scalar_F3X_Q4F_C4F_P2,186680700
V0_scalar_F3X_Q4F_C4F_P2,184849600
V0_scalar_F3X_Q4F_C4F_P2,184909400
V0_scalar_F3X_Q4F_C4F_P2,185933400
V0_scalar_F3X_Q4F_C4F_P2,184828400
V0_scalar_F3X_Q4F_C4F_P2,190073900
V0_scalar_F3X_Q4F_C4F_P2,195749200
V0_scalar_F3X_Q4F_C4F_P2,183901900
V0_scalar_F3X_Q4F_C4F_P2,183361900
V0_scalar_F3X_Q4F_C4F_P2,184744900
V0_scalar_F3X_Q4F_C4F_P2,196314200
V0_scalar_F3X_Q4F_C4M_P2,189778000
V0_scalar_F3X_Q4F_C4M_P2,192887700
V0_scalar_F3X_Q4F_C4M_P2,193409400
V0_scalar_F3X_Q4F_C4M_P2,192455000
V0_scalar_F3X_Q4F_C4M_P2,191919200
V0_scalar_F3X_Q4F_C4M_P2,193807000
V0_scalar_F3X_Q4F_C4M_P2,196647700
V0_scalar_F3X_Q4F_C4M_P2,194191700
V0_scalar_F3X_Q4F_C4M_P2,191813500
V0_scalar_F3X_Q4F_C4M_P2,190132400
V0_scalar_F3X_Q4F_C4M_P2,198103200
V0_scalar_F3X_Q4M_C1R_P2,1309986300
V0_scalar_F3X_Q4M_C1R_P2,1348981700
V0_scalar_F3X_Q4M_C1R_P2,1364196700
V0_scalar_F3X_Q4M_C1R_P2,1363194100
V0_scalar_F3X_Q4M_C1R_P2,1350311700
V0_scalar_F3X_Q4M_C1X_P2,680308800
V0_scalar_F3X_Q4M_C1X_P2,688105600
V0_scalar_F3X_Q4M_C1X_P2,715494000
V0_scalar_F3X_Q4M_C1X_P2,704053200
V0_scalar_F3X_Q4M_C1X_P2,692368900
V0_scalar_F3X_Q4M_C2R_P2,1180117000
V0_scalar_F3X_Q4M_C2R_P2,1162167500
V0_scalar_F3X_Q4M_C2R_P2,1215042300
V0_scalar_F3X_Q4M_C2R_P2,1152422000
V0_scalar_F3X_Q4M_C2R_P2,1194991900
V0_scalar_F3X_Q4M_C2X_P2,609703000
V0_scalar_F3X_Q4M_C2X_P2,621274500
V0_scalar_F3X_Q4M_C2X_P2,624670200
V0_scalar_F3X_Q4M_C2X_P2,615582200
V0_scalar_F3X_Q4M_C2X_P2,626254300
V0_scalar_F3X_Q4M_C3_P2,212000600
V0_scalar_F3X_Q4M_C3_P2,204842400
V0_scalar_F3X_Q4M_C3_P2,204161300
V0_scalar_F3X_Q4M_C3_P2,207747400
V0_scalar_F3X_Q4M_C3_P2,204979600
V0_scalar_F3X_Q4M_C3_P2,208106400
V0_scalar_F3X_Q4M_C3_P2,203657000
V0_scalar_F3X_Q4M_C3_P2,203254400
V0_scalar_F3X_Q4M_C3_P2,206694900
V0_scalar_F3X_Q4M_C3_P2,220907400
V0_scalar_F3X_Q4M_C4F_P2,203011400
V0_scalar_F3X_Q4M_C4F_P2,202809000
V0_scalar_F3X_Q4M_C4F_P2,204550200
V0_scalar_F3X_Q4M_C4F_P2,199576100
V0_scalar_F3X_Q4M_C4F_P2,198576400
V0_scalar_F3X_Q4M_C4F_P2,197706700
V0_scalar_F3X_Q4M_C4F_P2,196240600
V0_scalar_F3X_Q4M_C4F_P2,197539200
V0_scalar_F3X_Q4M_C4F_P2,198014500
V0_scalar_F3X_Q4M_C4F_P2,197741100
V0_scalar_F3X_Q4M_C4M_P2,205284900
V0_scalar_F3X_Q4M_C4M_P2,204169200
V0_scalar_F3X_Q4M_C4M_P2,204923700
V0_scalar_F3X_Q4M_C4M_P2,206284200
V0_scalar_F3X_Q4M_C4M_P2,208553800
V0_scalar_F3X_Q4M_C4M_P2,206046000
V0_scalar_F3X_Q4M_C4M_P2,208771100
V0_scalar_F3X_Q4M_C4M_P2,208379700
V0_scalar_F3X_Q4M_C4M_P2,207347500
V0_scalar_F3X_Q4M_C4M_P2,207607800
V0_scalar_F4_Q1_C1R_P2,852497100
V0_scalar_F4_Q1_C1R_P2,830429200
V0_scalar_F4_Q1_C1R_P2,825048400
V0_scalar_F4_Q1_C1R_P2,861100300
V0_scalar_F4_Q1_C1R_P2,837372900
V0_scalar_F4_Q1_C1X_P2,410349900
V0_scalar_F4_Q1_C1X_P2,390009300
V0_scalar_F4_Q1_C1X_P2,423798800
V0_scalar_F4_Q1_C1X_P2,423420000
V0_scalar_F4_Q1_C1X_P2,419817900
V0_scalar_F4_Q1_C2R_P2,803576900
V0_scalar_F4_Q1_C2R_P2,770053100
V0_scalar_F4_Q1_C2R_P2,783430200
V0_scalar_F4_Q1_C2R_P2,788688500
V0_scalar_F4_Q1_C2R_P2,784977300
V0_scalar_F4_Q1_C2X_P2,353915400
V0_scalar_F4_Q1_C2X_P2,348128300
V0_scalar_F4_Q1_C2X_P2,361448000
V0_scalar_F4_Q1_C2X_P2,352995200
V0_scalar_F4_Q1_C2X_P2,342500300
V0_scalar_F4_Q1_C2X_P2,353255100
V0_scalar_F4_Q1_C2X_P2,350802400
V0_scalar_F4_Q1_C3_P2,129540600
V0_scalar_F4_Q1_C3_P2,129878300
V0_scalar_F4_Q1_C3_P2,126496300
V0_scalar_F4_Q1_C3_P2,124925600
V0_scalar_F4_Q1_C3_P2,130536500
V0_scalar_F4_Q1_C3_P2,127660500
V0_scalar_F4_Q1_C3_P2,128580500
V0_scalar_F4_Q1_C3_P2,126658500
V0_scalar_F4_Q1_C3_P2,128862300
V0_scalar_F4_Q1_C3_P2,128538900
V0_scalar_F4_Q1_C3_P2,126971900
V0_scalar_F4_Q1_C3_P2,127474600
V0_scalar_F4_Q1_C3_P2,129899400
V0_scalar_F4_Q1_C3_P2,130495800
V0_scalar_F4_Q1_C3_P2,128546800
V0_scalar_F4_Q1_C4F_P2,120184000
V0_scalar_F4_Q1_C4F_P2,115860400
V0_scalar_F4_Q1_C4F_P2,117763600
V0_scalar_F4_Q1_C4F_P2,114598300
V0_scalar_F4_Q1_C4F_P2,114618400
V0_scalar_F4_Q1_C4F_P2,115094400
V0_scalar_F4_Q1_C4F_P2,116359600
V0_scalar_F4_Q1_C4F_P2,116151500
V0_scalar_F4_Q1_C4F_P2,114751000
V0_scalar_F4_Q1_C4F_P2,117320200
V0_scalar_F4_Q1_C4F_P2,117021600
V0_scalar_F4_Q1_C4F_P2,115844400
V0_scalar_F4_Q1_C4F_P2,116509900
V0_scalar_F4_Q1_C4F_P2,117294800
V0_scalar_F4_Q1_C4F_P2,116405500
V0_scalar_F4_Q1_C4F_P2,115106100
V0_scalar_F4_Q1_C4M_P2,123096500
V0_scalar_F4_Q1_C4M_P2,120663400
V0_scalar_F4_Q1_C4M_P2,120443300
V0_scalar_F4_Q1_C4M_P2,122609300
V0_scalar_F4_Q1_C4M_P2,122945400
V0_scalar_F4_Q1_C4M_P2,123223400
V0_scalar_F4_Q1_C4M_P2,121254900
V0_scalar_F4_Q1_C4M_P2,123531500
V0_scalar_F4_Q1_C4M_P2,123327600
V0_scalar_F4_Q1_C4M_P2,124504100
V0_scalar_F4_Q1_C4M_P2,123425400
V0_scalar_F4_Q1_C4M_P2,122115300
V0_scalar_F4_Q1_C4M_P2,123090000
V0_scalar_F4_Q1_C4M_P2,122698200
V0_scalar_F4_Q1_C4M_P2,121618600
V0_scalar_F4_Q2R_C1R_P2,2570018200
V0_scalar_F4_Q2R_C1R_P2,2599124100
V0_scalar_F4_Q2R_C1R_P2,2580742400
V0_scalar_F4_Q2R_C1R_P2,2596293000
V0_scalar_F4_Q2R_C1R_P2,2628903300
V0_scalar_F4_Q2R_C1X_P2,2063983400
V0_scalar_F4_Q2R_C1X_P2,2067266000
V0_scalar_F4_Q2R_C1X_P2,2120308200
V0_scalar_F4_Q2R_C1X_P2,2068640900
V0_scalar_F4_Q2R_C1X_P2,2015807900
V0_scalar_F4_Q2R_C2R_P2,2626010000
V0_scalar_F4_Q2R_C2R_P2,2617548700
V0_scalar_F4_Q2R_C2R_P2,2579392700
V0_scalar_F4_Q2R_C2R_P2,2546130100
V0_scalar_F4_Q2R_C2R_P2,2523891800
V0_scalar_F4_Q2R_C2X_P2,1993720100
V0_scalar_F4_Q2R_C2X_P2,2019837200
V0_scalar_F4_Q2R_C2X_P2,1990858100
V0_scalar_F4_Q2R_C2X_P2,1997152900
V0_scalar_F4_Q2R_C2X_P2,2017079000
V0_scalar_F4_Q2R_C3_P2,1566547400
V0_scalar_F4_Q2R_C3_P2,1542793600
V0_scalar_F4_Q2R_C3_P2,1537864000
V0_scalar_F4_Q2R_C3_P2,1563358900
V0_scalar_F4_Q2R_C3_P2,1566327100
V0_scalar_F4_Q2R_C4F_P2,1515877800
V0_scalar_F4_Q2R_C4F_P2,1477522400
V0_scalar_F4_Q2R_C4F_P2,1445244700
V0_scalar_F4_Q2R_C4F_P2,1443070400
V0_scalar_F4_Q2R_C4F_P2,1471233400
V0_scalar_F4_Q2R_C4M_P2,1480751500
V0_scalar_F4_Q2R_C4M_P2,1480863900
V0_scalar_F4_Q2R_C4M_P2,1542893200
V0_scalar_F4_Q2R_C4M_P2,1487513400
V0_scalar_F4_Q2R_C4M_P2,1454656700
V0_scalar_F4_Q2X_C1R_P2,2097812400
V0_scalar_F4_Q2X_C1R_P2,2104775800
V0_scalar_F4_Q2X_C1R_P2,2083929100
V0_scalar_F4_Q2X_C1R_P2,2083189500
V0_scalar_F4_Q2X_C1R_P2,2142324000
V0_scalar_F4_Q2X_C1X_P2,1670697900
V0_scalar_F4_Q2X_C1X_P2,1679176800
V0_scalar_F4_Q2X_C1X_P2,1697259900
V0_scalar_F4_Q2X_C1X_P2,1698075100
V0_scalar_F4_Q2X_C1X_P2,1686165700
V0_scalar_F4_Q2X_C2R_P2,2042676100
V0_scalar_F4_Q2X_C2R_P2,2044015100
V0_scalar_F4_Q2X_C2R_P2,2060386300
V0_scalar_F4_Q2X_C2R_P2,2059540800
V0_scalar_F4_Q2X_C2R_P2,2088676700
V0_scalar_F4_Q2X_C2X_P2,1519077800
V0_scalar_F4_Q2X_C2X_P2,1523624600
V0_scalar_F4_Q2X_C2X_P2,1496794300
V0_scalar_F4_Q2X_C2X_P2,1531176600
V0_scalar_F4_Q2X_C2X_P2,1521156500
V0_scalar_F4_Q2X_C3_P2,857583800
V0_scalar_F4_Q2X_C3_P2,885943900
V0_scalar_F4_Q2X_C3_P2,883995600
V0_scalar_F4_Q2X_C3_P2,898783400
V0_scalar_F4_Q2X_C3_P2,900783400
V0_scalar_F4_Q2X_C4F_P2,919061400
V0_scalar_F4_Q2X_C4F_P2,913893200
V0_scalar_F4_Q2X_C4F_P2,936424800
V0_scalar_F4_Q2X_C4F_P2,898822600
V0_scalar_F4_Q2X_C4F_P2,930985900
V0_scalar_F4_Q2X_C4M_P2,970388300
V0_scalar_F4_Q2X_C4M_P2,977240500
V0_scalar_F4_Q2X_C4M_P2,1004737300
V0_scalar_F4_Q2X_C4M_P2,983887800
V0_scalar_F4_Q2X_C4M_P2,999476500
V0_scalar_F4_Q3M_C1R_P2,1088543400
V0_scalar_F4_Q3M_C1R_P2,1123872100
V0_scalar_F4_Q3M_C1R_P2,1134418600
V0_scalar_F4_Q3M_C1R_P2,1122094200
V0_scalar_F4_Q3M_C1R_P2,1098901400
V0_scalar_F4_Q3M_C1X_P2,649177100
V0_scalar_F4_Q3M_C1X_P2,633554800
V0_scalar_F4_Q3M_C1X_P2,628369400
V0_scalar_F4_Q3M_C1X_P2,663716900
V0_scalar_F4_Q3M_C1X_P2,642231600
V0_scalar_F4_Q3M_C2R_P2,1093352800
V0_scalar_F4_Q3M_C2R_P2,1042865600
V0_scalar_F4_Q3M_C2R_P2,1015595500
V0_scalar_F4_Q3M_C2R_P2,1032138200
V0_scalar_F4_Q3M_C2R_P2,1034672900
V0_scalar_F4_Q3M_C2X_P2,602879000
V0_scalar_F4_Q3M_C2X_P2,584463100
V0_scalar_F4_Q3M_C2X_P2,653490000
V0_scalar_F4_Q3M_C2X_P2,607584800
V0_scalar_F4_Q3M_C2X_P2,631217000
V0_scalar_F4_Q3M_C3_P2,191834400
V0_scalar_F4_Q3M_C3_P2,191654400
V0_scalar_F4_Q3M_C3_P2,189968100
V0_scalar_F4_Q3M_C3_P2,190168600
V0_scalar_F4_Q3M_C3_P2,190491400
V0_scalar_F4_Q3M_C3_P2,187470100
V0_scalar_F4_Q3M_C3_P2,191506000
V0_scalar_F4_Q3M_C3_P2,187251100
V0_scalar_F4_Q3M_C3_P2,194537600
V0_scalar_F4_Q3M_C3_P2,187325700
V0_scalar_F4_Q3M_C3_P2,188551400
V0_scalar_F4_Q3M_C4F_P2,183597300
V0_scalar_F4_Q3M_C4F_P2,186226000
V0_scalar_F4_Q3M_C4F_P2,184118800
V0_scalar_F4_Q3M_C4F_P2,183048800
V0_scalar_F4_Q3M_C4F_P2,188412500
V0_scalar_F4_Q3M_C4F_P2,185546100
V0_scalar_F4_Q3M_C4F_P2,186023300
V0_scalar_F4_Q3M_C4F_P2,186777200
V0_scalar_F4_Q3M_C4F_P2,183386900
V0_scalar_F4_Q3M_C4F_P2,185638000
V0_scalar_F4_Q3M_C4F_P2,184773100
V0_scalar_F4_Q3M_C4F_P2,185501300
V0_scalar_F4_Q3M_C4M_P2,191170800
V0_scalar_F4_Q3M_C4M_P2,188679500
V0_scalar_F4_Q3M_C4M_P2,193134000
V0_scalar_F4_Q3M_C4M_P2,192626800
V0_scalar_F4_Q3M_C4M_P2,192613800
V0_scalar_F4_Q3M_C4M_P2,194288400
V0_scalar_F4_Q3M_C4M_P2,194165400
V0_scalar_F4_Q3M_C4M_P2,192497600
V0_scalar_F4_Q3M_C4M_P2,190012100
V0_scalar_F4_Q3M_C4M_P2,191473800
V0_scalar_F4_Q3M_C4M_P2,194005500
V0_scalar_F4_Q4F_C1R_P2,910335600
V0_scalar_F4_Q4F_C1R_P2,896779700
V0_scalar_F4_Q4F_C1R_P2,925725600
V0_scalar_F4_Q4F_C1R_P2,916406500
V0_scalar_F4_Q4F_C1R_P2,891652400
V0_scalar_F4_Q4F_C1X_P2,508580300
V0_scalar_F4_Q4F_C1X_P2,504845100
V0_scalar_F4_Q4F_C1X_P2,468892100
V0_scalar_F4_Q4F_C1X_P2,455828900
V0_scalar_F4_Q4F_C1X_P2,474878100
V0_scalar_F4_Q4F_C2R_P2,844407700
V0_scalar_F4_Q4F_C2R_P2,800965400
V0_scalar_F4_Q4F_C2R_P2,854576700
V0_scalar_F4_Q4F_C2R_P2,865661800
V0_scalar_F4_Q4F_C2R_P2,823031900
V0_scalar_F4_Q4F_C2X_P2,426872100
V0_scalar_F4_Q4F_C2X_P2,451865200
V0_scalar_F4_Q4F_C2X_P2,423480700
V0_scalar_F4_Q4F_C2X_P2,425771600
V0_scalar_F4_Q4F_C2X_P2,424718400
V0_scalar_F4_Q4F_C3_P2,134533000
V0_scalar_F4_Q4F_C3_P2,135110700
V0_scalar_F4_Q4F_C3_P2,133478400
V0_scalar_F4_Q4F_C3_P2,139813400
V0_scalar_F4_Q4F_C3_P2,175084700
V0_scalar_F4_Q4F_C3_P2,134501500
V0_scalar_F4_Q4F_C3_P2,136187000
V0_scalar_F4_Q4F_C3_P2,143071200
V0_scalar_F4_Q4F_C3_P2,136681400
V0_scalar_F4_Q4F_C3_P2,135770700
V0_scalar_F4_Q4F_C3_P2,136085900
V0_scalar_F4_Q4F_C3_P2,134274600
V0_scalar_F4_Q4F_C3_P2,134746600
V0_scalar_F4_Q4F_C3_P2,136934200
V0_scalar_F4_Q4F_C4F_P2,122802400
V0_scalar_F4_Q4F_C4F_P2,125663000
V0_scalar_F4_Q4F_C4F_P2,123943100
V0_scalar_F4_Q4F_C4F_P2,123717700
V0_scalar_F4_Q4F_C4F_P2,126774600
V0_scalar_F4_Q4F_C4F_P2,126018000
V0_scalar_F4_Q4F_C4F_P2,125320900
V0_scalar_F4_Q4F_C4F_P2,122799100
V0_scalar_F4_Q4F_C4F_P2,124682500
V0_scalar_F4_Q4F_C4F_P2,129527100
V0_scalar_F4_Q4F_C4F_P2,130958500
V0_scalar_F4_Q4F_C4F_P2,126859600
V0_scalar_F4_Q4F_C4F_P2,125682900
V0_scalar_F4_Q4F_C4F_P2,124279300
V0_scalar_F4_Q4F_C4F_P2,125366700
V0_scalar_F4_Q4F_C4M_P2,132387500
V0_scalar_F4_Q4F_C4M_P2,131845100
V0_scalar_F4_Q4F_C4M_P2,132892900
V0_scalar_F4_Q4F_C4M_P2,131033600
V0_scalar_F4_Q4F_C4M_P2,133764300
V0_scalar_F4_Q4F_C4M_P2,133675100
V0_scalar_F4_Q4F_C4M_P2,133884700
V0_scalar_F4_Q4F_C4M_P2,130377700
V0_scalar_F4_Q4F_C4M_P2,135719400
V0_scalar_F4_Q4F_C4M_P2,137433700
V0_scalar_F4_Q4F_C4M_P2,128988000
V0_scalar_F4_Q4F_C4M_P2,129553800
V0_scalar_F4_Q4F_C4M_P2,130744200
V0_scalar_F4_Q4F_C4M_P2,130293600
V0_scalar_F4_Q4F_C4M_P2,131104000
V0_scalar_F4_Q4M_C1R_P2,1013661500
V0_scalar_F4_Q4M_C1R_P2,1021441800
V0_scalar_F4_Q4M_C1R_P2,1042776000
V0_scalar_F4_Q4M_C1R_P2,1036608100
V0_scalar_F4_Q4M_C1R_P2,1043129000
V0_scalar_F4_Q4M_C1X_P2,536882100
V0_scalar_F4_Q4M_C1X_P2,563173000
V0_scalar_F4_Q4M_C1X_P2,621846400
V0_scalar_F4_Q4M_C1X_P2,548634900
V0_scalar_F4_Q4M_C1X_P2,600987100
V0_scalar_F4_Q4M_C2R_P2,976080400
V0_scalar_F4_Q4M_C2R_P2,983302500
V0_scalar_F4_Q4M_C2R_P2,959677400
V0_scalar_F4_Q4M_C2R_P2,951840600
V0_scalar_F4_Q4M_C2R_P2,997498900
V0_scalar_F4_Q4M_C2X_P2,488813600
V0_scalar_F4_Q4M_C2X_P2,502334300
V0_scalar_F4_Q4M_C2X_P2,460915700
V0_scalar_F4_Q4M_C2X_P2,445182100
V0_scalar_F4_Q4M_C2X_P2,475015200
V0_scalar_F4_Q4M_C3_P2,140832000
V0_scalar_F4_Q4M_C3_P2,138324000
V0_scalar_F4_Q4M_C3_P2,140356900
V0_scalar_F4_Q4M_C3_P2,137540300
V0_scalar_F4_Q4M_C3_P2,137587400
V0_scalar_F4_Q4M_C3_P2,141348800
V0_scalar_F4_Q4M_C3_P2,142149400
V0_scalar_F4_Q4M_C3_P2,138516400
V0_scalar_F4_Q4M_C3_P2,141152900
V0_scalar_F4_Q4M_C3_P2,137428300
V0_scalar_F4_Q4M_C3_P2,158124300
V0_scalar_F4_Q4M_C3_P2,146224800
V0_scalar_F4_Q4M_C3_P2,142916000
V0_scalar_F4_Q4M_C3_P2,136660800
V0_scalar_F4_Q4M_C4F_P2,135684800
V0_scalar_F4_Q4M_C4F_P2,133897400
V0_scalar_F4_Q4M_C4F_P2,133948700
V0_scalar_F4_Q4M_C4F_P2,134385000
V0_scalar_F4_Q4M_C4F_P2,132937000
V0_scalar_F4_Q4M_C4F_P2,138970300
V0_scalar_F4_Q4M_C4F_P2,135073900
V0_scalar_F4_Q4M_C4F_P2,133698600
V0_scalar_F4_Q4M_C4F_P2,135343800
V0_scalar_F4_Q4M_C4F_P2,138150900
V0_scalar_F4_Q4M_C4F_P2,136037800
V0_scalar_F4_Q4M_C4F_P2,134810700
V0_scalar_F4_Q4M_C4F_P2,134387700
V0_scalar_F4_Q4M_C4F_P2,136218800
V0_scalar_F4_Q4M_C4M_P2,138734400
V0_scalar_F4_Q4M_C4M_P2,140740100
V0_scalar_F4_Q4M_C4M_P2,141315000
V0_scalar_F4_Q4M_C4M_P2,139705800
V0_scalar_F4_Q4M_C4M_P2,140134100
V0_scalar_F4_Q4M_C4M_P2,140878100
V0_scalar_F4_Q4M_C4M_P2,138656300
V0_scalar_F4_Q4M_C4M_P2,139101700
V0_scalar_F4_Q4M_C4M_P2,142538000
V0_scalar_F4_Q4M_C4M_P2,140856700
V0_scalar_F4_Q4M_C4M_P2,141734800
V0_scalar_F4_Q4M_C4M_P2,138862200
V0_scalar_F4_Q4M_C4M_P2,141950200
V0_scalar_F4_Q4M_C4M_P2,140745700
V0_scalar_F5F_Q1_C1R_P2,1188982700
V0_scalar_F5F_Q1_C1R_P2,1159051400
V0_scalar_F5F_Q1_C1R_P2,1172975700
V0_scalar_F5F_Q1_C1R_P2,1180795000
V0_scalar_F5F_Q1_C1R_P2,1157868400
V0_scalar_F5F_Q1_C1X_P2,566931400
V0_scalar_F5F_Q1_C1X_P2,576749500
V0_scalar_F5F_Q1_C1X_P2,579339000
V0_scalar_F5F_Q1_C1X_P2,582855200
V0_scalar_F5F_Q1_C1X_P2,578128100
V0_scalar_F5F_Q1_C2R_P2,1082238800
V0_scalar_F5F_Q1_C2R_P2,1083201700
V0_scalar_F5F_Q1_C2R_P2,1088977700
V0_scalar_F5F_Q1_C2R_P2,1095591100
V0_scalar_F5F_Q1_C2R_P2,1083610800
V0_scalar_F5F_Q1_C2X_P2,537897900
V0_scalar_F5F_Q1_C2X_P2,534832800
V0_scalar_F5F_Q1_C2X_P2,558986900
V0_scalar_F5F_Q1_C2X_P2,553851400
V0_scalar_F5F_Q1_C2X_P2,564111700
V0_scalar_F5F_Q1_C3_P2,209627500
V0_scalar_F5F_Q1_C3_P2,205192300
V0_scalar_F5F_Q1_C3_P2,201954600
V0_scalar_F5F_Q1_C3_P2,204994200
V0_scalar_F5F_Q1_C3_P2,200767000
V0_scalar_F5F_Q1_C3_P2,200105200
V0_scalar_F5F_Q1_C3_P2,199519900
V0_scalar_F5F_Q1_C3_P2,200506100
V0_scalar_F5F_Q1_C3_P2,198603900
V0_scalar_F5F_Q1_C3_P2,200706900
V0_scalar_F5F_Q1_C4F_P2,188928500
V0_scalar_F5F_Q1_C4F_P2,185965500
V0_scalar_F5F_Q1_C4F_P2,185646800
V0_scalar_F5F_Q1_C4F_P2,188021800
V0_scalar_F5F_Q1_C4F_P2,186934400
V0_scalar_F5F_Q1_C4F_P2,184877500
V0_scalar_F5F_Q1_C4F_P2,186663800
V0_scalar_F5F_Q1_C4F_P2,188692100
V0_scalar_F5F_Q1_C4F_P2,195666200
V0_scalar_F5F_Q1_C4F_P2,195071200
V0_scalar_F5F_Q1_C4F_P2,195172000
V0_scalar_F5F_Q1_C4M_P2,197374400
V0_scalar_F5F_Q1_C4M_P2,195774500
V0_scalar_F5F_Q1_C4M_P2,195433700
V0_scalar_F5F_Q1_C4M_P2,194751800
V0_scalar_F5F_Q1_C4M_P2,195225400
V0_scalar_F5F_Q1_C4M_P2,200553300
V0_scalar_F5F_Q1_C4M_P2,195608300
V0_scalar_F5F_Q1_C4M_P2,199559800
V0_scalar_F5F_Q1_C4M_P2,196497900
V0_scalar_F5F_Q1_C4M_P2,194655500
V0_scalar_F5F_Q2R_C1R_P2,3557415900
V0_scalar_F5F_Q2R_C1R_P2,3617780100
V0_scalar_F5F_Q2R_C1R_P2,3661632800
V0_scalar_F5F_Q2R_C1R_P2,3554311100
V0_scalar_F5F_Q2R_C1R_P2,3430475900
V0_scalar_F5F_Q2R_C1X_P2,2778004300
V0_scalar_F5F_Q2R_C1X_P2,2809954100
V0_scalar_F5F_Q2R_C1X_P2,2752114600
V0_scalar_F5F_Q2R_C1X_P2,2734275900
V0_scalar_F5F_Q2R_C1X_P2,2816038900
V0_scalar_F5F_Q2R_C2R_P2,3557900800
V0_scalar_F5F_Q2R_C2R_P2,3626972600
V0_scalar_F5F_Q2R_C2R_P2,3648557000
V0_scalar_F5F_Q2R_C2R_P2,3535045500
V0_scalar_F5F_Q2R_C2R_P2,3574226400
V0_scalar_F5F_Q2R_C2X_P2,2690541300
V0_scalar_F5F_Q2R_C2X_P2,2691093200
V0_scalar_F5F_Q2R_C2X_P2,2712251700
V0_scalar_F5F_Q2R_C2X_P2,2671752200
V0_scalar_F5F_Q2R_C2X_P2,2684214900
V0_scalar_F5F_Q2R_C3_P2,2006744200
V0_scalar_F5F_Q2R_C3_P2,2009594200
V0_scalar_F5F_Q2R_C3_P2,1960994400
V0_scalar_F5F_Q2R_C3_P2,1892363200
V0_scalar_F5F_Q2R_C3_P2,1953987000
V0_scalar_F5F_Q2R_C4F_P2,1823125900
V0_scalar_F5F_Q2R_C4F_P2,1705061000
V0_scalar_F5F_Q2R_C4F_P2,1877776100
V0_scalar_F5F_Q2R_C4F_P2,1855380200
V0_scalar_F5F_Q2R_C4F_P2,1826475700
V0_scalar_F5F_Q2R_C4M_P2,1865997300
V0_scalar_F5F_Q2R_C4M_P2,1922840300
V0_scalar_F5F_Q2R_C4M_P2,1919280500
V0_scalar_F5F_Q2R_C4M_P2,1866323200
V0_scalar_F5F_Q2R_C4M_P2,1909030100
V0_scalar_F5F_Q2X_C1R_P2,2785426000
V0_scalar_F5F_Q2X_C1R_P2,2770744400
V0_scalar_F5F_Q2X_C1R_P2,2762787000
V0_scalar_F5F_Q2X_C1R_P2,2726206000
V0_scalar_F5F_Q2X_C1R_P2,2715755400
V0_scalar_F5F_Q2X_C1X_P2,2042341700
V0_scalar_F5F_Q2X_C1X_P2,2101778500
V0_scalar_F5F_Q2X_C1X_P2,2055092000
V0_scalar_F5F_Q2X_C1X_P2,2060738900
V0_scalar_F5F_Q2X_C1X_P2,2053605800
V0_scalar_F5F_Q2X_C2R_P2,2664384300
V0_scalar_F5F_Q2X_C2R_P2,2636057500
V0_scalar_F5F_Q2X_C2R_P2,2633476100
V0_scalar_F5F_Q2X_C2R_P2,2682012500
V0_scalar_F5F_Q2X_C2R_P2,2678015200
V0_scalar_F5F_Q2X_C2X_P2,1542566100
V0_scalar_F5F_Q2X_C2X_P2,1550705000
V0_scalar_F5F_Q2X_C2X_P2,1586204100
V0_scalar_F5F_Q2X_C2X_P2,1508065500
V0_scalar_F5F_Q2X_C2X_P2,1549583100
V0_scalar_F5F_Q2X_C3_P2,1093789300
V0_scalar_F5F_Q2X_C3_P2,1110258300
V0_scalar_F5F_Q2X_C3_P2,1116008600
V0_scalar_F5F_Q2X_C3_P2,1132428400
V0_scalar_F5F_Q2X_C3_P2,1128655600
V0_scalar_F5F_Q2X_C4F_P2,1038668000
V0_scalar_F5F_Q2X_C4F_P2,1032400700
V0_scalar_F5F_Q2X_C4F_P2,1077783600
V0_scalar_F5F_Q2X_C4F_P2,1081619700
V0_scalar_F5F_Q2X_C4F_P2,1051138200
V0_scalar_F5F_Q2X_C4M_P2,1078818200
V0_scalar_F5F_Q2X_C4M_P2,1062261100
V0_scalar_F5F_Q2X_C4M_P2,1073720300
V0_scalar_F5F_Q2X_C4M_P2,1089797900
V0_scalar_F5F_Q2X_C4M_P2,1097333500
V0_scalar_F5F_Q3M_C1R_P2,1470770100
V0_scalar_F5F_Q3M_C1R_P2,1503857100
V0_scalar_F5F_Q3M_C1R_P2,1480406500
V0_scalar_F5F_Q3M_C1R_P2,1487379700
V0_scalar_F5F_Q3M_C1R_P2,1506867900
V0_scalar_F5F_Q3M_C1X_P2,860790300
V0_scalar_F5F_Q3M_C1X_P2,830699100
V0_scalar_F5F_Q3M_C1X_P2,841447700
V0_scalar_F5F_Q3M_C1X_P2,851513600
V0_scalar_F5F_Q3M_C1X_P2,849464300
V0_scalar_F5F_Q3M_C2R_P2,1279039600
V0_scalar_F5F_Q3M_C2R_P2,1098681200
V0_scalar_F5F_Q3M_C2R_P2,1139166800
V0_scalar_F5F_Q3M_C2R_P2,1125510700
V0_scalar_F5F_Q3M_C2R_P2,1113445900
V0_scalar_F5F_Q3M_C2X_P2,866618800
V0_scalar_F5F_Q3M_C2X_P2,977895500
V0_scalar_F5F_Q3M_C2X_P2,846427300
V0_scalar_F5F_Q3M_C2X_P2,794759400
V0_scalar_F5F_Q3M_C2X_P2,737135000
V0_scalar_F5F_Q3M_C3_P2,296612200
V0_scalar_F5F_Q3M_C3_P2,305298000
V0_scalar_F5F_Q3M_C3_P2,306153000
V0_scalar_F5F_Q3M_C3_P2,295275500
V0_scalar_F5F_Q3M_C3_P2,308180900
V0_scalar_F5F_Q3M_C3_P2,294405000
V0_scalar_F5F_Q3M_C3_P2,297566200
V0_scalar_F5F_Q3M_C4F_P2,293731200
V0_scalar_F5F_Q3M_C4F_P2,299093400
V0_scalar_F5F_Q3M_C4F_P2,304215400
V0_scalar_F5F_Q3M_C4F_P2,294543800
V0_scalar_F5F_Q3M_C4F_P2,295690500
V0_scalar_F5F_Q3M_C4F_P2,291546500
V0_scalar_F5F_Q3M_C4F_P2,295590000
V0_scalar_F5F_Q3M_C4M_P2,295099700
V0_scalar_F5F_Q3M_C4M_P2,297670500
V0_scalar_F5F_Q3M_C4M_P2,290302000
V0_scalar_F5F_Q3M_C4M_P2,291377700
V0_scalar_F5F_Q3M_C4M_P2,293694900
V0_scalar_F5F_Q3M_C4M_P2,298454900
V0_scalar_F5F_Q3M_C4M_P2,296409200
V0_scalar_F5F_Q4F_C1R_P2,965887400
V0_scalar_F5F_Q4F_C1R_P2,971417100
V0_scalar_F5F_Q4F_C1R_P2,961807700
V0_scalar_F5F_Q4F_C1R_P2,997643800
V0_scalar_F5F_Q4F_C1R_P2,994408200
V0_scalar_F5F_Q4F_C1X_P2,550278800
V0_scalar_F5F_Q4F_C1X_P2,557918300
V0_scalar_F5F_Q4F_C1X_P2,623158600
V0_scalar_F5F_Q4F_C1X_P2,612738100
V0_scalar_F5F_Q4F_C1X_P2,599771300
V0_scalar_F5F_Q4F_C2R_P2,1186962200
V0_scalar_F5F_Q4F_C2R_P2,1198540000
V0_scalar_F5F_Q4F_C2R_P2,1015067300
V0_scalar_F5F_Q4F_C2R_P2,1014676100
V0_scalar_F5F_Q4F_C2R_P2,1046391900
V0_scalar_F5F_Q4F_C2X_P2,608674000
V0_scalar_F5F_Q4F_C2X_P2,612238700
V0_scalar_F5F_Q4F_C2X_P2,573830200
V0_scalar_F5F_Q4F_C2X_P2,582168800
V0_scalar_F5F_Q4F_C2X_P2,593004400
V0_scalar_F5F_Q4F_C3_P2,224060600
V0_scalar_F5F_Q4F_C3_P2,238716800
V0_scalar_F5F_Q4F_C3_P2,217004000
V0_scalar_F5F_Q4F_C3_P2,215855000
V0_scalar_F5F_Q4F_C3_P2,213649900
V0_scalar_F5F_Q4F_C3_P2,224570400
V0_scalar_F5F_Q4F_C3_P2,213209200
V0_scalar_F5F_Q4F_C3_P2,213738200
V0_scalar_F5F_Q4F_C3_P2,218662600
V0_scalar_F5F_Q4F_C3_P2,229935300
V0_scalar_F5F_Q4F_C4F_P2,201519600
V0_scalar_F5F_Q4F_C4F_P2,200572100
V0_scalar_F5F_Q4F_C4F_P2,196418500
V0_scalar_F5F_Q4F_C4F_P2,197028500
V0_scalar_F5F_Q4F_C4F_P2,198749700
V0_scalar_F5F_Q4F_C4F_P2,201159100
V0_scalar_F5F_Q4F_C4F_P2,198570300
V0_scalar_F5F_Q4F_C4F_P2,198866000
V0_scalar_F5F_Q4F_C4F_P2,196262000
V0_scalar_F5F_Q4F_C4F_P2,197884300
V0_scalar_F5F_Q4F_C4M_P2,210498300
V0_scalar_F5F_Q4F_C4M_P2,214865800
V0_scalar_F5F_Q4F_C4M_P2,207551900
V0_scalar_F5F_Q4F_C4M_P2,207962300
V0_scalar_F5F_Q4F_C4M_P2,206365900
V0_scalar_F5F_Q4F_C4M_P2,206841900
V0_scalar_F5F_Q4F_C4M_P2,208440200
V0_scalar_F5F_Q4F_C4M_P2,208153000
V0_scalar_F5F_Q4F_C4M_P2,207627600
V0_scalar_F5F_Q4F_C4M_P2,206222000
V0_scalar_F5F_Q4M_C1R_P2,1308219000
V0_scalar_F5F_Q4M_C1R_P2,1286289700
V0_scalar_F5F_Q4M_C1R_P2,1247106500
V0_scalar_F5F_Q4M_C1R_P2,1265333600
V0_scalar_F5F_Q4M_C1R_P2,1261623900
V0_scalar_F5F_Q4M_C1X_P2,662979100
V0_scalar_F5F_Q4M_C1X_P2,683858300
V0_scalar_F5F_Q4M_C1X_P2,668360500
V0_scalar_F5F_Q4M_C1X_P2,678273200
V0_scalar_F5F_Q4M_C1X_P2,676871900
V0_scalar_F5F_Q4M_C2R_P2,1179555400
V0_scalar_F5F_Q4M_C2R_P2,1166947600
V0_scalar_F5F_Q4M_C2R_P2,1175906700
V0_scalar_F5F_Q4M_C2R_P2,1162399900
V0_scalar_F5F_Q4M_C2R_P2,1178043400
V0_scalar_F5F_Q4M_C2X_P2,613460800
V0_scalar_F5F_Q4M_C2X_P2,633288700
V0_scalar_F5F_Q4M_C2X_P2,616438700
V0_scalar_F5F_Q4M_C2X_P2,615794300
V0_scalar_F5F_Q4M_C2X_P2,636745100
V0_scalar_F5F_Q4M_C3_P2,222553200
V0_scalar_F5F_Q4M_C3_P2,225778900
V0_scalar_F5F_Q4M_C3_P2,226552800
V0_scalar_F5F_Q4M_C3_P2,227416400
V0_scalar_F5F_Q4M_C3_P2,230698000
V0_scalar_F5F_Q4M_C3_P2,228053500
V0_scalar_F5F_Q4M_C3_P2,228056300
V0_scalar_F5F_Q4M_C3_P2,226582100
V0_scalar_F5F_Q4M_C3_P2,231945900
V0_scalar_F5F_Q4M_C3_P2,229941400
V0_scalar_F5F_Q4M_C4F_P2,219913400
V0_scalar_F5F_Q4M_C4F_P2,220886400
V0_scalar_F5F_Q4M_C4F_P2,224935200
V0_scalar_F5F_Q4M_C4F_P2,219934600
V0_scalar_F5F_Q4M_C4F_P2,222011500
V0_scalar_F5F_Q4M_C4F_P2,220877700
V0_scalar_F5F_Q4M_C4F_P2,222236700
V0_scalar_F5F_Q4M_C4F_P2,220490400
V0_scalar_F5F_Q4M_C4F_P2,220096700
V0_scalar_F5F_Q4M_C4M_P2,241556200
V0_scalar_F5F_Q4M_C4M_P2,240210600
V0_scalar_F5F_Q4M_C4M_P2,242640700
V0_scalar_F5F_Q4M_C4M_P2,241082100
V0_scalar_F5F_Q4M_C4M_P2,240920100
V0_scalar_F5F_Q4M_C4M_P2,242559800
V0_scalar_F5F_Q4M_C4M_P2,241895000
V0_scalar_F5F_Q4M_C4M_P2,239980100
V0_scalar_F5F_Q4M_C4M_P2,248602100
V0_scalar_F5M_Q1_C1R_P2,1174147300
V0_scalar_F5M_Q1_C1R_P2,1165892900
V0_scalar_F5M_Q1_C1R_P2,1193022800
V0_scalar_F5M_Q1_C1R_P2,1233451800
V0_scalar_F5M_Q1_C1R_P2,1186315900
V0_scalar_F5M_Q1_C1X_P2,658788800
V0_scalar_F5M_Q1_C1X_P2,660800800
V0_scalar_F5M_Q1_C1X_P2,660039300
V0_scalar_F5M_Q1_C1X_P2,666937200
V0_scalar_F5M_Q1_C1X_P2,654674000
V0_scalar_F5M_Q1_C2R_P2,1094117800
V0_scalar_F5M_Q1_C2R_P2,1098081900
V0_scalar_F5M_Q1_C2R_P2,1093050400
V0_scalar_F5M_Q1_C2R_P2,1082958600
V0_scalar_F5M_Q1_C2R_P2,1079488100
V0_scalar_F5M_Q1_C2X_P2,616138200
V0_scalar_F5M_Q1_C2X_P2,605705600
V0_scalar_F5M_Q1_C2X_P2,618391100
V0_scalar_F5M_Q1_C2X_P2,609833800
V0_scalar_F5M_Q1_C2X_P2,621443000
V0_scalar_F5M_Q1_C3_P2,299987500
V0_scalar_F5M_Q1_C3_P2,300139800
V0_scalar_F5M_Q1_C3_P2,297326100
V0_scalar_F5M_Q1_C3_P2,295288900
V0_scalar_F5M_Q1_C3_P2,303096800
V0_scalar_F5M_Q1_C3_P2,296449500
V0_scalar_F5M_Q1_C3_P2,294730900
V0_scalar_F5M_Q1_C4F_P2,274218000
V0_scalar_F5M_Q1_C4F_P2,278216900
V0_scalar_F5M_Q1_C4F_P2,274122200
V0_scalar_F5M_Q1_C4F_P2,276567900
V0_scalar_F5M_Q1_C4F_P2,278113800
V0_scalar_F5M_Q1_C4F_P2,276971200
V0_scalar_F5M_Q1_C4F_P2,279170800
V0_scalar_F5M_Q1_C4F_P2,276360900
V0_scalar_F5M_Q1_C4M_P2,298902300
V0_scalar_F5M_Q1_C4M_P2,281814900
V0_scalar_F5M_Q1_C4M_P2,280347100
V0_scalar_F5M_Q1_C4M_P2,283940200
V0_scalar_F5M_Q1_C4M_P2,284221100
V0_scalar_F5M_Q1_C4M_P2,285862700
V0_scalar_F5M_Q1_C4M_P2,284622300
V0_scalar_F5M_Q2R_C1R_P2,3238403600
V0_scalar_F5M_Q2R_C1R_P2,3187752500
V0_scalar_F5M_Q2R_C1R_P2,3240967000
V0_scalar_F5M_Q2R_C1R_P2,3197780500
V0_scalar_F5M_Q2R_C1R_P2,3220333700
V0_scalar_F5M_Q2R_C1X_P2,2475065900
V0_scalar_F5M_Q2R_C1X_P2,2490106700
V0_scalar_F5M_Q2R_C1X_P2,2481910500
V0_scalar_F5M_Q2R_C1X_P2,2471652500
V0_scalar_F5M_Q2R_C1X_P2,2535282600
V0_scalar_F5M_Q2R_C2R_P2,3116241900
V0_scalar_F5M_Q2R_C2R_P2,3070000200
V0_scalar_F5M_Q2R_C2R_P2,3036773900
V0_scalar_F5M_Q2R_C2R_P2,3096545300
V0_scalar_F5M_Q2R_C2R_P2,3135429100
V0_scalar_F5M_Q2R_C2X_P2,2453029000
V0_scalar_F5M_Q2R_C2X_P2,2408839200
V0_scalar_F5M_Q2R_C2X_P2,2460703500
V0_scalar_F5M_Q2R_C2X_P2,2364387200
V0_scalar_F5M_Q2R_C2X_P2,2544651800
V0_scalar_F5M_Q2R_C3_P2,1765956300
V0_scalar_F5M_Q2R_C3_P2,1780732900
V0_scalar_F5M_Q2R_C3_P2,1776288600
V0_scalar_F5M_Q2R_C3_P2,1772468400
V0_scalar_F5M_Q2R_C3_P2,1771279500
V0_scalar_F5M_Q2R_C4F_P2,1670684500
V0_scalar_F5M_Q2R_C4F_P2,1679981400
V0_scalar_F5M_Q2R_C4F_P2,1677519700
V0_scalar_F5M_Q2R_C4F_P2,1669639600
V0_scalar_F5M_Q2R_C4F_P2,1675685200
V0_scalar_F5M_Q2R_C4M_P2,1698748500
V0_scalar_F5M_Q2R_C4M_P2,1744359100
V0_scalar_F5M_Q2R_C4M_P2,1754810400
V0_scalar_F5M_Q2R_C4M_P2,1700490400
V0_scalar_F5M_Q2R_C4M_P2,1688295400
V0_scalar_F5M_Q2X_C1R_P2,2571951300
V0_scalar_F5M_Q2X_C1R_P2,2558655400
V0_scalar_F5M_Q2X_C1R_P2,2569885000
V0_scalar_F5M_Q2X_C1R_P2,2578814200
V0_scalar_F5M_Q2X_C1R_P2,2563498800
V0_scalar_F5M_Q2X_C1X_P2,1964722900
V0_scalar_F5M_Q2X_C1X_P2,1990691100
V0_scalar_F5M_Q2X_C1X_P2,2007122300
V0_scalar_F5M_Q2X_C1X_P2,1972038500
V0_scalar_F5M_Q2X_C1X_P2,1949397300
V0_scalar_F5M_Q2X_C2R_P2,2434546200
V0_scalar_F5M_Q2X_C2R_P2,2435342700
V0_scalar_F5M_Q2X_C2R_P2,2457681900
V0_scalar_F5M_Q2X_C2R_P2,2447879700
V0_scalar_F5M_Q2X_C2R_P2,2438779200
V0_scalar_F5M_Q2X_C2X_P2,1885462200
V0_scalar_F5M_Q2X_C2X_P2,1888693100
V0_scalar_F5M_Q2X_C2X_P2,1889398300
V0_scalar_F5M_Q2X_C2X_P2,1881724900
V0_scalar_F5M_Q2X_C2X_P2,1891149600
V0_scalar_F5M_Q2X_C3_P2,1275391000
V0_scalar_F5M_Q2X_C3_P2,1262374400
V0_scalar_F5M_Q2X_C3_P2,1300709800
V0_scalar_F5M_Q2X_C3_P2,1259536300
V0_scalar_F5M_Q2X_C3_P2,1251243400
V0_scalar_F5M_Q2X_C4F_P2,1270662700
V0_scalar_F5M_Q2X_C4F_P2,1274373900
V0_scalar_F5M_Q2X_C4F_P2,1250660300
V0_scalar_F5M_Q2X_C4F_P2,1296602400
V0_scalar_F5M_Q2X_C4F_P2,1304021900
V0_scalar_F5M_Q2X_C4M_P2,1291877700
V0_scalar_F5M_Q2X_C4M_P2,1313340100
V0_scalar_F5M_Q2X_C4M_P2,1457955700
V0_scalar_F5M_Q2X_C4M_P2,1598903000
V0_scalar_F5M_Q2X_C4M_P2,1538773700
V0_scalar_F5M_Q3M_C1R_P2,1501966900
V0_scalar_F5M_Q3M_C1R_P2,1503896300
V0_scalar_F5M_Q3M_C1R_P2,1486124000
V0_scalar_F5M_Q3M_C1R_P2,1498759400
V0_scalar_F5M_Q3M_C1R_P2,1492746700
V0_scalar_F5M_Q3M_C1X_P2,875218500
V0_scalar_F5M_Q3M_C1X_P2,889355200
V0_scalar_F5M_Q3M_C1X_P2,906684300
V0_scalar_F5M_Q3M_C1X_P2,900896700
V0_scalar_F5M_Q3M_C1X_P2,892427100
V0_scalar_F5M_Q3M_C2R_P2,1367789400
V0_scalar_F5M_Q3M_C2R_P2,1352046200
V0_scalar_F5M_Q3M_C2R_P2,1337637600
V0_scalar_F5M_Q3M_C2R_P2,1320601400
V0_scalar_F5M_Q3M_C2R_P2,1329777400
V0_scalar_F5M_Q3M_C2X_P2,842748600
V0_scalar_F5M_Q3M_C2X_P2,841741100
V0_scalar_F5M_Q3M_C2X_P2,835693400
V0_scalar_F5M_Q3M_C2X_P2,835038100
V0_scalar_F5M_Q3M_C2X_P2,855669600
V0_scalar_F5M_Q3M_C3_P2,371836400
V0_scalar_F5M_Q3M_C3_P2,364911500
V0_scalar_F5M_Q3M_C3_P2,364007000
V0_scalar_F5M_Q3M_C3_P2,378744900
V0_scalar_F5M_Q3M_C3_P2,376881500
V0_scalar_F5M_Q3M_C3_P2,377350000
V0_scalar_F5M_Q3M_C4F_P2,364393000
V0_scalar_F5M_Q3M_C4F_P2,362302200
V0_scalar_F5M_Q3M_C4F_P2,365489800
V0_scalar_F5M_Q3M_C4F_P2,363677700
V0_scalar_F5M_Q3M_C4F_P2,367381700
V0_scalar_F5M_Q3M_C4F_P2,364104000
V0_scalar_F5M_Q3M_C4F_P2,365336300
V0_scalar_F5M_Q3M_C4M_P2,396034400
V0_scalar_F5M_Q3M_C4M_P2,379253700
V0_scalar_F5M_Q3M_C4M_P2,380468300
V0_scalar_F5M_Q3M_C4M_P2,383212000
V0_scalar_F5M_Q3M_C4M_P2,385441400
V0_scalar_F5M_Q3M_C4M_P2,389591600
V0_scalar_F5M_Q4F_C1R_P2,1259095000
V0_scalar_F5M_Q4F_C1R_P2,1246818700
V0_scalar_F5M_Q4F_C1R_P2,1249178900
V0_scalar_F5M_Q4F_C1R_P2,1252395500
V0_scalar_F5M_Q4F_C1R_P2,1251426000
V0_scalar_F5M_Q4F_C1X_P2,736108300
V0_scalar_F5M_Q4F_C1X_P2,726265600
V0_scalar_F5M_Q4F_C1X_P2,722381400
V0_scalar_F5M_Q4F_C1X_P2,734718200
V0_scalar_F5M_Q4F_C1X_P2,725406600
V0_scalar_F5M_Q4F_C2R_P2,1184440700
V0_scalar_F5M_Q4F_C2R_P2,1177408700
V0_scalar_F5M_Q4F_C2R_P2,1185643600
V0_scalar_F5M_Q4F_C2R_P2,1181013300
V0_scalar_F5M_Q4F_C2R_P2,1173987200
V0_scalar_F5M_Q4F_C2X_P2,696861400
V0_scalar_F5M_Q4F_C2X_P2,696394900
V0_scalar_F5M_Q4F_C2X_P2,725762900
V0_scalar_F5M_Q4F_C2X_P2,698916400
V0_scalar_F5M_Q4F_C2X_P2,694424600
V0_scalar_F5M_Q4F_C3_P2,309317100
V0_scalar_F5M_Q4F_C3_P2,311661800
V0_scalar_F5M_Q4F_C3_P2,316086500
V0_scalar_F5M_Q4F_C3_P2,308610000
V0_scalar_F5M_Q4F_C3_P2,315748000
V0_scalar_F5M_Q4F_C3_P2,313115100
V0_scalar_F5M_Q4F_C3_P2,308242300
V0_scalar_F5M_Q4F_C4F_P2,288651200
V0_scalar_F5M_Q4F_C4F_P2,289756300
V0_scalar_F5M_Q4F_C4F_P2,287670600
V0_scalar_F5M_Q4F_C4F_P2,289184800
V0_scalar_F5M_Q4F_C4F_P2,287601900
V0_scalar_F5M_Q4F_C4F_P2,286351100
V0_scalar_F5M_Q4F_C4F_P2,289879400
V0_scalar_F5M_Q4F_C4M_P2,305378900
V0_scalar_F5M_Q4F_C4M_P2,299298300
V0_scalar_F5M_Q4F_C4M_P2,294352100
V0_scalar_F5M_Q4F_C4M_P2,296340700
V0_scalar_F5M_Q4F_C4M_P2,296311900
V0_scalar_F5M_Q4F_C4M_P2,297804700
V0_scalar_F5M_Q4F_C4M_P2,298558300
V0_scalar_F5M_Q4M_C1R_P2,1368516400
V0_scalar_F5M_Q4M_C1R_P2,1460654600
V0_scalar_F5M_Q4M_C1R_P2,1390673500
V0_scalar_F5M_Q4M_C1R_P2,1373640600
V0_scalar_F5M_Q4M_C1R_P2,1349003700
V0_scalar_F5M_Q4M_C1X_P2,788111000
V0_scalar_F5M_Q4M_C1X_P2,770436700
V0_scalar_F5M_Q4M_C1X_P2,773238800
V0_scalar_F5M_Q4M_C1X_P2,789321900
V0_scalar_F5M_Q4M_C1X_P2,774490200
V0_scalar_F5M_Q4M_C2R_P2,1212231100
V0_scalar_F5M_Q4M_C2R_P2,1244082500
V0_scalar_F5M_Q4M_C2R_P2,1249853700
V0_scalar_F5M_Q4M_C2R_P2,1248983400
V0_scalar_F5M_Q4M_C2R_P2,1251126400
V0_scalar_F5M_Q4M_C2X_P2,750404800
V0_scalar_F5M_Q4M_C2X_P2,770542700
V0_scalar_F5M_Q4M_C2X_P2,764803700
V0_scalar_F5M_Q4M_C2X_P2,735907900
V0_scalar_F5M_Q4M_C2X_P2,753906200
V0_scalar_F5M_Q4M_C3_P2,316887000
V0_scalar_F5M_Q4M_C3_P2,316754900
V0_scalar_F5M_Q4M_C3_P2,314092600
V0_scalar_F5M_Q4M_C3_P2,316543400
V0_scalar_F5M_Q4M_C3_P2,315800400
V0_scalar_F5M_Q4M_C3_P2,317126700
V0_scalar_F5M_Q4M_C3_P2,314197600
V0_scalar_F5M_Q4M_C3_P2,312622000
V0_scalar_F5M_Q4M_C4F_P2,305720200
V0_scalar_F5M_Q4M_C4F_P2,315370000
V0_scalar_F5M_Q4M_C4F_P2,312585600
V0_scalar_F5M_Q4M_C4F_P2,308265900
V0_scalar_F5M_Q4M_C4F_P2,310678700
V0_scalar_F5M_Q4M_C4F_P2,308670300
V0_scalar_F5M_Q4M_C4F_P2,308316300
V0_scalar_F5M_Q4M_C4M_P2,314734900
V0_scalar_F5M_Q4M_C4M_P2,319242500
V0_scalar_F5M_Q4M_C4M_P2,317686600
V0_scalar_F5M_Q4M_C4M_P2,316666300
V0_scalar_F5M_Q4M_C4M_P2,313574800
V0_scalar_F5M_Q4M_C4M_P2,318323300
V0_scalar_F5M_Q4M_C4M_P2,318446500
v1_object_F1R_Q1_C1X_P2,795285800
v1_object_F1R_Q1_C1X_P2,789457100
v1_object_F1R_Q1_C1X_P2,795935000
v1_object_F1R_Q1_C1X_P2,794108200
v1_object_F1R_Q1_C1X_P2,794856900
v1_object_F1X_Q1_C1R_P2,255016100
v1_object_F1X_Q1_C1R_P2,259996700
v1_object_F1X_Q1_C1R_P2,256881900
v1_object_F1X_Q1_C1R_P2,257973000
v1_object_F1X_Q1_C1R_P2,254824900
v1_object_F1X_Q1_C1R_P2,257915800
v1_object_F1X_Q1_C1R_P2,256838200
v1_object_F1X_Q1_C1R_P2,253518100
v1_object_F1X_Q1_C1R_P2,258653400
v1_object_F1X_Q1_C1X_P2,189133000
v1_object_F1X_Q1_C1X_P2,188092700
v1_object_F1X_Q1_C1X_P2,190514000
v1_object_F1X_Q1_C1X_P2,187265700
v1_object_F1X_Q1_C1X_P2,187399100
v1_object_F1X_Q1_C1X_P2,189355300
v1_object_F1X_Q1_C1X_P2,186388500
v1_object_F1X_Q1_C1X_P2,190374500
v1_object_F1X_Q1_C1X_P2,189757000
v1_object_F1X_Q1_C1X_P2,187322900
v1_object_F1X_Q1_C1X_P2,187052400
v1_object_F2R_Q1_C1R_P2,147988000
v1_object_F2R_Q1_C1R_P2,148290900
v1_object_F2R_Q1_C1R_P2,148100900
v1_object_F2R_Q1_C1R_P2,147862200
v1_object_F2R_Q1_C1R_P2,146035700
v1_object_F2R_Q1_C1R_P2,150146800
v1_object_F2R_Q1_C1R_P2,145861400
v1_object_F2R_Q1_C1R_P2,148506300
v1_object_F2R_Q1_C1R_P2,148898500
v1_object_F2R_Q1_C1R_P2,147684600
v1_object_F2R_Q1_C1R_P2,148358100
v1_object_F2R_Q1_C1R_P2,149394300
v1_object_F2R_Q1_C1R_P2,153100800
v1_object_F2R_Q1_C1R_P2,151599600
v1_object_F2R_Q1_C1R_P2,150188500
v1_object_F2R_Q1_C1X_P2,80239000
v1_object_F2R_Q1_C1X_P2,81051700
v1_object_F2R_Q1_C1X_P2,81081800
v1_object_F2R_Q1_C1X_P2,82555300
v1_object_F2R_Q1_C1X_P2,79031900
v1_object_F2R_Q1_C1X_P2,80641200
v1_object_F2R_Q1_C1X_P2,80006100
v1_object_F2R_Q1_C1X_P2,80610300
v1_object_F2R_Q1_C1X_P2,81539400
v1_object_F2R_Q1_C1X_P2,80153600
v1_object_F2R_Q1_C1X_P2,79273900
v1_object_F2R_Q1_C1X_P2,79633800
v1_object_F2R_Q1_C1X_P2,80113600
v1_object_F2R_Q1_C1X_P2,79309700
v1_object_F2R_Q1_C1X_P2,81059300
v1_object_F2R_Q1_C1X_P2,80237300
v1_object_F2R_Q1_C1X_P2,79281300
v1_object_F2R_Q1_C1X_P2,78888100
v1_object_F2R_Q1_C1X_P2,81664500
v1_object_F2R_Q1_C1X_P2,79751800
v1_object_F2R_Q1_C1X_P2,79913400
v1_object_F2R_Q1_C1X_P2,79908200
v1_object_F2R_Q1_C1X_P2,78914300
v1_object_F2R_Q1_C1X_P2,81985900
v1_object_F2R_Q1_C1X_P2,79082700
v1_object_F2R_Q1_C1X_P2,79441800
v1_object_F2X_Q1_C1R_P2,127431500
v1_object_F2X_Q1_C1R_P2,130625300
v1_object_F2X_Q1_C1R_P2,128963900
v1_object_F2X_Q1_C1R_P2,129559300
v1_object_F2X_Q1_C1R_P2,131206800
v1_object_F2X_Q1_C1R_P2,130611200
v1_object_F2X_Q1_C1R_P2,129373800
v1_object_F2X_Q1_C1R_P2,129337600
v1_object_F2X_Q1_C1R_P2,128594700
v1_object_F2X_Q1_C1R_P2,132793600
v1_object_F2X_Q1_C1R_P2,130961600
v1_object_F2X_Q1_C1R_P2,129404800
v1_object_F2X_Q1_C1R_P2,128619200
v1_object_F2X_Q1_C1R_P2,127228500
v1_object_F2X_Q1_C1R_P2,132559800
v1_object_F2X_Q1_C1R_P2,131124600
v1_object_F2X_Q1_C1X_P2,61536400
v1_object_F2X_Q1_C1X_P2,60007200
v1_object_F2X_Q1_C1X_P2,60734000
v1_object_F2X_Q1_C1X_P2,60101400
v1_object_F2X_Q1_C1X_P2,60669300
v1_object_F2X_Q1_C1X_P2,61563500
v1_object_F2X_Q1_C1X_P2,60124400
v1_object_F2X_Q1_C1X_P2,61919200
v1_object_F2X_Q1_C1X_P2,60853000
v1_object_F2X_Q1_C1X_P2,59507600
v1_object_F2X_Q1_C1X_P2,60750500
v1_object_F2X_Q1_C1X_P2,61541100
v1_object_F2X_Q1_C1X_P2,61050100
v1_object_F2X_Q1_C1X_P2,62813900
v1_object_F2X_Q1_C1X_P2,61221700
v1_object_F2X_Q1_C1X_P2,60189400
v1_object_F2X_Q1_C1X_P2,61477100
v1_object_F2X_Q1_C1X_P2,61352400
v1_object_F2X_Q1_C1X_P2,61319300
v1_object_F2X_Q1_C1X_P2,60779200
v1_object_F2X_Q1_C1X_P2,60805100
v1_object_F2X_Q1_C1X_P2,62080700
v1_object_F2X_Q1_C1X_P2,60886300
v1_object_F2X_Q1_C1X_P2,60929000
v1_object_F2X_Q1_C1X_P2,60596900
v1_object_F2X_Q1_C1X_P2,60598000
v1_object_F2X_Q1_C1X_P2,60339400
v1_object_F2X_Q1_C1X_P2,60947600
v1_object_F2X_Q1_C1X_P2,60740200
v1_object_F2X_Q1_C1X_P2,59589800
v1_object_F2X_Q1_C1X_P2,61478900
v1_object_F2X_Q1_C1X_P2,61646500
v1_object_F2X_Q1_C1X_P2,60210300
v1_object_F3R_Q1_C1R_P2,134696800
v1_object_F3R_Q1_C1R_P2,131668100
v1_object_F3R_Q1_C1R_P2,133297700
v1_object_F3R_Q1_C1R_P2,133234200
v1_object_F3R_Q1_C1R_P2,129618200
v1_object_F3R_Q1_C1R_P2,132440500
v1_object_F3R_Q1_C1R_P2,135615200
v1_object_F3R_Q1_C1R_P2,131914800
v1_object_F3R_Q1_C1R_P2,133024300
v1_object_F3R_Q1_C1R_P2,130806800
v1_object_F3R_Q1_C1R_P2,131741300
v1_object_F3R_Q1_C1R_P2,133392900
v1_object_F3R_Q1_C1R_P2,132741700
v1_object_F3R_Q1_C1R_P2,132105400
v1_object_F3R_Q1_C1R_P2,133297600
v1_object_F3R_Q1_C1R_P2,134496400
v1_object_F3R_Q1_C1X_P2,67117200
v1_object_F3R_Q1_C1X_P2,66458500
v1_object_F3R_Q1_C1X_P2,65109000
v1_object_F3R_Q1_C1X_P2,66845200
v1_object_F3R_Q1_C1X_P2,65055100
v1_object_F3R_Q1_C1X_P2,65365400
v1_object_F3R_Q1_C1X_P2,67160900
v1_object_F3R_Q1_C1X_P2,68259900
v1_object_F3R_Q1_C1X_P2,66018800
v1_object_F3R_Q1_C1X_P2,67559100
v1_object_F3R_Q1_C1X_P2,67305200
v1_object_F3R_Q1_C1X_P2,65165500
v1_object_F3R_Q1_C1X_P2,66340600
v1_object_F3R_Q1_C1X_P2,67334000
v1_object_F3R_Q1_C1X_P2,66887200
v1_object_F3R_Q1_C1X_P2,68823000
v1_object_F3R_Q1_C1X_P2,68500800
v1_object_F3R_Q1_C1X_P2,67177800
v1_object_F3R_Q1_C1X_P2,66122000
v1_object_F3R_Q1_C1X_P2,65227600
v1_object_F3R_Q1_C1X_P2,66259100
v1_object_F3R_Q1_C1X_P2,65309900
v1_object_F3R_Q1_C1X_P2,66507500
v1_object_F3R_Q1_C1X_P2,65709100
v1_object_F3R_Q1_C1X_P2,68184200
v1_object_F3R_Q1_C1X_P2,65889800
v1_object_F3R_Q1_C1X_P2,65104800
v1_object_F3R_Q1_C1X_P2,64880700
v1_object_F3R_Q1_C1X_P2,65296600
v1_object_F3R_Q1_C1X_P2,65365200
v1_object_F3R_Q1_C1X_P2,67695700
v1_object_F3X_Q1_C1R_P2,123432700
v1_object_F3X_Q1_C1R_P2,121640300
v1_object_F3X_Q1_C1R_P2,121464100
v1_object_F3X_Q1_C1R_P2,121285300
v1_object_F3X_Q1_C1R_P2,124459200
v1_object_F3X_Q1_C1R_P2,123832700
v1_object_F3X_Q1_C1R_P2,124341200
v1_object_F3X_Q1_C1R_P2,121843000
v1_object_F3X_Q1_C1R_P2,123176900
v1_object_F3X_Q1_C1R_P2,123755000
v1_object_F3X_Q1_C1R_P2,120667400
v1_object_F3X_Q1_C1R_P2,124677900
v1_object_F3X_Q1_C1R_P2,123950400
v1_object_F3X_Q1_C1R_P2,123945900
v1_object_F3X_Q1_C1R_P2,125218000
v1_object_F3X_Q1_C1R_P2,121943600
v1_object_F3X_Q1_C1R_P2,121810400
v1_object_F3X_Q1_C1X_P2,55946600
v1_object_F3X_Q1_C1X_P2,56201400
v1_object_F3X_Q1_C1X_P2,56220800
v1_object_F3X_Q1_C1X_P2,57171600
v1_object_F3X_Q1_C1X_P2,56214200
v1_object_F3X_Q1_C1X_P2,57546700
v1_object_F3X_Q1_C1X_P2,55328100
v1_object_F3X_Q1_C1X_P2,55738700
v1_object_F3X_Q1_C1X_P2,55901800
v1_object_F3X_Q1_C1X_P2,56388200
v1_object_F3X_Q1_C1X_P2,57704000
v1_object_F3X_Q1_C1X_P2,56517400
v1_object_F3X_Q1_C1X_P2,56394200
v1_object_F3X_Q1_C1X_P2,56284300
v1_object_F3X_Q1_C1X_P2,57538700
v1_object_F3X_Q1_C1X_P2,58063500
v1_object_F3X_Q1_C1X_P2,57794600
v1_object_F3X_Q1_C1X_P2,56241300
v1_object_F3X_Q1_C1X_P2,56374300
v1_object_F3X_Q1_C1X_P2,56181800
v1_object_F3X_Q1_C1X_P2,58871600
v1_object_F3X_Q1_C1X_P2,56569600
v1_object_F3X_Q1_C1X_P2,57919000
v1_object_F3X_Q1_C1X_P2,58124900
v1_object_F3X_Q1_C1X_P2,56714900
v1_object_F3X_Q1_C1X_P2,56199400
v1_object_F3X_Q1_C1X_P2,57818100
v1_object_F3X_Q1_C1X_P2,56677700
v1_object_F3X_Q1_C1X_P2,56475000
v1_object_F3X_Q1_C1X_P2,58508500
v1_object_F3X_Q1_C1X_P2,56139900
v1_object_F3X_Q1_C1X_P2,56947900
v1_object_F3X_Q1_C1X_P2,56144400
v1_object_F3X_Q1_C1X_P2,57899100
v1_object_F3X_Q1_C1X_P2,57312200
v1_object_F3X_Q1_C1X_P2,56682300
v1_object_F4_Q1_C1R_P2,109726600
v1_object_F4_Q1_C1R_P2,111713800
v1_object_F4_Q1_C1R_P2,110701100
v1_object_F4_Q1_C1R_P2,111070400
v1_object_F4_Q1_C1R_P2,112282800
v1_object_F4_Q1_C1R_P2,111809500
v1_object_F4_Q1_C1R_P2,113386600
v1_object_F4_Q1_C1R_P2,111056200
v1_object_F4_Q1_C1R_P2,110662000
v1_object_F4_Q1_C1R_P2,115001800
v1_object_F4_Q1_C1R_P2,115292500
v1_object_F4_Q1_C1R_P2,111009200
v1_object_F4_Q1_C1R_P2,114416600
v1_object_F4_Q1_C1R_P2,117400100
v1_object_F4_Q1_C1R_P2,114163700
v1_object_F4_Q1_C1R_P2,113856300
v1_object_F4_Q1_C1R_P2,111640700
v1_object_F4_Q1_C1R_P2,113751700
v1_object_F4_Q1_C1R_P2,113220900
v1_object_F4_Q1_C1X_P2,49475800
v1_object_F4_Q1_C1X_P2,51027400
v1_object_F4_Q1_C1X_P2,49928500
v1_object_F4_Q1_C1X_P2,51338200
v1_object_F4_Q1_C1X_P2,50733700
v1_object_F4_Q1_C1X_P2,50910300
v1_object_F4_Q1_C1X_P2,49354300
v1_object_F4_Q1_C1X_P2,50537700
v1_object_F4_Q1_C1X_P2,50846900
v1_object_F4_Q1_C1X_P2,50254200
v1_object_F4_Q1_C1X_P2,50756700
v1_object_F4_Q1_C1X_P2,49745500
v1_object_F4_Q1_C1X_P2,49751300
v1_object_F4_Q1_C1X_P2,49684800
v1_object_F4_Q1_C1X_P2,50735000
v1_object_F4_Q1_C1X_P2,51414300
v1_object_F4_Q1_C1X_P2,51456400
v1_object_F4_Q1_C1X_P2,52976700
v1_object_F4_Q1_C1X_P2,51966400
v1_object_F4_Q1_C1X_P2,49802200
v1_object_F4_Q1_C1X_P2,50171900
v1_object_F4_Q1_C1X_P2,49789300
v1_object_F4_Q1_C1X_P2,49955900
v1_object_F4_Q1_C1X_P2,49679500
v1_object_F4_Q1_C1X_P2,49621800
v1_object_F4_Q1_C1X_P2,49860500
v1_object_F4_Q1_C1X_P2,49536700
v1_object_F4_Q1_C1X_P2,49577100
v1_object_F4_Q1_C1X_P2,49341300
v1_object_F4_Q1_C1X_P2,50908200
v1_object_F4_Q1_C1X_P2,49593300
v1_object_F4_Q1_C1X_P2,49639100
v1_object_F4_Q1_C1X_P2,50607200
v1_object_F4_Q1_C1X_P2,50130600
v1_object_F4_Q1_C1X_P2,49687400
v1_object_F4_Q1_C1X_P2,49277000
v1_object_F4_Q1_C1X_P2,50877300
v1_object_F4_Q1_C1X_P2,50532100
v1_object_F4_Q1_C1X_P2,50707300
v1_object_F4_Q1_C1X_P2,50267900
v1_object_F4_Q1_C1X_P2,50642600
v1_scalar_F1R_Q1_C1R_P2,728970500
v1_scalar_F1R_Q1_C1R_P2,727835700
v1_scalar_F1R_Q1_C1R_P2,729253700
v1_scalar_F1R_Q1_C1R_P2,726346600
v1_scalar_F1R_Q1_C1R_P2,726802800
v1_scalar_F1R_Q1_C1X_P2,666538100
v1_scalar_F1R_Q1_C1X_P2,665496100
v1_scalar_F1R_Q1_C1X_P2,668699100
v1_scalar_F1R_Q1_C1X_P2,667287500
v1_scalar_F1R_Q1_C1X_P2,663223100
v1_scalar_F1R_Q1_C2R_P2,706944700
v1_scalar_F1R_Q1_C2R_P2,708504800
v1_scalar_F1R_Q1_C2R_P2,713655400
v1_scalar_F1R_Q1_C2R_P2,710495100
v1_scalar_F1R_Q1_C2R_P2,716140800
v1_scalar_F1R_Q1_C2X_P2,653666600
v1_scalar_F1R_Q1_C2X_P2,656779700
v1_scalar_F1R_Q1_C2X_P2,655728400
v1_scalar_F1R_Q1_C2X_P2,653788900
v1_scalar_F1R_Q1_C2X_P2,655928900
v1_scalar_F1R_Q1_C3_P2,656440200
v1_scalar_F1R_Q1_C3_P2,646648900
v1_scalar_F1R_Q1_C3_P2,647535800
v1_scalar_F1R_Q1_C3_P2,647017100
v1_scalar_F1R_Q1_C3_P2,646289100
v1_scalar_F1R_Q1_C4F_P2,647490800
v1_scalar_F1R_Q1_C4F_P2,647061000
v1_scalar_F1R_Q1_C4F_P2,648618100
v1_scalar_F1R_Q1_C4F_P2,644436200
v1_scalar_F1R_Q1_C4F_P2,646961900
v1_scalar_F1R_Q1_C4M_P2,649872300
v1_scalar_F1R_Q1_C4M_P2,653160800
v1_scalar_F1R_Q1_C4M_P2,652121200
v1_scalar_F1R_Q1_C4M_P2,650672800
v1_scalar_F1R_Q1_C4M_P2,649651400
v1_scalar_F1R_Q2R_C1R_P2,798472100
v1_scalar_F1R_Q2R_C1R_P2,803982800
v1_scalar_F1R_Q2R_C1R_P2,799147900
v1_scalar_F1R_Q2R_C1R_P2,796039900
v1_scalar_F1R_Q2R_C1R_P2,803317100
v1_scalar_F1R_Q2R_C1X_P2,761110400
v1_scalar_F1R_Q2R_C1X_P2,760018200
v1_scalar_F1R_Q2R_C1X_P2,764695200
v1_scalar_F1R_Q2R_C1X_P2,757779200
v1_scalar_F1R_Q2R_C1X_P2,754207500
v1_scalar_F1R_Q2R_C2R_P2,786633900
v1_scalar_F1R_Q2R_C2R_P2,798356100
v1_scalar_F1R_Q2R_C2R_P2,780589100
v1_scalar_F1R_Q2R_C2R_P2,785885900
v1_scalar_F1R_Q2R_C2R_P2,778416900
v1_scalar_F1R_Q2R_C2X_P2,782664200
v1_scalar_F1R_Q2R_C2X_P2,773286100
v1_scalar_F1R_Q2R_C2X_P2,753898700
v1_scalar_F1R_Q2R_C2X_P2,760776000
v1_scalar_F1R_Q2R_C2X_P2,794706200
v1_scalar_F1R_Q2R_C3_P2,738638200
v1_scalar_F1R_Q2R_C3_P2,736768100
v1_scalar_F1R_Q2R_C3_P2,740967800
v1_scalar_F1R_Q2R_C3_P2,743348400
v1_scalar_F1R_Q2R_C3_P2,747520300
v1_scalar_F1R_Q2R_C4F_P2,742485400
v1_scalar_F1R_Q2R_C4F_P2,737377900
v1_scalar_F1R_Q2R_C4F_P2,744458000
v1_scalar_F1R_Q2R_C4F_P2,753204300
v1_scalar_F1R_Q2R_C4F_P2,737483100
v1_scalar_F1R_Q2R_C4M_P2,741372200
v1_scalar_F1R_Q2R_C4M_P2,744599400
v1_scalar_F1R_Q2R_C4M_P2,745511300
v1_scalar_F1R_Q2R_C4M_P2,761907700
v1_scalar_F1R_Q2R_C4M_P2,763374000
v1_scalar_F1R_Q2X_C1R_P2,751541900
v1_scalar_F1R_Q2X_C1R_P2,746429400
v1_scalar_F1R_Q2X_C1R_P2,759493000
v1_scalar_F1R_Q2X_C1R_P2,758749900
v1_scalar_F1R_Q2X_C1R_P2,757704000
v1_scalar_F1R_Q2X_C1X_P2,704150100
v1_scalar_F1R_Q2X_C1X_P2,702025200
v1_scalar_F1R_Q2X_C1X_P2,702915900
v1_scalar_F1R_Q2X_C1X_P2,739158600
v1_scalar_F1R_Q2X_C1X_P2,739826500
v1_scalar_F1R_Q2X_C2R_P2,733021600
v1_scalar_F1R_Q2X_C2R_P2,731431900
v1_scalar_F1R_Q2X_C2R_P2,756865300
v1_scalar_F1R_Q2X_C2R_P2,732481900
v1_scalar_F1R_Q2X_C2R_P2,736143000
v1_scalar_F1R_Q2X_C2X_P2,698523400
v1_scalar_F1R_Q2X_C2X_P2,700539800
v1_scalar_F1R_Q2X_C2X_P2,693297600
v1_scalar_F1R_Q2X_C2X_P2,702816400
v1_scalar_F1R_Q2X_C2X_P2,703790600
v1_scalar_F1R_Q2X_C3_P2,684024000
v1_scalar_F1R_Q2X_C3_P2,687376400
v1_scalar_F1R_Q2X_C3_P2,683632400
v1_scalar_F1R_Q2X_C3_P2,687238800
v1_scalar_F1R_Q2X_C3_P2,688811000
v1_scalar_F1R_Q2X_C4F_P2,680921400
v1_scalar_F1R_Q2X_C4F_P2,685885900
v1_scalar_F1R_Q2X_C4F_P2,682046300
v1_scalar_F1R_Q2X_C4F_P2,684045600
v1_scalar_F1R_Q2X_C4F_P2,689092400
v1_scalar_F1R_Q2X_C4M_P2,691871000
v1_scalar_F1R_Q2X_C4M_P2,702056400
v1_scalar_F1R_Q2X_C4M_P2,685201600
v1_scalar_F1R_Q2X_C4M_P2,687975800
v1_scalar_F1R_Q2X_C4M_P2,694164800
v1_scalar_F1R_Q3M_C1R_P2,80604800
v1_scalar_F1R_Q3M_C1R_P2,82707300
v1_scalar_F1R_Q3M_C1R_P2,80309900
v1_scalar_F1R_Q3M_C1R_P2,82455300
v1_scalar_F1R_Q3M_C1R_P2,82618100
v1_scalar_F1R_Q3M_C1R_P2,80795400
v1_scalar_F1R_Q3M_C1R_P2,81491100
v1_scalar_F1R_Q3M_C1R_P2,81504800
v1_scalar_F1R_Q3M_C1R_P2,80898900
v1_scalar_F1R_Q3M_C1R_P2,81069700
v1_scalar_F1R_Q3M_C1R_P2,82548500
v1_scalar_F1R_Q3M_C1R_P2,82612700
v1_scalar_F1R_Q3M_C1R_P2,80714400
v1_scalar_F1R_Q3M_C1R_P2,84147300
v1_scalar_F1R_Q3M_C1R_P2,80379200
v1_scalar_F1R_Q3M_C1R_P2,82902900
v1_scalar_F1R_Q3M_C1R_P2,83077300
v1_scalar_F1R_Q3M_C1R_P2,82035200
v1_scalar_F1R_Q3M_C1R_P2,82020400
v1_scalar_F1R_Q3M_C1R_P2,80977700
v1_scalar_F1R_Q3M_C1R_P2,82462100
v1_scalar_F1R_Q3M_C1R_P2,81330400
v1_scalar_F1R_Q3M_C1R_P2,83546200
v1_scalar_F1R_Q3M_C1R_P2,84449200
v1_scalar_F1R_Q3M_C1R_P2,80834900
v1_scalar_F1R_Q3M_C1R_P2,81226500
v1_scalar_F1R_Q3M_C1X_P2,72948800
v1_scalar_F1R_Q3M_C1X_P2,71570600
v1_scalar_F1R_Q3M_C1X_P2,72342000
v1_scalar_F1R_Q3M_C1X_P2,72111200
v1_scalar_F1R_Q3M_C1X_P2,71780000
v1_scalar_F1R_Q3M_C1X_P2,72784700
v1_scalar_F1R_Q3M_C1X_P2,72552000
v1_scalar_F1R_Q3M_C1X_P2,71717300
v1_scalar_F1R_Q3M_C1X_P2,73585800
v1_scalar_F1R_Q3M_C1X_P2,72917500
v1_scalar_F1R_Q3M_C1X_P2,71462000
v1_scalar_F1R_Q3M_C1X_P2,73799300
v1_scalar_F1R_Q3M_C1X_P2,71531800
v1_scalar_F1R_Q3M_C1X_P2,73514100
v1_scalar_F1R_Q3M_C1X_P2,71479700
v1_scalar_F1R_Q3M_C1X_P2,72907700
v1_scalar_F1R_Q3M_C1X_P2,72615700
v1_scalar_F1R_Q3M_C1X_P2,72574500
v1_scalar_F1R_Q3M_C1X_P2,72269800
v1_scalar_F1R_Q3M_C1X_P2,71374100
v1_scalar_F1R_Q3M_C1X_P2,72583800
v1_scalar_F1R_Q3M_C1X_P2,73148900
v1_scalar_F1R_Q3M_C1X_P2,74554500
v1_scalar_F1R_Q3M_C1X_P2,89267700
v1_scalar_F1R_Q3M_C1X_P2,71563800
v1_scalar_F1R_Q3M_C1X_P2,71322700
v1_scalar_F1R_Q3M_C1X_P2,71282600
v1_scalar_F1R_Q3M_C1X_P2,72173600
v1_scalar_F1R_Q3M_C2R_P2,79832600
v1_scalar_F1R_Q3M_C2R_P2,78993800
v1_scalar_F1R_Q3M_C2R_P2,80278300
v1_scalar_F1R_Q3M_C2R_P2,79486000
v1_scalar_F1R_Q3M_C2R_P2,79803100
v1_scalar_F1R_Q3M_C2R_P2,79810600
v1_scalar_F1R_Q3M_C2R_P2,78574000
v1_scalar_F1R_Q3M_C2R_P2,78266500
v1_scalar_F1R_Q3M_C2R_P2,79431700
v1_scalar_F1R_Q3M_C2R_P2,78046400
v1_scalar_F1R_Q3M_C2R_P2,79191400
v1_scalar_F1R_Q3M_C2R_P2,81801600
v1_scalar_F1R_Q3M_C2R_P2,80200100
v1_scalar_F1R_Q3M_C2R_P2,79562500
v1_scalar_F1R_Q3M_C2R_P2,79244100
v1_scalar_F1R_Q3M_C2R_P2,78690500
v1_scalar_F1R_Q3M_C2R_P2,78509800
v1_scalar_F1R_Q3M_C2R_P2,80486900
v1_scalar_F1R_Q3M_C2R_P2,78626200
v1_scalar_F1R_Q3M_C2R_P2,79334400
v1_scalar_F1R_Q3M_C2R_P2,79123900
v1_scalar_F1R_Q3M_C2R_P2,78649300
v1_scalar_F1R_Q3M_C2R_P2,80844000
v1_scalar_F1R_Q3M_C2R_P2,80776000
v1_scalar_F1R_Q3M_C2R_P2,96709300
v1_scalar_F1R_Q3M_C2X_P2,71208300
v1_scalar_F1R_Q3M_C2X_P2,72044500
v1_scalar_F1R_Q3M_C2X_P2,72166400
v1_scalar_F1R_Q3M_C2X_P2,71609300
v1_scalar_F1R_Q3M_C2X_P2,72382800
v1_scalar_F1R_Q3M_C2X_P2,75313100
v1_scalar_F1R_Q3M_C2X_P2,70640900
v1_scalar_F1R_Q3M_C2X_P2,72694900
v1_scalar_F1R_Q3M_C2X_P2,72372700
v1_scalar_F1R_Q3M_C2X_P2,72040400
v1_scalar_F1R_Q3M_C2X_P2,71924000
v1_scalar_F1R_Q3M_C2X_P2,73580700
v1_scalar_F1R_Q3M_C2X_P2,72235700
v1_scalar_F1R_Q3M_C2X_P2,71473200
v1_scalar_F1R_Q3M_C2X_P2,72461700
v1_scalar_F1R_Q3M_C2X_P2,71313800
v1_scalar_F1R_Q3M_C2X_P2,71958700
v1_scalar_F1R_Q3M_C2X_P2,72185800
v1_scalar_F1R_Q3M_C2X_P2,71747800
v1_scalar_F1R_Q3M_C2X_P2,71694700
v1_scalar_F1R_Q3M_C2X_P2,71457400
v1_scalar_F1R_Q3M_C2X_P2,72118700
v1_scalar_F1R_Q3M_C2X_P2,72809400
v1_scalar_F1R_Q3M_C2X_P2,72312100
v1_scalar_F1R_Q3M_C2X_P2,71094800
v1_scalar_F1R_Q3M_C2X_P2,71209300
v1_scalar_F1R_Q3M_C2X_P2,71369500
v1_scalar_F1R_Q3M_C2X_P2,73182600
v1_scalar_F1R_Q3M_C3_P2,71096200
v1_scalar_F1R_Q3M_C3_P2,69734900
v1_scalar_F1R_Q3M_C3_P2,70938600
v1_scalar_F1R_Q3M_C3_P2,69998300
v1_scalar_F1R_Q3M_C3_P2,69585400
v1_scalar_F1R_Q3M_C3_P2,70318800
v1_scalar_F1R_Q3M_C3_P2,69524800
v1_scalar_F1R_Q3M_C3_P2,70626300
v1_scalar_F1R_Q3M_C3_P2,70385800
v1_scalar_F1R_Q3M_C3_P2,70718500
v1_scalar_F1R_Q3M_C3_P2,70265100
v1_scalar_F1R_Q3M_C3_P2,69034300
v1_scalar_F1R_Q3M_C3_P2,70683100
v1_scalar_F1R_Q3M_C3_P2,69601300
v1_scalar_F1R_Q3M_C3_P2,70719200
v1_scalar_F1R_Q3M_C3_P2,69268700
v1_scalar_F1R_Q3M_C3_P2,70905000
v1_scalar_F1R_Q3M_C3_P2,69913800
v1_scalar_F1R_Q3M_C3_P2,69439700
v1_scalar_F1R_Q3M_C3_P2,69490900
v1_scalar_F1R_Q3M_C3_P2,69380400
v1_scalar_F1R_Q3M_C3_P2,69367100
v1_scalar_F1R_Q3M_C3_P2,69971400
v1_scalar_F1R_Q3M_C3_P2,68943600
v1_scalar_F1R_Q3M_C3_P2,69753900
v1_scalar_F1R_Q3M_C3_P2,69332800
v1_scalar_F1R_Q3M_C3_P2,70125000
v1_scalar_F1R_Q3M_C3_P2,69202600
v1_scalar_F1R_Q3M_C3_P2,72233900
v1_scalar_F1R_Q3M_C4F_P2,69798800
v1_scalar_F1R_Q3M_C4F_P2,70080200
v1_scalar_F1R_Q3M_C4F_P2,69663700
v1_scalar_F1R_Q3M_C4F_P2,71189400
v1_scalar_F1R_Q3M_C4F_P2,70117700
v1_scalar_F1R_Q3M_C4F_P2,71772900
v1_scalar_F1R_Q3M_C4F_P2,71418300
v1_scalar_F1R_Q3M_C4F_P2,69929800
v1_scalar_F1R_Q3M_C4F_P2,69994000
v1_scalar_F1R_Q3M_C4F_P2,70327300
v1_scalar_F1R_Q3M_C4F_P2,69645000
v1_scalar_F1R_Q3M_C4F_P2,69871700
v1_scalar_F1R_Q3M_C4F_P2,69616700
v1_scalar_F1R_Q3M_C4F_P2,70396400
v1_scalar_F1R_Q3M_C4F_P2,70195900
v1_scalar_F1R_Q3M_C4F_P2,69521500
v1_scalar_F1R_Q3M_C4F_P2,69611600
v1_scalar_F1R_Q3M_C4F_P2,69340900
v1_scalar_F1R_Q3M_C4F_P2,69862400
v1_scalar_F1R_Q3M_C4F_P2,70407700
v1_scalar_F1R_Q3M_C4F_P2,69578000
v1_scalar_F1R_Q3M_C4F_P2,71358500
v1_scalar_F1R_Q3M_C4F_P2,72831700
v1_scalar_F1R_Q3M_C4F_P2,70897900
v1_scalar_F1R_Q3M_C4F_P2,69663200
v1_scalar_F1R_Q3M_C4F_P2,71588900
v1_scalar_F1R_Q3M_C4F_P2,70340100
v1_scalar_F1R_Q3M_C4F_P2,69841300
v1_scalar_F1R_Q3M_C4F_P2,70981800
v1_scalar_F1R_Q3M_C4M_P2,75952500
v1_scalar_F1R_Q3M_C4M_P2,77423700
v1_scalar_F1R_Q3M_C4M_P2,72262500
v1_scalar_F1R_Q3M_C4M_P2,70133400
v1_scalar_F1R_Q3M_C4M_P2,70971300
v1_scalar_F1R_Q3M_C4M_P2,72377900
v1_scalar_F1R_Q3M_C4M_P2,70521400
v1_scalar_F1R_Q3M_C4M_P2,70468600
v1_scalar_F1R_Q3M_C4M_P2,69959500
v1_scalar_F1R_Q3M_C4M_P2,70399000
v1_scalar_F1R_Q3M_C4M_P2,71911100
v1_scalar_F1R_Q3M_C4M_P2,70128900
v1_scalar_F1R_Q3M_C4M_P2,69857600
v1_scalar_F1R_Q3M_C4M_P2,70986800
v1_scalar_F1R_Q3M_C4M_P2,71679500
v1_scalar_F1R_Q3M_C4M_P2,70867600
v1_scalar_F1R_Q3M_C4M_P2,70774400
v1_scalar_F1R_Q3M_C4M_P2,70735400
v1_scalar_F1R_Q3M_C4M_P2,71026900
v1_scalar_F1R_Q3M_C4M_P2,70895900
v1_scalar_F1R_Q3M_C4M_P2,70027200
v1_scalar_F1R_Q3M_C4M_P2,70613100
v1_scalar_F1R_Q3M_C4M_P2,70001300
v1_scalar_F1R_Q3M_C4M_P2,70491400
v1_scalar_F1R_Q3M_C4M_P2,71174900
v1_scalar_F1R_Q3M_C4M_P2,70221300
v1_scalar_F1R_Q3M_C4M_P2,70235100
v1_scalar_F1R_Q3M_C4M_P2,70202400
v1_scalar_F1R_Q3M_C4M_P2,70264800
v1_scalar_F1R_Q4F_C1R_P2,620896800
v1_scalar_F1R_Q4F_C1R_P2,625570000
v1_scalar_F1R_Q4F_C1R_P2,624573600
v1_scalar_F1R_Q4F_C1R_P2,642692600
v1_scalar_F1R_Q4F_C1R_P2,632013200
v1_scalar_F1R_Q4F_C1X_P2,612012800
v1_scalar_F1R_Q4F_C1X_P2,591475300
v1_scalar_F1R_Q4F_C1X_P2,593638100
v1_scalar_F1R_Q4F_C1X_P2,591088900
v1_scalar_F1R_Q4F_C1X_P2,592957300
v1_scalar_F1R_Q4F_C2R_P2,602004800
v1_scalar_F1R_Q4F_C2R_P2,609901700
v1_scalar_F1R_Q4F_C2R_P2,613329200
v1_scalar_F1R_Q4F_C2R_P2,609812100
v1_scalar_F1R_Q4F_C2R_P2,619909300
v1_scalar_F1R_Q4F_C2X_P2,584105000
v1_scalar_F1R_Q4F_C2X_P2,578269000
v1_scalar_F1R_Q4F_C2X_P2,584534200
v1_scalar_F1R_Q4F_C2X_P2,600226500
v1_scalar_F1R_Q4F_C2X_P2,582015500
v1_scalar_F1R_Q4F_C3_P2,576906600
v1_scalar_F1R_Q4F_C3_P2,570021500
v1_scalar_F1R_Q4F_C3_P2,563910000
v1_scalar_F1R_Q4F_C3_P2,567578700
v1_scalar_F1R_Q4F_C3_P2,567875700
v1_scalar_F1R_Q4F_C4F_P2,567374700
v1_scalar_F1R_Q4F_C4F_P2,567396400
v1_scalar_F1R_Q4F_C4F_P2,571513200
v1_scalar_F1R_Q4F_C4F_P2,576204200
v1_scalar_F1R_Q4F_C4F_P2,579175100
v1_scalar_F1R_Q4F_C4M_P2,571041200
v1_scalar_F1R_Q4F_C4M_P2,569517300
v1_scalar_F1R_Q4F_C4M_P2,572080400
v1_scalar_F1R_Q4F_C4M_P2,571577100
v1_scalar_F1R_Q4F_C4M_P2,567728400
v1_scalar_F1R_Q4M_C1R_P2,628334800
v1_scalar_F1R_Q4M_C1R_P2,628740900
v1_scalar_F1R_Q4M_C1R_P2,634757300
v1_scalar_F1R_Q4M_C1R_P2,632462000
v1_scalar_F1R_Q4M_C1R_P2,633357300
v1_scalar_F1R_Q4M_C1X_P2,602565000
v1_scalar_F1R_Q4M_C1X_P2,603188100
v1_scalar_F1R_Q4M_C1X_P2,604313800
v1_scalar_F1R_Q4M_C1X_P2,601354500
v1_scalar_F1R_Q4M_C1X_P2,600849600
v1_scalar_F1R_Q4M_C2R_P2,614294600
v1_scalar_F1R_Q4M_C2R_P2,610704000
v1_scalar_F1R_Q4M_C2R_P2,640886400
v1_scalar_F1R_Q4M_C2R_P2,612849400
v1_scalar_F1R_Q4M_C2R_P2,613665400
v1_scalar_F1R_Q4M_C2X_P2,600633500
v1_scalar_F1R_Q4M_C2X_P2,586479000
v1_scalar_F1R_Q4M_C2X_P2,585217100
v1_scalar_F1R_Q4M_C2X_P2,590304900
v1_scalar_F1R_Q4M_C2X_P2,589409700
v1_scalar_F1R_Q4M_C3_P2,577801500
v1_scalar_F1R_Q4M_C3_P2,578341300
v1_scalar_F1R_Q4M_C3_P2,583328700
v1_scalar_F1R_Q4M_C3_P2,580212800
v1_scalar_F1R_Q4M_C3_P2,573785400
v1_scalar_F1R_Q4M_C4F_P2,579593700
v1_scalar_F1R_Q4M_C4F_P2,575646900
v1_scalar_F1R_Q4M_C4F_P2,585804700
v1_scalar_F1R_Q4M_C4F_P2,575860700
v1_scalar_F1R_Q4M_C4F_P2,582034700
v1_scalar_F1R_Q4M_C4M_P2,582127700
v1_scalar_F1R_Q4M_C4M_P2,583304600
v1_scalar_F1R_Q4M_C4M_P2,579870900
v1_scalar_F1R_Q4M_C4M_P2,576490200
v1_scalar_F1R_Q4M_C4M_P2,582721600
v1_scalar_F1X_Q1_C1R_P2,233508100
v1_scalar_F1X_Q1_C1R_P2,232283000
v1_scalar_F1X_Q1_C1R_P2,237801800
v1_scalar_F1X_Q1_C1R_P2,236833400
v1_scalar_F1X_Q1_C1R_P2,234935000
v1_scalar_F1X_Q1_C1R_P2,235222500
v1_scalar_F1X_Q1_C1R_P2,233241800
v1_scalar_F1X_Q1_C1R_P2,232391900
v1_scalar_F1X_Q1_C1R_P2,233646300
v1_scalar_F1X_Q1_C1X_P2,177666300
v1_scalar_F1X_Q1_C1X_P2,180395100
v1_scalar_F1X_Q1_C1X_P2,177461700
v1_scalar_F1X_Q1_C1X_P2,180600400
v1_scalar_F1X_Q1_C1X_P2,175706300
v1_scalar_F1X_Q1_C1X_P2,177612600
v1_scalar_F1X_Q1_C1X_P2,178891200
v1_scalar_F1X_Q1_C1X_P2,176233800
v1_scalar_F1X_Q1_C1X_P2,177587400
v1_scalar_F1X_Q1_C1X_P2,176350800
v1_scalar_F1X_Q1_C1X_P2,178565500
v1_scalar_F1X_Q1_C1X_P2,178753500
v1_scalar_F1X_Q1_C2R_P2,219525200
v1_scalar_F1X_Q1_C2R_P2,221586000
v1_scalar_F1X_Q1_C2R_P2,219355800
v1_scalar_F1X_Q1_C2R_P2,224218200
v1_scalar_F1X_Q1_C2R_P2,223176800
v1_scalar_F1X_Q1_C2R_P2,219924900
v1_scalar_F1X_Q1_C2R_P2,221617600
v1_scalar_F1X_Q1_C2R_P2,221186500
v1_scalar_F1X_Q1_C2R_P2,221060400
v1_scalar_F1X_Q1_C2R_P2,233354700
v1_scalar_F1X_Q1_C2X_P2,181570900
v1_scalar_F1X_Q1_C2X_P2,192472500
v1_scalar_F1X_Q1_C2X_P2,173589400
v1_scalar_F1X_Q1_C2X_P2,173257600
v1_scalar_F1X_Q1_C2X_P2,169489100
v1_scalar_F1X_Q1_C2X_P2,173622500
v1_scalar_F1X_Q1_C2X_P2,170649800
v1_scalar_F1X_Q1_C2X_P2,173909300
v1_scalar_F1X_Q1_C2X_P2,197265800
v1_scalar_F1X_Q1_C2X_P2,169971500
v1_scalar_F1X_Q1_C2X_P2,170850900
v1_scalar_F1X_Q1_C2X_P2,171159400
v1_scalar_F1X_Q1_C3_P2,157452600
v1_scalar_F1X_Q1_C3_P2,157157500
v1_scalar_F1X_Q1_C3_P2,158697600
v1_scalar_F1X_Q1_C3_P2,157586900
v1_scalar_F1X_Q1_C3_P2,159451800
v1_scalar_F1X_Q1_C3_P2,158844200
v1_scalar_F1X_Q1_C3_P2,156888400
v1_scalar_F1X_Q1_C3_P2,157794600
v1_scalar_F1X_Q1_C3_P2,158817600
v1_scalar_F1X_Q1_C3_P2,161245200
v1_scalar_F1X_Q1_C3_P2,158835600
v1_scalar_F1X_Q1_C3_P2,158352300
v1_scalar_F1X_Q1_C3_P2,158877100
v1_scalar_F1X_Q1_C4F_P2,156476500
v1_scalar_F1X_Q1_C4F_P2,158054600
v1_scalar_F1X_Q1_C4F_P2,158154300
v1_scalar_F1X_Q1_C4F_P2,159885700
v1_scalar_F1X_Q1_C4F_P2,157363600
v1_scalar_F1X_Q1_C4F_P2,156748500
v1_scalar_F1X_Q1_C4F_P2,158015400
v1_scalar_F1X_Q1_C4F_P2,157830900
v1_scalar_F1X_Q1_C4F_P2,157944100
v1_scalar_F1X_Q1_C4F_P2,156237500
v1_scalar_F1X_Q1_C4F_P2,156793600
v1_scalar_F1X_Q1_C4F_P2,157804800
v1_scalar_F1X_Q1_C4F_P2,157816200
v1_scalar_F1X_Q1_C4M_P2,161375300
v1_scalar_F1X_Q1_C4M_P2,161614500
v1_scalar_F1X_Q1_C4M_P2,160698500
v1_scalar_F1X_Q1_C4M_P2,161415800
v1_scalar_F1X_Q1_C4M_P2,162427800
v1_scalar_F1X_Q1_C4M_P2,163351300
v1_scalar_F1X_Q1_C4M_P2,161844200
v1_scalar_F1X_Q1_C4M_P2,170394900
v1_scalar_F1X_Q1_C4M_P2,160327600
v1_scalar_F1X_Q1_C4M_P2,161238800
v1_scalar_F1X_Q1_C4M_P2,159652300
v1_scalar_F1X_Q1_C4M_P2,163650100
v1_scalar_F1X_Q1_C4M_P2,160069500
v1_scalar_F1X_Q1_C4M_P2,162079000
v1_scalar_F1X_Q2R_C1R_P2,300472700
v1_scalar_F1X_Q2R_C1R_P2,298290900
v1_scalar_F1X_Q2R_C1R_P2,300701300
v1_scalar_F1X_Q2R_C1R_P2,297365300
v1_scalar_F1X_Q2R_C1R_P2,302317300
v1_scalar_F1X_Q2R_C1R_P2,300890800
v1_scalar_F1X_Q2R_C1R_P2,296820900
v1_scalar_F1X_Q2R_C1X_P2,256862400
v1_scalar_F1X_Q2R_C1X_P2,301374000
v1_scalar_F1X_Q2R_C1X_P2,264357900
v1_scalar_F1X_Q2R_C1X_P2,270929100
v1_scalar_F1X_Q2R_C1X_P2,256511800
v1_scalar_F1X_Q2R_C1X_P2,263374800
v1_scalar_F1X_Q2R_C1X_P2,257063900
v1_scalar_F1X_Q2R_C1X_P2,262805700
v1_scalar_F1X_Q2R_C1X_P2,258624700
v1_scalar_F1X_Q2R_C2R_P2,282186100
v1_scalar_F1X_Q2R_C2R_P2,285343000
v1_scalar_F1X_Q2R_C2R_P2,281087100
v1_scalar_F1X_Q2R_C2R_P2,283301100
v1_scalar_F1X_Q2R_C2R_P2,286942000
v1_scalar_F1X_Q2R_C2R_P2,281743200
v1_scalar_F1X_Q2R_C2R_P2,282530100
v1_scalar_F1X_Q2R_C2R_P2,282989200
v1_scalar_F1X_Q2R_C2X_P2,251412300
v1_scalar_F1X_Q2R_C2X_P2,250317500
v1_scalar_F1X_Q2R_C2X_P2,288163600
v1_scalar_F1X_Q2R_C2X_P2,252078800
v1_scalar_F1X_Q2R_C2X_P2,250530600
v1_scalar_F1X_Q2R_C2X_P2,254322400
v1_scalar_F1X_Q2R_C2X_P2,249870000
v1_scalar_F1X_Q2R_C2X_P2,246533000
v1_scalar_F1X_Q2R_C2X_P2,253623200
v1_scalar_F1X_Q2R_C3_P2,235318000
v1_scalar_F1X_Q2R_C3_P2,235636000
v1_scalar_F1X_Q2R_C3_P2,234473000
v1_scalar_F1X_Q2R_C3_P2,238267700
v1_scalar_F1X_Q2R_C3_P2,242574600
v1_scalar_F1X_Q2R_C3_P2,241770400
v1_scalar_F1X_Q2R_C3_P2,238536300
v1_scalar_F1X_Q2R_C3_P2,234017900
v1_scalar_F1X_Q2R_C3_P2,237873400
v1_scalar_F1X_Q2R_C4F_P2,240101400
v1_scalar_F1X_Q2R_C4F_P2,242388900
v1_scalar_F1X_Q2R_C4F_P2,239973200
v1_scalar_F1X_Q2R_C4F_P2,239135900
v1_scalar_F1X_Q2R_C4F_P2,238873500
v1_scalar_F1X_Q2R_C4F_P2,238767100
v1_scalar_F1X_Q2R_C4F_P2,239371200
v1_scalar_F1X_Q2R_C4F_P2,238902600
v1_scalar_F1X_Q2R_C4F_P2,241052800
v1_scalar_F1X_Q2R_C4M_P2,239766000
v1_scalar_F1X_Q2R_C4M_P2,239974300
v1_scalar_F1X_Q2R_C4M_P2,236289300
v1_scalar_F1X_Q2R_C4M_P2,241371200
v1_scalar_F1X_Q2R_C4M_P2,240552600
v1_scalar_F1X_Q2R_C4M_P2,239173700
v1_scalar_F1X_Q2R_C4M_P2,238391300
v1_scalar_F1X_Q2R_C4M_P2,241135900
v1_scalar_F1X_Q2R_C4M_P2,242653800
v1_scalar_F1X_Q2X_C1R_P2,250559300
v1_scalar_F1X_Q2X_C1R_P2,248151400
v1_scalar_F1X_Q2X_C1R_P2,249723000
v1_scalar_F1X_Q2X_C1R_P2,247034600
v1_scalar_F1X_Q2X_C1R_P2,246772300
v1_scalar_F1X_Q2X_C1R_P2,249001900
v1_scalar_F1X_Q2X_C1R_P2,247206600
v1_scalar_F1X_Q2X_C1R_P2,246225500
v1_scalar_F1X_Q2X_C1R_P2,248623100
v1_scalar_F1X_Q2X_C1X_P2,207494400
v1_scalar_F1X_Q2X_C1X_P2,211454100
v1_scalar_F1X_Q2X_C1X_P2,226856800
v1_scalar_F1X_Q2X_C1X_P2,205110900
v1_scalar_F1X_Q2X_C1X_P2,207094300
v1_scalar_F1X_Q2X_C1X_P2,207904000
v1_scalar_F1X_Q2X_C1X_P2,204982800
v1_scalar_F1X_Q2X_C1X_P2,205857600
v1_scalar_F1X_Q2X_C1X_P2,206596900
v1_scalar_F1X_Q2X_C1X_P2,206960100
v1_scalar_F1X_Q2X_C1X_P2,208449300
v1_scalar_F1X_Q2X_C2R_P2,230485300
v1_scalar_F1X_Q2X_C2R_P2,236219400
v1_scalar_F1X_Q2X_C2R_P2,235100200
v1_scalar_F1X_Q2X_C2R_P2,239120200
v1_scalar_F1X_Q2X_C2R_P2,235329800
v1_scalar_F1X_Q2X_C2R_P2,242896600
v1_scalar_F1X_Q2X_C2R_P2,235189700
v1_scalar_F1X_Q2X_C2R_P2,229579800
v1_scalar_F1X_Q2X_C2R_P2,232738200
v1_scalar_F1X_Q2X_C2X_P2,197970700
v1_scalar_F1X_Q2X_C2X_P2,198048200
v1_scalar_F1X_Q2X_C2X_P2,194912300
v1_scalar_F1X_Q2X_C2X_P2,198634200
v1_scalar_F1X_Q2X_C2X_P2,197501500
v1_scalar_F1X_Q2X_C2X_P2,197182500
v1_scalar_F1X_Q2X_C2X_P2,195440000
v1_scalar_F1X_Q2X_C2X_P2,199941900
v1_scalar_F1X_Q2X_C2X_P2,196030200
v1_scalar_F1X_Q2X_C2X_P2,195913600
v1_scalar_F1X_Q2X_C2X_P2,198498400
v1_scalar_F1X_Q2X_C2X_P2,197176900
v1_scalar_F1X_Q2X_C3_P2,187654700
v1_scalar_F1X_Q2X_C3_P2,184556400
v1_scalar_F1X_Q2X_C3_P2,184441000
v1_scalar_F1X_Q2X_C3_P2,187929200
v1_scalar_F1X_Q2X_C3_P2,185675600
v1_scalar_F1X_Q2X_C3_P2,186297000
v1_scalar_F1X_Q2X_C3_P2,186595500
v1_scalar_F1X_Q2X_C3_P2,187402500
v1_scalar_F1X_Q2X_C3_P2,185249200
v1_scalar_F1X_Q2X_C3_P2,189091100
v1_scalar_F1X_Q2X_C3_P2,187991400
v1_scalar_F1X_Q2X_C3_P2,187836900
v1_scalar_F1X_Q2X_C4F_P2,231887500
v1_scalar_F1X_Q2X_C4F_P2,206278900
v1_scalar_F1X_Q2X_C4F_P2,191474300
v1_scalar_F1X_Q2X_C4F_P2,189880200
v1_scalar_F1X_Q2X_C4F_P2,189759900
v1_scalar_F1X_Q2X_C4F_P2,193253300
v1_scalar_F1X_Q2X_C4F_P2,189745500
v1_scalar_F1X_Q2X_C4F_P2,196123200
v1_scalar_F1X_Q2X_C4F_P2,189275200
v1_scalar_F1X_Q2X_C4F_P2,190926700
v1_scalar_F1X_Q2X_C4F_P2,187716300
v1_scalar_F1X_Q2X_C4M_P2,200646600
v1_scalar_F1X_Q2X_C4M_P2,196803500
v1_scalar_F1X_Q2X_C4M_P2,195758700
v1_scalar_F1X_Q2X_C4M_P2,203707300
v1_scalar_F1X_Q2X_C4M_P2,202385600
v1_scalar_F1X_Q2X_C4M_P2,227170800
v1_scalar_F1X_Q2X_C4M_P2,202168900
v1_scalar_F1X_Q2X_C4M_P2,199952600
v1_scalar_F1X_Q2X_C4M_P2,221729200
v1_scalar_F1X_Q2X_C4M_P2,274590900
v1_scalar_F1X_Q2X_C4M_P2,260310100
v1_scalar_F1X_Q3M_C1R_P2,32041500
v1_scalar_F1X_Q3M_C1R_P2,32905600
v1_scalar_F1X_Q3M_C1R_P2,32120600
v1_scalar_F1X_Q3M_C1R_P2,32351400
v1_scalar_F1X_Q3M_C1R_P2,33132700
v1_scalar_F1X_Q3M_C1R_P2,33284300
v1_scalar_F1X_Q3M_C1R_P2,32985000
v1_scalar_F1X_Q3M_C1R_P2,31829200
v1_scalar_F1X_Q3M_C1R_P2,32030300
v1_scalar_F1X_Q3M_C1R_P2,35672600
v1_scalar_F1X_Q3M_C1R_P2,32531400
v1_scalar_F1X_Q3M_C1R_P2,31422500
v1_scalar_F1X_Q3M_C1R_P2,31427000
v1_scalar_F1X_Q3M_C1R_P2,33323300
v1_scalar_F1X_Q3M_C1R_P2,34427800
v1_scalar_F1X_Q3M_C1R_P2,34423300
v1_scalar_F1X_Q3M_C1R_P2,43212000
v1_scalar_F1X_Q3M_C1R_P2,54336300
v1_scalar_F1X_Q3M_C1R_P2,39405600
v1_scalar_F1X_Q3M_C1R_P2,32042500
v1_scalar_F1X_Q3M_C1R_P2,31745700
v1_scalar_F1X_Q3M_C1R_P2,32420400
v1_scalar_F1X_Q3M_C1R_P2,32480800
v1_scalar_F1X_Q3M_C1R_P2,31595400
v1_scalar_F1X_Q3M_C1R_P2,32463200
v1_scalar_F1X_Q3M_C1R_P2,39758900
v1_scalar_F1X_Q3M_C1R_P2,35434600
v1_scalar_F1X_Q3M_C1R_P2,42245600
v1_scalar_F1X_Q3M_C1R_P2,35449700
v1_scalar_F1X_Q3M_C1R_P2,31442100
v1_scalar_F1X_Q3M_C1R_P2,32024700
v1_scalar_F1X_Q3M_C1R_P2,31170500
v1_scalar_F1X_Q3M_C1R_P2,30864900
v1_scalar_F1X_Q3M_C1R_P2,32302500
v1_scalar_F1X_Q3M_C1R_P2,32524800
v1_scalar_F1X_Q3M_C1R_P2,31342500
v1_scalar_F1X_Q3M_C1R_P2,31905300
v1_scalar_F1X_Q3M_C1R_P2,34210500
v1_scalar_F1X_Q3M_C1R_P2,32049600
v1_scalar_F1X_Q3M_C1R_P2,31832300
v1_scalar_F1X_Q3M_C1R_P2,32199200
v1_scalar_F1X_Q3M_C1R_P2,33692800
v1_scalar_F1X_Q3M_C1R_P2,32496900
v1_scalar_F1X_Q3M_C1R_P2,31445900
v1_scalar_F1X_Q3M_C1R_P2,31563400
v1_scalar_F1X_Q3M_C1R_P2,31028100
v1_scalar_F1X_Q3M_C1R_P2,32284800
v1_scalar_F1X_Q3M_C1R_P2,32723000
v1_scalar_F1X_Q3M_C1R_P2,31517700
v1_scalar_F1X_Q3M_C1R_P2,32006200
v1_scalar_F1X_Q3M_C1R_P2,31846500
v1_scalar_F1X_Q3M_C1R_P2,33403900
v1_scalar_F1X_Q3M_C1R_P2,31701500
v1_scalar_F1X_Q3M_C1R_P2,32308200
v1_scalar_F1X_Q3M_C1R_P2,31421100
v1_scalar_F1X_Q3M_C1R_P2,31186000
v1_scalar_F1X_Q3M_C1R_P2,30704600
v1_scalar_F1X_Q3M_C1R_P2,31934000
v1_scalar_F1X_Q3M_C1R_P2,31481900
v1_scalar_F1X_Q3M_C1R_P2,31748500
v1_scalar_F1X_Q3M_C1X_P2,23116100
v1_scalar_F1X_Q3M_C1X_P2,22783400
v1_scalar_F1X_Q3M_C1X_P2,24326700
v1_scalar_F1X_Q3M_C1X_P2,23408000
v1_scalar_F1X_Q3M_C1X_P2,23648900
v1_scalar_F1X_Q3M_C1X_P2,23294800
v1_scalar_F1X_Q3M_C1X_P2,21996400
v1_scalar_F1X_Q3M_C1X_P2,23131900
v1_scalar_F1X_Q3M_C1X_P2,22925500
v1_scalar_F1X_Q3M_C1X_P2,22578200
v1_scalar_F1X_Q3M_C1X_P2,22740000
v1_scalar_F1X_Q3M_C1X_P2,22520600
v1_scalar_F1X_Q3M_C1X_P2,22228900
v1_scalar_F1X_Q3M_C1X_P2,24017800
v1_scalar_F1X_Q3M_C1X_P2,22282700
v1_scalar_F1X_Q3M_C1X_P2,22617000
v1_scalar_F1X_Q3M_C1X_P2,30521200
v1_scalar_F1X_Q3M_C1X_P2,40100900
v1_scalar_F1X_Q3M_C1X_P2,31226400
v1_scalar_F1X_Q3M_C1X_P2,28266100
v1_scalar_F1X_Q3M_C1X_P2,21901500
v1_scalar_F1X_Q3M_C1X_P2,22270200
v1_scalar_F1X_Q3M_C1X_P2,23370700
v1_scalar_F1X_Q3M_C1X_P2,23930700
v1_scalar_F1X_Q3M_C1X_P2,22912700
v1_scalar_F1X_Q3M_C1X_P2,22540300
v1_scalar_F1X_Q3M_C1X_P2,22483600
v1_scalar_F1X_Q3M_C1X_P2,23397700
v1_scalar_F1X_Q3M_C1X_P2,22685500
v1_scalar_F1X_Q3M_C1X_P2,22289300
v1_scalar_F1X_Q3M_C1X_P2,21855600
v1_scalar_F1X_Q3M_C1X_P2,22254800
v1_scalar_F1X_Q3M_C1X_P2,22473100
v1_scalar_F1X_Q3M_C1X_P2,22945200
v1_scalar_F1X_Q3M_C1X_P2,23105700
v1_scalar_F1X_Q3M_C1X_P2,24841300
v1_scalar_F1X_Q3M_C1X_P2,22430500
v1_scalar_F1X_Q3M_C1X_P2,22974200
v1_scalar_F1X_Q3M_C1X_P2,22053100
v1_scalar_F1X_Q3M_C1X_P2,22870500
v1_scalar_F1X_Q3M_C1X_P2,22407300
v1_scalar_F1X_Q3M_C1X_P2,22151800
v1_scalar_F1X_Q3M_C1X_P2,22438000
v1_scalar_F1X_Q3M_C1X_P2,21769200
v1_scalar_F1X_Q3M_C1X_P2,23577700
v1_scalar_F1X_Q3M_C1X_P2,23809300
v1_scalar_F1X_Q3M_C1X_P2,22223700
v1_scalar_F1X_Q3M_C1X_P2,22639700
v1_scalar_F1X_Q3M_C1X_P2,22472400
v1_scalar_F1X_Q3M_C1X_P2,22760000
v1_scalar_F1X_Q3M_C1X_P2,23154500
v1_scalar_F1X_Q3M_C1X_P2,22719600
v1_scalar_F1X_Q3M_C1X_P2,22337400
v1_scalar_F1X_Q3M_C1X_P2,22286100
v1_scalar_F1X_Q3M_C1X_P2,22850900
v1_scalar_F1X_Q3M_C1X_P2,22894400
v1_scalar_F1X_Q3M_C1X_P2,21991100
v1_scalar_F1X_Q3M_C1X_P2,22425300
v1_scalar_F1X_Q3M_C1X_P2,23846400
v1_scalar_F1X_Q3M_C1X_P2,23826200
v1_scalar_F1X_Q3M_C1X_P2,22958700
v1_scalar_F1X_Q3M_C1X_P2,23300200
v1_scalar_F1X_Q3M_C1X_P2,23014300
v1_scalar_F1X_Q3M_C1X_P2,23409400
v1_scalar_F1X_Q3M_C1X_P2,24678000
v1_scalar_F1X_Q3M_C1X_P2,22586400
v1_scalar_F1X_Q3M_C1X_P2,22252700
v1_scalar_F1X_Q3M_C1X_P2,23001400
v1_scalar_F1X_Q3M_C1X_P2,23146600
v1_scalar_F1X_Q3M_C1X_P2,26283300
v1_scalar_F1X_Q3M_C1X_P2,22554700
v1_scalar_F1X_Q3M_C1X_P2,27970500
v1_scalar_F1X_Q3M_C1X_P2,22410900
v1_scalar_F1X_Q3M_C1X_P2,24339500
v1_scalar_F1X_Q3M_C1X_P2,22617600
v1_scalar_F1X_Q3M_C1X_P2,22408500
v1_scalar_F1X_Q3M_C1X_P2,22307500
v1_scalar_F1X_Q3M_C1X_P2,22563400
v1_scalar_F1X_Q3M_C1X_P2,22200900
v1_scalar_F1X_Q3M_C1X_P2,27027900
v1_scalar_F1X_Q3M_C1X_P2,24016200
v1_scalar_F1X_Q3M_C1X_P2,22213300
v1_scalar_F1X_Q3M_C1X_P2,22272100
v1_scalar_F1X_Q3M_C1X_P2,23481800
v1_scalar_F1X_Q3M_C1X_P2,22313100
v1_scalar_F1X_Q3M_C2R_P2,29070800
v1_scalar_F1X_Q3M_C2R_P2,27891600
v1_scalar_F1X_Q3M_C2R_P2,27811000
v1_scalar_F1X_Q3M_C2R_P2,28032900
v1_scalar_F1X_Q3M_C2R_P2,28188100
v1_scalar_F1X_Q3M_C2R_P2,29439700
v1_scalar_F1X_Q3M_C2R_P2,27794700
v1_scalar_F1X_Q3M_C2R_P2,28842700
v1_scalar_F1X_Q3M_C2R_P2,27924200
v1_scalar_F1X_Q3M_C2R_P2,28851600
v1_scalar_F1X_Q3M_C2R_P2,27943200
v1_scalar_F1X_Q3M_C2R_P2,28722900
v1_scalar_F1X_Q3M_C2R_P2,28171800
v1_scalar_F1X_Q3M_C2R_P2,27667100
v1_scalar_F1X_Q3M_C2R_P2,28099600
v1_scalar_F1X_Q3M_C2R_P2,27866200
v1_scalar_F1X_Q3M_C2R_P2,27614600
v1_scalar_F1X_Q3M_C2R_P2,27701800
v1_scalar_F1X_Q3M_C2R_P2,27440800
v1_scalar_F1X_Q3M_C2R_P2,27656900
v1_scalar_F1X_Q3M_C2R_P2,27901800
v1_scalar_F1X_Q3M_C2R_P2,27693300
v1_scalar_F1X_Q3M_C2R_P2,28113900
v1_scalar_F1X_Q3M_C2R_P2,28908700
v1_scalar_F1X_Q3M_C2R_P2,29056000
v1_scalar_F1X_Q3M_C2R_P2,27877800
v1_scalar_F1X_Q3M_C2R_P2,27614900
v1_scalar_F1X_Q3M_C2R_P2,28333400
v1_scalar_F1X_Q3M_C2R_P2,28285700
v1_scalar_F1X_Q3M_C2R_P2,28003900
v1_scalar_F1X_Q3M_C2R_P2,28141300
v1_scalar_F1X_Q3M_C2R_P2,27705200
v1_scalar_F1X_Q3M_C2R_P2,27746100
v1_scalar_F1X_Q3M_C2R_P2,28237200
v1_scalar_F1X_Q3M_C2R_P2,28421400
v1_scalar_F1X_Q3M_C2R_P2,27850900
v1_scalar_F1X_Q3M_C2R_P2,27416000
v1_scalar_F1X_Q3M_C2R_P2,27724500
v1_scalar_F1X_Q3M_C2R_P2,28137600
v1_scalar_F1X_Q3M_C2R_P2,28076100
v1_scalar_F1X_Q3M_C2R_P2,29078300
v1_scalar_F1X_Q3M_C2R_P2,28222500
v1_scalar_F1X_Q3M_C2R_P2,27955500
v1_scalar_F1X_Q3M_C2R_P2,28376400
v1_scalar_F1X_Q3M_C2R_P2,27801000
v1_scalar_F1X_Q3M_C2R_P2,28510400
v1_scalar_F1X_Q3M_C2R_P2,28719900
v1_scalar_F1X_Q3M_C2R_P2,28814500
v1_scalar_F1X_Q3M_C2R_P2,28039300
v1_scalar_F1X_Q3M_C2R_P2,28698800
v1_scalar_F1X_Q3M_C2R_P2,29615900
v1_scalar_F1X_Q3M_C2R_P2,28752700
v1_scalar_F1X_Q3M_C2R_P2,27998200
v1_scalar_F1X_Q3M_C2R_P2,27931800
v1_scalar_F1X_Q3M_C2R_P2,27581300
v1_scalar_F1X_Q3M_C2R_P2,29475000
v1_scalar_F1X_Q3M_C2R_P2,27719000
v1_scalar_F1X_Q3M_C2R_P2,27385300
v1_scalar_F1X_Q3M_C2R_P2,28051100
v1_scalar_F1X_Q3M_C2R_P2,28382000
v1_scalar_F1X_Q3M_C2R_P2,27903200
v1_scalar_F1X_Q3M_C2R_P2,27861100
v1_scalar_F1X_Q3M_C2R_P2,27501900
v1_scalar_F1X_Q3M_C2R_P2,27905600
v1_scalar_F1X_Q3M_C2R_P2,27919300
v1_scalar_F1X_Q3M_C2R_P2,28058700
v1_scalar_F1X_Q3M_C2R_P2,28376000
v1_scalar_F1X_Q3M_C2R_P2,29006400
v1_scalar_F1X_Q3M_C2R_P2,28214300
v1_scalar_F1X_Q3M_C2R_P2,28948900
v1_scalar_F1X_Q3M_C2R_P2,27660000
v1_scalar_F1X_Q3M_C2X_P2,21464300
v1_scalar_F1X_Q3M_C2X_P2,21132000
v1_scalar_F1X_Q3M_C2X_P2,21342500
v1_scalar_F1X_Q3M_C2X_P2,21083700
v1_scalar_F1X_Q3M_C2X_P2,21662900
v1_scalar_F1X_Q3M_C2X_P2,21471200
v1_scalar_F1X_Q3M_C2X_P2,21742600
v1_scalar_F1X_Q3M_C2X_P2,21185900
v1_scalar_F1X_Q3M_C2X_P2,21392000
v1_scalar_F1X_Q3M_C2X_P2,22564400
v1_scalar_F1X_Q3M_C2X_P2,21379100
v1_scalar_F1X_Q3M_C2X_P2,21830100
v1_scalar_F1X_Q3M_C2X_P2,21657200
v1_scalar_F1X_Q3M_C2X_P2,21005100
v1_scalar_F1X_Q3M_C2X_P2,21090000
v1_scalar_F1X_Q3M_C2X_P2,21295800
v1_scalar_F1X_Q3M_C2X_P2,21940500
v1_scalar_F1X_Q3M_C2X_P2,21321300
v1_scalar_F1X_Q3M_C2X_P2,21450200
v1_scalar_F1X_Q3M_C2X_P2,21541300
v1_scalar_F1X_Q3M_C2X_P2,21777200
v1_scalar_F1X_Q3M_C2X_P2,21774400
v1_scalar_F1X_Q3M_C2X_P2,21449100
v1_scalar_F1X_Q3M_C2X_P2,21695400
v1_scalar_F1X_Q3M_C2X_P2,20921100
v1_scalar_F1X_Q3M_C2X_P2,21503800
v1_scalar_F1X_Q3M_C2X_P2,21187800
v1_scalar_F1X_Q3M_C2X_P2,21302800
v1_scalar_F1X_Q3M_C2X_P2,22023300
v1_scalar_F1X_Q3M_C2X_P2,21032500
v1_scalar_F1X_Q3M_C2X_P2,21181400
v1_scalar_F1X_Q3M_C2X_P2,21339700
v1_scalar_F1X_Q3M_C2X_P2,21611900
v1_scalar_F1X_Q3M_C2X_P2,21496900
v1_scalar_F1X_Q3M_C2X_P2,21571600
v1_scalar_F1X_Q3M_C2X_P2,21769400
v1_scalar_F1X_Q3M_C2X_P2,21310900
v1_scalar_F1X_Q3M_C2X_P2,22374400
v1_scalar_F1X_Q3M_C2X_P2,21325700
v1_scalar_F1X_Q3M_C2X_P2,21641100
v1_scalar_F1X_Q3M_C2X_P2,22475800
v1_scalar_F1X_Q3M_C2X_P2,21289400
v1_scalar_F1X_Q3M_C2X_P2,21455200
v1_scalar_F1X_Q3M_C2X_P2,21474200
v1_scalar_F1X_Q3M_C2X_P2,21392100
v1_scalar_F1X_Q3M_C2X_P2,21607600
v1_scalar_F1X_Q3M_C2X_P2,21219800
v1_scalar_F1X_Q3M_C2X_P2,21987400
v1_scalar_F1X_Q3M_C2X_P2,21729800
v1_scalar_F1X_Q3M_C2X_P2,21599100
v1_scalar_F1X_Q3M_C2X_P2,21134100
v1_scalar_F1X_Q3M_C2X_P2,21561100
v1_scalar_F1X_Q3M_C2X_P2,21674200
v1_scalar_F1X_Q3M_C2X_P2,21092900
v1_scalar_F1X_Q3M_C2X_P2,21530400
v1_scalar_F1X_Q3M_C2X_P2,21977600
v1_scalar_F1X_Q3M_C2X_P2,22607400
v1_scalar_F1X_Q3M_C2X_P2,21935900
v1_scalar_F1X_Q3M_C2X_P2,21324000
v1_scalar_F1X_Q3M_C2X_P2,20958100
v1_scalar_F1X_Q3M_C2X_P2,22239400
v1_scalar_F1X_Q3M_C2X_P2,21458500
v1_scalar_F1X_Q3M_C2X_P2,21266600
v1_scalar_F1X_Q3M_C2X_P2,21739000
v1_scalar_F1X_Q3M_C2X_P2,21153300
v1_scalar_F1X_Q3M_C2X_P2,20934400
v1_scalar_F1X_Q3M_C2X_P2,21070300
v1_scalar_F1X_Q3M_C2X_P2,21718800
v1_scalar_F1X_Q3M_C2X_P2,21874400
v1_scalar_F1X_Q3M_C2X_P2,21892000
v1_scalar_F1X_Q3M_C2X_P2,21654400
v1_scalar_F1X_Q3M_C2X_P2,21040300
v1_scalar_F1X_Q3M_C2X_P2,21343900
v1_scalar_F1X_Q3M_C2X_P2,22501600
v1_scalar_F1X_Q3M_C2X_P2,21483300
v1_scalar_F1X_Q3M_C2X_P2,21719600
v1_scalar_F1X_Q3M_C2X_P2,21008800
v1_scalar_F1X_Q3M_C2X_P2,21564100
v1_scalar_F1X_Q3M_C2X_P2,20985500
v1_scalar_F1X_Q3M_C2X_P2,21983200
v1_scalar_F1X_Q3M_C2X_P2,21419300
v1_scalar_F1X_Q3M_C2X_P2,22123000
v1_scalar_F1X_Q3M_C2X_P2,22547900
v1_scalar_F1X_Q3M_C2X_P2,21119700
v1_scalar_F1X_Q3M_C2X_P2,21408900
v1_scalar_F1X_Q3M_C2X_P2,21771000
v1_scalar_F1X_Q3M_C2X_P2,21205100
v1_scalar_F1X_Q3M_C2X_P2,21202100
v1_scalar_F1X_Q3M_C2X_P2,21489800
v1_scalar_F1X_Q3M_C2X_P2,21849100
v1_scalar_F1X_Q3M_C2X_P2,21322800
v1_scalar_F1X_Q3M_C2X_P2,21161300
v1_scalar_F1X_Q3M_C3_P2,20026500
v1_scalar_F1X_Q3M_C3_P2,19711400
v1_scalar_F1X_Q3M_C3_P2,19934300
v1_scalar_F1X_Q3M_C3_P2,21212500
v1_scalar_F1X_Q3M_C3_P2,19608000
v1_scalar_F1X_Q3M_C3_P2,19771200
v1_scalar_F1X_Q3M_C3_P2,20056300
v1_scalar_F1X_Q3M_C3_P2,19765200
v1_scalar_F1X_Q3M_C3_P2,19564600
v1_scalar_F1X_Q3M_C3_P2,20398900
v1_scalar_F1X_Q3M_C3_P2,20289200
v1_scalar_F1X_Q3M_C3_P2,19739500
v1_scalar_F1X_Q3M_C3_P2,36384800
v1_scalar_F1X_Q3M_C3_P2,30113100
v1_scalar_F1X_Q3M_C3_P2,20387100
v1_scalar_F1X_Q3M_C3_P2,20607700
v1_scalar_F1X_Q3M_C3_P2,19640700
v1_scalar_F1X_Q3M_C3_P2,19632700
v1_scalar_F1X_Q3M_C3_P2,19965500
v1_scalar_F1X_Q3M_C3_P2,19837200
v1_scalar_F1X_Q3M_C3_P2,19848700
v1_scalar_F1X_Q3M_C3_P2,19657400
v1_scalar_F1X_Q3M_C3_P2,19718000
v1_scalar_F1X_Q3M_C3_P2,19496000
v1_scalar_F1X_Q3M_C3_P2,19679200
v1_scalar_F1X_Q3M_C3_P2,19657500
v1_scalar_F1X_Q3M_C3_P2,19855200
v1_scalar_F1X_Q3M_C3_P2,20590900
v1_scalar_F1X_Q3M_C3_P2,19566500
v1_scalar_F1X_Q3M_C3_P2,20375700
v1_scalar_F1X_Q3M_C3_P2,19681200
v1_scalar_F1X_Q3M_C3_P2,19793200
v1_scalar_F1X_Q3M_C3_P2,19474000
v1_scalar_F1X_Q3M_C3_P2,19821000
v1_scalar_F1X_Q3M_C3_P2,19627200
v1_scalar_F1X_Q3M_C3_P2,19467300
v1_scalar_F1X_Q3M_C3_P2,19596700
v1_scalar_F1X_Q3M_C3_P2,19740400
v1_scalar_F1X_Q3M_C3_P2,19975000
v1_scalar_F1X_Q3M_C3_P2,19661300
v1_scalar_F1X_Q3M_C3_P2,20823300
v1_scalar_F1X_Q3M_C3_P2,20010900
v1_scalar_F1X_Q3M_C3_P2,19467700
v1_scalar_F1X_Q3M_C3_P2,20426400
v1_scalar_F1X_Q3M_C3_P2,19672700
v1_scalar_F1X_Q3M_C3_P2,19706100
v1_scalar_F1X_Q3M_C3_P2,19824500
v1_scalar_F1X_Q3M_C3_P2,19545000
v1_scalar_F1X_Q3M_C3_P2,20134400
v1_scalar_F1X_Q3M_C3_P2,19831300
v1_scalar_F1X_Q3M_C3_P2,20304500
v1_scalar_F1X_Q3M_C3_P2,20526700
v1_scalar_F1X_Q3M_C3_P2,21573300
v1_scalar_F1X_Q3M_C3_P2,20509500
v1_scalar_F1X_Q3M_C3_P2,20558700
v1_scalar_F1X_Q3M_C3_P2,19568800
v1_scalar_F1X_Q3M_C3_P2,19453600
v1_scalar_F1X_Q3M_C3_P2,21135300
v1_scalar_F1X_Q3M_C3_P2,19962000
v1_scalar_F1X_Q3M_C3_P2,20087900
v1_scalar_F1X_Q3M_C3_P2,19787400
v1_scalar_F1X_Q3M_C3_P2,19498200
v1_scalar_F1X_Q3M_C3_P2,19800600
v1_scalar_F1X_Q3M_C3_P2,19515600
v1_scalar_F1X_Q3M_C3_P2,20809100
v1_scalar_F1X_Q3M_C3_P2,20630600
v1_scalar_F1X_Q3M_C3_P2,19650000
v1_scalar_F1X_Q3M_C3_P2,19941100
v1_scalar_F1X_Q3M_C3_P2,20060000
v1_scalar_F1X_Q3M_C3_P2,19783300
v1_scalar_F1X_Q3M_C3_P2,19498500
v1_scalar_F1X_Q3M_C3_P2,19869100
v1_scalar_F1X_Q3M_C3_P2,19407700
v1_scalar_F1X_Q3M_C3_P2,19509800
v1_scalar_F1X_Q3M_C3_P2,19605600
v1_scalar_F1X_Q3M_C3_P2,19940400
v1_scalar_F1X_Q3M_C3_P2,20300400
v1_scalar_F1X_Q3M_C3_P2,20240400
v1_scalar_F1X_Q3M_C3_P2,19713400
v1_scalar_F1X_Q3M_C3_P2,20221200
v1_scalar_F1X_Q3M_C3_P2,20076100
v1_scalar_F1X_Q3M_C3_P2,20495800
v1_scalar_F1X_Q3M_C3_P2,20545500
v1_scalar_F1X_Q3M_C3_P2,20204900
v1_scalar_F1X_Q3M_C3_P2,19838400
v1_scalar_F1X_Q3M_C3_P2,19746900
v1_scalar_F1X_Q3M_C3_P2,20086400
v1_scalar_F1X_Q3M_C3_P2,19498100
v1_scalar_F1X_Q3M_C3_P2,19796000
v1_scalar_F1X_Q3M_C3_P2,20174600
v1_scalar_F1X_Q3M_C3_P2,19893300
v1_scalar_F1X_Q3M_C3_P2,20944700
v1_scalar_F1X_Q3M_C3_P2,19732500
v1_scalar_F1X_Q3M_C3_P2,19420400
v1_scalar_F1X_Q3M_C3_P2,19798000
v1_scalar_F1X_Q3M_C3_P2,19654100
v1_scalar_F1X_Q3M_C3_P2,19597800
v1_scalar_F1X_Q3M_C4F_P2,19804500
v1_scalar_F1X_Q3M_C4F_P2,19697200
v1_scalar_F1X_Q3M_C4F_P2,20054400
v1_scalar_F1X_Q3M_C4F_P2,20143000
v1_scalar_F1X_Q3M_C4F_P2,20052800
v1_scalar_F1X_Q3M_C4F_P2,20135900
v1_scalar_F1X_Q3M_C4F_P2,20978700
v1_scalar_F1X_Q3M_C4F_P2,20673500
v1_scalar_F1X_Q3M_C4F_P2,21217800
v1_scalar_F1X_Q3M_C4F_P2,21214900
v1_scalar_F1X_Q3M_C4F_P2,19866900
v1_scalar_F1X_Q3M_C4F_P2,21040600
v1_scalar_F1X_Q3M_C4F_P2,21099500
v1_scalar_F1X_Q3M_C4F_P2,20135400
v1_scalar_F1X_Q3M_C4F_P2,20079200
v1_scalar_F1X_Q3M_C4F_P2,20503000
v1_scalar_F1X_Q3M_C4F_P2,20165700
v1_scalar_F1X_Q3M_C4F_P2,20251100
v1_scalar_F1X_Q3M_C4F_P2,19908600
v1_scalar_F1X_Q3M_C4F_P2,19833200
v1_scalar_F1X_Q3M_C4F_P2,20167000
v1_scalar_F1X_Q3M_C4F_P2,21126900
v1_scalar_F1X_Q3M_C4F_P2,20013800
v1_scalar_F1X_Q3M_C4F_P2,20014400
v1_scalar_F1X_Q3M_C4F_P2,20753700
v1_scalar_F1X_Q3M_C4F_P2,20079700
v1_scalar_F1X_Q3M_C4F_P2,21185900
v1_scalar_F1X_Q3M_C4F_P2,20015100
v1_scalar_F1X_Q3M_C4F_P2,20128800
v1_scalar_F1X_Q3M_C4F_P2,19924900
v1_scalar_F1X_Q3M_C4F_P2,19726300
v1_scalar_F1X_Q3M_C4F_P2,19843900
v1_scalar_F1X_Q3M_C4F_P2,20837300
v1_scalar_F1X_Q3M_C4F_P2,19938600
v1_scalar_F1X_Q3M_C4F_P2,19955500
v1_scalar_F1X_Q3M_C4F_P2,20025200
v1_scalar_F1X_Q3M_C4F_P2,20491700
v1_scalar_F1X_Q3M_C4F_P2,20083400
v1_scalar_F1X_Q3M_C4F_P2,20104800
v1_scalar_F1X_Q3M_C4F_P2,19764400
v1_scalar_F1X_Q3M_C4F_P2,21130200
v1_scalar_F1X_Q3M_C4F_P2,19900000
v1_scalar_F1X_Q3M_C4F_P2,20101700
v1_scalar_F1X_Q3M_C4F_P2,19871900
v1_scalar_F1X_Q3M_C4F_P2,20346500
v1_scalar_F1X_Q3M_C4F_P2,19762300
v1_scalar_F1X_Q3M_C4F_P2,20225100
v1_scalar_F1X_Q3M_C4F_P2,20090900
v1_scalar_F1X_Q3M_C4F_P2,19966100
v1_scalar_F1X_Q3M_C4F_P2,20452900
v1_scalar_F1X_Q3M_C4F_P2,20329100
v1_scalar_F1X_Q3M_C4F_P2,19954900
v1_scalar_F1X_Q3M_C4F_P2,20605900
v1_scalar_F1X_Q3M_C4F_P2,21272100
v1_scalar_F1X_Q3M_C4F_P2,19812900
v1_scalar_F1X_Q3M_C4F_P2,19754000
v1_scalar_F1X_Q3M_C4F_P2,20311800
v1_scalar_F1X_Q3M_C4F_P2,20217000
v1_scalar_F1X_Q3M_C4F_P2,19815700
v1_scalar_F1X_Q3M_C4F_P2,20175200
v1_scalar_F1X_Q3M_C4F_P2,19902400
v1_scalar_F1X_Q3M_C4F_P2,20021400
v1_scalar_F1X_Q3M_C4F_P2,20059000
v1_scalar_F1X_Q3M_C4F_P2,20022300
v1_scalar_F1X_Q3M_C4F_P2,19834500
v1_scalar_F1X_Q3M_C4F_P2,19821700
v1_scalar_F1X_Q3M_C4F_P2,19749900
v1_scalar_F1X_Q3M_C4F_P2,20300500
v1_scalar_F1X_Q3M_C4F_P2,20017400
v1_scalar_F1X_Q3M_C4F_P2,21971900
v1_scalar_F1X_Q3M_C4F_P2,20205300
v1_scalar_F1X_Q3M_C4F_P2,21549900
v1_scalar_F1X_Q3M_C4F_P2,20746300
v1_scalar_F1X_Q3M_C4F_P2,19911300
v1_scalar_F1X_Q3M_C4F_P2,20445200
v1_scalar_F1X_Q3M_C4F_P2,19905800
v1_scalar_F1X_Q3M_C4F_P2,20083700
v1_scalar_F1X_Q3M_C4F_P2,19857300
v1_scalar_F1X_Q3M_C4F_P2,19684100
v1_scalar_F1X_Q3M_C4F_P2,19717300
v1_scalar_F1X_Q3M_C4F_P2,20043300
v1_scalar_F1X_Q3M_C4F_P2,20407800
v1_scalar_F1X_Q3M_C4F_P2,20312800
v1_scalar_F1X_Q3M_C4F_P2,19753100
v1_scalar_F1X_Q3M_C4F_P2,20009900
v1_scalar_F1X_Q3M_C4F_P2,20162500
v1_scalar_F1X_Q3M_C4F_P2,19699200
v1_scalar_F1X_Q3M_C4F_P2,20048500
v1_scalar_F1X_Q3M_C4F_P2,20146900
v1_scalar_F1X_Q3M_C4F_P2,20024000
v1_scalar_F1X_Q3M_C4F_P2,20068000
v1_scalar_F1X_Q3M_C4F_P2,20125900
v1_scalar_F1X_Q3M_C4F_P2,19896700
v1_scalar_F1X_Q3M_C4F_P2,20885400
v1_scalar_F1X_Q3M_C4F_P2,20230200
v1_scalar_F1X_Q3M_C4F_P2,19806500
v1_scalar_F1X_Q3M_C4F_P2,19819800
v1_scalar_F1X_Q3M_C4M_P2,20855800
v1_scalar_F1X_Q3M_C4M_P2,20948300
v1_scalar_F1X_Q3M_C4M_P2,20923400
v1_scalar_F1X_Q3M_C4M_P2,21400600
v1_scalar_F1X_Q3M_C4M_P2,20365700
v1_scalar_F1X_Q3M_C4M_P2,20323500
v1_scalar_F1X_Q3M_C4M_P2,20203400
v1_scalar_F1X_Q3M_C4M_P2,20594500
v1_scalar_F1X_Q3M_C4M_P2,20602500
v1_scalar_F1X_Q3M_C4M_P2,20573600
v1_scalar_F1X_Q3M_C4M_P2,20726300
v1_scalar_F1X_Q3M_C4M_P2,20990800
v1_scalar_F1X_Q3M_C4M_P2,20414000
v1_scalar_F1X_Q3M_C4M_P2,20358300
v1_scalar_F1X_Q3M_C4M_P2,21185100
v1_scalar_F1X_Q3M_C4M_P2,20583000
v1_scalar_F1X_Q3M_C4M_P2,20601700
v1_scalar_F1X_Q3M_C4M_P2,20488200
v1_scalar_F1X_Q3M_C4M_P2,20291200
v1_scalar_F1X_Q3M_C4M_P2,20692700
v1_scalar_F1X_Q3M_C4M_P2,20515700
v1_scalar_F1X_Q3M_C4M_P2,21654400
v1_scalar_F1X_Q3M_C4M_P2,20608900
v1_scalar_F1X_Q3M_C4M_P2,20579100
v1_scalar_F1X_Q3M_C4M_P2,21311500
v1_scalar_F1X_Q3M_C4M_P2,20377000
v1_scalar_F1X_Q3M_C4M_P2,21142800
v1_scalar_F1X_Q3M_C4M_P2,21085500
v1_scalar_F1X_Q3M_C4M_P2,20660500
v1_scalar_F1X_Q3M_C4M_P2,20711100
v1_scalar_F1X_Q3M_C4M_P2,20213800
v1_scalar_F1X_Q3M_C4M_P2,20183700
v1_scalar_F1X_Q3M_C4M_P2,20767000
v1_scalar_F1X_Q3M_C4M_P2,20607700
v1_scalar_F1X_Q3M_C4M_P2,20676800
v1_scalar_F1X_Q3M_C4M_P2,21119400
v1_scalar_F1X_Q3M_C4M_P2,21404500
v1_scalar_F1X_Q3M_C4M_P2,20598000
v1_scalar_F1X_Q3M_C4M_P2,21421100
v1_scalar_F1X_Q3M_C4M_P2,20916000
v1_scalar_F1X_Q3M_C4M_P2,20312000
v1_scalar_F1X_Q3M_C4M_P2,20277100
v1_scalar_F1X_Q3M_C4M_P2,20172600
v1_scalar_F1X_Q3M_C4M_P2,20384800
v1_scalar_F1X_Q3M_C4M_P2,20358100
v1_scalar_F1X_Q3M_C4M_P2,20384200
v1_scalar_F1X_Q3M_C4M_P2,20439700
v1_scalar_F1X_Q3M_C4M_P2,21116700
v1_scalar_F1X_Q3M_C4M_P2,20482400
v1_scalar_F1X_Q3M_C4M_P2,20535100
v1_scalar_F1X_Q3M_C4M_P2,20213800
v1_scalar_F1X_Q3M_C4M_P2,21959900
v1_scalar_F1X_Q3M_C4M_P2,20260700
v1_scalar_F1X_Q3M_C4M_P2,20233100
v1_scalar_F1X_Q3M_C4M_P2,21618000
v1_scalar_F1X_Q3M_C4M_P2,20244700
v1_scalar_F1X_Q3M_C4M_P2,20095900
v1_scalar_F1X_Q3M_C4M_P2,20627900
v1_scalar_F1X_Q3M_C4M_P2,20808300
v1_scalar_F1X_Q3M_C4M_P2,20530300
v1_scalar_F1X_Q3M_C4M_P2,21831600
v1_scalar_F1X_Q3M_C4M_P2,20765400
v1_scalar_F1X_Q3M_C4M_P2,21086900
v1_scalar_F1X_Q3M_C4M_P2,20261000
v1_scalar_F1X_Q3M_C4M_P2,21126900
v1_scalar_F1X_Q3M_C4M_P2,20499600
v1_scalar_F1X_Q3M_C4M_P2,20617300
v1_scalar_F1X_Q3M_C4M_P2,21146600
v1_scalar_F1X_Q3M_C4M_P2,20776300
v1_scalar_F1X_Q3M_C4M_P2,20850700
v1_scalar_F1X_Q3M_C4M_P2,20590600
v1_scalar_F1X_Q3M_C4M_P2,20172600
v1_scalar_F1X_Q3M_C4M_P2,21072900
v1_scalar_F1X_Q3M_C4M_P2,21642100
v1_scalar_F1X_Q3M_C4M_P2,20636400
v1_scalar_F1X_Q3M_C4M_P2,20579700
v1_scalar_F1X_Q3M_C4M_P2,20336600
v1_scalar_F1X_Q3M_C4M_P2,20224300
v1_scalar_F1X_Q3M_C4M_P2,20262000
v1_scalar_F1X_Q3M_C4M_P2,20519100
v1_scalar_F1X_Q3M_C4M_P2,20453400
v1_scalar_F1X_Q3M_C4M_P2,21025400
v1_scalar_F1X_Q3M_C4M_P2,20441900
v1_scalar_F1X_Q3M_C4M_P2,20313000
v1_scalar_F1X_Q3M_C4M_P2,20381700
v1_scalar_F1X_Q3M_C4M_P2,20496700
v1_scalar_F1X_Q3M_C4M_P2,20638800
v1_scalar_F1X_Q3M_C4M_P2,20728400
v1_scalar_F1X_Q3M_C4M_P2,21409100
v1_scalar_F1X_Q3M_C4M_P2,20889200
v1_scalar_F1X_Q3M_C4M_P2,20610000
v1_scalar_F1X_Q3M_C4M_P2,20264000
v1_scalar_F1X_Q3M_C4M_P2,20223100
v1_scalar_F1X_Q3M_C4M_P2,20400600
v1_scalar_F1X_Q3M_C4M_P2,20878600
v1_scalar_F1X_Q4F_C1R_P2,194489800
v1_scalar_F1X_Q4F_C1R_P2,193282300
v1_scalar_F1X_Q4F_C1R_P2,194290400
v1_scalar_F1X_Q4F_C1R_P2,195320900
v1_scalar_F1X_Q4F_C1R_P2,194334800
v1_scalar_F1X_Q4F_C1R_P2,192281600
v1_scalar_F1X_Q4F_C1R_P2,193997200
v1_scalar_F1X_Q4F_C1R_P2,193024400
v1_scalar_F1X_Q4F_C1R_P2,195337900
v1_scalar_F1X_Q4F_C1R_P2,193937400
v1_scalar_F1X_Q4F_C1R_P2,193761500
v1_scalar_F1X_Q4F_C1X_P2,160876200
v1_scalar_F1X_Q4F_C1X_P2,159020800
v1_scalar_F1X_Q4F_C1X_P2,158811600
v1_scalar_F1X_Q4F_C1X_P2,159831000
v1_scalar_F1X_Q4F_C1X_P2,158876300
v1_scalar_F1X_Q4F_C1X_P2,157284700
v1_scalar_F1X_Q4F_C1X_P2,158060200
v1_scalar_F1X_Q4F_C1X_P2,158713600
v1_scalar_F1X_Q4F_C1X_P2,161931800
v1_scalar_F1X_Q4F_C1X_P2,159515100
v1_scalar_F1X_Q4F_C1X_P2,163124600
v1_scalar_F1X_Q4F_C1X_P2,160319900
v1_scalar_F1X_Q4F_C1X_P2,159617100
v1_scalar_F1X_Q4F_C2R_P2,178981300
v1_scalar_F1X_Q4F_C2R_P2,177083700
v1_scalar_F1X_Q4F_C2R_P2,180632200
v1_scalar_F1X_Q4F_C2R_P2,180862400
v1_scalar_F1X_Q4F_C2R_P2,176909200
v1_scalar_F1X_Q4F_C2R_P2,177718500
v1_scalar_F1X_Q4F_C2R_P2,180104900
v1_scalar_F1X_Q4F_C2R_P2,179033400
v1_scalar_F1X_Q4F_C2R_P2,178715300
v1_scalar_F1X_Q4F_C2R_P2,177836500
v1_scalar_F1X_Q4F_C2R_P2,181744800
v1_scalar_F1X_Q4F_C2R_P2,181831100
v1_scalar_F1X_Q4F_C2X_P2,157856300
v1_scalar_F1X_Q4F_C2X_P2,151746800
v1_scalar_F1X_Q4F_C2X_P2,152878100
v1_scalar_F1X_Q4F_C2X_P2,155042200
v1_scalar_F1X_Q4F_C2X_P2,154462900
v1_scalar_F1X_Q4F_C2X_P2,151336900
v1_scalar_F1X_Q4F_C2X_P2,153473700
v1_scalar_F1X_Q4F_C2X_P2,157436100
v1_scalar_F1X_Q4F_C2X_P2,153751500
v1_scalar_F1X_Q4F_C2X_P2,155121800
v1_scalar_F1X_Q4F_C2X_P2,152602100
v1_scalar_F1X_Q4F_C2X_P2,153627700
v1_scalar_F1X_Q4F_C2X_P2,155544500
v1_scalar_F1X_Q4F_C2X_P2,153295300
v1_scalar_F1X_Q4F_C3_P2,140053800
v1_scalar_F1X_Q4F_C3_P2,141580500
v1_scalar_F1X_Q4F_C3_P2,140640900
v1_scalar_F1X_Q4F_C3_P2,141232400
v1_scalar_F1X_Q4F_C3_P2,141761600
v1_scalar_F1X_Q4F_C3_P2,140319500
v1_scalar_F1X_Q4F_C3_P2,142537400
v1_scalar_F1X_Q4F_C3_P2,141659600
v1_scalar_F1X_Q4F_C3_P2,140307000
v1_scalar_F1X_Q4F_C3_P2,142051800
v1_scalar_F1X_Q4F_C3_P2,143206400
v1_scalar_F1X_Q4F_C3_P2,141243600
v1_scalar_F1X_Q4F_C3_P2,141889300
v1_scalar_F1X_Q4F_C3_P2,141358400
v1_scalar_F1X_Q4F_C3_P2,143033400
v1_scalar_F1X_Q4F_C4F_P2,144461500
v1_scalar_F1X_Q4F_C4F_P2,143100200
v1_scalar_F1X_Q4F_C4F_P2,142884700
v1_scalar_F1X_Q4F_C4F_P2,149756300
v1_scalar_F1X_Q4F_C4F_P2,141797000
v1_scalar_F1X_Q4F_C4F_P2,139952600
v1_scalar_F1X_Q4F_C4F_P2,142041700
v1_scalar_F1X_Q4F_C4F_P2,140905600
v1_scalar_F1X_Q4F_C4F_P2,143700700
v1_scalar_F1X_Q4F_C4F_P2,141010100
v1_scalar_F1X_Q4F_C4F_P2,143695500
v1_scalar_F1X_Q4F_C4F_P2,142220800
v1_scalar_F1X_Q4F_C4F_P2,141728200
v1_scalar_F1X_Q4F_C4F_P2,142142900
v1_scalar_F1X_Q4F_C4F_P2,142016400
v1_scalar_F1X_Q4F_C4M_P2,145686800
v1_scalar_F1X_Q4F_C4M_P2,144897300
v1_scalar_F1X_Q4F_C4M_P2,143532700
v1_scalar_F1X_Q4F_C4M_P2,143839200
v1_scalar_F1X_Q4F_C4M_P2,142313900
v1_scalar_F1X_Q4F_C4M_P2,147171900
v1_scalar_F1X_Q4F_C4M_P2,144216100
v1_scalar_F1X_Q4F_C4M_P2,142857400
v1_scalar_F1X_Q4F_C4M_P2,143433100
v1_scalar_F1X_Q4F_C4M_P2,142949100
v1_scalar_F1X_Q4F_C4M_P2,145081000
v1_scalar_F1X_Q4F_C4M_P2,143097500
v1_scalar_F1X_Q4F_C4M_P2,143013500
v1_scalar_F1X_Q4F_C4M_P2,144211300
v1_scalar_F1X_Q4F_C4M_P2,149404400
v1_scalar_F1X_Q4M_C1R_P2,230002900
v1_scalar_F1X_Q4M_C1R_P2,216807800
v1_scalar_F1X_Q4M_C1R_P2,205151300
v1_scalar_F1X_Q4M_C1R_P2,200372300
v1_scalar_F1X_Q4M_C1R_P2,204180400
v1_scalar_F1X_Q4M_C1R_P2,206370200
v1_scalar_F1X_Q4M_C1R_P2,205551400
v1_scalar_F1X_Q4M_C1R_P2,203429100
v1_scalar_F1X_Q4M_C1R_P2,206287900
v1_scalar_F1X_Q4M_C1R_P2,209054600
v1_scalar_F1X_Q4M_C1R_P2,202746200
v1_scalar_F1X_Q4M_C1X_P2,170370600
v1_scalar_F1X_Q4M_C1X_P2,168241600
v1_scalar_F1X_Q4M_C1X_P2,168462500
v1_scalar_F1X_Q4M_C1X_P2,167336900
v1_scalar_F1X_Q4M_C1X_P2,167143000
v1_scalar_F1X_Q4M_C1X_P2,169495200
v1_scalar_F1X_Q4M_C1X_P2,167545200
v1_scalar_F1X_Q4M_C1X_P2,168817200
v1_scalar_F1X_Q4M_C1X_P2,168275000
v1_scalar_F1X_Q4M_C1X_P2,167825900
v1_scalar_F1X_Q4M_C1X_P2,171060600
v1_scalar_F1X_Q4M_C1X_P2,168392700
v1_scalar_F1X_Q4M_C1X_P2,170918900
v1_scalar_F1X_Q4M_C2R_P2,184384400
v1_scalar_F1X_Q4M_C2R_P2,217008500
v1_scalar_F1X_Q4M_C2R_P2,186116100
v1_scalar_F1X_Q4M_C2R_P2,188294500
v1_scalar_F1X_Q4M_C2R_P2,186337400
v1_scalar_F1X_Q4M_C2R_P2,186334000
v1_scalar_F1X_Q4M_C2R_P2,188619300
v1_scalar_F1X_Q4M_C2R_P2,185765500
v1_scalar_F1X_Q4M_C2R_P2,190464200
v1_scalar_F1X_Q4M_C2R_P2,186345900
v1_scalar_F1X_Q4M_C2R_P2,184293700
v1_scalar_F1X_Q4M_C2X_P2,164741100
v1_scalar_F1X_Q4M_C2X_P2,163080300
v1_scalar_F1X_Q4M_C2X_P2,160529000
v1_scalar_F1X_Q4M_C2X_P2,168278300
v1_scalar_F1X_Q4M_C2X_P2,161749300
v1_scalar_F1X_Q4M_C2X_P2,162713400
v1_scalar_F1X_Q4M_C2X_P2,163505400
v1_scalar_F1X_Q4M_C2X_P2,165164200
v1_scalar_F1X_Q4M_C2X_P2,163817100
v1_scalar_F1X_Q4M_C2X_P2,164300400
v1_scalar_F1X_Q4M_C2X_P2,166773400
v1_scalar_F1X_Q4M_C2X_P2,162914500
v1_scalar_F1X_Q4M_C2X_P2,164275600
v1_scalar_F1X_Q4M_C3_P2,149091800
v1_scalar_F1X_Q4M_C3_P2,150661000
v1_scalar_F1X_Q4M_C3_P2,150595100
v1_scalar_F1X_Q4M_C3_P2,149910100
v1_scalar_F1X_Q4M_C3_P2,151647900
v1_scalar_F1X_Q4M_C3_P2,152749500
v1_scalar_F1X_Q4M_C3_P2,148125900
v1_scalar_F1X_Q4M_C3_P2,150993200
v1_scalar_F1X_Q4M_C3_P2,152457000
v1_scalar_F1X_Q4M_C3_P2,149245700
v1_scalar_F1X_Q4M_C3_P2,150681800
v1_scalar_F1X_Q4M_C3_P2,150630600
v1_scalar_F1X_Q4M_C3_P2,149814800
v1_scalar_F1X_Q4M_C3_P2,150734200
v1_scalar_F1X_Q4M_C4F_P2,150835300
v1_scalar_F1X_Q4M_C4F_P2,150191100
v1_scalar_F1X_Q4M_C4F_P2,152640700
v1_scalar_F1X_Q4M_C4F_P2,150431400
v1_scalar_F1X_Q4M_C4F_P2,154036200
v1_scalar_F1X_Q4M_C4F_P2,153709800
v1_scalar_F1X_Q4M_C4F_P2,153520700
v1_scalar_F1X_Q4M_C4F_P2,152947700
v1_scalar_F1X_Q4M_C4F_P2,151139200
v1_scalar_F1X_Q4M_C4F_P2,150497600
v1_scalar_F1X_Q4M_C4F_P2,151066200
v1_scalar_F1X_Q4M_C4F_P2,148587800
v1_scalar_F1X_Q4M_C4F_P2,150980900
v1_scalar_F1X_Q4M_C4F_P2,152641400
v1_scalar_F1X_Q4M_C4M_P2,152643900
v1_scalar_F1X_Q4M_C4M_P2,153458900
v1_scalar_F1X_Q4M_C4M_P2,151765700
v1_scalar_F1X_Q4M_C4M_P2,156631200
v1_scalar_F1X_Q4M_C4M_P2,151174400
v1_scalar_F1X_Q4M_C4M_P2,153941900
v1_scalar_F1X_Q4M_C4M_P2,154004800
v1_scalar_F1X_Q4M_C4M_P2,151301000
v1_scalar_F1X_Q4M_C4M_P2,152502700
v1_scalar_F1X_Q4M_C4M_P2,153140500
v1_scalar_F1X_Q4M_C4M_P2,151491800
v1_scalar_F1X_Q4M_C4M_P2,151848600
v1_scalar_F1X_Q4M_C4M_P2,154097400
v1_scalar_F1X_Q4M_C4M_P2,151178400
v1_scalar_F2R_Q1_C1R_P2,140848400
v1_scalar_F2R_Q1_C1R_P2,140768600
v1_scalar_F2R_Q1_C1R_P2,141121300
v1_scalar_F2R_Q1_C1R_P2,144068300
v1_scalar_F2R_Q1_C1R_P2,139745000
v1_scalar_F2R_Q1_C1R_P2,139461500
v1_scalar_F2R_Q1_C1R_P2,142986200
v1_scalar_F2R_Q1_C1R_P2,139901400
v1_scalar_F2R_Q1_C1R_P2,141470900
v1_scalar_F2R_Q1_C1R_P2,143349500
v1_scalar_F2R_Q1_C1R_P2,139036200
v1_scalar_F2R_Q1_C1R_P2,137689000
v1_scalar_F2R_Q1_C1R_P2,141935200
v1_scalar_F2R_Q1_C1R_P2,139977300
v1_scalar_F2R_Q1_C1R_P2,144129000
v1_scalar_F2R_Q1_C1X_P2,79972300
v1_scalar_F2R_Q1_C1X_P2,82096800
v1_scalar_F2R_Q1_C1X_P2,76952500
v1_scalar_F2R_Q1_C1X_P2,80159100
v1_scalar_F2R_Q1_C1X_P2,80415700
v1_scalar_F2R_Q1_C1X_P2,79923000
v1_scalar_F2R_Q1_C1X_P2,79846400
v1_scalar_F2R_Q1_C1X_P2,79416300
v1_scalar_F2R_Q1_C1X_P2,80634800
v1_scalar_F2R_Q1_C1X_P2,80755200
v1_scalar_F2R_Q1_C1X_P2,80058100
v1_scalar_F2R_Q1_C1X_P2,78900500
v1_scalar_F2R_Q1_C1X_P2,79941700
v1_scalar_F2R_Q1_C1X_P2,79175500
v1_scalar_F2R_Q1_C1X_P2,79652600
v1_scalar_F2R_Q1_C1X_P2,80804600
v1_scalar_F2R_Q1_C1X_P2,80435300
v1_scalar_F2R_Q1_C1X_P2,79741400
v1_scalar_F2R_Q1_C1X_P2,78360400
v1_scalar_F2R_Q1_C1X_P2,82110000
v1_scalar_F2R_Q1_C1X_P2,78940500
v1_scalar_F2R_Q1_C1X_P2,80031300
v1_scalar_F2R_Q1_C1X_P2,80418900
v1_scalar_F2R_Q1_C1X_P2,77766600
v1_scalar_F2R_Q1_C1X_P2,79817000
v1_scalar_F2R_Q1_C1X_P2,79739300
v1_scalar_F2R_Q1_C2R_P2,123532100
v1_scalar_F2R_Q1_C2R_P2,123100800
v1_scalar_F2R_Q1_C2R_P2,123288600
v1_scalar_F2R_Q1_C2R_P2,123990900
v1_scalar_F2R_Q1_C2R_P2,121501200
v1_scalar_F2R_Q1_C2R_P2,123431300
v1_scalar_F2R_Q1_C2R_P2,123629700
v1_scalar_F2R_Q1_C2R_P2,123864000
v1_scalar_F2R_Q1_C2R_P2,124485000
v1_scalar_F2R_Q1_C2R_P2,122719600
v1_scalar_F2R_Q1_C2R_P2,129834500
v1_scalar_F2R_Q1_C2R_P2,123317800
v1_scalar_F2R_Q1_C2R_P2,125393100
v1_scalar_F2R_Q1_C2R_P2,125549600
v1_scalar_F2R_Q1_C2R_P2,124503100
v1_scalar_F2R_Q1_C2R_P2,125432600
v1_scalar_F2R_Q1_C2R_P2,122091100
v1_scalar_F2R_Q1_C2X_P2,75291700
v1_scalar_F2R_Q1_C2X_P2,70745000
v1_scalar_F2R_Q1_C2X_P2,73482100
v1_scalar_F2R_Q1_C2X_P2,73371900
v1_scalar_F2R_Q1_C2X_P2,73310000
v1_scalar_F2R_Q1_C2X_P2,74378000
v1_scalar_F2R_Q1_C2X_P2,73579000
v1_scalar_F2R_Q1_C2X_P2,73088100
v1_scalar_F2R_Q1_C2X_P2,71414100
v1_scalar_F2R_Q1_C2X_P2,72132600
v1_scalar_F2R_Q1_C2X_P2,71739300
v1_scalar_F2R_Q1_C2X_P2,72096300
v1_scalar_F2R_Q1_C2X_P2,75132300
v1_scalar_F2R_Q1_C2X_P2,73528400
v1_scalar_F2R_Q1_C2X_P2,70984400
v1_scalar_F2R_Q1_C2X_P2,73196500
v1_scalar_F2R_Q1_C2X_P2,75607600
v1_scalar_F2R_Q1_C2X_P2,70761000
v1_scalar_F2R_Q1_C2X_P2,72814500
v1_scalar_F2R_Q1_C2X_P2,74734400
v1_scalar_F2R_Q1_C2X_P2,73300900
v1_scalar_F2R_Q1_C2X_P2,73992600
v1_scalar_F2R_Q1_C2X_P2,72192500
v1_scalar_F2R_Q1_C2X_P2,72441200
v1_scalar_F2R_Q1_C2X_P2,72170900
v1_scalar_F2R_Q1_C2X_P2,71263100
v1_scalar_F2R_Q1_C2X_P2,70465200
v1_scalar_F2R_Q1_C2X_P2,69698900
v1_scalar_F2R_Q1_C3_P2,60913900
v1_scalar_F2R_Q1_C3_P2,58422800
v1_scalar_F2R_Q1_C3_P2,59876900
v1_scalar_F2R_Q1_C3_P2,60262800
v1_scalar_F2R_Q1_C3_P2,59830000
v1_scalar_F2R_Q1_C3_P2,57719900
v1_scalar_F2R_Q1_C3_P2,60022200
v1_scalar_F2R_Q1_C3_P2,60644400
v1_scalar_F2R_Q1_C3_P2,58457300
v1_scalar_F2R_Q1_C3_P2,59044300
v1_scalar_F2R_Q1_C3_P2,57816900
v1_scalar_F2R_Q1_C3_P2,58665500
v1_scalar_F2R_Q1_C3_P2,58066700
v1_scalar_F2R_Q1_C3_P2,58017700
v1_scalar_F2R_Q1_C3_P2,57680400
v1_scalar_F2R_Q1_C3_P2,60893000
v1_scalar_F2R_Q1_C3_P2,61050100
v1_scalar_F2R_Q1_C3_P2,58454700
v1_scalar_F2R_Q1_C3_P2,58895000
v1_scalar_F2R_Q1_C3_P2,57880500
v1_scalar_F2R_Q1_C3_P2,59093900
v1_scalar_F2R_Q1_C3_P2,58631900
v1_scalar_F2R_Q1_C3_P2,59232400
v1_scalar_F2R_Q1_C3_P2,57910400
v1_scalar_F2R_Q1_C3_P2,57871000
v1_scalar_F2R_Q1_C3_P2,59321500
v1_scalar_F2R_Q1_C3_P2,60716100
v1_scalar_F2R_Q1_C3_P2,57800400
v1_scalar_F2R_Q1_C3_P2,59912300
v1_scalar_F2R_Q1_C3_P2,58291100
v1_scalar_F2R_Q1_C3_P2,62236700
v1_scalar_F2R_Q1_C3_P2,59399700
v1_scalar_F2R_Q1_C3_P2,58317600
v1_scalar_F2R_Q1_C3_P2,59041600
v1_scalar_F2R_Q1_C3_P2,58389300
v1_scalar_F2R_Q1_C4F_P2,58772500
v1_scalar_F2R_Q1_C4F_P2,59400200
v1_scalar_F2R_Q1_C4F_P2,58849900
v1_scalar_F2R_Q1_C4F_P2,58967600
v1_scalar_F2R_Q1_C4F_P2,58898300
v1_scalar_F2R_Q1_C4F_P2,58930900
v1_scalar_F2R_Q1_C4F_P2,58466900
v1_scalar_F2R_Q1_C4F_P2,59357500
v1_scalar_F2R_Q1_C4F_P2,58515000
v1_scalar_F2R_Q1_C4F_P2,60255300
v1_scalar_F2R_Q1_C4F_P2,58782500
v1_scalar_F2R_Q1_C4F_P2,59750000
v1_scalar_F2R_Q1_C4F_P2,60148100
v1_scalar_F2R_Q1_C4F_P2,61201200
v1_scalar_F2R_Q1_C4F_P2,58498700
v1_scalar_F2R_Q1_C4F_P2,60845700
v1_scalar_F2R_Q1_C4F_P2,60807400
v1_scalar_F2R_Q1_C4F_P2,58563600
v1_scalar_F2R_Q1_C4F_P2,59526500
v1_scalar_F2R_Q1_C4F_P2,60143300
v1_scalar_F2R_Q1_C4F_P2,62922300
v1_scalar_F2R_Q1_C4F_P2,59058800
v1_scalar_F2R_Q1_C4F_P2,58001100
v1_scalar_F2R_Q1_C4F_P2,60997300
v1_scalar_F2R_Q1_C4F_P2,59221000
v1_scalar_F2R_Q1_C4F_P2,59230500
v1_scalar_F2R_Q1_C4F_P2,58350400
v1_scalar_F2R_Q1_C4F_P2,57744100
v1_scalar_F2R_Q1_C4F_P2,58569100
v1_scalar_F2R_Q1_C4F_P2,58359500
v1_scalar_F2R_Q1_C4F_P2,58295500
v1_scalar_F2R_Q1_C4F_P2,58401000
v1_scalar_F2R_Q1_C4F_P2,58926400
v1_scalar_F2R_Q1_C4F_P2,59056700
v1_scalar_F2R_Q1_C4M_P2,63905000
v1_scalar_F2R_Q1_C4M_P2,63266800
v1_scalar_F2R_Q1_C4M_P2,63590200
v1_scalar_F2R_Q1_C4M_P2,62688400
v1_scalar_F2R_Q1_C4M_P2,62856300
v1_scalar_F2R_Q1_C4M_P2,60955100
v1_scalar_F2R_Q1_C4M_P2,63111900
v1_scalar_F2R_Q1_C4M_P2,63150400
v1_scalar_F2R_Q1_C4M_P2,78660800
v1_scalar_F2R_Q1_C4M_P2,68619100
v1_scalar_F2R_Q1_C4M_P2,61777900
v1_scalar_F2R_Q1_C4M_P2,64985900
v1_scalar_F2R_Q1_C4M_P2,62441000
v1_scalar_F2R_Q1_C4M_P2,60792600
v1_scalar_F2R_Q1_C4M_P2,63922600
v1_scalar_F2R_Q1_C4M_P2,61865400
v1_scalar_F2R_Q1_C4M_P2,62812000
v1_scalar_F2R_Q1_C4M_P2,61447600
v1_scalar_F2R_Q1_C4M_P2,61599000
v1_scalar_F2R_Q1_C4M_P2,62196500
v1_scalar_F2R_Q1_C4M_P2,61473800
v1_scalar_F2R_Q1_C4M_P2,63969100
v1_scalar_F2R_Q1_C4M_P2,61581500
v1_scalar_F2R_Q1_C4M_P2,61458900
v1_scalar_F2R_Q1_C4M_P2,63121900
v1_scalar_F2R_Q1_C4M_P2,61868600
v1_scalar_F2R_Q1_C4M_P2,62642100
v1_scalar_F2R_Q1_C4M_P2,62542600
v1_scalar_F2R_Q1_C4M_P2,62014700
v1_scalar_F2R_Q1_C4M_P2,62726800
v1_scalar_F2R_Q1_C4M_P2,61549500
v1_scalar_F2R_Q1_C4M_P2,63131300
v1_scalar_F2R_Q2R_C1R_P2,200480100
v1_scalar_F2R_Q2R_C1R_P2,200248500
v1_scalar_F2R_Q2R_C1R_P2,204057900
v1_scalar_F2R_Q2R_C1R_P2,201969200
v1_scalar_F2R_Q2R_C1R_P2,200640900
v1_scalar_F2R_Q2R_C1R_P2,198532400
v1_scalar_F2R_Q2R_C1R_P2,198649900
v1_scalar_F2R_Q2R_C1R_P2,203441600
v1_scalar_F2R_Q2R_C1R_P2,200066000
v1_scalar_F2R_Q2R_C1R_P2,197420100
v1_scalar_F2R_Q2R_C1R_P2,201459400
v1_scalar_F2R_Q2R_C1X_P2,161823300
v1_scalar_F2R_Q2R_C1X_P2,158083400
v1_scalar_F2R_Q2R_C1X_P2,157850000
v1_scalar_F2R_Q2R_C1X_P2,160558600
v1_scalar_F2R_Q2R_C1X_P2,160606600
v1_scalar_F2R_Q2R_C1X_P2,161079900
v1_scalar_F2R_Q2R_C1X_P2,160126900
v1_scalar_F2R_Q2R_C1X_P2,158353300
v1_scalar_F2R_Q2R_C1X_P2,160028400
v1_scalar_F2R_Q2R_C1X_P2,159655200
v1_scalar_F2R_Q2R_C1X_P2,158261200
v1_scalar_F2R_Q2R_C1X_P2,160986600
v1_scalar_F2R_Q2R_C1X_P2,159250900
v1_scalar_F2R_Q2R_C2R_P2,183637800
v1_scalar_F2R_Q2R_C2R_P2,186669900
v1_scalar_F2R_Q2R_C2R_P2,188203000
v1_scalar_F2R_Q2R_C2R_P2,203703900
v1_scalar_F2R_Q2R_C2R_P2,184022200
v1_scalar_F2R_Q2R_C2R_P2,182035500
v1_scalar_F2R_Q2R_C2R_P2,181302600
v1_scalar_F2R_Q2R_C2R_P2,184379400
v1_scalar_F2R_Q2R_C2R_P2,185071700
v1_scalar_F2R_Q2R_C2R_P2,185077600
v1_scalar_F2R_Q2R_C2R_P2,182214200
v1_scalar_F2R_Q2R_C2R_P2,191148100
v1_scalar_F2R_Q2R_C2X_P2,147129700
v1_scalar_F2R_Q2R_C2X_P2,150816400
v1_scalar_F2R_Q2R_C2X_P2,152787400
v1_scalar_F2R_Q2R_C2X_P2,151772500
v1_scalar_F2R_Q2R_C2X_P2,152728700
v1_scalar_F2R_Q2R_C2X_P2,150040400
v1_scalar_F2R_Q2R_C2X_P2,153797300
v1_scalar_F2R_Q2R_C2X_P2,151930000
v1_scalar_F2R_Q2R_C2X_P2,153667700
v1_scalar_F2R_Q2R_C2X_P2,151390800
v1_scalar_F2R_Q2R_C2X_P2,150467400
v1_scalar_F2R_Q2R_C2X_P2,154322600
v1_scalar_F2R_Q2R_C2X_P2,152221800
v1_scalar_F2R_Q2R_C2X_P2,152106700
v1_scalar_F2R_Q2R_C3_P2,138284900
v1_scalar_F2R_Q2R_C3_P2,141103800
v1_scalar_F2R_Q2R_C3_P2,139049500
v1_scalar_F2R_Q2R_C3_P2,137395000
v1_scalar_F2R_Q2R_C3_P2,141037400
v1_scalar_F2R_Q2R_C3_P2,137507400
v1_scalar_F2R_Q2R_C3_P2,138975600
v1_scalar_F2R_Q2R_C3_P2,136812600
v1_scalar_F2R_Q2R_C3_P2,139230100
v1_scalar_F2R_Q2R_C3_P2,138439800
v1_scalar_F2R_Q2R_C3_P2,140949300
v1_scalar_F2R_Q2R_C3_P2,138823200
v1_scalar_F2R_Q2R_C3_P2,140731000
v1_scalar_F2R_Q2R_C3_P2,138185300
v1_scalar_F2R_Q2R_C3_P2,138208600
v1_scalar_F2R_Q2R_C3_P2,137866000
v1_scalar_F2R_Q2R_C4F_P2,136145700
v1_scalar_F2R_Q2R_C4F_P2,139928300
v1_scalar_F2R_Q2R_C4F_P2,138908600
v1_scalar_F2R_Q2R_C4F_P2,140218600
v1_scalar_F2R_Q2R_C4F_P2,139069700
v1_scalar_F2R_Q2R_C4F_P2,140397300
v1_scalar_F2R_Q2R_C4F_P2,139683000
v1_scalar_F2R_Q2R_C4F_P2,138702500
v1_scalar_F2R_Q2R_C4F_P2,140326800
v1_scalar_F2R_Q2R_C4F_P2,137764300
v1_scalar_F2R_Q2R_C4F_P2,138745400
v1_scalar_F2R_Q2R_C4F_P2,138395400
v1_scalar_F2R_Q2R_C4F_P2,138694600
v1_scalar_F2R_Q2R_C4F_P2,139116200
v1_scalar_F2R_Q2R_C4F_P2,134424800
v1_scalar_F2R_Q2R_C4M_P2,139587000
v1_scalar_F2R_Q2R_C4M_P2,143330200
v1_scalar_F2R_Q2R_C4M_P2,138674000
v1_scalar_F2R_Q2R_C4M_P2,144093700
v1_scalar_F2R_Q2R_C4M_P2,145649500
v1_scalar_F2R_Q2R_C4M_P2,140406700
v1_scalar_F2R_Q2R_C4M_P2,138116500
v1_scalar_F2R_Q2R_C4M_P2,143302900
v1_scalar_F2R_Q2R_C4M_P2,142296400
v1_scalar_F2R_Q2R_C4M_P2,143996200
v1_scalar_F2R_Q2R_C4M_P2,143331500
v1_scalar_F2R_Q2R_C4M_P2,139116100
v1_scalar_F2R_Q2R_C4M_P2,142808700
v1_scalar_F2R_Q2R_C4M_P2,141083000
v1_scalar_F2R_Q2R_C4M_P2,140703600
v1_scalar_F2R_Q2X_C1R_P2,151845900
v1_scalar_F2R_Q2X_C1R_P2,150686200
v1_scalar_F2R_Q2X_C1R_P2,151110500
v1_scalar_F2R_Q2X_C1R_P2,153120900
v1_scalar_F2R_Q2X_C1R_P2,155495500
v1_scalar_F2R_Q2X_C1R_P2,155445500
v1_scalar_F2R_Q2X_C1R_P2,150038300
v1_scalar_F2R_Q2X_C1R_P2,152976400
v1_scalar_F2R_Q2X_C1R_P2,154086500
v1_scalar_F2R_Q2X_C1R_P2,155714800
v1_scalar_F2R_Q2X_C1R_P2,150705400
v1_scalar_F2R_Q2X_C1R_P2,154334000
v1_scalar_F2R_Q2X_C1R_P2,152078500
v1_scalar_F2R_Q2X_C1R_P2,152050900
v1_scalar_F2R_Q2X_C1X_P2,106563100
v1_scalar_F2R_Q2X_C1X_P2,108646200
v1_scalar_F2R_Q2X_C1X_P2,107399200
v1_scalar_F2R_Q2X_C1X_P2,109016500
v1_scalar_F2R_Q2X_C1X_P2,106871900
v1_scalar_F2R_Q2X_C1X_P2,107542200
v1_scalar_F2R_Q2X_C1X_P2,105261700
v1_scalar_F2R_Q2X_C1X_P2,107142700
v1_scalar_F2R_Q2X_C1X_P2,107564700
v1_scalar_F2R_Q2X_C1X_P2,107396400
v1_scalar_F2R_Q2X_C1X_P2,106907800
v1_scalar_F2R_Q2X_C1X_P2,109079300
v1_scalar_F2R_Q2X_C1X_P2,112053900
v1_scalar_F2R_Q2X_C1X_P2,105837100
v1_scalar_F2R_Q2X_C1X_P2,108022400
v1_scalar_F2R_Q2X_C1X_P2,104563000
v1_scalar_F2R_Q2X_C1X_P2,107672500
v1_scalar_F2R_Q2X_C1X_P2,105481300
v1_scalar_F2R_Q2X_C1X_P2,110168000
v1_scalar_F2R_Q2X_C2R_P2,136322100
v1_scalar_F2R_Q2X_C2R_P2,132220900
v1_scalar_F2R_Q2X_C2R_P2,138955800
v1_scalar_F2R_Q2X_C2R_P2,134062800
v1_scalar_F2R_Q2X_C2R_P2,131651800
v1_scalar_F2R_Q2X_C2R_P2,131870200
v1_scalar_F2R_Q2X_C2R_P2,140131800
v1_scalar_F2R_Q2X_C2R_P2,134018700
v1_scalar_F2R_Q2X_C2R_P2,134361700
v1_scalar_F2R_Q2X_C2R_P2,132830800
v1_scalar_F2R_Q2X_C2R_P2,136414100
v1_scalar_F2R_Q2X_C2R_P2,138396400
v1_scalar_F2R_Q2X_C2R_P2,135670200
v1_scalar_F2R_Q2X_C2R_P2,135463700
v1_scalar_F2R_Q2X_C2R_P2,133316300
v1_scalar_F2R_Q2X_C2R_P2,132051900
v1_scalar_F2R_Q2X_C2X_P2,101412100
v1_scalar_F2R_Q2X_C2X_P2,98101100
v1_scalar_F2R_Q2X_C2X_P2,97093900
v1_scalar_F2R_Q2X_C2X_P2,98692700
v1_scalar_F2R_Q2X_C2X_P2,98501400
v1_scalar_F2R_Q2X_C2X_P2,99951500
v1_scalar_F2R_Q2X_C2X_P2,98260500
v1_scalar_F2R_Q2X_C2X_P2,98497200
v1_scalar_F2R_Q2X_C2X_P2,102408800
v1_scalar_F2R_Q2X_C2X_P2,96479400
v1_scalar_F2R_Q2X_C2X_P2,97557900
v1_scalar_F2R_Q2X_C2X_P2,99535800
v1_scalar_F2R_Q2X_C2X_P2,99141900
v1_scalar_F2R_Q2X_C2X_P2,97341300
v1_scalar_F2R_Q2X_C2X_P2,98109500
v1_scalar_F2R_Q2X_C2X_P2,96984500
v1_scalar_F2R_Q2X_C2X_P2,99994000
v1_scalar_F2R_Q2X_C2X_P2,104923800
v1_scalar_F2R_Q2X_C2X_P2,104024200
v1_scalar_F2R_Q2X_C2X_P2,97132300
v1_scalar_F2R_Q2X_C2X_P2,98696700
v1_scalar_F2R_Q2X_C3_P2,91206500
v1_scalar_F2R_Q2X_C3_P2,89736900
v1_scalar_F2R_Q2X_C3_P2,89895200
v1_scalar_F2R_Q2X_C3_P2,88669200
v1_scalar_F2R_Q2X_C3_P2,89201600
v1_scalar_F2R_Q2X_C3_P2,89348500
v1_scalar_F2R_Q2X_C3_P2,88276600
v1_scalar_F2R_Q2X_C3_P2,87883000
v1_scalar_F2R_Q2X_C3_P2,91624700
v1_scalar_F2R_Q2X_C3_P2,90007600
v1_scalar_F2R_Q2X_C3_P2,90524100
v1_scalar_F2R_Q2X_C3_P2,88713100
v1_scalar_F2R_Q2X_C3_P2,90005100
v1_scalar_F2R_Q2X_C3_P2,88694800
v1_scalar_F2R_Q2X_C3_P2,88817200
v1_scalar_F2R_Q2X_C3_P2,90386600
v1_scalar_F2R_Q2X_C3_P2,90052400
v1_scalar_F2R_Q2X_C3_P2,88107500
v1_scalar_F2R_Q2X_C3_P2,88820000
v1_scalar_F2R_Q2X_C3_P2,90014200
v1_scalar_F2R_Q2X_C3_P2,90001200
v1_scalar_F2R_Q2X_C3_P2,89385900
v1_scalar_F2R_Q2X_C3_P2,88152100
v1_scalar_F2R_Q2X_C3_P2,90375000
v1_scalar_F2R_Q2X_C4F_P2,90252100
v1_scalar_F2R_Q2X_C4F_P2,87593600
v1_scalar_F2R_Q2X_C4F_P2,90710300
v1_scalar_F2R_Q2X_C4F_P2,88023500
v1_scalar_F2R_Q2X_C4F_P2,86440000
v1_scalar_F2R_Q2X_C4F_P2,90104300
v1_scalar_F2R_Q2X_C4F_P2,88923300
v1_scalar_F2R_Q2X_C4F_P2,91056300
v1_scalar_F2R_Q2X_C4F_P2,88701600
v1_scalar_F2R_Q2X_C4F_P2,89138100
v1_scalar_F2R_Q2X_C4F_P2,87819800
v1_scalar_F2R_Q2X_C4F_P2,88696500
v1_scalar_F2R_Q2X_C4F_P2,90268900
v1_scalar_F2R_Q2X_C4F_P2,89906000
v1_scalar_F2R_Q2X_C4F_P2,86951700
v1_scalar_F2R_Q2X_C4F_P2,93201100
v1_scalar_F2R_Q2X_C4F_P2,88774400
v1_scalar_F2R_Q2X_C4F_P2,87505600
v1_scalar_F2R_Q2X_C4F_P2,88449600
v1_scalar_F2R_Q2X_C4F_P2,92090400
v1_scalar_F2R_Q2X_C4F_P2,89852600
v1_scalar_F2R_Q2X_C4F_P2,87204500
v1_scalar_F2R_Q2X_C4F_P2,88900300
v1_scalar_F2R_Q2X_C4M_P2,92106600
v1_scalar_F2R_Q2X_C4M_P2,92344700
v1_scalar_F2R_Q2X_C4M_P2,90223100
v1_scalar_F2R_Q2X_C4M_P2,90186200
v1_scalar_F2R_Q2X_C4M_P2,91422800
v1_scalar_F2R_Q2X_C4M_P2,92705500
v1_scalar_F2R_Q2X_C4M_P2,90147700
v1_scalar_F2R_Q2X_C4M_P2,90040800
v1_scalar_F2R_Q2X_C4M_P2,90917000
v1_scalar_F2R_Q2X_C4M_P2,92192600
v1_scalar_F2R_Q2X_C4M_P2,91078500
v1_scalar_F2R_Q2X_C4M_P2,89586000
v1_scalar_F2R_Q2X_C4M_P2,92017300
v1_scalar_F2R_Q2X_C4M_P2,90296500
v1_scalar_F2R_Q2X_C4M_P2,89145100
v1_scalar_F2R_Q2X_C4M_P2,89225900
v1_scalar_F2R_Q2X_C4M_P2,91978200
v1_scalar_F2R_Q2X_C4M_P2,91226400
v1_scalar_F2R_Q2X_C4M_P2,90767600
v1_scalar_F2R_Q2X_C4M_P2,91326600
v1_scalar_F2R_Q2X_C4M_P2,91642600
v1_scalar_F2R_Q2X_C4M_P2,89490600
v1_scalar_F2R_Q2X_C4M_P2,93164100
v1_scalar_F2R_Q3M_C1R_P2,24417100
v1_scalar_F2R_Q3M_C1R_P2,25346000
v1_scalar_F2R_Q3M_C1R_P2,24183500
v1_scalar_F2R_Q3M_C1R_P2,23936400
v1_scalar_F2R_Q3M_C1R_P2,24324400
v1_scalar_F2R_Q3M_C1R_P2,24427600
v1_scalar_F2R_Q3M_C1R_P2,25145700
v1_scalar_F2R_Q3M_C1R_P2,24225800
v1_scalar_F2R_Q3M_C1R_P2,24308600
v1_scalar_F2R_Q3M_C1R_P2,24543200
v1_scalar_F2R_Q3M_C1R_P2,25209900
v1_scalar_F2R_Q3M_C1R_P2,24027800
v1_scalar_F2R_Q3M_C1R_P2,24845700
v1_scalar_F2R_Q3M_C1R_P2,24509500
v1_scalar_F2R_Q3M_C1R_P2,24215800
v1_scalar_F2R_Q3M_C1R_P2,24648100
v1_scalar_F2R_Q3M_C1R_P2,23800100
v1_scalar_F2R_Q3M_C1R_P2,24169100
v1_scalar_F2R_Q3M_C1R_P2,24485400
v1_scalar_F2R_Q3M_C1R_P2,23898700
v1_scalar_F2R_Q3M_C1R_P2,24455200
v1_scalar_F2R_Q3M_C1R_P2,24076700
v1_scalar_F2R_Q3M_C1R_P2,23981800
v1_scalar_F2R_Q3M_C1R_P2,23714200
v1_scalar_F2R_Q3M_C1R_P2,23853700
v1_scalar_F2R_Q3M_C1R_P2,24542600
v1_scalar_F2R_Q3M_C1R_P2,23808100
v1_scalar_F2R_Q3M_C1R_P2,23965900
v1_scalar_F2R_Q3M_C1R_P2,25761000
v1_scalar_F2R_Q3M_C1R_P2,24219100
v1_scalar_F2R_Q3M_C1R_P2,24409200
v1_scalar_F2R_Q3M_C1R_P2,24530800
v1_scalar_F2R_Q3M_C1R_P2,24954900
v1_scalar_F2R_Q3M_C1R_P2,25233000
v1_scalar_F2R_Q3M_C1R_P2,24354000
v1_scalar_F2R_Q3M_C1R_P2,26249100
v1_scalar_F2R_Q3M_C1R_P2,24803100
v1_scalar_F2R_Q3M_C1R_P2,24571900
v1_scalar_F2R_Q3M_C1R_P2,24904700
v1_scalar_F2R_Q3M_C1R_P2,25252900
v1_scalar_F2R_Q3M_C1R_P2,24312100
v1_scalar_F2R_Q3M_C1R_P2,24580600
v1_scalar_F2R_Q3M_C1R_P2,23857100
v1_scalar_F2R_Q3M_C1R_P2,24514600
v1_scalar_F2R_Q3M_C1R_P2,23946700
v1_scalar_F2R_Q3M_C1R_P2,24422400
v1_scalar_F2R_Q3M_C1R_P2,24352200
v1_scalar_F2R_Q3M_C1R_P2,23927500
v1_scalar_F2R_Q3M_C1R_P2,23606900
v1_scalar_F2R_Q3M_C1R_P2,24410700
v1_scalar_F2R_Q3M_C1R_P2,24354600
v1_scalar_F2R_Q3M_C1R_P2,23974900
v1_scalar_F2R_Q3M_C1R_P2,23789100
v1_scalar_F2R_Q3M_C1R_P2,24106500
v1_scalar_F2R_Q3M_C1R_P2,23396600
v1_scalar_F2R_Q3M_C1R_P2,25217000
v1_scalar_F2R_Q3M_C1R_P2,23772700
v1_scalar_F2R_Q3M_C1R_P2,24444000
v1_scalar_F2R_Q3M_C1R_P2,24535700
v1_scalar_F2R_Q3M_C1R_P2,24668200
v1_scalar_F2R_Q3M_C1R_P2,24604900
v1_scalar_F2R_Q3M_C1R_P2,23961200
v1_scalar_F2R_Q3M_C1R_P2,23331400
v1_scalar_F2R_Q3M_C1R_P2,24594400
v1_scalar_F2R_Q3M_C1R_P2,24254400
v1_scalar_F2R_Q3M_C1R_P2,24641200
v1_scalar_F2R_Q3M_C1R_P2,24650400
v1_scalar_F2R_Q3M_C1R_P2,23318900
v1_scalar_F2R_Q3M_C1R_P2,25405600
v1_scalar_F2R_Q3M_C1R_P2,23793100
v1_scalar_F2R_Q3M_C1R_P2,24729000
v1_scalar_F2R_Q3M_C1R_P2,24402600
v1_scalar_F2R_Q3M_C1R_P2,23998700
v1_scalar_F2R_Q3M_C1R_P2,24193400
v1_scalar_F2R_Q3M_C1R_P2,24195400
v1_scalar_F2R_Q3M_C1R_P2,26096800
v1_scalar_F2R_Q3M_C1R_P2,24155900
v1_scalar_F2R_Q3M_C1R_P2,24779000
v1_scalar_F2R_Q3M_C1R_P2,23980400
v1_scalar_F2R_Q3M_C1R_P2,24713100
v1_scalar_F2R_Q3M_C1R_P2,24275800
v1_scalar_F2R_Q3M_C1R_P2,24281700
v1_scalar_F2R_Q3M_C1X_P2,13966800
v1_scalar_F2R_Q3M_C1X_P2,14316900
v1_scalar_F2R_Q3M_C1X_P2,14377100
v1_scalar_F2R_Q3M_C1X_P2,14346200
v1_scalar_F2R_Q3M_C1X_P2,13973800
v1_scalar_F2R_Q3M_C1X_P2,14399600
v1_scalar_F2R_Q3M_C1X_P2,14028600
v1_scalar_F2R_Q3M_C1X_P2,14553000
v1_scalar_F2R_Q3M_C1X_P2,14400600
v1_scalar_F2R_Q3M_C1X_P2,14095800
v1_scalar_F2R_Q3M_C1X_P2,13824700
v1_scalar_F2R_Q3M_C1X_P2,14198000
v1_scalar_F2R_Q3M_C1X_P2,13813900
v1_scalar_F2R_Q3M_C1X_P2,13768500
v1_scalar_F2R_Q3M_C1X_P2,13793500
v1_scalar_F2R_Q3M_C1X_P2,14014000
v1_scalar_F2R_Q3M_C1X_P2,13721300
v1_scalar_F2R_Q3M_C1X_P2,13840100
v1_scalar_F2R_Q3M_C1X_P2,14013600
v1_scalar_F2R_Q3M_C1X_P2,14166700
v1_scalar_F2R_Q3M_C1X_P2,14014600
v1_scalar_F2R_Q3M_C1X_P2,14147000
v1_scalar_F2R_Q3M_C1X_P2,14286900
v1_scalar_F2R_Q3M_C1X_P2,14722000
v1_scalar_F2R_Q3M_C1X_P2,14115800
v1_scalar_F2R_Q3M_C1X_P2,14003500
v1_scalar_F2R_Q3M_C1X_P2,13710600
v1_scalar_F2R_Q3M_C1X_P2,13900700
v1_scalar_F2R_Q3M_C1X_P2,14033400
v1_scalar_F2R_Q3M_C1X_P2,14007800
v1_scalar_F2R_Q3M_C1X_P2,14144500
v1_scalar_F2R_Q3M_C1X_P2,14962100
v1_scalar_F2R_Q3M_C1X_P2,14903900
v1_scalar_F2R_Q3M_C1X_P2,14441200
v1_scalar_F2R_Q3M_C1X_P2,15108000
v1_scalar_F2R_Q3M_C1X_P2,14398100
v1_scalar_F2R_Q3M_C1X_P2,14286800
v1_scalar_F2R_Q3M_C1X_P2,14727700
v1_scalar_F2R_Q3M_C1X_P2,14440200
v1_scalar_F2R_Q3M_C1X_P2,14484700
v1_scalar_F2R_Q3M_C1X_P2,15946800
v1_scalar_F2R_Q3M_C1X_P2,14739500
v1_scalar_F2R_Q3M_C1X_P2,14784900
v1_scalar_F2R_Q3M_C1X_P2,14535400
v1_scalar_F2R_Q3M_C1X_P2,14492300
v1_scalar_F2R_Q3M_C1X_P2,13723400
v1_scalar_F2R_Q3M_C1X_P2,14085800
v1_scalar_F2R_Q3M_C1X_P2,14097600
v1_scalar_F2R_Q3M_C1X_P2,14390700
v1_scalar_F2R_Q3M_C1X_P2,14241300
v1_scalar_F2R_Q3M_C1X_P2,14776500
v1_scalar_F2R_Q3M_C1X_P2,14120000
v1_scalar_F2R_Q3M_C1X_P2,13831600
v1_scalar_F2R_Q3M_C1X_P2,14249700
v1_scalar_F2R_Q3M_C1X_P2,13940200
v1_scalar_F2R_Q3M_C1X_P2,14347200
v1_scalar_F2R_Q3M_C1X_P2,13876700
v1_scalar_F2R_Q3M_C1X_P2,13838200
v1_scalar_F2R_Q3M_C1X_P2,14625900
v1_scalar_F2R_Q3M_C1X_P2,14107800
v1_scalar_F2R_Q3M_C1X_P2,14028200
v1_scalar_F2R_Q3M_C1X_P2,13864900
v1_scalar_F2R_Q3M_C1X_P2,14298600
v1_scalar_F2R_Q3M_C1X_P2,13732600
v1_scalar_F2R_Q3M_C1X_P2,14080900
v1_scalar_F2R_Q3M_C1X_P2,14007100
v1_scalar_F2R_Q3M_C1X_P2,14158300
v1_scalar_F2R_Q3M_C1X_P2,13906700
v1_scalar_F2R_Q3M_C1X_P2,13896800
v1_scalar_F2R_Q3M_C1X_P2,14189300
v1_scalar_F2R_Q3M_C1X_P2,14453900
v1_scalar_F2R_Q3M_C1X_P2,15058300
v1_scalar_F2R_Q3M_C1X_P2,15672300
v1_scalar_F2R_Q3M_C1X_P2,14747300
v1_scalar_F2R_Q3M_C1X_P2,14487600
v1_scalar_F2R_Q3M_C1X_P2,14625400
v1_scalar_F2R_Q3M_C1X_P2,14250200
v1_scalar_F2R_Q3M_C1X_P2,14434700
v1_scalar_F2R_Q3M_C1X_P2,14061300
v1_scalar_F2R_Q3M_C1X_P2,14337700
v1_scalar_F2R_Q3M_C1X_P2,13984800
v1_scalar_F2R_Q3M_C1X_P2,13881900
v1_scalar_F2R_Q3M_C1X_P2,13704900
v1_scalar_F2R_Q3M_C1X_P2,13829800
v1_scalar_F2R_Q3M_C1X_P2,14660500
v1_scalar_F2R_Q3M_C1X_P2,14925500
v1_scalar_F2R_Q3M_C1X_P2,14087500
v1_scalar_F2R_Q3M_C1X_P2,14526200
v1_scalar_F2R_Q3M_C1X_P2,13879000
v1_scalar_F2R_Q3M_C1X_P2,14776100
v1_scalar_F2R_Q3M_C1X_P2,13933300
v1_scalar_F2R_Q3M_C1X_P2,14625700
v1_scalar_F2R_Q3M_C1X_P2,15376500
v1_scalar_F2R_Q3M_C1X_P2,14475500
v1_scalar_F2R_Q3M_C1X_P2,14071000
v1_scalar_F2R_Q3M_C1X_P2,14265500
v1_scalar_F2R_Q3M_C1X_P2,13889600
v1_scalar_F2R_Q3M_C1X_P2,13797600
v1_scalar_F2R_Q3M_C1X_P2,14133700
v1_scalar_F2R_Q3M_C1X_P2,13894500
v1_scalar_F2R_Q3M_C1X_P2,13990700
v1_scalar_F2R_Q3M_C1X_P2,15026600
v1_scalar_F2R_Q3M_C1X_P2,14245800
v1_scalar_F2R_Q3M_C1X_P2,13775300
v1_scalar_F2R_Q3M_C1X_P2,14311200
v1_scalar_F2R_Q3M_C1X_P2,15383100
v1_scalar_F2R_Q3M_C1X_P2,13993400
v1_scalar_F2R_Q3M_C1X_P2,16722600
v1_scalar_F2R_Q3M_C1X_P2,13934100
v1_scalar_F2R_Q3M_C1X_P2,14191900
v1_scalar_F2R_Q3M_C1X_P2,14285800
v1_scalar_F2R_Q3M_C1X_P2,15479700
v1_scalar_F2R_Q3M_C1X_P2,14236900
v1_scalar_F2R_Q3M_C1X_P2,14357300
v1_scalar_F2R_Q3M_C1X_P2,14242100
v1_scalar_F2R_Q3M_C1X_P2,14012800
v1_scalar_F2R_Q3M_C1X_P2,14133300
v1_scalar_F2R_Q3M_C1X_P2,14055100
v1_scalar_F2R_Q3M_C1X_P2,14409800
v1_scalar_F2R_Q3M_C1X_P2,14258600
v1_scalar_F2R_Q3M_C1X_P2,13758200
v1_scalar_F2R_Q3M_C1X_P2,13842600
v1_scalar_F2R_Q3M_C1X_P2,13746600
v1_scalar_F2R_Q3M_C1X_P2,14185900
v1_scalar_F2R_Q3M_C1X_P2,14164300
v1_scalar_F2R_Q3M_C1X_P2,14316500
v1_scalar_F2R_Q3M_C1X_P2,15081700
v1_scalar_F2R_Q3M_C1X_P2,13767400
v1_scalar_F2R_Q3M_C1X_P2,14968400
v1_scalar_F2R_Q3M_C1X_P2,14478100
v1_scalar_F2R_Q3M_C1X_P2,13698000
v1_scalar_F2R_Q3M_C1X_P2,14183600
v1_scalar_F2R_Q3M_C1X_P2,14223300
v1_scalar_F2R_Q3M_C1X_P2,14688800
v1_scalar_F2R_Q3M_C1X_P2,14695200
v1_scalar_F2R_Q3M_C1X_P2,13923900
v1_scalar_F2R_Q3M_C1X_P2,13959300
v1_scalar_F2R_Q3M_C2R_P2,20359300
v1_scalar_F2R_Q3M_C2R_P2,20793200
v1_scalar_F2R_Q3M_C2R_P2,20482800
v1_scalar_F2R_Q3M_C2R_P2,20681100
v1_scalar_F2R_Q3M_C2R_P2,20387800
v1_scalar_F2R_Q3M_C2R_P2,20091100
v1_scalar_F2R_Q3M_C2R_P2,21609000
v1_scalar_F2R_Q3M_C2R_P2,21370700
v1_scalar_F2R_Q3M_C2R_P2,20580400
v1_scalar_F2R_Q3M_C2R_P2,20920300
v1_scalar_F2R_Q3M_C2R_P2,20482000
v1_scalar_F2R_Q3M_C2R_P2,20554300
v1_scalar_F2R_Q3M_C2R_P2,21134700
v1_scalar_F2R_Q3M_C2R_P2,21735500
v1_scalar_F2R_Q3M_C2R_P2,20897800
v1_scalar_F2R_Q3M_C2R_P2,20798000
v1_scalar_F2R_Q3M_C2R_P2,20644200
v1_scalar_F2R_Q3M_C2R_P2,21056200
v1_scalar_F2R_Q3M_C2R_P2,20897600
v1_scalar_F2R_Q3M_C2R_P2,21004000
v1_scalar_F2R_Q3M_C2R_P2,20705200
v1_scalar_F2R_Q3M_C2R_P2,21138600
v1_scalar_F2R_Q3M_C2R_P2,22124400
v1_scalar_F2R_Q3M_C2R_P2,21757700
v1_scalar_F2R_Q3M_C2R_P2,21266800
v1_scalar_F2R_Q3M_C2R_P2,22130400
v1_scalar_F2R_Q3M_C2R_P2,20636500
v1_scalar_F2R_Q3M_C2R_P2,20187400
v1_scalar_F2R_Q3M_C2R_P2,23068900
v1_scalar_F2R_Q3M_C2R_P2,21165100
v1_scalar_F2R_Q3M_C2R_P2,21041700
v1_scalar_F2R_Q3M_C2R_P2,22635000
v1_scalar_F2R_Q3M_C2R_P2,20682800
v1_scalar_F2R_Q3M_C2R_P2,20689000
v1_scalar_F2R_Q3M_C2R_P2,21512800
v1_scalar_F2R_Q3M_C2R_P2,20964900
v1_scalar_F2R_Q3M_C2R_P2,20675900
v1_scalar_F2R_Q3M_C2R_P2,20449000
v1_scalar_F2R_Q3M_C2R_P2,20799900
v1_scalar_F2R_Q3M_C2R_P2,21840800
v1_scalar_F2R_Q3M_C2R_P2,20409800
v1_scalar_F2R_Q3M_C2R_P2,20471500
v1_scalar_F2R_Q3M_C2R_P2,23043200
v1_scalar_F2R_Q3M_C2R_P2,20616000
v1_scalar_F2R_Q3M_C2R_P2,21819600
v1_scalar_F2R_Q3M_C2R_P2,20783700
v1_scalar_F2R_Q3M_C2R_P2,20966000
v1_scalar_F2R_Q3M_C2R_P2,20334200
v1_scalar_F2R_Q3M_C2R_P2,20302700
v1_scalar_F2R_Q3M_C2R_P2,20073000
v1_scalar_F2R_Q3M_C2R_P2,20680500
v1_scalar_F2R_Q3M_C2R_P2,20319400
v1_scalar_F2R_Q3M_C2R_P2,21655400
v1_scalar_F2R_Q3M_C2R_P2,20477200
v1_scalar_F2R_Q3M_C2R_P2,20552100
v1_scalar_F2R_Q3M_C2R_P2,20424500
v1_scalar_F2R_Q3M_C2R_P2,20218300
v1_scalar_F2R_Q3M_C2R_P2,20855800
v1_scalar_F2R_Q3M_C2R_P2,22145000
v1_scalar_F2R_Q3M_C2R_P2,21468100
v1_scalar_F2R_Q3M_C2R_P2,20451100
v1_scalar_F2R_Q3M_C2R_P2,20509000
v1_scalar_F2R_Q3M_C2R_P2,20197500
v1_scalar_F2R_Q3M_C2R_P2,20644100
v1_scalar_F2R_Q3M_C2R_P2,20294400
v1_scalar_F2R_Q3M_C2R_P2,20847700
v1_scalar_F2R_Q3M_C2R_P2,21060300
v1_scalar_F2R_Q3M_C2R_P2,21655300
v1_scalar_F2R_Q3M_C2R_P2,21235700
v1_scalar_F2R_Q3M_C2R_P2,20661700
v1_scalar_F2R_Q3M_C2R_P2,20626200
v1_scalar_F2R_Q3M_C2R_P2,21020300
v1_scalar_F2R_Q3M_C2R_P2,22611800
v1_scalar_F2R_Q3M_C2R_P2,20693600
v1_scalar_F2R_Q3M_C2R_P2,20181500
v1_scalar_F2R_Q3M_C2R_P2,21602400
v1_scalar_F2R_Q3M_C2R_P2,20596900
v1_scalar_F2R_Q3M_C2R_P2,21949900
v1_scalar_F2R_Q3M_C2R_P2,20873400
v1_scalar_F2R_Q3M_C2R_P2,21379900
v1_scalar_F2R_Q3M_C2R_P2,20755200
v1_scalar_F2R_Q3M_C2R_P2,20640400
v1_scalar_F2R_Q3M_C2R_P2,20194600
v1_scalar_F2R_Q3M_C2R_P2,20831800
v1_scalar_F2R_Q3M_C2R_P2,21909500
v1_scalar_F2R_Q3M_C2R_P2,21125700
v1_scalar_F2R_Q3M_C2R_P2,21099200
v1_scalar_F2R_Q3M_C2R_P2,20477000
v1_scalar_F2R_Q3M_C2R_P2,21257500
v1_scalar_F2R_Q3M_C2R_P2,23020600
v1_scalar_F2R_Q3M_C2R_P2,20831900
v1_scalar_F2R_Q3M_C2R_P2,19918200
v1_scalar_F2R_Q3M_C2R_P2,20450300
v1_scalar_F2R_Q3M_C2R_P2,20741300
v1_scalar_F2R_Q3M_C2X_P2,13873900
v1_scalar_F2R_Q3M_C2X_P2,12495900
v1_scalar_F2R_Q3M_C2X_P2,12871800
v1_scalar_F2R_Q3M_C2X_P2,13102800
v1_scalar_F2R_Q3M_C2X_P2,13742600
v1_scalar_F2R_Q3M_C2X_P2,13080300
v1_scalar_F2R_Q3M_C2X_P2,13038400
v1_scalar_F2R_Q3M_C2X_P2,12782900
v1_scalar_F2R_Q3M_C2X_P2,13816600
v1_scalar_F2R_Q3M_C2X_P2,13641100
v1_scalar_F2R_Q3M_C2X_P2,12951700
v1_scalar_F2R_Q3M_C2X_P2,12904300
v1_scalar_F2R_Q3M_C2X_P2,12891100
v1_scalar_F2R_Q3M_C2X_P2,13030100
v1_scalar_F2R_Q3M_C2X_P2,13882300
v1_scalar_F2R_Q3M_C2X_P2,13253200
v1_scalar_F2R_Q3M_C2X_P2,14507500
v1_scalar_F2R_Q3M_C2X_P2,12975100
v1_scalar_F2R_Q3M_C2X_P2,13718200
v1_scalar_F2R_Q3M_C2X_P2,12636300
v1_scalar_F2R_Q3M_C2X_P2,12908600
v1_scalar_F2R_Q3M_C2X_P2,13211600
v1_scalar_F2R_Q3M_C2X_P2,13300800
v1_scalar_F2R_Q3M_C2X_P2,12444600
v1_scalar_F2R_Q3M_C2X_P2,12938900
v1_scalar_F2R_Q3M_C2X_P2,13158400
v1_scalar_F2R_Q3M_C2X_P2,12817300
v1_scalar_F2R_Q3M_C2X_P2,13057500
v1_scalar_F2R_Q3M_C2X_P2,13040800
v1_scalar_F2R_Q3M_C2X_P2,13259100
v1_scalar_F2R_Q3M_C2X_P2,12822400
v1_scalar_F2R_Q3M_C2X_P2,12913600
v1_scalar_F2R_Q3M_C2X_P2,13056300
v1_scalar_F2R_Q3M_C2X_P2,12842300
v1_scalar_F2R_Q3M_C2X_P2,12553300
v1_scalar_F2R_Q3M_C2X_P2,12302600
v1_scalar_F2R_Q3M_C2X_P2,12468700
v1_scalar_F2R_Q3M_C2X_P2,12860000
v1_scalar_F2R_Q3M_C2X_P2,13011900
v1_scalar_F2R_Q3M_C2X_P2,13824500
v1_scalar_F2R_Q3M_C2X_P2,13409800
v1_scalar_F2R_Q3M_C2X_P2,13879300
v1_scalar_F2R_Q3M_C2X_P2,12505800
v1_scalar_F2R_Q3M_C2X_P2,12662200
v1_scalar_F2R_Q3M_C2X_P2,13028700
v1_scalar_F2R_Q3M_C2X_P2,13661400
v1_scalar_F2R_Q3M_C2X_P2,12933600
v1_scalar_F2R_Q3M_C2X_P2,12633300
v1_scalar_F2R_Q3M_C2X_P2,12371400
v1_scalar_F2R_Q3M_C2X_P2,13039800
v1_scalar_F2R_Q3M_C2X_P2,13147900
v1_scalar_F2R_Q3M_C2X_P2,12695700
v1_scalar_F2R_Q3M_C2X_P2,13347500
v1_scalar_F2R_Q3M_C2X_P2,12510100
v1_scalar_F2R_Q3M_C2X_P2,13097000
v1_scalar_F2R_Q3M_C2X_P2,13265700
v1_scalar_F2R_Q3M_C2X_P2,14129500
v1_scalar_F2R_Q3M_C2X_P2,12603300
v1_scalar_F2R_Q3M_C2X_P2,13161000
v1_scalar_F2R_Q3M_C2X_P2,13405800
v1_scalar_F2R_Q3M_C2X_P2,12908000
v1_scalar_F2R_Q3M_C2X_P2,12940900
v1_scalar_F2R_Q3M_C2X_P2,12961200
v1_scalar_F2R_Q3M_C2X_P2,13241800
v1_scalar_F2R_Q3M_C2X_P2,12746100
v1_scalar_F2R_Q3M_C2X_P2,12922100
v1_scalar_F2R_Q3M_C2X_P2,13152000
v1_scalar_F2R_Q3M_C2X_P2,12837700
v1_scalar_F2R_Q3M_C2X_P2,12610800
v1_scalar_F2R_Q3M_C2X_P2,13990300
v1_scalar_F2R_Q3M_C2X_P2,14047900
v1_scalar_F2R_Q3M_C2X_P2,12935800
v1_scalar_F2R_Q3M_C2X_P2,12877100
v1_scalar_F2R_Q3M_C2X_P2,13709000
v1_scalar_F2R_Q3M_C2X_P2,12748500
v1_scalar_F2R_Q3M_C2X_P2,12599100
v1_scalar_F2R_Q3M_C2X_P2,12721700
v1_scalar_F2R_Q3M_C2X_P2,14203800
v1_scalar_F2R_Q3M_C2X_P2,13037800
v1_scalar_F2R_Q3M_C2X_P2,12493400
v1_scalar_F2R_Q3M_C2X_P2,12425700
v1_scalar_F2R_Q3M_C2X_P2,12913300
v1_scalar_F2R_Q3M_C2X_P2,12522000
v1_scalar_F2R_Q3M_C2X_P2,12641300
v1_scalar_F2R_Q3M_C2X_P2,12834900
v1_scalar_F2R_Q3M_C2X_P2,12579900
v1_scalar_F2R_Q3M_C2X_P2,13590300
v1_scalar_F2R_Q3M_C2X_P2,13134600
v1_scalar_F2R_Q3M_C2X_P2,13017900
v1_scalar_F2R_Q3M_C2X_P2,13811600
v1_scalar_F2R_Q3M_C2X_P2,12864100
v1_scalar_F2R_Q3M_C2X_P2,12847500
v1_scalar_F2R_Q3M_C2X_P2,12911700
v1_scalar_F2R_Q3M_C2X_P2,14037600
v1_scalar_F2R_Q3M_C2X_P2,12988000
v1_scalar_F2R_Q3M_C2X_P2,13068800
v1_scalar_F2R_Q3M_C2X_P2,13867300
v1_scalar_F2R_Q3M_C2X_P2,12652800
v1_scalar_F2R_Q3M_C2X_P2,12984900
v1_scalar_F2R_Q3M_C2X_P2,12899000
v1_scalar_F2R_Q3M_C2X_P2,12963100
v1_scalar_F2R_Q3M_C2X_P2,12891200
v1_scalar_F2R_Q3M_C2X_P2,13349300
v1_scalar_F2R_Q3M_C2X_P2,12591900
v1_scalar_F2R_Q3M_C2X_P2,12882900
v1_scalar_F2R_Q3M_C2X_P2,12944600
v1_scalar_F2R_Q3M_C2X_P2,12609000
v1_scalar_F2R_Q3M_C2X_P2,13001500
v1_scalar_F2R_Q3M_C2X_P2,12885400
v1_scalar_F2R_Q3M_C2X_P2,12584800
v1_scalar_F2R_Q3M_C2X_P2,13113400
v1_scalar_F2R_Q3M_C2X_P2,12598700
v1_scalar_F2R_Q3M_C2X_P2,13127000
v1_scalar_F2R_Q3M_C2X_P2,13235300
v1_scalar_F2R_Q3M_C2X_P2,13802800
v1_scalar_F2R_Q3M_C2X_P2,12807700
v1_scalar_F2R_Q3M_C2X_P2,12727700
v1_scalar_F2R_Q3M_C2X_P2,12702200
v1_scalar_F2R_Q3M_C2X_P2,12702600
v1_scalar_F2R_Q3M_C2X_P2,13165900
v1_scalar_F2R_Q3M_C2X_P2,12703400
v1_scalar_F2R_Q3M_C2X_P2,12788800
v1_scalar_F2R_Q3M_C2X_P2,12556900
v1_scalar_F2R_Q3M_C2X_P2,12666900
v1_scalar_F2R_Q3M_C2X_P2,13399700
v1_scalar_F2R_Q3M_C2X_P2,13235200
v1_scalar_F2R_Q3M_C2X_P2,13363800
v1_scalar_F2R_Q3M_C2X_P2,14287400
v1_scalar_F2R_Q3M_C2X_P2,13364200
v1_scalar_F2R_Q3M_C2X_P2,12717000
v1_scalar_F2R_Q3M_C2X_P2,12937600
v1_scalar_F2R_Q3M_C2X_P2,12690600
v1_scalar_F2R_Q3M_C2X_P2,12888500
v1_scalar_F2R_Q3M_C2X_P2,12811700
v1_scalar_F2R_Q3M_C2X_P2,12992700
v1_scalar_F2R_Q3M_C2X_P2,12567300
v1_scalar_F2R_Q3M_C2X_P2,12713700
v1_scalar_F2R_Q3M_C2X_P2,12497800
v1_scalar_F2R_Q3M_C2X_P2,12530100
v1_scalar_F2R_Q3M_C2X_P2,12985400
v1_scalar_F2R_Q3M_C2X_P2,13191900
v1_scalar_F2R_Q3M_C2X_P2,13984100
v1_scalar_F2R_Q3M_C2X_P2,13625900
v1_scalar_F2R_Q3M_C2X_P2,12928300
v1_scalar_F2R_Q3M_C2X_P2,13218800
v1_scalar_F2R_Q3M_C2X_P2,12777400
v1_scalar_F2R_Q3M_C2X_P2,12622200
v1_scalar_F2R_Q3M_C2X_P2,12655500
v1_scalar_F2R_Q3M_C3_P2,11655000
v1_scalar_F2R_Q3M_C3_P2,10979800
v1_scalar_F2R_Q3M_C3_P2,11133500
v1_scalar_F2R_Q3M_C3_P2,11106000
v1_scalar_F2R_Q3M_C3_P2,10982100
v1_scalar_F2R_Q3M_C3_P2,11094900
v1_scalar_F2R_Q3M_C3_P2,11162800
v1_scalar_F2R_Q3M_C3_P2,12165900
v1_scalar_F2R_Q3M_C3_P2,11819200
v1_scalar_F2R_Q3M_C3_P2,11493500
v1_scalar_F2R_Q3M_C3_P2,11010600
v1_scalar_F2R_Q3M_C3_P2,11037300
v1_scalar_F2R_Q3M_C3_P2,11150800
v1_scalar_F2R_Q3M_C3_P2,11254700
v1_scalar_F2R_Q3M_C3_P2,11236800
v1_scalar_F2R_Q3M_C3_P2,11209600
v1_scalar_F2R_Q3M_C3_P2,11336400
v1_scalar_F2R_Q3M_C3_P2,11375700
v1_scalar_F2R_Q3M_C3_P2,11504100
v1_scalar_F2R_Q3M_C3_P2,11554000
v1_scalar_F2R_Q3M_C3_P2,12306300
v1_scalar_F2R_Q3M_C3_P2,11128600
v1_scalar_F2R_Q3M_C3_P2,11470200
v1_scalar_F2R_Q3M_C3_P2,11177400
v1_scalar_F2R_Q3M_C3_P2,11260200
v1_scalar_F2R_Q3M_C3_P2,11262400
v1_scalar_F2R_Q3M_C3_P2,11334800
v1_scalar_F2R_Q3M_C3_P2,11676600
v1_scalar_F2R_Q3M_C3_P2,11035600
v1_scalar_F2R_Q3M_C3_P2,11216800
v1_scalar_F2R_Q3M_C3_P2,12116100
v1_scalar_F2R_Q3M_C3_P2,11029800
v1_scalar_F2R_Q3M_C3_P2,11081000
v1_scalar_F2R_Q3M_C3_P2,11452300
v1_scalar_F2R_Q3M_C3_P2,11465500
v1_scalar_F2R_Q3M_C3_P2,11446600
v1_scalar_F2R_Q3M_C3_P2,11039400
v1_scalar_F2R_Q3M_C3_P2,11286000
v1_scalar_F2R_Q3M_C3_P2,11476400
v1_scalar_F2R_Q3M_C3_P2,11853300
v1_scalar_F2R_Q3M_C3_P2,11615400
v1_scalar_F2R_Q3M_C3_P2,11471700
v1_scalar_F2R_Q3M_C3_P2,11257900
v1_scalar_F2R_Q3M_C3_P2,11270800
v1_scalar_F2R_Q3M_C3_P2,11027000
v1_scalar_F2R_Q3M_C3_P2,11766500
v1_scalar_F2R_Q3M_C3_P2,11140700
v1_scalar_F2R_Q3M_C3_P2,11934700
v1_scalar_F2R_Q3M_C3_P2,11076000
v1_scalar_F2R_Q3M_C3_P2,10939100
v1_scalar_F2R_Q3M_C3_P2,11232500
v1_scalar_F2R_Q3M_C3_P2,11237000
v1_scalar_F2R_Q3M_C3_P2,11288400
v1_scalar_F2R_Q3M_C3_P2,11147500
v1_scalar_F2R_Q3M_C3_P2,11179000
v1_scalar_F2R_Q3M_C3_P2,11087700
v1_scalar_F2R_Q3M_C3_P2,11253600
v1_scalar_F2R_Q3M_C3_P2,11078000
v1_scalar_F2R_Q3M_C3_P2,11019500
v1_scalar_F2R_Q3M_C3_P2,11025200
v1_scalar_F2R_Q3M_C3_P2,10979000
v1_scalar_F2R_Q3M_C3_P2,10948700
v1_scalar_F2R_Q3M_C3_P2,10853300
v1_scalar_F2R_Q3M_C3_P2,11361400
v1_scalar_F2R_Q3M_C3_P2,11225200
v1_scalar_F2R_Q3M_C3_P2,11045700
v1_scalar_F2R_Q3M_C3_P2,11169200
v1_scalar_F2R_Q3M_C3_P2,12046500
v1_scalar_F2R_Q3M_C3_P2,11163600
v1_scalar_F2R_Q3M_C3_P2,11184000
v1_scalar_F2R_Q3M_C3_P2,11093100
v1_scalar_F2R_Q3M_C3_P2,11387300
v1_scalar_F2R_Q3M_C3_P2,11071800
v1_scalar_F2R_Q3M_C3_P2,10973000
v1_scalar_F2R_Q3M_C3_P2,11097400
v1_scalar_F2R_Q3M_C3_P2,11155300
v1_scalar_F2R_Q3M_C3_P2,11146500
v1_scalar_F2R_Q3M_C3_P2,10898200
v1_scalar_F2R_Q3M_C3_P2,11160400
v1_scalar_F2R_Q3M_C3_P2,12375100
v1_scalar_F2R_Q3M_C3_P2,11108800
v1_scalar_F2R_Q3M_C3_P2,11444100
v1_scalar_F2R_Q3M_C3_P2,10975700
v1_scalar_F2R_Q3M_C3_P2,11408200
v1_scalar_F2R_Q3M_C3_P2,11434700
v1_scalar_F2R_Q3M_C3_P2,11388300
v1_scalar_F2R_Q3M_C3_P2,11646000
v1_scalar_F2R_Q3M_C3_P2,11151600
v1_scalar_F2R_Q3M_C3_P2,11390800
v1_scalar_F2R_Q3M_C3_P2,11192100
v1_scalar_F2R_Q3M_C3_P2,11168100
v1_scalar_F2R_Q3M_C3_P2,11354300
v1_scalar_F2R_Q3M_C3_P2,11728300
v1_scalar_F2R_Q3M_C3_P2,11408500
v1_scalar_F2R_Q3M_C3_P2,11230300
v1_scalar_F2R_Q3M_C3_P2,11292000
v1_scalar_F2R_Q3M_C3_P2,11533000
v1_scalar_F2R_Q3M_C3_P2,11406600
v1_scalar_F2R_Q3M_C3_P2,11135700
v1_scalar_F2R_Q3M_C3_P2,11651200
v1_scalar_F2R_Q3M_C3_P2,12148500
v1_scalar_F2R_Q3M_C3_P2,11846600
v1_scalar_F2R_Q3M_C3_P2,11665600
v1_scalar_F2R_Q3M_C3_P2,11186500
v1_scalar_F2R_Q3M_C3_P2,11388900
v1_scalar_F2R_Q3M_C3_P2,11765100
v1_scalar_F2R_Q3M_C3_P2,12489900
v1_scalar_F2R_Q3M_C3_P2,11071500
v1_scalar_F2R_Q3M_C3_P2,11135500
v1_scalar_F2R_Q3M_C3_P2,10994300
v1_scalar_F2R_Q3M_C3_P2,11170700
v1_scalar_F2R_Q3M_C3_P2,11149000
v1_scalar_F2R_Q3M_C3_P2,12660900
v1_scalar_F2R_Q3M_C3_P2,11490200
v1_scalar_F2R_Q3M_C3_P2,11465700
v1_scalar_F2R_Q3M_C3_P2,11498400
v1_scalar_F2R_Q3M_C3_P2,11072100
v1_scalar_F2R_Q3M_C3_P2,10919800
v1_scalar_F2R_Q3M_C3_P2,11365300
v1_scalar_F2R_Q3M_C3_P2,10861000
v1_scalar_F2R_Q3M_C3_P2,11234100
v1_scalar_F2R_Q3M_C3_P2,12064100
v1_scalar_F2R_Q3M_C3_P2,10957900
v1_scalar_F2R_Q3M_C3_P2,11133200
v1_scalar_F2R_Q3M_C3_P2,11176100
v1_scalar_F2R_Q3M_C3_P2,11034500
v1_scalar_F2R_Q3M_C3_P2,11300900
v1_scalar_F2R_Q3M_C3_P2,12240400
v1_scalar_F2R_Q3M_C3_P2,11666500
v1_scalar_F2R_Q3M_C3_P2,11342200
v1_scalar_F2R_Q3M_C3_P2,12175800
v1_scalar_F2R_Q3M_C3_P2,11263900
v1_scalar_F2R_Q3M_C3_P2,11935400
v1_scalar_F2R_Q3M_C3_P2,11246900
v1_scalar_F2R_Q3M_C3_P2,11657700
v1_scalar_F2R_Q3M_C3_P2,11155200
v1_scalar_F2R_Q3M_C3_P2,11259100
v1_scalar_F2R_Q3M_C3_P2,11598000
v1_scalar_F2R_Q3M_C3_P2,11195100
v1_scalar_F2R_Q3M_C3_P2,11310100
v1_scalar_F2R_Q3M_C3_P2,11151200
v1_scalar_F2R_Q3M_C3_P2,11200000
v1_scalar_F2R_Q3M_C3_P2,11040500
v1_scalar_F2R_Q3M_C3_P2,11190000
v1_scalar_F2R_Q3M_C3_P2,11233100
v1_scalar_F2R_Q3M_C3_P2,11088200
v1_scalar_F2R_Q3M_C3_P2,11286400
v1_scalar_F2R_Q3M_C3_P2,11259200
v1_scalar_F2R_Q3M_C3_P2,11703500
v1_scalar_F2R_Q3M_C3_P2,11129400
v1_scalar_F2R_Q3M_C3_P2,11368300
v1_scalar_F2R_Q3M_C3_P2,11271000
v1_scalar_F2R_Q3M_C3_P2,11292800
v1_scalar_F2R_Q3M_C3_P2,11101200
v1_scalar_F2R_Q3M_C3_P2,11246100
v1_scalar_F2R_Q3M_C3_P2,11079200
v1_scalar_F2R_Q3M_C3_P2,11538400
v1_scalar_F2R_Q3M_C3_P2,11220900
v1_scalar_F2R_Q3M_C3_P2,11070000
v1_scalar_F2R_Q3M_C3_P2,11245800
v1_scalar_F2R_Q3M_C3_P2,11976700
v1_scalar_F2R_Q3M_C3_P2,11168600
v1_scalar_F2R_Q3M_C3_P2,11034800
v1_scalar_F2R_Q3M_C3_P2,10935300
v1_scalar_F2R_Q3M_C3_P2,11159200
v1_scalar_F2R_Q3M_C3_P2,11256900
v1_scalar_F2R_Q3M_C3_P2,11086000
v1_scalar_F2R_Q3M_C3_P2,11169500
v1_scalar_F2R_Q3M_C3_P2,11483700
v1_scalar_F2R_Q3M_C3_P2,11570400
v1_scalar_F2R_Q3M_C4F_P2,11388400
v1_scalar_F2R_Q3M_C4F_P2,11442300
v1_scalar_F2R_Q3M_C4F_P2,11296700
v1_scalar_F2R_Q3M_C4F_P2,11652900
v1_scalar_F2R_Q3M_C4F_P2,11358100
v1_scalar_F2R_Q3M_C4F_P2,11139500
v1_scalar_F2R_Q3M_C4F_P2,11135800
v1_scalar_F2R_Q3M_C4F_P2,11784400
v1_scalar_F2R_Q3M_C4F_P2,11883800
v1_scalar_F2R_Q3M_C4F_P2,11691300
v1_scalar_F2R_Q3M_C4F_P2,11593600
v1_scalar_F2R_Q3M_C4F_P2,11180500
v1_scalar_F2R_Q3M_C4F_P2,11354000
v1_scalar_F2R_Q3M_C4F_P2,11340400
v1_scalar_F2R_Q3M_C4F_P2,11225600
v1_scalar_F2R_Q3M_C4F_P2,12240100
v1_scalar_F2R_Q3M_C4F_P2,11547800
v1_scalar_F2R_Q3M_C4F_P2,11983800
v1_scalar_F2R_Q3M_C4F_P2,12063500
v1_scalar_F2R_Q3M_C4F_P2,11418200
v1_scalar_F2R_Q3M_C4F_P2,11311400
v1_scalar_F2R_Q3M_C4F_P2,11404600
v1_scalar_F2R_Q3M_C4F_P2,11481200
v1_scalar_F2R_Q3M_C4F_P2,11278300
v1_scalar_F2R_Q3M_C4F_P2,11219300
v1_scalar_F2R_Q3M_C4F_P2,12321200
v1_scalar_F2R_Q3M_C4F_P2,11356300
v1_scalar_F2R_Q3M_C4F_P2,11284000
v1_scalar_F2R_Q3M_C4F_P2,11400300
v1_scalar_F2R_Q3M_C4F_P2,11834000
v1_scalar_F2R_Q3M_C4F_P2,12494100
v1_scalar_F2R_Q3M_C4F_P2,11521900
v1_scalar_F2R_Q3M_C4F_P2,11795400
v1_scalar_F2R_Q3M_C4F_P2,11261200
v1_scalar_F2R_Q3M_C4F_P2,11625800
v1_scalar_F2R_Q3M_C4F_P2,12127900
v1_scalar_F2R_Q3M_C4F_P2,11338300
v1_scalar_F2R_Q3M_C4F_P2,11483200
v1_scalar_F2R_Q3M_C4F_P2,11448100
v1_scalar_F2R_Q3M_C4F_P2,13081600
v1_scalar_F2R_Q3M_C4F_P2,11393400
v1_scalar_F2R_Q3M_C4F_P2,11754900
v1_scalar_F2R_Q3M_C4F_P2,11285600
v1_scalar_F2R_Q3M_C4F_P2,11726200
v1_scalar_F2R_Q3M_C4F_P2,11674100
v1_scalar_F2R_Q3M_C4F_P2,11504900
v1_scalar_F2R_Q3M_C4F_P2,11383700
v1_scalar_F2R_Q3M_C4F_P2,11105400
v1_scalar_F2R_Q3M_C4F_P2,11086800
v1_scalar_F2R_Q3M_C4F_P2,11307500
v1_scalar_F2R_Q3M_C4F_P2,11302400
v1_scalar_F2R_Q3M_C4F_P2,11047500
v1_scalar_F2R_Q3M_C4F_P2,12364300
v1_scalar_F2R_Q3M_C4F_P2,12135700
v1_scalar_F2R_Q3M_C4F_P2,12058500
v1_scalar_F2R_Q3M_C4F_P2,11283700
v1_scalar_F2R_Q3M_C4F_P2,11142000
v1_scalar_F2R_Q3M_C4F_P2,11733900
v1_scalar_F2R_Q3M_C4F_P2,11203400
v1_scalar_F2R_Q3M_C4F_P2,11989000
v1_scalar_F2R_Q3M_C4F_P2,12510800
v1_scalar_F2R_Q3M_C4F_P2,11383100
v1_scalar_F2R_Q3M_C4F_P2,12003300
v1_scalar_F2R_Q3M_C4F_P2,11369600
v1_scalar_F2R_Q3M_C4F_P2,11515600
v1_scalar_F2R_Q3M_C4F_P2,11347800
v1_scalar_F2R_Q3M_C4F_P2,12097600
v1_scalar_F2R_Q3M_C4F_P2,11590100
v1_scalar_F2R_Q3M_C4F_P2,12393500
v1_scalar_F2R_Q3M_C4F_P2,12397700
v1_scalar_F2R_Q3M_C4F_P2,11584000
v1_scalar_F2R_Q3M_C4F_P2,12333900
v1_scalar_F2R_Q3M_C4F_P2,12301600
v1_scalar_F2R_Q3M_C4F_P2,11734500
v1_scalar_F2R_Q3M_C4F_P2,11745600
v1_scalar_F2R_Q3M_C4F_P2,11498400
v1_scalar_F2R_Q3M_C4F_P2,11540400
v1_scalar_F2R_Q3M_C4F_P2,11578700
v1_scalar_F2R_Q3M_C4F_P2,12135400
v1_scalar_F2R_Q3M_C4F_P2,11377600
v1_scalar_F2R_Q3M_C4F_P2,11461800
v1_scalar_F2R_Q3M_C4F_P2,11931200
v1_scalar_F2R_Q3M_C4F_P2,11689400
v1_scalar_F2R_Q3M_C4F_P2,11269700
v1_scalar_F2R_Q3M_C4F_P2,12348100
v1_scalar_F2R_Q3M_C4F_P2,12544000
v1_scalar_F2R_Q3M_C4F_P2,12699300
v1_scalar_F2R_Q3M_C4F_P2,11978700
v1_scalar_F2R_Q3M_C4F_P2,11706900
v1_scalar_F2R_Q3M_C4F_P2,11312500
v1_scalar_F2R_Q3M_C4F_P2,11334800
v1_scalar_F2R_Q3M_C4F_P2,11532200
v1_scalar_F2R_Q3M_C4F_P2,11276700
v1_scalar_F2R_Q3M_C4F_P2,12267500
v1_scalar_F2R_Q3M_C4F_P2,11549300
v1_scalar_F2R_Q3M_C4F_P2,11700500
v1_scalar_F2R_Q3M_C4F_P2,11409800
v1_scalar_F2R_Q3M_C4F_P2,12406900
v1_scalar_F2R_Q3M_C4F_P2,11208600
v1_scalar_F2R_Q3M_C4F_P2,12259000
v1_scalar_F2R_Q3M_C4F_P2,11344900
v1_scalar_F2R_Q3M_C4F_P2,11843800
v1_scalar_F2R_Q3M_C4F_P2,11799700
v1_scalar_F2R_Q3M_C4F_P2,12386100
v1_scalar_F2R_Q3M_C4F_P2,11399100
v1_scalar_F2R_Q3M_C4F_P2,11847300
v1_scalar_F2R_Q3M_C4F_P2,11559900
v1_scalar_F2R_Q3M_C4F_P2,11706700
v1_scalar_F2R_Q3M_C4F_P2,11373200
v1_scalar_F2R_Q3M_C4F_P2,11473000
v1_scalar_F2R_Q3M_C4F_P2,11301900
v1_scalar_F2R_Q3M_C4F_P2,11358800
v1_scalar_F2R_Q3M_C4F_P2,11058700
v1_scalar_F2R_Q3M_C4F_P2,11153800
v1_scalar_F2R_Q3M_C4F_P2,11258300
v1_scalar_F2R_Q3M_C4F_P2,11869100
v1_scalar_F2R_Q3M_C4F_P2,11599200
v1_scalar_F2R_Q3M_C4F_P2,11621000
v1_scalar_F2R_Q3M_C4F_P2,11476400
v1_scalar_F2R_Q3M_C4F_P2,11222900
v1_scalar_F2R_Q3M_C4F_P2,11312800
v1_scalar_F2R_Q3M_C4F_P2,11096500
v1_scalar_F2R_Q3M_C4F_P2,11329700
v1_scalar_F2R_Q3M_C4F_P2,12747200
v1_scalar_F2R_Q3M_C4F_P2,12014700
v1_scalar_F2R_Q3M_C4F_P2,12030900
v1_scalar_F2R_Q3M_C4F_P2,11954900
v1_scalar_F2R_Q3M_C4F_P2,11523700
v1_scalar_F2R_Q3M_C4F_P2,11433800
v1_scalar_F2R_Q3M_C4F_P2,11495800
v1_scalar_F2R_Q3M_C4F_P2,11643500
v1_scalar_F2R_Q3M_C4F_P2,11640100
v1_scalar_F2R_Q3M_C4F_P2,11355900
v1_scalar_F2R_Q3M_C4F_P2,11360600
v1_scalar_F2R_Q3M_C4F_P2,11619300
v1_scalar_F2R_Q3M_C4F_P2,12368500
v1_scalar_F2R_Q3M_C4F_P2,11423100
v1_scalar_F2R_Q3M_C4F_P2,11822100
v1_scalar_F2R_Q3M_C4F_P2,11187800
v1_scalar_F2R_Q3M_C4F_P2,11513800
v1_scalar_F2R_Q3M_C4F_P2,11281000
v1_scalar_F2R_Q3M_C4F_P2,11311800
v1_scalar_F2R_Q3M_C4F_P2,11503500
v1_scalar_F2R_Q3M_C4F_P2,11560800
v1_scalar_F2R_Q3M_C4F_P2,11428900
v1_scalar_F2R_Q3M_C4F_P2,11404400
v1_scalar_F2R_Q3M_C4F_P2,12204600
v1_scalar_F2R_Q3M_C4F_P2,12221000
v1_scalar_F2R_Q3M_C4F_P2,11675100
v1_scalar_F2R_Q3M_C4F_P2,11735100
v1_scalar_F2R_Q3M_C4F_P2,12220200
v1_scalar_F2R_Q3M_C4F_P2,11254200
v1_scalar_F2R_Q3M_C4F_P2,11705200
v1_scalar_F2R_Q3M_C4F_P2,11426000
v1_scalar_F2R_Q3M_C4F_P2,11794800
v1_scalar_F2R_Q3M_C4F_P2,11729900
v1_scalar_F2R_Q3M_C4F_P2,12702800
v1_scalar_F2R_Q3M_C4F_P2,11573200
v1_scalar_F2R_Q3M_C4F_P2,11379400
v1_scalar_F2R_Q3M_C4F_P2,11473900
v1_scalar_F2R_Q3M_C4F_P2,11620000
v1_scalar_F2R_Q3M_C4F_P2,11682400
v1_scalar_F2R_Q3M_C4F_P2,11492800
v1_scalar_F2R_Q3M_C4F_P2,11454100
v1_scalar_F2R_Q3M_C4F_P2,11847100
v1_scalar_F2R_Q3M_C4M_P2,11495300
v1_scalar_F2R_Q3M_C4M_P2,11882300
v1_scalar_F2R_Q3M_C4M_P2,12261400
v1_scalar_F2R_Q3M_C4M_P2,11663200
v1_scalar_F2R_Q3M_C4M_P2,11988500
v1_scalar_F2R_Q3M_C4M_P2,11898300
v1_scalar_F2R_Q3M_C4M_P2,12099000
v1_scalar_F2R_Q3M_C4M_P2,11642500
v1_scalar_F2R_Q3M_C4M_P2,11727000
v1_scalar_F2R_Q3M_C4M_P2,11671000
v1_scalar_F2R_Q3M_C4M_P2,12255500
v1_scalar_F2R_Q3M_C4M_P2,12288000
v1_scalar_F2R_Q3M_C4M_P2,12904900
v1_scalar_F2R_Q3M_C4M_P2,11947800
v1_scalar_F2R_Q3M_C4M_P2,11630400
v1_scalar_F2R_Q3M_C4M_P2,11841700
v1_scalar_F2R_Q3M_C4M_P2,12043900
v1_scalar_F2R_Q3M_C4M_P2,11541600
v1_scalar_F2R_Q3M_C4M_P2,11934400
v1_scalar_F2R_Q3M_C4M_P2,11829500
v1_scalar_F2R_Q3M_C4M_P2,11805700
v1_scalar_F2R_Q3M_C4M_P2,11594200
v1_scalar_F2R_Q3M_C4M_P2,12318800
v1_scalar_F2R_Q3M_C4M_P2,11741900
v1_scalar_F2R_Q3M_C4M_P2,11575100
v1_scalar_F2R_Q3M_C4M_P2,12313100
v1_scalar_F2R_Q3M_C4M_P2,11869100
v1_scalar_F2R_Q3M_C4M_P2,11882000
v1_scalar_F2R_Q3M_C4M_P2,11758600
v1_scalar_F2R_Q3M_C4M_P2,11504300
v1_scalar_F2R_Q3M_C4M_P2,11919400
v1_scalar_F2R_Q3M_C4M_P2,12155400
v1_scalar_F2R_Q3M_C4M_P2,11862400
v1_scalar_F2R_Q3M_C4M_P2,12125200
v1_scalar_F2R_Q3M_C4M_P2,11818100
v1_scalar_F2R_Q3M_C4M_P2,12033200
v1_scalar_F2R_Q3M_C4M_P2,11633200
v1_scalar_F2R_Q3M_C4M_P2,11673000
v1_scalar_F2R_Q3M_C4M_P2,11601800
v1_scalar_F2R_Q3M_C4M_P2,12223300
v1_scalar_F2R_Q3M_C4M_P2,11937800
v1_scalar_F2R_Q3M_C4M_P2,12750200
v1_scalar_F2R_Q3M_C4M_P2,11998200
v1_scalar_F2R_Q3M_C4M_P2,11588700
v1_scalar_F2R_Q3M_C4M_P2,11581900
v1_scalar_F2R_Q3M_C4M_P2,11754500
v1_scalar_F2R_Q3M_C4M_P2,11794200
v1_scalar_F2R_Q3M_C4M_P2,12157600
v1_scalar_F2R_Q3M_C4M_P2,12679000
v1_scalar_F2R_Q3M_C4M_P2,11715800
v1_scalar_F2R_Q3M_C4M_P2,11820000
v1_scalar_F2R_Q3M_C4M_P2,12450200
v1_scalar_F2R_Q3M_C4M_P2,13153100
v1_scalar_F2R_Q3M_C4M_P2,13090900
v1_scalar_F2R_Q3M_C4M_P2,13082800
v1_scalar_F2R_Q3M_C4M_P2,12056000
v1_scalar_F2R_Q3M_C4M_P2,13146600
v1_scalar_F2R_Q3M_C4M_P2,11874400
v1_scalar_F2R_Q3M_C4M_P2,11930400
v1_scalar_F2R_Q3M_C4M_P2,11634600
v1_scalar_F2R_Q3M_C4M_P2,11675300
v1_scalar_F2R_Q3M_C4M_P2,11915000
v1_scalar_F2R_Q3M_C4M_P2,12302800
v1_scalar_F2R_Q3M_C4M_P2,11997700
v1_scalar_F2R_Q3M_C4M_P2,12435000
v1_scalar_F2R_Q3M_C4M_P2,12069300
v1_scalar_F2R_Q3M_C4M_P2,12831200
v1_scalar_F2R_Q3M_C4M_P2,12473200
v1_scalar_F2R_Q3M_C4M_P2,11965700
v1_scalar_F2R_Q3M_C4M_P2,11814900
v1_scalar_F2R_Q3M_C4M_P2,11711200
v1_scalar_F2R_Q3M_C4M_P2,11627100
v1_scalar_F2R_Q3M_C4M_P2,11942100
v1_scalar_F2R_Q3M_C4M_P2,14299500
v1_scalar_F2R_Q3M_C4M_P2,11646900
v1_scalar_F2R_Q3M_C4M_P2,11548300
v1_scalar_F2R_Q3M_C4M_P2,11701500
v1_scalar_F2R_Q3M_C4M_P2,11765700
v1_scalar_F2R_Q3M_C4M_P2,11649900
v1_scalar_F2R_Q3M_C4M_P2,11789600
v1_scalar_F2R_Q3M_C4M_P2,12055800
v1_scalar_F2R_Q3M_C4M_P2,11896900
v1_scalar_F2R_Q3M_C4M_P2,11775300
v1_scalar_F2R_Q3M_C4M_P2,11917600
v1_scalar_F2R_Q3M_C4M_P2,11830300
v1_scalar_F2R_Q3M_C4M_P2,11777800
v1_scalar_F2R_Q3M_C4M_P2,11881200
v1_scalar_F2R_Q3M_C4M_P2,11892300
v1_scalar_F2R_Q3M_C4M_P2,11954400
v1_scalar_F2R_Q3M_C4M_P2,11760200
v1_scalar_F2R_Q3M_C4M_P2,12173200
v1_scalar_F2R_Q3M_C4M_P2,11949600
v1_scalar_F2R_Q3M_C4M_P2,11760200
v1_scalar_F2R_Q3M_C4M_P2,11739100
v1_scalar_F2R_Q3M_C4M_P2,12255000
v1_scalar_F2R_Q3M_C4M_P2,11602300
v1_scalar_F2R_Q3M_C4M_P2,11611200
v1_scalar_F2R_Q3M_C4M_P2,11673900
v1_scalar_F2R_Q3M_C4M_P2,11849900
v1_scalar_F2R_Q3M_C4M_P2,11692200
v1_scalar_F2R_Q3M_C4M_P2,11655700
v1_scalar_F2R_Q3M_C4M_P2,11648300
v1_scalar_F2R_Q3M_C4M_P2,11734800
v1_scalar_F2R_Q3M_C4M_P2,12009800
v1_scalar_F2R_Q3M_C4M_P2,12039900
v1_scalar_F2R_Q3M_C4M_P2,12241500
v1_scalar_F2R_Q3M_C4M_P2,11643200
v1_scalar_F2R_Q3M_C4M_P2,11765600
v1_scalar_F2R_Q3M_C4M_P2,12780100
v1_scalar_F2R_Q3M_C4M_P2,12000100
v1_scalar_F2R_Q3M_C4M_P2,12392100
v1_scalar_F2R_Q3M_C4M_P2,11759500
v1_scalar_F2R_Q3M_C4M_P2,11831800
v1_scalar_F2R_Q3M_C4M_P2,12146800
v1_scalar_F2R_Q3M_C4M_P2,12119300
v1_scalar_F2R_Q3M_C4M_P2,11808400
v1_scalar_F2R_Q3M_C4M_P2,12604500
v1_scalar_F2R_Q3M_C4M_P2,11529200
v1_scalar_F2R_Q3M_C4M_P2,12078500
v1_scalar_F2R_Q3M_C4M_P2,11992100
v1_scalar_F2R_Q3M_C4M_P2,12381600
v1_scalar_F2R_Q3M_C4M_P2,12654000
v1_scalar_F2R_Q3M_C4M_P2,12044600
v1_scalar_F2R_Q3M_C4M_P2,11748300
v1_scalar_F2R_Q3M_C4M_P2,11752900
v1_scalar_F2R_Q3M_C4M_P2,11756300
v1_scalar_F2R_Q3M_C4M_P2,11507500
v1_scalar_F2R_Q3M_C4M_P2,11566100
v1_scalar_F2R_Q3M_C4M_P2,11864900
v1_scalar_F2R_Q3M_C4M_P2,12060600
v1_scalar_F2R_Q3M_C4M_P2,12069900
v1_scalar_F2R_Q3M_C4M_P2,11687100
v1_scalar_F2R_Q3M_C4M_P2,11533300
v1_scalar_F2R_Q3M_C4M_P2,11544800
v1_scalar_F2R_Q3M_C4M_P2,11725700
v1_scalar_F2R_Q3M_C4M_P2,11987200
v1_scalar_F2R_Q3M_C4M_P2,11715100
v1_scalar_F2R_Q3M_C4M_P2,11932500
v1_scalar_F2R_Q3M_C4M_P2,11842200
v1_scalar_F2R_Q3M_C4M_P2,11690000
v1_scalar_F2R_Q3M_C4M_P2,12045200
v1_scalar_F2R_Q3M_C4M_P2,11683200
v1_scalar_F2R_Q3M_C4M_P2,11842000
v1_scalar_F2R_Q3M_C4M_P2,12530700
v1_scalar_F2R_Q3M_C4M_P2,11658700
v1_scalar_F2R_Q3M_C4M_P2,11635200
v1_scalar_F2R_Q3M_C4M_P2,12089500
v1_scalar_F2R_Q3M_C4M_P2,11974100
v1_scalar_F2R_Q3M_C4M_P2,12971300
v1_scalar_F2R_Q3M_C4M_P2,11931900
v1_scalar_F2R_Q3M_C4M_P2,11463000
v1_scalar_F2R_Q3M_C4M_P2,11650700
v1_scalar_F2R_Q3M_C4M_P2,11698900
v1_scalar_F2R_Q3M_C4M_P2,12933200
v1_scalar_F2R_Q3M_C4M_P2,11976900
v1_scalar_F2R_Q3M_C4M_P2,11824700
v1_scalar_F2R_Q3M_C4M_P2,12042500
v1_scalar_F2R_Q3M_C4M_P2,11992300
v1_scalar_F2R_Q3M_C4M_P2,11946900
v1_scalar_F2R_Q3M_C4M_P2,12094700
v1_scalar_F2R_Q3M_C4M_P2,12484100
v1_scalar_F2R_Q4F_C1R_P2,111272900
v1_scalar_F2R_Q4F_C1R_P2,109867900
v1_scalar_F2R_Q4F_C1R_P2,108546100
v1_scalar_F2R_Q4F_C1R_P2,113894600
v1_scalar_F2R_Q4F_C1R_P2,115710800
v1_scalar_F2R_Q4F_C1R_P2,110768700
v1_scalar_F2R_Q4F_C1R_P2,114069500
v1_scalar_F2R_Q4F_C1R_P2,135436800
v1_scalar_F2R_Q4F_C1R_P2,117808500
v1_scalar_F2R_Q4F_C1R_P2,109209600
v1_scalar_F2R_Q4F_C1R_P2,112020500
v1_scalar_F2R_Q4F_C1R_P2,112589100
v1_scalar_F2R_Q4F_C1R_P2,108282500
v1_scalar_F2R_Q4F_C1R_P2,112643500
v1_scalar_F2R_Q4F_C1R_P2,112432700
v1_scalar_F2R_Q4F_C1R_P2,110791900
v1_scalar_F2R_Q4F_C1R_P2,110996400
v1_scalar_F2R_Q4F_C1R_P2,111238500
v1_scalar_F2R_Q4F_C1R_P2,111560100
v1_scalar_F2R_Q4F_C1X_P2,74303600
v1_scalar_F2R_Q4F_C1X_P2,74594300
v1_scalar_F2R_Q4F_C1X_P2,74431600
v1_scalar_F2R_Q4F_C1X_P2,74811600
v1_scalar_F2R_Q4F_C1X_P2,77102400
v1_scalar_F2R_Q4F_C1X_P2,77960800
v1_scalar_F2R_Q4F_C1X_P2,75715100
v1_scalar_F2R_Q4F_C1X_P2,75854300
v1_scalar_F2R_Q4F_C1X_P2,73761100
v1_scalar_F2R_Q4F_C1X_P2,73553600
v1_scalar_F2R_Q4F_C1X_P2,76228600
v1_scalar_F2R_Q4F_C1X_P2,78869900
v1_scalar_F2R_Q4F_C1X_P2,73578300
v1_scalar_F2R_Q4F_C1X_P2,73294600
v1_scalar_F2R_Q4F_C1X_P2,76515300
v1_scalar_F2R_Q4F_C1X_P2,73551300
v1_scalar_F2R_Q4F_C1X_P2,76877800
v1_scalar_F2R_Q4F_C1X_P2,75161900
v1_scalar_F2R_Q4F_C1X_P2,74772000
v1_scalar_F2R_Q4F_C1X_P2,74156700
v1_scalar_F2R_Q4F_C1X_P2,74662200
v1_scalar_F2R_Q4F_C1X_P2,73386900
v1_scalar_F2R_Q4F_C1X_P2,72874800
v1_scalar_F2R_Q4F_C1X_P2,74312900
v1_scalar_F2R_Q4F_C1X_P2,73756200
v1_scalar_F2R_Q4F_C1X_P2,74505200
v1_scalar_F2R_Q4F_C1X_P2,75615200
v1_scalar_F2R_Q4F_C2R_P2,93854000
v1_scalar_F2R_Q4F_C2R_P2,93326700
v1_scalar_F2R_Q4F_C2R_P2,96737100
v1_scalar_F2R_Q4F_C2R_P2,93609700
v1_scalar_F2R_Q4F_C2R_P2,98457400
v1_scalar_F2R_Q4F_C2R_P2,97650700
v1_scalar_F2R_Q4F_C2R_P2,95097700
v1_scalar_F2R_Q4F_C2R_P2,94191300
v1_scalar_F2R_Q4F_C2R_P2,98695500
v1_scalar_F2R_Q4F_C2R_P2,91971900
v1_scalar_F2R_Q4F_C2R_P2,95323600
v1_scalar_F2R_Q4F_C2R_P2,94417200
v1_scalar_F2R_Q4F_C2R_P2,96196600
v1_scalar_F2R_Q4F_C2R_P2,94763300
v1_scalar_F2R_Q4F_C2R_P2,94013100
v1_scalar_F2R_Q4F_C2R_P2,99257600
v1_scalar_F2R_Q4F_C2R_P2,95729100
v1_scalar_F2R_Q4F_C2R_P2,95401800
v1_scalar_F2R_Q4F_C2R_P2,96448600
v1_scalar_F2R_Q4F_C2R_P2,96389800
v1_scalar_F2R_Q4F_C2R_P2,94410000
v1_scalar_F2R_Q4F_C2R_P2,95481300
v1_scalar_F2R_Q4F_C2X_P2,67250100
v1_scalar_F2R_Q4F_C2X_P2,66288500
v1_scalar_F2R_Q4F_C2X_P2,67730400
v1_scalar_F2R_Q4F_C2X_P2,65174600
v1_scalar_F2R_Q4F_C2X_P2,66893000
v1_scalar_F2R_Q4F_C2X_P2,65899700
v1_scalar_F2R_Q4F_C2X_P2,67334700
v1_scalar_F2R_Q4F_C2X_P2,68046200
v1_scalar_F2R_Q4F_C2X_P2,67917500
v1_scalar_F2R_Q4F_C2X_P2,66068700
v1_scalar_F2R_Q4F_C2X_P2,66036400
v1_scalar_F2R_Q4F_C2X_P2,68380800
v1_scalar_F2R_Q4F_C2X_P2,67879400
v1_scalar_F2R_Q4F_C2X_P2,66436800
v1_scalar_F2R_Q4F_C2X_P2,66965700
v1_scalar_F2R_Q4F_C2X_P2,66838200
v1_scalar_F2R_Q4F_C2X_P2,65969100
v1_scalar_F2R_Q4F_C2X_P2,66063900
v1_scalar_F2R_Q4F_C2X_P2,67870900
v1_scalar_F2R_Q4F_C2X_P2,66989800
v1_scalar_F2R_Q4F_C2X_P2,66130900
v1_scalar_F2R_Q4F_C2X_P2,67405500
v1_scalar_F2R_Q4F_C2X_P2,67319000
v1_scalar_F2R_Q4F_C2X_P2,67582800
v1_scalar_F2R_Q4F_C2X_P2,68354900
v1_scalar_F2R_Q4F_C2X_P2,70920700
v1_scalar_F2R_Q4F_C2X_P2,65905800
v1_scalar_F2R_Q4F_C2X_P2,66054800
v1_scalar_F2R_Q4F_C2X_P2,66467200
v1_scalar_F2R_Q4F_C2X_P2,66459100
v1_scalar_F2R_Q4F_C2X_P2,66357000
v1_scalar_F2R_Q4F_C3_P2,55106100
v1_scalar_F2R_Q4F_C3_P2,53957500
v1_scalar_F2R_Q4F_C3_P2,55404300
v1_scalar_F2R_Q4F_C3_P2,53787100
v1_scalar_F2R_Q4F_C3_P2,54645500
v1_scalar_F2R_Q4F_C3_P2,55261600
v1_scalar_F2R_Q4F_C3_P2,54690400
v1_scalar_F2R_Q4F_C3_P2,53821100
v1_scalar_F2R_Q4F_C3_P2,54050100
v1_scalar_F2R_Q4F_C3_P2,55202100
v1_scalar_F2R_Q4F_C3_P2,56350500
v1_scalar_F2R_Q4F_C3_P2,53836000
v1_scalar_F2R_Q4F_C3_P2,55070200
v1_scalar_F2R_Q4F_C3_P2,53069700
v1_scalar_F2R_Q4F_C3_P2,54741000
v1_scalar_F2R_Q4F_C3_P2,53630000
v1_scalar_F2R_Q4F_C3_P2,54792600
v1_scalar_F2R_Q4F_C3_P2,54922600
v1_scalar_F2R_Q4F_C3_P2,54507400
v1_scalar_F2R_Q4F_C3_P2,56992700
v1_scalar_F2R_Q4F_C3_P2,55110600
v1_scalar_F2R_Q4F_C3_P2,54091600
v1_scalar_F2R_Q4F_C3_P2,53358400
v1_scalar_F2R_Q4F_C3_P2,53371500
v1_scalar_F2R_Q4F_C3_P2,54725800
v1_scalar_F2R_Q4F_C3_P2,53517300
v1_scalar_F2R_Q4F_C3_P2,54511200
v1_scalar_F2R_Q4F_C3_P2,56244200
v1_scalar_F2R_Q4F_C3_P2,56061300
v1_scalar_F2R_Q4F_C3_P2,56492200
v1_scalar_F2R_Q4F_C3_P2,56370700
v1_scalar_F2R_Q4F_C3_P2,55209800
v1_scalar_F2R_Q4F_C3_P2,54339800
v1_scalar_F2R_Q4F_C3_P2,53544500
v1_scalar_F2R_Q4F_C3_P2,54418500
v1_scalar_F2R_Q4F_C3_P2,56553700
v1_scalar_F2R_Q4F_C3_P2,54904700
v1_scalar_F2R_Q4F_C4F_P2,56800500
v1_scalar_F2R_Q4F_C4F_P2,54600100
v1_scalar_F2R_Q4F_C4F_P2,55181900
v1_scalar_F2R_Q4F_C4F_P2,54564600
v1_scalar_F2R_Q4F_C4F_P2,54450200
v1_scalar_F2R_Q4F_C4F_P2,55227600
v1_scalar_F2R_Q4F_C4F_P2,56840700
v1_scalar_F2R_Q4F_C4F_P2,55580800
v1_scalar_F2R_Q4F_C4F_P2,57141200
v1_scalar_F2R_Q4F_C4F_P2,55083200
v1_scalar_F2R_Q4F_C4F_P2,54561300
v1_scalar_F2R_Q4F_C4F_P2,54861600
v1_scalar_F2R_Q4F_C4F_P2,54316600
v1_scalar_F2R_Q4F_C4F_P2,54295000
v1_scalar_F2R_Q4F_C4F_P2,54915300
v1_scalar_F2R_Q4F_C4F_P2,55545200
v1_scalar_F2R_Q4F_C4F_P2,55633000
v1_scalar_F2R_Q4F_C4F_P2,57620300
v1_scalar_F2R_Q4F_C4F_P2,54611300
v1_scalar_F2R_Q4F_C4F_P2,54136600
v1_scalar_F2R_Q4F_C4F_P2,55977300
v1_scalar_F2R_Q4F_C4F_P2,54999000
v1_scalar_F2R_Q4F_C4F_P2,53787500
v1_scalar_F2R_Q4F_C4F_P2,56334600
v1_scalar_F2R_Q4F_C4F_P2,54453300
v1_scalar_F2R_Q4F_C4F_P2,57461300
v1_scalar_F2R_Q4F_C4F_P2,55087500
v1_scalar_F2R_Q4F_C4F_P2,56811600
v1_scalar_F2R_Q4F_C4F_P2,55719100
v1_scalar_F2R_Q4F_C4F_P2,56683300
v1_scalar_F2R_Q4F_C4F_P2,55405100
v1_scalar_F2R_Q4F_C4F_P2,56562300
v1_scalar_F2R_Q4F_C4F_P2,55800000
v1_scalar_F2R_Q4F_C4F_P2,56386600
v1_scalar_F2R_Q4F_C4F_P2,57546000
v1_scalar_F2R_Q4F_C4F_P2,55202800
v1_scalar_F2R_Q4F_C4F_P2,54833300
v1_scalar_F2R_Q4F_C4M_P2,57250800
v1_scalar_F2R_Q4F_C4M_P2,57185200
v1_scalar_F2R_Q4F_C4M_P2,58450500
v1_scalar_F2R_Q4F_C4M_P2,58867700
v1_scalar_F2R_Q4F_C4M_P2,58230700
v1_scalar_F2R_Q4F_C4M_P2,57914800
v1_scalar_F2R_Q4F_C4M_P2,56229100
v1_scalar_F2R_Q4F_C4M_P2,57321800
v1_scalar_F2R_Q4F_C4M_P2,57149000
v1_scalar_F2R_Q4F_C4M_P2,56923400
v1_scalar_F2R_Q4F_C4M_P2,57454400
v1_scalar_F2R_Q4F_C4M_P2,57477400
v1_scalar_F2R_Q4F_C4M_P2,56995900
v1_scalar_F2R_Q4F_C4M_P2,56746900
v1_scalar_F2R_Q4F_C4M_P2,55696800
v1_scalar_F2R_Q4F_C4M_P2,58496500
v1_scalar_F2R_Q4F_C4M_P2,58174200
v1_scalar_F2R_Q4F_C4M_P2,55781500
v1_scalar_F2R_Q4F_C4M_P2,57456000
v1_scalar_F2R_Q4F_C4M_P2,55648200
v1_scalar_F2R_Q4F_C4M_P2,59616600
v1_scalar_F2R_Q4F_C4M_P2,58783600
v1_scalar_F2R_Q4F_C4M_P2,57069300
v1_scalar_F2R_Q4F_C4M_P2,55581400
v1_scalar_F2R_Q4F_C4M_P2,58630000
v1_scalar_F2R_Q4F_C4M_P2,56523100
v1_scalar_F2R_Q4F_C4M_P2,57764200
v1_scalar_F2R_Q4F_C4M_P2,56397400
v1_scalar_F2R_Q4F_C4M_P2,55769500
v1_scalar_F2R_Q4F_C4M_P2,56620100
v1_scalar_F2R_Q4F_C4M_P2,55851200
v1_scalar_F2R_Q4F_C4M_P2,56642200
v1_scalar_F2R_Q4F_C4M_P2,58838400
v1_scalar_F2R_Q4F_C4M_P2,56304200
v1_scalar_F2R_Q4F_C4M_P2,55689800
v1_scalar_F2R_Q4M_C1R_P2,117961900
v1_scalar_F2R_Q4M_C1R_P2,120372000
v1_scalar_F2R_Q4M_C1R_P2,120749300
v1_scalar_F2R_Q4M_C1R_P2,116896900
v1_scalar_F2R_Q4M_C1R_P2,115141100
v1_scalar_F2R_Q4M_C1R_P2,118598700
v1_scalar_F2R_Q4M_C1R_P2,118157400
v1_scalar_F2R_Q4M_C1R_P2,116436800
v1_scalar_F2R_Q4M_C1R_P2,117867100
v1_scalar_F2R_Q4M_C1R_P2,116832100
v1_scalar_F2R_Q4M_C1R_P2,118660600
v1_scalar_F2R_Q4M_C1R_P2,117861000
v1_scalar_F2R_Q4M_C1R_P2,119976800
v1_scalar_F2R_Q4M_C1R_P2,119594400
v1_scalar_F2R_Q4M_C1R_P2,116530300
v1_scalar_F2R_Q4M_C1R_P2,118413100
v1_scalar_F2R_Q4M_C1R_P2,117201300
v1_scalar_F2R_Q4M_C1R_P2,116938900
v1_scalar_F2R_Q4M_C1X_P2,84198800
v1_scalar_F2R_Q4M_C1X_P2,82514700
v1_scalar_F2R_Q4M_C1X_P2,83141300
v1_scalar_F2R_Q4M_C1X_P2,82638400
v1_scalar_F2R_Q4M_C1X_P2,83288200
v1_scalar_F2R_Q4M_C1X_P2,83077500
v1_scalar_F2R_Q4M_C1X_P2,85356800
v1_scalar_F2R_Q4M_C1X_P2,81671200
v1_scalar_F2R_Q4M_C1X_P2,82579700
v1_scalar_F2R_Q4M_C1X_P2,82685500
v1_scalar_F2R_Q4M_C1X_P2,83387500
v1_scalar_F2R_Q4M_C1X_P2,84199100
v1_scalar_F2R_Q4M_C1X_P2,83314700
v1_scalar_F2R_Q4M_C1X_P2,83240000
v1_scalar_F2R_Q4M_C1X_P2,83053000
v1_scalar_F2R_Q4M_C1X_P2,84615800
v1_scalar_F2R_Q4M_C1X_P2,82884200
v1_scalar_F2R_Q4M_C1X_P2,80892300
v1_scalar_F2R_Q4M_C1X_P2,85661400
v1_scalar_F2R_Q4M_C1X_P2,82725800
v1_scalar_F2R_Q4M_C1X_P2,83659700
v1_scalar_F2R_Q4M_C1X_P2,83234100
v1_scalar_F2R_Q4M_C1X_P2,83024100
v1_scalar_F2R_Q4M_C1X_P2,82733200
v1_scalar_F2R_Q4M_C1X_P2,84042500
v1_scalar_F2R_Q4M_C2R_P2,99663100
v1_scalar_F2R_Q4M_C2R_P2,101252100
v1_scalar_F2R_Q4M_C2R_P2,100648100
v1_scalar_F2R_Q4M_C2R_P2,99911500
v1_scalar_F2R_Q4M_C2R_P2,100987300
v1_scalar_F2R_Q4M_C2R_P2,101198800
v1_scalar_F2R_Q4M_C2R_P2,101922600
v1_scalar_F2R_Q4M_C2R_P2,103935400
v1_scalar_F2R_Q4M_C2R_P2,101791300
v1_scalar_F2R_Q4M_C2R_P2,101043300
v1_scalar_F2R_Q4M_C2R_P2,100909100
v1_scalar_F2R_Q4M_C2R_P2,101242700
v1_scalar_F2R_Q4M_C2R_P2,102004400
v1_scalar_F2R_Q4M_C2R_P2,98602400
v1_scalar_F2R_Q4M_C2R_P2,99694300
v1_scalar_F2R_Q4M_C2R_P2,101948800
v1_scalar_F2R_Q4M_C2R_P2,100835400
v1_scalar_F2R_Q4M_C2R_P2,99705800
v1_scalar_F2R_Q4M_C2R_P2,98795300
v1_scalar_F2R_Q4M_C2R_P2,100449700
v1_scalar_F2R_Q4M_C2R_P2,100263100
v1_scalar_F2R_Q4M_C2X_P2,75396700
v1_scalar_F2R_Q4M_C2X_P2,75871500
v1_scalar_F2R_Q4M_C2X_P2,74864100
v1_scalar_F2R_Q4M_C2X_P2,72857300
v1_scalar_F2R_Q4M_C2X_P2,73529600
v1_scalar_F2R_Q4M_C2X_P2,74421100
v1_scalar_F2R_Q4M_C2X_P2,74681000
v1_scalar_F2R_Q4M_C2X_P2,73755500
v1_scalar_F2R_Q4M_C2X_P2,74218200
v1_scalar_F2R_Q4M_C2X_P2,74179900
v1_scalar_F2R_Q4M_C2X_P2,73497400
v1_scalar_F2R_Q4M_C2X_P2,73963500
v1_scalar_F2R_Q4M_C2X_P2,74852100
v1_scalar_F2R_Q4M_C2X_P2,77488300
v1_scalar_F2R_Q4M_C2X_P2,74765400
v1_scalar_F2R_Q4M_C2X_P2,74235400
v1_scalar_F2R_Q4M_C2X_P2,75389900
v1_scalar_F2R_Q4M_C2X_P2,76557800
v1_scalar_F2R_Q4M_C2X_P2,74270500
v1_scalar_F2R_Q4M_C2X_P2,75768400
v1_scalar_F2R_Q4M_C2X_P2,74255700
v1_scalar_F2R_Q4M_C2X_P2,76020200
v1_scalar_F2R_Q4M_C2X_P2,76700500
v1_scalar_F2R_Q4M_C2X_P2,74176800
v1_scalar_F2R_Q4M_C2X_P2,75004500
v1_scalar_F2R_Q4M_C2X_P2,77031800
v1_scalar_F2R_Q4M_C2X_P2,75135300
v1_scalar_F2R_Q4M_C3_P2,63466500
v1_scalar_F2R_Q4M_C3_P2,61873700
v1_scalar_F2R_Q4M_C3_P2,61818800
v1_scalar_F2R_Q4M_C3_P2,65744000
v1_scalar_F2R_Q4M_C3_P2,62062400
v1_scalar_F2R_Q4M_C3_P2,63968400
v1_scalar_F2R_Q4M_C3_P2,61914800
v1_scalar_F2R_Q4M_C3_P2,63342000
v1_scalar_F2R_Q4M_C3_P2,62731600
v1_scalar_F2R_Q4M_C3_P2,62549000
v1_scalar_F2R_Q4M_C3_P2,63719800
v1_scalar_F2R_Q4M_C3_P2,63637700
v1_scalar_F2R_Q4M_C3_P2,62402800
v1_scalar_F2R_Q4M_C3_P2,64072200
v1_scalar_F2R_Q4M_C3_P2,63420900
v1_scalar_F2R_Q4M_C3_P2,63430700
v1_scalar_F2R_Q4M_C3_P2,62020100
v1_scalar_F2R_Q4M_C3_P2,62398900
v1_scalar_F2R_Q4M_C3_P2,65761000
v1_scalar_F2R_Q4M_C3_P2,63999400
v1_scalar_F2R_Q4M_C3_P2,64105200
v1_scalar_F2R_Q4M_C3_P2,64745400
v1_scalar_F2R_Q4M_C3_P2,65423800
v1_scalar_F2R_Q4M_C3_P2,63616100
v1_scalar_F2R_Q4M_C3_P2,61934800
v1_scalar_F2R_Q4M_C3_P2,63211200
v1_scalar_F2R_Q4M_C3_P2,62984600
v1_scalar_F2R_Q4M_C3_P2,62119100
v1_scalar_F2R_Q4M_C3_P2,64063900
v1_scalar_F2R_Q4M_C3_P2,62788500
v1_scalar_F2R_Q4M_C3_P2,64048400
v1_scalar_F2R_Q4M_C3_P2,62798300
v1_scalar_F2R_Q4M_C4F_P2,63770300
v1_scalar_F2R_Q4M_C4F_P2,64071900
v1_scalar_F2R_Q4M_C4F_P2,62674700
v1_scalar_F2R_Q4M_C4F_P2,63667700
v1_scalar_F2R_Q4M_C4F_P2,62894200
v1_scalar_F2R_Q4M_C4F_P2,65111600
v1_scalar_F2R_Q4M_C4F_P2,65329000
v1_scalar_F2R_Q4M_C4F_P2,63947500
v1_scalar_F2R_Q4M_C4F_P2,63103100
v1_scalar_F2R_Q4M_C4F_P2,64771400
v1_scalar_F2R_Q4M_C4F_P2,64840300
v1_scalar_F2R_Q4M_C4F_P2,65339100
v1_scalar_F2R_Q4M_C4F_P2,64717700
v1_scalar_F2R_Q4M_C4F_P2,63266700
v1_scalar_F2R_Q4M_C4F_P2,65638500
v1_scalar_F2R_Q4M_C4F_P2,66659700
v1_scalar_F2R_Q4M_C4F_P2,62820600
v1_scalar_F2R_Q4M_C4F_P2,66279900
v1_scalar_F2R_Q4M_C4F_P2,64192400
v1_scalar_F2R_Q4M_C4F_P2,64632900
v1_scalar_F2R_Q4M_C4F_P2,63826700
v1_scalar_F2R_Q4M_C4F_P2,64337500
v1_scalar_F2R_Q4M_C4F_P2,63150900
v1_scalar_F2R_Q4M_C4F_P2,62709500
v1_scalar_F2R_Q4M_C4F_P2,62249500
v1_scalar_F2R_Q4M_C4F_P2,61720400
v1_scalar_F2R_Q4M_C4F_P2,64037900
v1_scalar_F2R_Q4M_C4F_P2,64665300
v1_scalar_F2R_Q4M_C4F_P2,64544600
v1_scalar_F2R_Q4M_C4F_P2,62449300
v1_scalar_F2R_Q4M_C4F_P2,63446600
v1_scalar_F2R_Q4M_C4F_P2,63706900
v1_scalar_F2R_Q4M_C4M_P2,65573400
v1_scalar_F2R_Q4M_C4M_P2,64432100
v1_scalar_F2R_Q4M_C4M_P2,65756400
v1_scalar_F2R_Q4M_C4M_P2,65683700
v1_scalar_F2R_Q4M_C4M_P2,65234900
v1_scalar_F2R_Q4M_C4M_P2,68057900
v1_scalar_F2R_Q4M_C4M_P2,66238700
v1_scalar_F2R_Q4M_C4M_P2,68265300
v1_scalar_F2R_Q4M_C4M_P2,67618400
v1_scalar_F2R_Q4M_C4M_P2,66266800
v1_scalar_F2R_Q4M_C4M_P2,65607900
v1_scalar_F2R_Q4M_C4M_P2,65710000
v1_scalar_F2R_Q4M_C4M_P2,65540500
v1_scalar_F2R_Q4M_C4M_P2,64399900
v1_scalar_F2R_Q4M_C4M_P2,66397800
v1_scalar_F2R_Q4M_C4M_P2,66431100
v1_scalar_F2R_Q4M_C4M_P2,64887900
v1_scalar_F2R_Q4M_C4M_P2,64608900
v1_scalar_F2R_Q4M_C4M_P2,64308300
v1_scalar_F2R_Q4M_C4M_P2,64167600
v1_scalar_F2R_Q4M_C4M_P2,66003200
v1_scalar_F2R_Q4M_C4M_P2,64000700
v1_scalar_F2R_Q4M_C4M_P2,64710600
v1_scalar_F2R_Q4M_C4M_P2,67544500
v1_scalar_F2R_Q4M_C4M_P2,66224100
v1_scalar_F2R_Q4M_C4M_P2,65466900
v1_scalar_F2R_Q4M_C4M_P2,65434300
v1_scalar_F2R_Q4M_C4M_P2,66550000
v1_scalar_F2R_Q4M_C4M_P2,65778600
v1_scalar_F2R_Q4M_C4M_P2,64276000
v1_scalar_F2R_Q4M_C4M_P2,65312200
v1_scalar_F2X_Q1_C1R_P2,120942900
v1_scalar_F2X_Q1_C1R_P2,118354200
v1_scalar_F2X_Q1_C1R_P2,119787700
v1_scalar_F2X_Q1_C1R_P2,116230400
v1_scalar_F2X_Q1_C1R_P2,120454300
v1_scalar_F2X_Q1_C1R_P2,120832800
v1_scalar_F2X_Q1_C1R_P2,120455900
v1_scalar_F2X_Q1_C1R_P2,122600100
v1_scalar_F2X_Q1_C1R_P2,121072700
v1_scalar_F2X_Q1_C1R_P2,119489200
v1_scalar_F2X_Q1_C1R_P2,118728500
v1_scalar_F2X_Q1_C1R_P2,115184600
v1_scalar_F2X_Q1_C1R_P2,121631700
v1_scalar_F2X_Q1_C1R_P2,119364600
v1_scalar_F2X_Q1_C1R_P2,119580200
v1_scalar_F2X_Q1_C1R_P2,121180600
v1_scalar_F2X_Q1_C1R_P2,122228400
v1_scalar_F2X_Q1_C1X_P2,57536800
v1_scalar_F2X_Q1_C1X_P2,56473300
v1_scalar_F2X_Q1_C1X_P2,56457700
v1_scalar_F2X_Q1_C1X_P2,57421200
v1_scalar_F2X_Q1_C1X_P2,56897100
v1_scalar_F2X_Q1_C1X_P2,58270200
v1_scalar_F2X_Q1_C1X_P2,55830700
v1_scalar_F2X_Q1_C1X_P2,55004000
v1_scalar_F2X_Q1_C1X_P2,56264800
v1_scalar_F2X_Q1_C1X_P2,56623900
v1_scalar_F2X_Q1_C1X_P2,56467100
v1_scalar_F2X_Q1_C1X_P2,58086600
v1_scalar_F2X_Q1_C1X_P2,59285300
v1_scalar_F2X_Q1_C1X_P2,57434400
v1_scalar_F2X_Q1_C1X_P2,58365400
v1_scalar_F2X_Q1_C1X_P2,55029500
v1_scalar_F2X_Q1_C1X_P2,55680900
v1_scalar_F2X_Q1_C1X_P2,56784800
v1_scalar_F2X_Q1_C1X_P2,57806200
v1_scalar_F2X_Q1_C1X_P2,56215000
v1_scalar_F2X_Q1_C1X_P2,57636200
v1_scalar_F2X_Q1_C1X_P2,55412900
v1_scalar_F2X_Q1_C1X_P2,57660700
v1_scalar_F2X_Q1_C1X_P2,56814200
v1_scalar_F2X_Q1_C1X_P2,56431900
v1_scalar_F2X_Q1_C1X_P2,55148100
v1_scalar_F2X_Q1_C1X_P2,57037800
v1_scalar_F2X_Q1_C1X_P2,55601400
v1_scalar_F2X_Q1_C1X_P2,57642200
v1_scalar_F2X_Q1_C1X_P2,57702300
v1_scalar_F2X_Q1_C1X_P2,55538900
v1_scalar_F2X_Q1_C1X_P2,57426300
v1_scalar_F2X_Q1_C1X_P2,56885100
v1_scalar_F2X_Q1_C1X_P2,55271000
v1_scalar_F2X_Q1_C1X_P2,57493500
v1_scalar_F2X_Q1_C1X_P2,55737700
v1_scalar_F2X_Q1_C2R_P2,105554500
v1_scalar_F2X_Q1_C2R_P2,101945600
v1_scalar_F2X_Q1_C2R_P2,105200800
v1_scalar_F2X_Q1_C2R_P2,107423400
v1_scalar_F2X_Q1_C2R_P2,105855500
v1_scalar_F2X_Q1_C2R_P2,107393700
v1_scalar_F2X_Q1_C2R_P2,105435700
v1_scalar_F2X_Q1_C2R_P2,105749000
v1_scalar_F2X_Q1_C2R_P2,107074000
v1_scalar_F2X_Q1_C2R_P2,105534200
v1_scalar_F2X_Q1_C2R_P2,105279300
v1_scalar_F2X_Q1_C2R_P2,107711900
v1_scalar_F2X_Q1_C2R_P2,107991400
v1_scalar_F2X_Q1_C2R_P2,102518500
v1_scalar_F2X_Q1_C2R_P2,104786700
v1_scalar_F2X_Q1_C2R_P2,104742100
v1_scalar_F2X_Q1_C2R_P2,105227400
v1_scalar_F2X_Q1_C2R_P2,105291100
v1_scalar_F2X_Q1_C2R_P2,102863000
v1_scalar_F2X_Q1_C2R_P2,105101000
v1_scalar_F2X_Q1_C2X_P2,48699400
v1_scalar_F2X_Q1_C2X_P2,47692300
v1_scalar_F2X_Q1_C2X_P2,48822700
v1_scalar_F2X_Q1_C2X_P2,48193000
v1_scalar_F2X_Q1_C2X_P2,47832500
v1_scalar_F2X_Q1_C2X_P2,48813100
v1_scalar_F2X_Q1_C2X_P2,49440100
v1_scalar_F2X_Q1_C2X_P2,49443300
v1_scalar_F2X_Q1_C2X_P2,48192900
v1_scalar_F2X_Q1_C2X_P2,48191900
v1_scalar_F2X_Q1_C2X_P2,48750800
v1_scalar_F2X_Q1_C2X_P2,50190500
v1_scalar_F2X_Q1_C2X_P2,50257400
v1_scalar_F2X_Q1_C2X_P2,49173500
v1_scalar_F2X_Q1_C2X_P2,47941900
v1_scalar_F2X_Q1_C2X_P2,49469500
v1_scalar_F2X_Q1_C2X_P2,50388300
v1_scalar_F2X_Q1_C2X_P2,49139600
v1_scalar_F2X_Q1_C2X_P2,47685700
v1_scalar_F2X_Q1_C2X_P2,47841900
v1_scalar_F2X_Q1_C2X_P2,51106400
v1_scalar_F2X_Q1_C2X_P2,48402000
v1_scalar_F2X_Q1_C2X_P2,47610700
v1_scalar_F2X_Q1_C2X_P2,48703100
v1_scalar_F2X_Q1_C2X_P2,48138100
v1_scalar_F2X_Q1_C2X_P2,48739000
v1_scalar_F2X_Q1_C2X_P2,50560300
v1_scalar_F2X_Q1_C2X_P2,77172900
v1_scalar_F2X_Q1_C2X_P2,53319400
v1_scalar_F2X_Q1_C2X_P2,48661400
v1_scalar_F2X_Q1_C2X_P2,48123600
v1_scalar_F2X_Q1_C2X_P2,50138800
v1_scalar_F2X_Q1_C2X_P2,48536600
v1_scalar_F2X_Q1_C2X_P2,56307600
v1_scalar_F2X_Q1_C2X_P2,49056600
v1_scalar_F2X_Q1_C2X_P2,47489500
v1_scalar_F2X_Q1_C2X_P2,49059200
v1_scalar_F2X_Q1_C2X_P2,49391900
v1_scalar_F2X_Q1_C2X_P2,48244100
v1_scalar_F2X_Q1_C2X_P2,49991300
v1_scalar_F2X_Q1_C3_P2,36538700
v1_scalar_F2X_Q1_C3_P2,38143100
v1_scalar_F2X_Q1_C3_P2,36796200
v1_scalar_F2X_Q1_C3_P2,36903600
v1_scalar_F2X_Q1_C3_P2,36512600
v1_scalar_F2X_Q1_C3_P2,36470300
v1_scalar_F2X_Q1_C3_P2,36543400
v1_scalar_F2X_Q1_C3_P2,38653300
v1_scalar_F2X_Q1_C3_P2,36975600
v1_scalar_F2X_Q1_C3_P2,38523000
v1_scalar_F2X_Q1_C3_P2,39471700
v1_scalar_F2X_Q1_C3_P2,36767800
v1_scalar_F2X_Q1_C3_P2,37467500
v1_scalar_F2X_Q1_C3_P2,37057800
v1_scalar_F2X_Q1_C3_P2,38126600
v1_scalar_F2X_Q1_C3_P2,37676500
v1_scalar_F2X_Q1_C3_P2,37360400
v1_scalar_F2X_Q1_C3_P2,37478500
v1_scalar_F2X_Q1_C3_P2,37455600
v1_scalar_F2X_Q1_C3_P2,36815700
v1_scalar_F2X_Q1_C3_P2,40650800
v1_scalar_F2X_Q1_C3_P2,37639400
v1_scalar_F2X_Q1_C3_P2,38941400
v1_scalar_F2X_Q1_C3_P2,38335200
v1_scalar_F2X_Q1_C3_P2,37261400
v1_scalar_F2X_Q1_C3_P2,36832900
v1_scalar_F2X_Q1_C3_P2,37350800
v1_scalar_F2X_Q1_C3_P2,36293600
v1_scalar_F2X_Q1_C3_P2,37976400
v1_scalar_F2X_Q1_C3_P2,38640900
v1_scalar_F2X_Q1_C3_P2,37632700
v1_scalar_F2X_Q1_C3_P2,37198900
v1_scalar_F2X_Q1_C3_P2,37293700
v1_scalar_F2X_Q1_C3_P2,40345500
v1_scalar_F2X_Q1_C3_P2,37382500
v1_scalar_F2X_Q1_C3_P2,39158000
v1_scalar_F2X_Q1_C3_P2,36290000
v1_scalar_F2X_Q1_C3_P2,37019900
v1_scalar_F2X_Q1_C3_P2,37049500
v1_scalar_F2X_Q1_C3_P2,37624200
v1_scalar_F2X_Q1_C3_P2,37533800
v1_scalar_F2X_Q1_C3_P2,37078300
v1_scalar_F2X_Q1_C3_P2,37529900
v1_scalar_F2X_Q1_C3_P2,38622300
v1_scalar_F2X_Q1_C3_P2,37122500
v1_scalar_F2X_Q1_C3_P2,36883900
v1_scalar_F2X_Q1_C3_P2,38512800
v1_scalar_F2X_Q1_C3_P2,38730700
v1_scalar_F2X_Q1_C3_P2,36891200
v1_scalar_F2X_Q1_C3_P2,37153600
v1_scalar_F2X_Q1_C3_P2,37127000
v1_scalar_F2X_Q1_C3_P2,37291200
v1_scalar_F2X_Q1_C3_P2,37173200
v1_scalar_F2X_Q1_C4F_P2,36875300
v1_scalar_F2X_Q1_C4F_P2,37746500
v1_scalar_F2X_Q1_C4F_P2,36926500
v1_scalar_F2X_Q1_C4F_P2,38574700
v1_scalar_F2X_Q1_C4F_P2,36102900
v1_scalar_F2X_Q1_C4F_P2,35904500
v1_scalar_F2X_Q1_C4F_P2,36111500
v1_scalar_F2X_Q1_C4F_P2,41733500
v1_scalar_F2X_Q1_C4F_P2,39173100
v1_scalar_F2X_Q1_C4F_P2,36062200
v1_scalar_F2X_Q1_C4F_P2,37386600
v1_scalar_F2X_Q1_C4F_P2,36383500
v1_scalar_F2X_Q1_C4F_P2,37885800
v1_scalar_F2X_Q1_C4F_P2,36578600
v1_scalar_F2X_Q1_C4F_P2,37323700
v1_scalar_F2X_Q1_C4F_P2,36361800
v1_scalar_F2X_Q1_C4F_P2,36035500
v1_scalar_F2X_Q1_C4F_P2,36570700
v1_scalar_F2X_Q1_C4F_P2,36071800
v1_scalar_F2X_Q1_C4F_P2,36178900
v1_scalar_F2X_Q1_C4F_P2,36061300
v1_scalar_F2X_Q1_C4F_P2,37358600
v1_scalar_F2X_Q1_C4F_P2,37847700
v1_scalar_F2X_Q1_C4F_P2,37050900
v1_scalar_F2X_Q1_C4F_P2,38125500
v1_scalar_F2X_Q1_C4F_P2,37097400
v1_scalar_F2X_Q1_C4F_P2,36751800
v1_scalar_F2X_Q1_C4F_P2,36092000
v1_scalar_F2X_Q1_C4F_P2,37479000
v1_scalar_F2X_Q1_C4F_P2,38155500
v1_scalar_F2X_Q1_C4F_P2,36458300
v1_scalar_F2X_Q1_C4F_P2,38406900
v1_scalar_F2X_Q1_C4F_P2,36115400
v1_scalar_F2X_Q1_C4F_P2,36600600
v1_scalar_F2X_Q1_C4F_P2,38039100
v1_scalar_F2X_Q1_C4F_P2,39124600
v1_scalar_F2X_Q1_C4F_P2,36213600
v1_scalar_F2X_Q1_C4F_P2,36489300
v1_scalar_F2X_Q1_C4F_P2,37429900
v1_scalar_F2X_Q1_C4F_P2,38593100
v1_scalar_F2X_Q1_C4F_P2,36978900
v1_scalar_F2X_Q1_C4F_P2,35968500
v1_scalar_F2X_Q1_C4F_P2,37675500
v1_scalar_F2X_Q1_C4F_P2,37407300
v1_scalar_F2X_Q1_C4F_P2,38673700
v1_scalar_F2X_Q1_C4F_P2,36352600
v1_scalar_F2X_Q1_C4F_P2,36559200
v1_scalar_F2X_Q1_C4F_P2,38566900
v1_scalar_F2X_Q1_C4F_P2,38011800
v1_scalar_F2X_Q1_C4F_P2,38173500
v1_scalar_F2X_Q1_C4F_P2,36746600
v1_scalar_F2X_Q1_C4F_P2,37237200
v1_scalar_F2X_Q1_C4F_P2,36702400
v1_scalar_F2X_Q1_C4F_P2,36818200
v1_scalar_F2X_Q1_C4M_P2,39703900
v1_scalar_F2X_Q1_C4M_P2,40326700
v1_scalar_F2X_Q1_C4M_P2,41125700
v1_scalar_F2X_Q1_C4M_P2,39433000
v1_scalar_F2X_Q1_C4M_P2,39548300
v1_scalar_F2X_Q1_C4M_P2,41645000
v1_scalar_F2X_Q1_C4M_P2,41344100
v1_scalar_F2X_Q1_C4M_P2,41330800
v1_scalar_F2X_Q1_C4M_P2,40144500
v1_scalar_F2X_Q1_C4M_P2,41078900
v1_scalar_F2X_Q1_C4M_P2,39260300
v1_scalar_F2X_Q1_C4M_P2,39462300
v1_scalar_F2X_Q1_C4M_P2,39857100
v1_scalar_F2X_Q1_C4M_P2,40526800
v1_scalar_F2X_Q1_C4M_P2,41738700
v1_scalar_F2X_Q1_C4M_P2,40356100
v1_scalar_F2X_Q1_C4M_P2,40954000
v1_scalar_F2X_Q1_C4M_P2,41983300
v1_scalar_F2X_Q1_C4M_P2,42147900
v1_scalar_F2X_Q1_C4M_P2,40600100
v1_scalar_F2X_Q1_C4M_P2,41203700
v1_scalar_F2X_Q1_C4M_P2,40889400
v1_scalar_F2X_Q1_C4M_P2,40767500
v1_scalar_F2X_Q1_C4M_P2,41561300
v1_scalar_F2X_Q1_C4M_P2,40180600
v1_scalar_F2X_Q1_C4M_P2,39901700
v1_scalar_F2X_Q1_C4M_P2,41746500
v1_scalar_F2X_Q1_C4M_P2,40096400
v1_scalar_F2X_Q1_C4M_P2,41011800
v1_scalar_F2X_Q1_C4M_P2,39844800
v1_scalar_F2X_Q1_C4M_P2,39411200
v1_scalar_F2X_Q1_C4M_P2,39885600
v1_scalar_F2X_Q1_C4M_P2,39368000
v1_scalar_F2X_Q1_C4M_P2,39666100
v1_scalar_F2X_Q1_C4M_P2,39939600
v1_scalar_F2X_Q1_C4M_P2,39631800
v1_scalar_F2X_Q1_C4M_P2,40065200
v1_scalar_F2X_Q1_C4M_P2,41583000
v1_scalar_F2X_Q1_C4M_P2,40948700
v1_scalar_F2X_Q1_C4M_P2,40282000
v1_scalar_F2X_Q1_C4M_P2,39967100
v1_scalar_F2X_Q1_C4M_P2,39554800
v1_scalar_F2X_Q1_C4M_P2,40230600
v1_scalar_F2X_Q1_C4M_P2,39355200
v1_scalar_F2X_Q1_C4M_P2,39695900
v1_scalar_F2X_Q1_C4M_P2,40111300
v1_scalar_F2X_Q1_C4M_P2,39496600
v1_scalar_F2X_Q1_C4M_P2,39097400
v1_scalar_F2X_Q1_C4M_P2,39383900
v1_scalar_F2X_Q1_C4M_P2,39218400
v1_scalar_F2X_Q2R_C1R_P2,184739600
v1_scalar_F2X_Q2R_C1R_P2,184045900
v1_scalar_F2X_Q2R_C1R_P2,188630200
v1_scalar_F2X_Q2R_C1R_P2,184509100
v1_scalar_F2X_Q2R_C1R_P2,184553700
v1_scalar_F2X_Q2R_C1R_P2,185968600
v1_scalar_F2X_Q2R_C1R_P2,184278500
v1_scalar_F2X_Q2R_C1R_P2,189534600
v1_scalar_F2X_Q2R_C1R_P2,189430200
v1_scalar_F2X_Q2R_C1R_P2,181962400
v1_scalar_F2X_Q2R_C1R_P2,186323300
v1_scalar_F2X_Q2R_C1R_P2,185898900
v1_scalar_F2X_Q2R_C1X_P2,141171400
v1_scalar_F2X_Q2R_C1X_P2,143017900
v1_scalar_F2X_Q2R_C1X_P2,139403000
v1_scalar_F2X_Q2R_C1X_P2,139895900
v1_scalar_F2X_Q2R_C1X_P2,139816400
v1_scalar_F2X_Q2R_C1X_P2,138944400
v1_scalar_F2X_Q2R_C1X_P2,144139300
v1_scalar_F2X_Q2R_C1X_P2,140588200
v1_scalar_F2X_Q2R_C1X_P2,140752800
v1_scalar_F2X_Q2R_C1X_P2,138732900
v1_scalar_F2X_Q2R_C1X_P2,145696800
v1_scalar_F2X_Q2R_C1X_P2,138382500
v1_scalar_F2X_Q2R_C1X_P2,144294100
v1_scalar_F2X_Q2R_C1X_P2,144807200
v1_scalar_F2X_Q2R_C1X_P2,139966600
v1_scalar_F2X_Q2R_C2R_P2,164667600
v1_scalar_F2X_Q2R_C2R_P2,168027200
v1_scalar_F2X_Q2R_C2R_P2,168787700
v1_scalar_F2X_Q2R_C2R_P2,169415500
v1_scalar_F2X_Q2R_C2R_P2,167498200
v1_scalar_F2X_Q2R_C2R_P2,170105100
v1_scalar_F2X_Q2R_C2R_P2,164093800
v1_scalar_F2X_Q2R_C2R_P2,166118300
v1_scalar_F2X_Q2R_C2R_P2,162936200
v1_scalar_F2X_Q2R_C2R_P2,166059000
v1_scalar_F2X_Q2R_C2R_P2,168210800
v1_scalar_F2X_Q2R_C2R_P2,166100100
v1_scalar_F2X_Q2R_C2R_P2,167585900
v1_scalar_F2X_Q2R_C2X_P2,132999600
v1_scalar_F2X_Q2R_C2X_P2,134027900
v1_scalar_F2X_Q2R_C2X_P2,132528800
v1_scalar_F2X_Q2R_C2X_P2,136598600
v1_scalar_F2X_Q2R_C2X_P2,129858500
v1_scalar_F2X_Q2R_C2X_P2,132197500
v1_scalar_F2X_Q2R_C2X_P2,134731500
v1_scalar_F2X_Q2R_C2X_P2,136376100
v1_scalar_F2X_Q2R_C2X_P2,133036000
v1_scalar_F2X_Q2R_C2X_P2,136823700
v1_scalar_F2X_Q2R_C2X_P2,135108600
v1_scalar_F2X_Q2R_C2X_P2,135349400
v1_scalar_F2X_Q2R_C2X_P2,136039600
v1_scalar_F2X_Q2R_C2X_P2,132768400
v1_scalar_F2X_Q2R_C2X_P2,133797900
v1_scalar_F2X_Q2R_C2X_P2,132878500
v1_scalar_F2X_Q2R_C3_P2,116513100
v1_scalar_F2X_Q2R_C3_P2,119000100
v1_scalar_F2X_Q2R_C3_P2,118653000
v1_scalar_F2X_Q2R_C3_P2,116176100
v1_scalar_F2X_Q2R_C3_P2,118484600
v1_scalar_F2X_Q2R_C3_P2,120518100
v1_scalar_F2X_Q2R_C3_P2,124279300
v1_scalar_F2X_Q2R_C3_P2,116573400
v1_scalar_F2X_Q2R_C3_P2,133564400
v1_scalar_F2X_Q2R_C3_P2,123437500
v1_scalar_F2X_Q2R_C3_P2,118668100
v1_scalar_F2X_Q2R_C3_P2,118791300
v1_scalar_F2X_Q2R_C3_P2,118634100
v1_scalar_F2X_Q2R_C3_P2,123102700
v1_scalar_F2X_Q2R_C3_P2,116947700
v1_scalar_F2X_Q2R_C3_P2,116857700
v1_scalar_F2X_Q2R_C3_P2,120794100
v1_scalar_F2X_Q2R_C4F_P2,120333200
v1_scalar_F2X_Q2R_C4F_P2,115254600
v1_scalar_F2X_Q2R_C4F_P2,121174900
v1_scalar_F2X_Q2R_C4F_P2,116373800
v1_scalar_F2X_Q2R_C4F_P2,121927700
v1_scalar_F2X_Q2R_C4F_P2,121549300
v1_scalar_F2X_Q2R_C4F_P2,116560400
v1_scalar_F2X_Q2R_C4F_P2,119103000
v1_scalar_F2X_Q2R_C4F_P2,115189400
v1_scalar_F2X_Q2R_C4F_P2,120676500
v1_scalar_F2X_Q2R_C4F_P2,120812700
v1_scalar_F2X_Q2R_C4F_P2,118999900
v1_scalar_F2X_Q2R_C4F_P2,120434700
v1_scalar_F2X_Q2R_C4F_P2,121375900
v1_scalar_F2X_Q2R_C4F_P2,117469200
v1_scalar_F2X_Q2R_C4F_P2,118212100
v1_scalar_F2X_Q2R_C4F_P2,118567500
v1_scalar_F2X_Q2R_C4M_P2,118766500
v1_scalar_F2X_Q2R_C4M_P2,120005300
v1_scalar_F2X_Q2R_C4M_P2,123151200
v1_scalar_F2X_Q2R_C4M_P2,122830100
v1_scalar_F2X_Q2R_C4M_P2,121874800
v1_scalar_F2X_Q2R_C4M_P2,120409600
v1_scalar_F2X_Q2R_C4M_P2,122388400
v1_scalar_F2X_Q2R_C4M_P2,121628600
v1_scalar_F2X_Q2R_C4M_P2,120001100
v1_scalar_F2X_Q2R_C4M_P2,119564800
v1_scalar_F2X_Q2R_C4M_P2,122794600
v1_scalar_F2X_Q2R_C4M_P2,116030200
v1_scalar_F2X_Q2R_C4M_P2,120517700
v1_scalar_F2X_Q2R_C4M_P2,123549500
v1_scalar_F2X_Q2R_C4M_P2,123098000
v1_scalar_F2X_Q2R_C4M_P2,119636100
v1_scalar_F2X_Q2R_C4M_P2,122283500
v1_scalar_F2X_Q2X_C1R_P2,134188600
v1_scalar_F2X_Q2X_C1R_P2,136334900
v1_scalar_F2X_Q2X_C1R_P2,134230700
v1_scalar_F2X_Q2X_C1R_P2,133821600
v1_scalar_F2X_Q2X_C1R_P2,141608100
v1_scalar_F2X_Q2X_C1R_P2,137645400
v1_scalar_F2X_Q2X_C1R_P2,134057800
v1_scalar_F2X_Q2X_C1R_P2,133948500
v1_scalar_F2X_Q2X_C1R_P2,137384500
v1_scalar_F2X_Q2X_C1R_P2,136282200
v1_scalar_F2X_Q2X_C1R_P2,134635400
v1_scalar_F2X_Q2X_C1R_P2,135758400
v1_scalar_F2X_Q2X_C1R_P2,136924800
v1_scalar_F2X_Q2X_C1R_P2,134604900
v1_scalar_F2X_Q2X_C1R_P2,133366100
v1_scalar_F2X_Q2X_C1R_P2,134657900
v1_scalar_F2X_Q2X_C1X_P2,84835000
v1_scalar_F2X_Q2X_C1X_P2,82064200
v1_scalar_F2X_Q2X_C1X_P2,84917300
v1_scalar_F2X_Q2X_C1X_P2,84700000
v1_scalar_F2X_Q2X_C1X_P2,87012900
v1_scalar_F2X_Q2X_C1X_P2,84392500
v1_scalar_F2X_Q2X_C1X_P2,81875600
v1_scalar_F2X_Q2X_C1X_P2,84712300
v1_scalar_F2X_Q2X_C1X_P2,84341900
v1_scalar_F2X_Q2X_C1X_P2,82694400
v1_scalar_F2X_Q2X_C1X_P2,85729900
v1_scalar_F2X_Q2X_C1X_P2,84388900
v1_scalar_F2X_Q2X_C1X_P2,83466300
v1_scalar_F2X_Q2X_C1X_P2,84283000
v1_scalar_F2X_Q2X_C1X_P2,84683500
v1_scalar_F2X_Q2X_C1X_P2,85260700
v1_scalar_F2X_Q2X_C1X_P2,85237900
v1_scalar_F2X_Q2X_C1X_P2,83432900
v1_scalar_F2X_Q2X_C1X_P2,83405800
v1_scalar_F2X_Q2X_C1X_P2,84801500
v1_scalar_F2X_Q2X_C1X_P2,83522400
v1_scalar_F2X_Q2X_C1X_P2,83144000
v1_scalar_F2X_Q2X_C1X_P2,83561700
v1_scalar_F2X_Q2X_C1X_P2,85305800
v1_scalar_F2X_Q2X_C1X_P2,85319100
v1_scalar_F2X_Q2X_C2R_P2,117219200
v1_scalar_F2X_Q2X_C2R_P2,117989000
v1_scalar_F2X_Q2X_C2R_P2,114702900
v1_scalar_F2X_Q2X_C2R_P2,118150100
v1_scalar_F2X_Q2X_C2R_P2,112895200
v1_scalar_F2X_Q2X_C2R_P2,113592200
v1_scalar_F2X_Q2X_C2R_P2,114820900
v1_scalar_F2X_Q2X_C2R_P2,115444600
v1_scalar_F2X_Q2X_C2R_P2,116091200
v1_scalar_F2X_Q2X_C2R_P2,117849500
v1_scalar_F2X_Q2X_C2R_P2,115583200
v1_scalar_F2X_Q2X_C2R_P2,116276900
v1_scalar_F2X_Q2X_C2R_P2,117238900
v1_scalar_F2X_Q2X_C2R_P2,113969900
v1_scalar_F2X_Q2X_C2R_P2,116311100
v1_scalar_F2X_Q2X_C2R_P2,115795700
v1_scalar_F2X_Q2X_C2R_P2,113248100
v1_scalar_F2X_Q2X_C2R_P2,115574200
v1_scalar_F2X_Q2X_C2X_P2,79347700
v1_scalar_F2X_Q2X_C2X_P2,78181200
v1_scalar_F2X_Q2X_C2X_P2,78404900
v1_scalar_F2X_Q2X_C2X_P2,77782600
v1_scalar_F2X_Q2X_C2X_P2,77497800
v1_scalar_F2X_Q2X_C2X_P2,76631500
v1_scalar_F2X_Q2X_C2X_P2,74095300
v1_scalar_F2X_Q2X_C2X_P2,77214300
v1_scalar_F2X_Q2X_C2X_P2,75048000
v1_scalar_F2X_Q2X_C2X_P2,79310000
v1_scalar_F2X_Q2X_C2X_P2,78787000
v1_scalar_F2X_Q2X_C2X_P2,74276200
v1_scalar_F2X_Q2X_C2X_P2,79997500
v1_scalar_F2X_Q2X_C2X_P2,80537900
v1_scalar_F2X_Q2X_C2X_P2,78102800
v1_scalar_F2X_Q2X_C2X_P2,75515800
v1_scalar_F2X_Q2X_C2X_P2,75378100
v1_scalar_F2X_Q2X_C2X_P2,74397900
v1_scalar_F2X_Q2X_C2X_P2,76841800
v1_scalar_F2X_Q2X_C2X_P2,76464900
v1_scalar_F2X_Q2X_C2X_P2,75082600
v1_scalar_F2X_Q2X_C2X_P2,76845300
v1_scalar_F2X_Q2X_C2X_P2,78209400
v1_scalar_F2X_Q2X_C2X_P2,78956200
v1_scalar_F2X_Q2X_C2X_P2,77950300
v1_scalar_F2X_Q2X_C2X_P2,79777600
v1_scalar_F2X_Q2X_C2X_P2,77163200
v1_scalar_F2X_Q2X_C3_P2,67392400
v1_scalar_F2X_Q2X_C3_P2,68426600
v1_scalar_F2X_Q2X_C3_P2,67000800
v1_scalar_F2X_Q2X_C3_P2,66325200
v1_scalar_F2X_Q2X_C3_P2,66634600
v1_scalar_F2X_Q2X_C3_P2,65156600
v1_scalar_F2X_Q2X_C3_P2,65396500
v1_scalar_F2X_Q2X_C3_P2,67243600
v1_scalar_F2X_Q2X_C3_P2,68519100
v1_scalar_F2X_Q2X_C3_P2,65734800
v1_scalar_F2X_Q2X_C3_P2,70575100
v1_scalar_F2X_Q2X_C3_P2,65478300
v1_scalar_F2X_Q2X_C3_P2,66744700
v1_scalar_F2X_Q2X_C3_P2,68882600
v1_scalar_F2X_Q2X_C3_P2,65410100
v1_scalar_F2X_Q2X_C3_P2,85836700
v1_scalar_F2X_Q2X_C3_P2,87825200
v1_scalar_F2X_Q2X_C3_P2,67112300
v1_scalar_F2X_Q2X_C3_P2,66285900
v1_scalar_F2X_Q2X_C3_P2,67651100
v1_scalar_F2X_Q2X_C3_P2,68859600
v1_scalar_F2X_Q2X_C3_P2,68233500
v1_scalar_F2X_Q2X_C3_P2,66745400
v1_scalar_F2X_Q2X_C3_P2,66410400
v1_scalar_F2X_Q2X_C3_P2,66398800
v1_scalar_F2X_Q2X_C3_P2,66072600
v1_scalar_F2X_Q2X_C3_P2,66450400
v1_scalar_F2X_Q2X_C3_P2,67280900
v1_scalar_F2X_Q2X_C3_P2,68033600
v1_scalar_F2X_Q2X_C3_P2,67812900
v1_scalar_F2X_Q2X_C4F_P2,66663300
v1_scalar_F2X_Q2X_C4F_P2,68008800
v1_scalar_F2X_Q2X_C4F_P2,69137300
v1_scalar_F2X_Q2X_C4F_P2,68842400
v1_scalar_F2X_Q2X_C4F_P2,66631100
v1_scalar_F2X_Q2X_C4F_P2,67526000
v1_scalar_F2X_Q2X_C4F_P2,69242300
v1_scalar_F2X_Q2X_C4F_P2,66992000
v1_scalar_F2X_Q2X_C4F_P2,69264400
v1_scalar_F2X_Q2X_C4F_P2,65327900
v1_scalar_F2X_Q2X_C4F_P2,68074900
v1_scalar_F2X_Q2X_C4F_P2,66291800
v1_scalar_F2X_Q2X_C4F_P2,68094400
v1_scalar_F2X_Q2X_C4F_P2,68065500
v1_scalar_F2X_Q2X_C4F_P2,67125200
v1_scalar_F2X_Q2X_C4F_P2,69283700
v1_scalar_F2X_Q2X_C4F_P2,71941500
v1_scalar_F2X_Q2X_C4F_P2,72595700
v1_scalar_F2X_Q2X_C4F_P2,67540700
v1_scalar_F2X_Q2X_C4F_P2,68919300
v1_scalar_F2X_Q2X_C4F_P2,67759200
v1_scalar_F2X_Q2X_C4F_P2,69101500
v1_scalar_F2X_Q2X_C4F_P2,67590600
v1_scalar_F2X_Q2X_C4F_P2,66959900
v1_scalar_F2X_Q2X_C4F_P2,66864900
v1_scalar_F2X_Q2X_C4F_P2,65778800
v1_scalar_F2X_Q2X_C4F_P2,68451300
v1_scalar_F2X_Q2X_C4F_P2,67248800
v1_scalar_F2X_Q2X_C4F_P2,68502600
v1_scalar_F2X_Q2X_C4F_P2,69266400
v1_scalar_F2X_Q2X_C4M_P2,70714200
v1_scalar_F2X_Q2X_C4M_P2,68741400
v1_scalar_F2X_Q2X_C4M_P2,70592400
v1_scalar_F2X_Q2X_C4M_P2,68738800
v1_scalar_F2X_Q2X_C4M_P2,70185000
v1_scalar_F2X_Q2X_C4M_P2,69299000
v1_scalar_F2X_Q2X_C4M_P2,68678300
v1_scalar_F2X_Q2X_C4M_P2,70723900
v1_scalar_F2X_Q2X_C4M_P2,69986100
v1_scalar_F2X_Q2X_C4M_P2,70438700
v1_scalar_F2X_Q2X_C4M_P2,70719400
v1_scalar_F2X_Q2X_C4M_P2,71349500
v1_scalar_F2X_Q2X_C4M_P2,68810600
v1_scalar_F2X_Q2X_C4M_P2,72607000
v1_scalar_F2X_Q2X_C4M_P2,68180100
v1_scalar_F2X_Q2X_C4M_P2,67443000
v1_scalar_F2X_Q2X_C4M_P2,67367900
v1_scalar_F2X_Q2X_C4M_P2,67828600
v1_scalar_F2X_Q2X_C4M_P2,68867600
v1_scalar_F2X_Q2X_C4M_P2,67472900
v1_scalar_F2X_Q2X_C4M_P2,68245500
v1_scalar_F2X_Q2X_C4M_P2,68804300
v1_scalar_F2X_Q2X_C4M_P2,68381300
v1_scalar_F2X_Q2X_C4M_P2,68050400
v1_scalar_F2X_Q2X_C4M_P2,67436200
v1_scalar_F2X_Q2X_C4M_P2,67783300
v1_scalar_F2X_Q2X_C4M_P2,71162100
v1_scalar_F2X_Q2X_C4M_P2,67947800
v1_scalar_F2X_Q2X_C4M_P2,73445900
v1_scalar_F2X_Q3M_C1R_P2,19179500
v1_scalar_F2X_Q3M_C1R_P2,19572200
v1_scalar_F2X_Q3M_C1R_P2,19125800
v1_scalar_F2X_Q3M_C1R_P2,19424600
v1_scalar_F2X_Q3M_C1R_P2,19531400
v1_scalar_F2X_Q3M_C1R_P2,19505300
v1_scalar_F2X_Q3M_C1R_P2,19193200
v1_scalar_F2X_Q3M_C1R_P2,19234500
v1_scalar_F2X_Q3M_C1R_P2,19120300
v1_scalar_F2X_Q3M_C1R_P2,19363100
v1_scalar_F2X_Q3M_C1R_P2,19642500
v1_scalar_F2X_Q3M_C1R_P2,20294700
v1_scalar_F2X_Q3M_C1R_P2,19560200
v1_scalar_F2X_Q3M_C1R_P2,19500600
v1_scalar_F2X_Q3M_C1R_P2,19331700
v1_scalar_F2X_Q3M_C1R_P2,19330700
v1_scalar_F2X_Q3M_C1R_P2,19998800
v1_scalar_F2X_Q3M_C1R_P2,20243800
v1_scalar_F2X_Q3M_C1R_P2,19810900
v1_scalar_F2X_Q3M_C1R_P2,19492400
v1_scalar_F2X_Q3M_C1R_P2,19753100
v1_scalar_F2X_Q3M_C1R_P2,21148200
v1_scalar_F2X_Q3M_C1R_P2,19592400
v1_scalar_F2X_Q3M_C1R_P2,19995900
v1_scalar_F2X_Q3M_C1R_P2,20120800
v1_scalar_F2X_Q3M_C1R_P2,19942500
v1_scalar_F2X_Q3M_C1R_P2,19436200
v1_scalar_F2X_Q3M_C1R_P2,19442000
v1_scalar_F2X_Q3M_C1R_P2,19458500
v1_scalar_F2X_Q3M_C1R_P2,19142900
v1_scalar_F2X_Q3M_C1R_P2,19418600
v1_scalar_F2X_Q3M_C1R_P2,19551900
v1_scalar_F2X_Q3M_C1R_P2,20099200
v1_scalar_F2X_Q3M_C1R_P2,20007300
v1_scalar_F2X_Q3M_C1R_P2,19518200
v1_scalar_F2X_Q3M_C1R_P2,19157200
v1_scalar_F2X_Q3M_C1R_P2,20365100
v1_scalar_F2X_Q3M_C1R_P2,20421600
v1_scalar_F2X_Q3M_C1R_P2,19590400
v1_scalar_F2X_Q3M_C1R_P2,19176200
v1_scalar_F2X_Q3M_C1R_P2,20832000
v1_scalar_F2X_Q3M_C1R_P2,19900200
v1_scalar_F2X_Q3M_C1R_P2,20522000
v1_scalar_F2X_Q3M_C1R_P2,19958200
v1_scalar_F2X_Q3M_C1R_P2,20508800
v1_scalar_F2X_Q3M_C1R_P2,20278700
v1_scalar_F2X_Q3M_C1R_P2,19730700
v1_scalar_F2X_Q3M_C1R_P2,20661700
v1_scalar_F2X_Q3M_C1R_P2,19214700
v1_scalar_F2X_Q3M_C1R_P2,19698800
v1_scalar_F2X_Q3M_C1R_P2,20957300
v1_scalar_F2X_Q3M_C1R_P2,20532300
v1_scalar_F2X_Q3M_C1R_P2,20309300
v1_scalar_F2X_Q3M_C1R_P2,19552400
v1_scalar_F2X_Q3M_C1R_P2,19685000
v1_scalar_F2X_Q3M_C1R_P2,19180400
v1_scalar_F2X_Q3M_C1R_P2,20259600
v1_scalar_F2X_Q3M_C1R_P2,19866800
v1_scalar_F2X_Q3M_C1R_P2,19341200
v1_scalar_F2X_Q3M_C1R_P2,19532700
v1_scalar_F2X_Q3M_C1R_P2,20052600
v1_scalar_F2X_Q3M_C1R_P2,20176600
v1_scalar_F2X_Q3M_C1R_P2,19970900
v1_scalar_F2X_Q3M_C1R_P2,21119900
v1_scalar_F2X_Q3M_C1R_P2,19842700
v1_scalar_F2X_Q3M_C1R_P2,19524900
v1_scalar_F2X_Q3M_C1R_P2,19850100
v1_scalar_F2X_Q3M_C1R_P2,20105000
v1_scalar_F2X_Q3M_C1R_P2,19184500
v1_scalar_F2X_Q3M_C1R_P2,19701000
v1_scalar_F2X_Q3M_C1R_P2,19422600
v1_scalar_F2X_Q3M_C1R_P2,19701900
v1_scalar_F2X_Q3M_C1R_P2,20317700
v1_scalar_F2X_Q3M_C1R_P2,19282600
v1_scalar_F2X_Q3M_C1R_P2,20237600
v1_scalar_F2X_Q3M_C1R_P2,20509600
v1_scalar_F2X_Q3M_C1R_P2,19198700
v1_scalar_F2X_Q3M_C1R_P2,19601000
v1_scalar_F2X_Q3M_C1R_P2,19396100
v1_scalar_F2X_Q3M_C1R_P2,20350700
v1_scalar_F2X_Q3M_C1R_P2,19248800
v1_scalar_F2X_Q3M_C1R_P2,19335000
v1_scalar_F2X_Q3M_C1R_P2,19703200
v1_scalar_F2X_Q3M_C1R_P2,19321300
v1_scalar_F2X_Q3M_C1R_P2,20431100
v1_scalar_F2X_Q3M_C1R_P2,19923800
v1_scalar_F2X_Q3M_C1R_P2,21814000
v1_scalar_F2X_Q3M_C1R_P2,20660900
v1_scalar_F2X_Q3M_C1R_P2,19526700
v1_scalar_F2X_Q3M_C1R_P2,19655300
v1_scalar_F2X_Q3M_C1R_P2,19496200
v1_scalar_F2X_Q3M_C1R_P2,19637400
v1_scalar_F2X_Q3M_C1R_P2,19173900
v1_scalar_F2X_Q3M_C1R_P2,19312500
v1_scalar_F2X_Q3M_C1R_P2,19708100
v1_scalar_F2X_Q3M_C1R_P2,19718500
v1_scalar_F2X_Q3M_C1R_P2,19389100
v1_scalar_F2X_Q3M_C1R_P2,19521200
v1_scalar_F2X_Q3M_C1R_P2,19574600
v1_scalar_F2X_Q3M_C1R_P2,19355500
v1_scalar_F2X_Q3M_C1R_P2,19655600
v1_scalar_F2X_Q3M_C1X_P2,10163400
v1_scalar_F2X_Q3M_C1X_P2,11059600
v1_scalar_F2X_Q3M_C1X_P2,10166200
v1_scalar_F2X_Q3M_C1X_P2,9887600
v1_scalar_F2X_Q3M_C1X_P2,10004600
v1_scalar_F2X_Q3M_C1X_P2,10238800
v1_scalar_F2X_Q3M_C1X_P2,9995300
v1_scalar_F2X_Q3M_C1X_P2,10023800
v1_scalar_F2X_Q3M_C1X_P2,10069500
v1_scalar_F2X_Q3M_C1X_P2,9714200
v1_scalar_F2X_Q3M_C1X_P2,9799900
v1_scalar_F2X_Q3M_C1X_P2,9884100
v1_scalar_F2X_Q3M_C1X_P2,10755600
v1_scalar_F2X_Q3M_C1X_P2,10000200
v1_scalar_F2X_Q3M_C1X_P2,10105400
v1_scalar_F2X_Q3M_C1X_P2,10087200
v1_scalar_F2X_Q3M_C1X_P2,10048600
v1_scalar_F2X_Q3M_C1X_P2,9816700
v1_scalar_F2X_Q3M_C1X_P2,9842800
v1_scalar_F2X_Q3M_C1X_P2,10065700
v1_scalar_F2X_Q3M_C1X_P2,10940600
v1_scalar_F2X_Q3M_C1X_P2,10191200
v1_scalar_F2X_Q3M_C1X_P2,10387400
v1_scalar_F2X_Q3M_C1X_P2,10000400
v1_scalar_F2X_Q3M_C1X_P2,9965600
v1_scalar_F2X_Q3M_C1X_P2,10300700
v1_scalar_F2X_Q3M_C1X_P2,11241700
v1_scalar_F2X_Q3M_C1X_P2,9996400
v1_scalar_F2X_Q3M_C1X_P2,9818100
v1_scalar_F2X_Q3M_C1X_P2,9693500
v1_scalar_F2X_Q3M_C1X_P2,9706200
v1_scalar_F2X_Q3M_C1X_P2,9656500
v1_scalar_F2X_Q3M_C1X_P2,9782000
v1_scalar_F2X_Q3M_C1X_P2,10255100
v1_scalar_F2X_Q3M_C1X_P2,9915300
v1_scalar_F2X_Q3M_C1X_P2,10044100
v1_scalar_F2X_Q3M_C1X_P2,9686600
v1_scalar_F2X_Q3M_C1X_P2,9681900
v1_scalar_F2X_Q3M_C1X_P2,10066600
v1_scalar_F2X_Q3M_C1X_P2,9962800
v1_scalar_F2X_Q3M_C1X_P2,10553300
v1_scalar_F2X_Q3M_C1X_P2,10164100
v1_scalar_F2X_Q3M_C1X_P2,10018100
v1_scalar_F2X_Q3M_C1X_P2,9695300
v1_scalar_F2X_Q3M_C1X_P2,10054400
v1_scalar_F2X_Q3M_C1X_P2,10097100
v1_scalar_F2X_Q3M_C1X_P2,9975500
v1_scalar_F2X_Q3M_C1X_P2,10137900
v1_scalar_F2X_Q3M_C1X_P2,10339100
v1_scalar_F2X_Q3M_C1X_P2,9933700
v1_scalar_F2X_Q3M_C1X_P2,10172600
v1_scalar_F2X_Q3M_C1X_P2,9864400
v1_scalar_F2X_Q3M_C1X_P2,9827400
v1_scalar_F2X_Q3M_C1X_P2,9770500
v1_scalar_F2X_Q3M_C1X_P2,9698400
v1_scalar_F2X_Q3M_C1X_P2,10114400
v1_scalar_F2X_Q3M_C1X_P2,10371800
v1_scalar_F2X_Q3M_C1X_P2,9853900
v1_scalar_F2X_Q3M_C1X_P2,9868200
v1_scalar_F2X_Q3M_C1X_P2,9767000
v1_scalar_F2X_Q3M_C1X_P2,11125000
v1_scalar_F2X_Q3M_C1X_P2,9764000
v1_scalar_F2X_Q3M_C1X_P2,10078000
v1_scalar_F2X_Q3M_C1X_P2,9859100
v1_scalar_F2X_Q3M_C1X_P2,9719800
v1_scalar_F2X_Q3M_C1X_P2,10130800
v1_scalar_F2X_Q3M_C1X_P2,9759200
v1_scalar_F2X_Q3M_C1X_P2,10174500
v1_scalar_F2X_Q3M_C1X_P2,9970200
v1_scalar_F2X_Q3M_C1X_P2,10216000
v1_scalar_F2X_Q3M_C1X_P2,10448300
v1_scalar_F2X_Q3M_C1X_P2,10037300
v1_scalar_F2X_Q3M_C1X_P2,10628200
v1_scalar_F2X_Q3M_C1X_P2,10454400
v1_scalar_F2X_Q3M_C1X_P2,9924000
v1_scalar_F2X_Q3M_C1X_P2,9857600
v1_scalar_F2X_Q3M_C1X_P2,10033100
v1_scalar_F2X_Q3M_C1X_P2,10368300
v1_scalar_F2X_Q3M_C1X_P2,10064800
v1_scalar_F2X_Q3M_C1X_P2,9836500
v1_scalar_F2X_Q3M_C1X_P2,9795100
v1_scalar_F2X_Q3M_C1X_P2,9795600
v1_scalar_F2X_Q3M_C1X_P2,10544400
v1_scalar_F2X_Q3M_C1X_P2,10086500
v1_scalar_F2X_Q3M_C1X_P2,9921200
v1_scalar_F2X_Q3M_C1X_P2,10264100
v1_scalar_F2X_Q3M_C1X_P2,9896400
v1_scalar_F2X_Q3M_C1X_P2,9982300
v1_scalar_F2X_Q3M_C1X_P2,10362100
v1_scalar_F2X_Q3M_C1X_P2,10221300
v1_scalar_F2X_Q3M_C1X_P2,10239800
v1_scalar_F2X_Q3M_C1X_P2,10089600
v1_scalar_F2X_Q3M_C1X_P2,10056100
v1_scalar_F2X_Q3M_C1X_P2,10022000
v1_scalar_F2X_Q3M_C1X_P2,9715100
v1_scalar_F2X_Q3M_C1X_P2,10417700
v1_scalar_F2X_Q3M_C1X_P2,9854200
v1_scalar_F2X_Q3M_C1X_P2,10327100
v1_scalar_F2X_Q3M_C1X_P2,10068100
v1_scalar_F2X_Q3M_C1X_P2,9780000
v1_scalar_F2X_Q3M_C1X_P2,10296300
v1_scalar_F2X_Q3M_C1X_P2,9993200
v1_scalar_F2X_Q3M_C1X_P2,9989000
v1_scalar_F2X_Q3M_C1X_P2,10341100
v1_scalar_F2X_Q3M_C1X_P2,10297800
v1_scalar_F2X_Q3M_C1X_P2,10059900
v1_scalar_F2X_Q3M_C1X_P2,10264500
v1_scalar_F2X_Q3M_C1X_P2,10012100
v1_scalar_F2X_Q3M_C1X_P2,9976400
v1_scalar_F2X_Q3M_C1X_P2,10147400
v1_scalar_F2X_Q3M_C1X_P2,10303300
v1_scalar_F2X_Q3M_C1X_P2,9830500
v1_scalar_F2X_Q3M_C1X_P2,10043200
v1_scalar_F2X_Q3M_C1X_P2,10108300
v1_scalar_F2X_Q3M_C1X_P2,9885500
v1_scalar_F2X_Q3M_C1X_P2,10412900
v1_scalar_F2X_Q3M_C1X_P2,9768400
v1_scalar_F2X_Q3M_C1X_P2,9670300
v1_scalar_F2X_Q3M_C1X_P2,10277500
v1_scalar_F2X_Q3M_C1X_P2,9925500
v1_scalar_F2X_Q3M_C1X_P2,10024400
v1_scalar_F2X_Q3M_C1X_P2,10289100
v1_scalar_F2X_Q3M_C1X_P2,10378800
v1_scalar_F2X_Q3M_C1X_P2,10289500
v1_scalar_F2X_Q3M_C1X_P2,10517100
v1_scalar_F2X_Q3M_C1X_P2,9761300
v1_scalar_F2X_Q3M_C1X_P2,9975200
v1_scalar_F2X_Q3M_C1X_P2,9918200
v1_scalar_F2X_Q3M_C1X_P2,9971100
v1_scalar_F2X_Q3M_C1X_P2,10176900
v1_scalar_F2X_Q3M_C1X_P2,9771900
v1_scalar_F2X_Q3M_C1X_P2,9653800
v1_scalar_F2X_Q3M_C1X_P2,9692000
v1_scalar_F2X_Q3M_C1X_P2,9764300
v1_scalar_F2X_Q3M_C1X_P2,9651100
v1_scalar_F2X_Q3M_C1X_P2,9883800
v1_scalar_F2X_Q3M_C1X_P2,9948500
v1_scalar_F2X_Q3M_C1X_P2,9682200
v1_scalar_F2X_Q3M_C1X_P2,10356400
v1_scalar_F2X_Q3M_C1X_P2,10105300
v1_scalar_F2X_Q3M_C1X_P2,9715800
v1_scalar_F2X_Q3M_C1X_P2,10023700
v1_scalar_F2X_Q3M_C1X_P2,10221500
v1_scalar_F2X_Q3M_C1X_P2,9946800
v1_scalar_F2X_Q3M_C1X_P2,10056300
v1_scalar_F2X_Q3M_C1X_P2,10551100
v1_scalar_F2X_Q3M_C1X_P2,9973600
v1_scalar_F2X_Q3M_C1X_P2,10079800
v1_scalar_F2X_Q3M_C1X_P2,10292100
v1_scalar_F2X_Q3M_C1X_P2,9801700
v1_scalar_F2X_Q3M_C1X_P2,9760000
v1_scalar_F2X_Q3M_C1X_P2,9807400
v1_scalar_F2X_Q3M_C1X_P2,9721900
v1_scalar_F2X_Q3M_C1X_P2,10279500
v1_scalar_F2X_Q3M_C1X_P2,10232300
v1_scalar_F2X_Q3M_C1X_P2,9809800
v1_scalar_F2X_Q3M_C1X_P2,10236600
v1_scalar_F2X_Q3M_C1X_P2,9900600
v1_scalar_F2X_Q3M_C1X_P2,9964600
v1_scalar_F2X_Q3M_C1X_P2,10417100
v1_scalar_F2X_Q3M_C1X_P2,10071200
v1_scalar_F2X_Q3M_C1X_P2,10084200
v1_scalar_F2X_Q3M_C1X_P2,9942200
v1_scalar_F2X_Q3M_C1X_P2,9887100
v1_scalar_F2X_Q3M_C1X_P2,9905700
v1_scalar_F2X_Q3M_C1X_P2,10056300
v1_scalar_F2X_Q3M_C1X_P2,10146800
v1_scalar_F2X_Q3M_C1X_P2,9995400
v1_scalar_F2X_Q3M_C1X_P2,10030700
v1_scalar_F2X_Q3M_C1X_P2,9950700
v1_scalar_F2X_Q3M_C1X_P2,10268800
v1_scalar_F2X_Q3M_C1X_P2,10203100
v1_scalar_F2X_Q3M_C1X_P2,10160200
v1_scalar_F2X_Q3M_C1X_P2,9741900
v1_scalar_F2X_Q3M_C1X_P2,9717700
v1_scalar_F2X_Q3M_C1X_P2,9859600
v1_scalar_F2X_Q3M_C1X_P2,10923700
v1_scalar_F2X_Q3M_C1X_P2,10210600
v1_scalar_F2X_Q3M_C1X_P2,10282100
v1_scalar_F2X_Q3M_C1X_P2,9775600
v1_scalar_F2X_Q3M_C1X_P2,9920000
v1_scalar_F2X_Q3M_C1X_P2,9841800
v1_scalar_F2X_Q3M_C1X_P2,10227200
v1_scalar_F2X_Q3M_C1X_P2,11020800
v1_scalar_F2X_Q3M_C1X_P2,10016800
v1_scalar_F2X_Q3M_C1X_P2,9903600
v1_scalar_F2X_Q3M_C1X_P2,10527400
v1_scalar_F2X_Q3M_C1X_P2,10249700
v1_scalar_F2X_Q3M_C1X_P2,10027200
v1_scalar_F2X_Q3M_C1X_P2,10321300
v1_scalar_F2X_Q3M_C1X_P2,10257900
v1_scalar_F2X_Q3M_C1X_P2,10277700
v1_scalar_F2X_Q3M_C1X_P2,9961800
v1_scalar_F2X_Q3M_C1X_P2,10282900
v1_scalar_F2X_Q3M_C1X_P2,9917700
v1_scalar_F2X_Q3M_C2R_P2,17255700
v1_scalar_F2X_Q3M_C2R_P2,15737600
v1_scalar_F2X_Q3M_C2R_P2,15970100
v1_scalar_F2X_Q3M_C2R_P2,16932400
v1_scalar_F2X_Q3M_C2R_P2,16134700
v1_scalar_F2X_Q3M_C2R_P2,16399500
v1_scalar_F2X_Q3M_C2R_P2,15887200
v1_scalar_F2X_Q3M_C2R_P2,16163700
v1_scalar_F2X_Q3M_C2R_P2,17828400
v1_scalar_F2X_Q3M_C2R_P2,16392800
v1_scalar_F2X_Q3M_C2R_P2,15963600
v1_scalar_F2X_Q3M_C2R_P2,15858500
v1_scalar_F2X_Q3M_C2R_P2,15917300
v1_scalar_F2X_Q3M_C2R_P2,16010100
v1_scalar_F2X_Q3M_C2R_P2,15846400
v1_scalar_F2X_Q3M_C2R_P2,16215500
v1_scalar_F2X_Q3M_C2R_P2,16349700
v1_scalar_F2X_Q3M_C2R_P2,15715300
v1_scalar_F2X_Q3M_C2R_P2,16089100
v1_scalar_F2X_Q3M_C2R_P2,15816900
v1_scalar_F2X_Q3M_C2R_P2,16139500
v1_scalar_F2X_Q3M_C2R_P2,15689100
v1_scalar_F2X_Q3M_C2R_P2,15912300
v1_scalar_F2X_Q3M_C2R_P2,16115200
v1_scalar_F2X_Q3M_C2R_P2,16038500
v1_scalar_F2X_Q3M_C2R_P2,16057100
v1_scalar_F2X_Q3M_C2R_P2,15953400
v1_scalar_F2X_Q3M_C2R_P2,15859300
v1_scalar_F2X_Q3M_C2R_P2,15908700
v1_scalar_F2X_Q3M_C2R_P2,16689300
v1_scalar_F2X_Q3M_C2R_P2,16106400
v1_scalar_F2X_Q3M_C2R_P2,16094500
v1_scalar_F2X_Q3M_C2R_P2,15833900
v1_scalar_F2X_Q3M_C2R_P2,17252400
v1_scalar_F2X_Q3M_C2R_P2,15868200
v1_scalar_F2X_Q3M_C2R_P2,16417300
v1_scalar_F2X_Q3M_C2R_P2,16098500
v1_scalar_F2X_Q3M_C2R_P2,16029200
v1_scalar_F2X_Q3M_C2R_P2,16216500
v1_scalar_F2X_Q3M_C2R_P2,15994200
v1_scalar_F2X_Q3M_C2R_P2,15918000
v1_scalar_F2X_Q3M_C2R_P2,15966400
v1_scalar_F2X_Q3M_C2R_P2,15969900
v1_scalar_F2X_Q3M_C2R_P2,16168600
v1_scalar_F2X_Q3M_C2R_P2,16538900
v1_scalar_F2X_Q3M_C2R_P2,16546300
v1_scalar_F2X_Q3M_C2R_P2,16428800
v1_scalar_F2X_Q3M_C2R_P2,16247300
v1_scalar_F2X_Q3M_C2R_P2,17122500
v1_scalar_F2X_Q3M_C2R_P2,16201700
v1_scalar_F2X_Q3M_C2R_P2,16227900
v1_scalar_F2X_Q3M_C2R_P2,15949400
v1_scalar_F2X_Q3M_C2R_P2,16249200
v1_scalar_F2X_Q3M_C2R_P2,16134200
v1_scalar_F2X_Q3M_C2R_P2,16232400
v1_scalar_F2X_Q3M_C2R_P2,17182700
v1_scalar_F2X_Q3M_C2R_P2,16497800
v1_scalar_F2X_Q3M_C2R_P2,15942600
v1_scalar_F2X_Q3M_C2R_P2,16244100
v1_scalar_F2X_Q3M_C2R_P2,16864500
v1_scalar_F2X_Q3M_C2R_P2,16204400
v1_scalar_F2X_Q3M_C2R_P2,16085300
v1_scalar_F2X_Q3M_C2R_P2,16165500
v1_scalar_F2X_Q3M_C2R_P2,15957100
v1_scalar_F2X_Q3M_C2R_P2,15915500
v1_scalar_F2X_Q3M_C2R_P2,15671000
v1_scalar_F2X_Q3M_C2R_P2,16174100
v1_scalar_F2X_Q3M_C2R_P2,15860200
v1_scalar_F2X_Q3M_C2R_P2,15994100
v1_scalar_F2X_Q3M_C2R_P2,15902300
v1_scalar_F2X_Q3M_C2R_P2,15930600
v1_scalar_F2X_Q3M_C2R_P2,15728400
v1_scalar_F2X_Q3M_C2R_P2,15980100
v1_scalar_F2X_Q3M_C2R_P2,15869900
v1_scalar_F2X_Q3M_C2R_P2,16070500
v1_scalar_F2X_Q3M_C2R_P2,16301600
v1_scalar_F2X_Q3M_C2R_P2,16013900
v1_scalar_F2X_Q3M_C2R_P2,16177700
v1_scalar_F2X_Q3M_C2R_P2,16126500
v1_scalar_F2X_Q3M_C2R_P2,16301100
v1_scalar_F2X_Q3M_C2R_P2,16476200
v1_scalar_F2X_Q3M_C2R_P2,17788100
v1_scalar_F2X_Q3M_C2R_P2,16050600
v1_scalar_F2X_Q3M_C2R_P2,15895000
v1_scalar_F2X_Q3M_C2R_P2,16291300
v1_scalar_F2X_Q3M_C2R_P2,16497300
v1_scalar_F2X_Q3M_C2R_P2,15927500
v1_scalar_F2X_Q3M_C2R_P2,18864500
v1_scalar_F2X_Q3M_C2R_P2,16675000
v1_scalar_F2X_Q3M_C2R_P2,17727400
v1_scalar_F2X_Q3M_C2R_P2,16018800
v1_scalar_F2X_Q3M_C2R_P2,16196300
v1_scalar_F2X_Q3M_C2R_P2,15834600
v1_scalar_F2X_Q3M_C2R_P2,15777000
v1_scalar_F2X_Q3M_C2R_P2,15879400
v1_scalar_F2X_Q3M_C2R_P2,15919100
v1_scalar_F2X_Q3M_C2R_P2,16769500
v1_scalar_F2X_Q3M_C2R_P2,15896500
v1_scalar_F2X_Q3M_C2R_P2,16130400
v1_scalar_F2X_Q3M_C2R_P2,16278700
v1_scalar_F2X_Q3M_C2R_P2,15925000
v1_scalar_F2X_Q3M_C2R_P2,16065500
v1_scalar_F2X_Q3M_C2R_P2,16063700
v1_scalar_F2X_Q3M_C2R_P2,16237500
v1_scalar_F2X_Q3M_C2R_P2,15877500
v1_scalar_F2X_Q3M_C2R_P2,16011700
v1_scalar_F2X_Q3M_C2R_P2,17167200
v1_scalar_F2X_Q3M_C2R_P2,16005900
v1_scalar_F2X_Q3M_C2R_P2,15937100
v1_scalar_F2X_Q3M_C2R_P2,16066800
v1_scalar_F2X_Q3M_C2R_P2,15942700
v1_scalar_F2X_Q3M_C2R_P2,16552000
v1_scalar_F2X_Q3M_C2R_P2,16156700
v1_scalar_F2X_Q3M_C2R_P2,15620000
v1_scalar_F2X_Q3M_C2R_P2,16280600
v1_scalar_F2X_Q3M_C2R_P2,16059000
v1_scalar_F2X_Q3M_C2R_P2,15878600
v1_scalar_F2X_Q3M_C2R_P2,17029900
v1_scalar_F2X_Q3M_C2R_P2,16055800
v1_scalar_F2X_Q3M_C2R_P2,17229600
v1_scalar_F2X_Q3M_C2R_P2,16219800
v1_scalar_F2X_Q3M_C2X_P2,8720000
v1_scalar_F2X_Q3M_C2X_P2,8717000
v1_scalar_F2X_Q3M_C2X_P2,9126600
v1_scalar_F2X_Q3M_C2X_P2,8722500
v1_scalar_F2X_Q3M_C2X_P2,9114400
v1_scalar_F2X_Q3M_C2X_P2,8812100
v1_scalar_F2X_Q3M_C2X_P2,8799100
v1_scalar_F2X_Q3M_C2X_P2,9406900
v1_scalar_F2X_Q3M_C2X_P2,9785200
v1_scalar_F2X_Q3M_C2X_P2,8828600
v1_scalar_F2X_Q3M_C2X_P2,9068000
v1_scalar_F2X_Q3M_C2X_P2,8928000
v1_scalar_F2X_Q3M_C2X_P2,9074100
v1_scalar_F2X_Q3M_C2X_P2,9107400
v1_scalar_F2X_Q3M_C2X_P2,8780900
v1_scalar_F2X_Q3M_C2X_P2,8883900
v1_scalar_F2X_Q3M_C2X_P2,8959500
v1_scalar_F2X_Q3M_C2X_P2,8976200
v1_scalar_F2X_Q3M_C2X_P2,9076400
v1_scalar_F2X_Q3M_C2X_P2,8927600
v1_scalar_F2X_Q3M_C2X_P2,9123500
v1_scalar_F2X_Q3M_C2X_P2,8836100
v1_scalar_F2X_Q3M_C2X_P2,9110500
v1_scalar_F2X_Q3M_C2X_P2,8859100
v1_scalar_F2X_Q3M_C2X_P2,8902400
v1_scalar_F2X_Q3M_C2X_P2,8905900
v1_scalar_F2X_Q3M_C2X_P2,10072400
v1_scalar_F2X_Q3M_C2X_P2,8982900
v1_scalar_F2X_Q3M_C2X_P2,8623000
v1_scalar_F2X_Q3M_C2X_P2,8979300
v1_scalar_F2X_Q3M_C2X_P2,9188400
v1_scalar_F2X_Q3M_C2X_P2,8880300
v1_scalar_F2X_Q3M_C2X_P2,8901500
v1_scalar_F2X_Q3M_C2X_P2,9036000
v1_scalar_F2X_Q3M_C2X_P2,8874100
v1_scalar_F2X_Q3M_C2X_P2,9375600
v1_scalar_F2X_Q3M_C2X_P2,8767600
v1_scalar_F2X_Q3M_C2X_P2,8806100
v1_scalar_F2X_Q3M_C2X_P2,9393200
v1_scalar_F2X_Q3M_C2X_P2,8902900
v1_scalar_F2X_Q3M_C2X_P2,10081500
v1_scalar_F2X_Q3M_C2X_P2,8993000
v1_scalar_F2X_Q3M_C2X_P2,8841900
v1_scalar_F2X_Q3M_C2X_P2,9501500
v1_scalar_F2X_Q3M_C2X_P2,8909500
v1_scalar_F2X_Q3M_C2X_P2,8791300
v1_scalar_F2X_Q3M_C2X_P2,8930200
v1_scalar_F2X_Q3M_C2X_P2,8801500
v1_scalar_F2X_Q3M_C2X_P2,9497200
v1_scalar_F2X_Q3M_C2X_P2,8841200
v1_scalar_F2X_Q3M_C2X_P2,8970300
v1_scalar_F2X_Q3M_C2X_P2,8947100
v1_scalar_F2X_Q3M_C2X_P2,8687800
v1_scalar_F2X_Q3M_C2X_P2,8627900
v1_scalar_F2X_Q3M_C2X_P2,8965300
v1_scalar_F2X_Q3M_C2X_P2,8940100
v1_scalar_F2X_Q3M_C2X_P2,8949400
v1_scalar_F2X_Q3M_C2X_P2,8753300
v1_scalar_F2X_Q3M_C2X_P2,9094000
v1_scalar_F2X_Q3M_C2X_P2,8811500
v1_scalar_F2X_Q3M_C2X_P2,9221600
v1_scalar_F2X_Q3M_C2X_P2,8644700
v1_scalar_F2X_Q3M_C2X_P2,8687000
v1_scalar_F2X_Q3M_C2X_P2,8925200
v1_scalar_F2X_Q3M_C2X_P2,9099200
v1_scalar_F2X_Q3M_C2X_P2,10647400
v1_scalar_F2X_Q3M_C2X_P2,8969200
v1_scalar_F2X_Q3M_C2X_P2,8958900
v1_scalar_F2X_Q3M_C2X_P2,9194300
v1_scalar_F2X_Q3M_C2X_P2,8671300
v1_scalar_F2X_Q3M_C2X_P2,8667300
v1_scalar_F2X_Q3M_C2X_P2,8773700
v1_scalar_F2X_Q3M_C2X_P2,8804500
v1_scalar_F2X_Q3M_C2X_P2,9088600
v1_scalar_F2X_Q3M_C2X_P2,8658900
v1_scalar_F2X_Q3M_C2X_P2,9004500
v1_scalar_F2X_Q3M_C2X_P2,9019500
v1_scalar_F2X_Q3M_C2X_P2,8795300
v1_scalar_F2X_Q3M_C2X_P2,8962000
v1_scalar_F2X_Q3M_C2X_P2,8731200
v1_scalar_F2X_Q3M_C2X_P2,8949900
v1_scalar_F2X_Q3M_C2X_P2,9113400
v1_scalar_F2X_Q3M_C2X_P2,8884600
v1_scalar_F2X_Q3M_C2X_P2,8932500
v1_scalar_F2X_Q3M_C2X_P2,9101300
v1_scalar_F2X_Q3M_C2X_P2,8706200
v1_scalar_F2X_Q3M_C2X_P2,8949500
v1_scalar_F2X_Q3M_C2X_P2,10105100
v1_scalar_F2X_Q3M_C2X_P2,9097900
v1_scalar_F2X_Q3M_C2X_P2,8795300
v1_scalar_F2X_Q3M_C2X_P2,8846300
v1_scalar_F2X_Q3M_C2X_P2,8662900
v1_scalar_F2X_Q3M_C2X_P2,8992300
v1_scalar_F2X_Q3M_C2X_P2,9273600
v1_scalar_F2X_Q3M_C2X_P2,9144900
v1_scalar_F2X_Q3M_C2X_P2,8861400
v1_scalar_F2X_Q3M_C2X_P2,8966500
v1_scalar_F2X_Q3M_C2X_P2,8918000
v1_scalar_F2X_Q3M_C2X_P2,9690300
v1_scalar_F2X_Q3M_C2X_P2,8816400
v1_scalar_F2X_Q3M_C2X_P2,8906900
v1_scalar_F2X_Q3M_C2X_P2,8877400
v1_scalar_F2X_Q3M_C2X_P2,8804100
v1_scalar_F2X_Q3M_C2X_P2,8649100
v1_scalar_F2X_Q3M_C2X_P2,8800000
v1_scalar_F2X_Q3M_C2X_P2,8604200
v1_scalar_F2X_Q3M_C2X_P2,8990800
v1_scalar_F2X_Q3M_C2X_P2,8842900
v1_scalar_F2X_Q3M_C2X_P2,9798500
v1_scalar_F2X_Q3M_C2X_P2,9221700
v1_scalar_F2X_Q3M_C2X_P2,9144700
v1_scalar_F2X_Q3M_C2X_P2,9275800
v1_scalar_F2X_Q3M_C2X_P2,8919800
v1_scalar_F2X_Q3M_C2X_P2,9112500
v1_scalar_F2X_Q3M_C2X_P2,9196900
v1_scalar_F2X_Q3M_C2X_P2,8980000
v1_scalar_F2X_Q3M_C2X_P2,8896200
v1_scalar_F2X_Q3M_C2X_P2,8851100
v1_scalar_F2X_Q3M_C2X_P2,9079300
v1_scalar_F2X_Q3M_C2X_P2,9210100
v1_scalar_F2X_Q3M_C2X_P2,9355400
v1_scalar_F2X_Q3M_C2X_P2,9098400
v1_scalar_F2X_Q3M_C2X_P2,9648100
v1_scalar_F2X_Q3M_C2X_P2,8730400
v1_scalar_F2X_Q3M_C2X_P2,9073600
v1_scalar_F2X_Q3M_C2X_P2,8869600
v1_scalar_F2X_Q3M_C2X_P2,9009300
v1_scalar_F2X_Q3M_C2X_P2,8916700
v1_scalar_F2X_Q3M_C2X_P2,8752400
v1_scalar_F2X_Q3M_C2X_P2,9620500
v1_scalar_F2X_Q3M_C2X_P2,8901200
v1_scalar_F2X_Q3M_C2X_P2,9087700
v1_scalar_F2X_Q3M_C2X_P2,8663500
v1_scalar_F2X_Q3M_C2X_P2,8976100
v1_scalar_F2X_Q3M_C2X_P2,8935600
v1_scalar_F2X_Q3M_C2X_P2,8668300
v1_scalar_F2X_Q3M_C2X_P2,8895000
v1_scalar_F2X_Q3M_C2X_P2,9012600
v1_scalar_F2X_Q3M_C2X_P2,8809200
v1_scalar_F2X_Q3M_C2X_P2,9213800
v1_scalar_F2X_Q3M_C2X_P2,9071800
v1_scalar_F2X_Q3M_C2X_P2,9211100
v1_scalar_F2X_Q3M_C2X_P2,8949900
v1_scalar_F2X_Q3M_C2X_P2,8895000
v1_scalar_F2X_Q3M_C2X_P2,9201500
v1_scalar_F2X_Q3M_C2X_P2,9320500
v1_scalar_F2X_Q3M_C2X_P2,9007900
v1_scalar_F2X_Q3M_C2X_P2,9069000
v1_scalar_F2X_Q3M_C2X_P2,8883200
v1_scalar_F2X_Q3M_C2X_P2,9806800
v1_scalar_F2X_Q3M_C2X_P2,9513400
v1_scalar_F2X_Q3M_C2X_P2,9177100
v1_scalar_F2X_Q3M_C2X_P2,9321500
v1_scalar_F2X_Q3M_C2X_P2,8794900
v1_scalar_F2X_Q3M_C2X_P2,10263000
v1_scalar_F2X_Q3M_C2X_P2,8766800
v1_scalar_F2X_Q3M_C2X_P2,8789500
v1_scalar_F2X_Q3M_C2X_P2,9211100
v1_scalar_F2X_Q3M_C2X_P2,8709000
v1_scalar_F2X_Q3M_C2X_P2,8619800
v1_scalar_F2X_Q3M_C2X_P2,9252100
v1_scalar_F2X_Q3M_C2X_P2,8717800
v1_scalar_F2X_Q3M_C2X_P2,8924000
v1_scalar_F2X_Q3M_C2X_P2,9033200
v1_scalar_F2X_Q3M_C2X_P2,9763300
v1_scalar_F2X_Q3M_C2X_P2,9082700
v1_scalar_F2X_Q3M_C2X_P2,8833400
v1_scalar_F2X_Q3M_C2X_P2,8927700
v1_scalar_F2X_Q3M_C2X_P2,8797900
v1_scalar_F2X_Q3M_C2X_P2,9512100
v1_scalar_F2X_Q3M_C2X_P2,9101000
v1_scalar_F2X_Q3M_C2X_P2,9243200
v1_scalar_F2X_Q3M_C2X_P2,8772200
v1_scalar_F2X_Q3M_C2X_P2,9278200
v1_scalar_F2X_Q3M_C2X_P2,9195900
v1_scalar_F2X_Q3M_C2X_P2,9434900
v1_scalar_F2X_Q3M_C2X_P2,9089000
v1_scalar_F2X_Q3M_C2X_P2,8855600
v1_scalar_F2X_Q3M_C2X_P2,9074900
v1_scalar_F2X_Q3M_C2X_P2,8912500
v1_scalar_F2X_Q3M_C2X_P2,9062200
v1_scalar_F2X_Q3M_C2X_P2,9111300
v1_scalar_F2X_Q3M_C2X_P2,9215500
v1_scalar_F2X_Q3M_C2X_P2,9239600
v1_scalar_F2X_Q3M_C2X_P2,8857200
v1_scalar_F2X_Q3M_C2X_P2,9023400
v1_scalar_F2X_Q3M_C2X_P2,8942800
v1_scalar_F2X_Q3M_C2X_P2,8810100
v1_scalar_F2X_Q3M_C2X_P2,8944600
v1_scalar_F2X_Q3M_C2X_P2,9018000
v1_scalar_F2X_Q3M_C2X_P2,8964400
v1_scalar_F2X_Q3M_C2X_P2,8975300
v1_scalar_F2X_Q3M_C2X_P2,8935800
v1_scalar_F2X_Q3M_C2X_P2,9101700
v1_scalar_F2X_Q3M_C2X_P2,8892600
v1_scalar_F2X_Q3M_C2X_P2,8816900
v1_scalar_F2X_Q3M_C2X_P2,9039200
v1_scalar_F2X_Q3M_C2X_P2,8809400
v1_scalar_F2X_Q3M_C2X_P2,8791200
v1_scalar_F2X_Q3M_C2X_P2,8732200
v1_scalar_F2X_Q3M_C2X_P2,9774300
v1_scalar_F2X_Q3M_C2X_P2,9197300
v1_scalar_F2X_Q3M_C2X_P2,8963600
v1_scalar_F2X_Q3M_C2X_P2,9649000
v1_scalar_F2X_Q3M_C2X_P2,9097000
v1_scalar_F2X_Q3M_C2X_P2,8910200
v1_scalar_F2X_Q3M_C2X_P2,8800900
v1_scalar_F2X_Q3M_C2X_P2,8749000
v1_scalar_F2X_Q3M_C2X_P2,8996700
v1_scalar_F2X_Q3M_C2X_P2,8757600
v1_scalar_F2X_Q3M_C2X_P2,8759100
v1_scalar_F2X_Q3M_C2X_P2,8847700
v1_scalar_F2X_Q3M_C2X_P2,8759000
v1_scalar_F2X_Q3M_C2X_P2,9063800
v1_scalar_F2X_Q3M_C3_P2,7784700
v1_scalar_F2X_Q3M_C3_P2,7600200
v1_scalar_F2X_Q3M_C3_P2,7670500
v1_scalar_F2X_Q3M_C3_P2,7747600
v1_scalar_F2X_Q3M_C3_P2,7612000
v1_scalar_F2X_Q3M_C3_P2,7569500
v1_scalar_F2X_Q3M_C3_P2,7531400
v1_scalar_F2X_Q3M_C3_P2,7565100
v1_scalar_F2X_Q3M_C3_P2,7813700
v1_scalar_F2X_Q3M_C3_P2,7673800
v1_scalar_F2X_Q3M_C3_P2,7577800
v1_scalar_F2X_Q3M_C3_P2,7618500
v1_scalar_F2X_Q3M_C3_P2,7571700
v1_scalar_F2X_Q3M_C3_P2,7643500
v1_scalar_F2X_Q3M_C3_P2,7870900
v1_scalar_F2X_Q3M_C3_P2,8015300
v1_scalar_F2X_Q3M_C3_P2,8256900
v1_scalar_F2X_Q3M_C3_P2,7645000
v1_scalar_F2X_Q3M_C3_P2,7654500
v1_scalar_F2X_Q3M_C3_P2,7820900
v1_scalar_F2X_Q3M_C3_P2,7618600
v1_scalar_F2X_Q3M_C3_P2,7690300
v1_scalar_F2X_Q3M_C3_P2,7656000
v1_scalar_F2X_Q3M_C3_P2,7752200
v1_scalar_F2X_Q3M_C3_P2,7619300
v1_scalar_F2X_Q3M_C3_P2,7699800
v1_scalar_F2X_Q3M_C3_P2,7600700
v1_scalar_F2X_Q3M_C3_P2,7621600
v1_scalar_F2X_Q3M_C3_P2,7563900
v1_scalar_F2X_Q3M_C3_P2,7771300
v1_scalar_F2X_Q3M_C3_P2,7742200
v1_scalar_F2X_Q3M_C3_P2,7853200
v1_scalar_F2X_Q3M_C3_P2,7648600
v1_scalar_F2X_Q3M_C3_P2,7999400
v1_scalar_F2X_Q3M_C3_P2,7683300
v1_scalar_F2X_Q3M_C3_P2,7638100
v1_scalar_F2X_Q3M_C3_P2,7831300
v1_scalar_F2X_Q3M_C3_P2,7697700
v1_scalar_F2X_Q3M_C3_P2,8828600
v1_scalar_F2X_Q3M_C3_P2,7682900
v1_scalar_F2X_Q3M_C3_P2,7724000
v1_scalar_F2X_Q3M_C3_P2,7682500
v1_scalar_F2X_Q3M_C3_P2,7731700
v1_scalar_F2X_Q3M_C3_P2,7468900
v1_scalar_F2X_Q3M_C3_P2,8319000
v1_scalar_F2X_Q3M_C3_P2,7576900
v1_scalar_F2X_Q3M_C3_P2,7850100
v1_scalar_F2X_Q3M_C3_P2,8447600
v1_scalar_F2X_Q3M_C3_P2,7513600
v1_scalar_F2X_Q3M_C3_P2,7868700
v1_scalar_F2X_Q3M_C3_P2,7749100
v1_scalar_F2X_Q3M_C3_P2,7565500
v1_scalar_F2X_Q3M_C3_P2,7680400
v1_scalar_F2X_Q3M_C3_P2,7586200
v1_scalar_F2X_Q3M_C3_P2,7676600
v1_scalar_F2X_Q3M_C3_P2,7618500
v1_scalar_F2X_Q3M_C3_P2,7541300
v1_scalar_F2X_Q3M_C3_P2,7696400
v1_scalar_F2X_Q3M_C3_P2,7548200
v1_scalar_F2X_Q3M_C3_P2,7734700
v1_scalar_F2X_Q3M_C3_P2,7544600
v1_scalar_F2X_Q3M_C3_P2,7655500
v1_scalar_F2X_Q3M_C3_P2,7588300
v1_scalar_F2X_Q3M_C3_P2,7551100
v1_scalar_F2X_Q3M_C3_P2,7532900
v1_scalar_F2X_Q3M_C3_P2,7683100
v1_scalar_F2X_Q3M_C3_P2,7493500
v1_scalar_F2X_Q3M_C3_P2,7554700
v1_scalar_F2X_Q3M_C3_P2,7509700
v1_scalar_F2X_Q3M_C3_P2,7646800
v1_scalar_F2X_Q3M_C3_P2,7683200
v1_scalar_F2X_Q3M_C3_P2,7727800
v1_scalar_F2X_Q3M_C3_P2,7546100
v1_scalar_F2X_Q3M_C3_P2,7550500
v1_scalar_F2X_Q3M_C3_P2,7505100
v1_scalar_F2X_Q3M_C3_P2,7518500
v1_scalar_F2X_Q3M_C3_P2,7462000
v1_scalar_F2X_Q3M_C3_P2,7635200
v1_scalar_F2X_Q3M_C3_P2,7574400
v1_scalar_F2X_Q3M_C3_P2,8735000
v1_scalar_F2X_Q3M_C3_P2,7742900
v1_scalar_F2X_Q3M_C3_P2,7890000
v1_scalar_F2X_Q3M_C3_P2,7493200
v1_scalar_F2X_Q3M_C3_P2,8726300
v1_scalar_F2X_Q3M_C3_P2,7826300
v1_scalar_F2X_Q3M_C3_P2,8316300
v1_scalar_F2X_Q3M_C3_P2,8116200
v1_scalar_F2X_Q3M_C3_P2,7849400
v1_scalar_F2X_Q3M_C3_P2,8299800
v1_scalar_F2X_Q3M_C3_P2,7807700
v1_scalar_F2X_Q3M_C3_P2,7855300
v1_scalar_F2X_Q3M_C3_P2,7558000
v1_scalar_F2X_Q3M_C3_P2,7838500
v1_scalar_F2X_Q3M_C3_P2,7631800
v1_scalar_F2X_Q3M_C3_P2,7542400
v1_scalar_F2X_Q3M_C3_P2,7618600
v1_scalar_F2X_Q3M_C3_P2,7639100
v1_scalar_F2X_Q3M_C3_P2,7588900
v1_scalar_F2X_Q3M_C3_P2,7702100
v1_scalar_F2X_Q3M_C3_P2,7881000
v1_scalar_F2X_Q3M_C3_P2,7688400
v1_scalar_F2X_Q3M_C3_P2,7744400
v1_scalar_F2X_Q3M_C3_P2,7736300
v1_scalar_F2X_Q3M_C3_P2,7774200
v1_scalar_F2X_Q3M_C3_P2,7671200
v1_scalar_F2X_Q3M_C3_P2,7679100
v1_scalar_F2X_Q3M_C3_P2,7569100
v1_scalar_F2X_Q3M_C3_P2,7736600
v1_scalar_F2X_Q3M_C3_P2,7560800
v1_scalar_F2X_Q3M_C3_P2,7635400
v1_scalar_F2X_Q3M_C3_P2,7936500
v1_scalar_F2X_Q3M_C3_P2,7588400
v1_scalar_F2X_Q3M_C3_P2,7570000
v1_scalar_F2X_Q3M_C3_P2,7711700
v1_scalar_F2X_Q3M_C3_P2,7601100
v1_scalar_F2X_Q3M_C3_P2,7727400
v1_scalar_F2X_Q3M_C3_P2,7832400
v1_scalar_F2X_Q3M_C3_P2,7764100
v1_scalar_F2X_Q3M_C3_P2,7595900
v1_scalar_F2X_Q3M_C3_P2,8428300
v1_scalar_F2X_Q3M_C3_P2,7555200
v1_scalar_F2X_Q3M_C3_P2,8191700
v1_scalar_F2X_Q3M_C3_P2,7729000
v1_scalar_F2X_Q3M_C3_P2,7711000
v1_scalar_F2X_Q3M_C3_P2,7982000
v1_scalar_F2X_Q3M_C3_P2,7819500
v1_scalar_F2X_Q3M_C3_P2,7640200
v1_scalar_F2X_Q3M_C3_P2,8580500
v1_scalar_F2X_Q3M_C3_P2,7776100
v1_scalar_F2X_Q3M_C3_P2,7655900
v1_scalar_F2X_Q3M_C3_P2,7581200
v1_scalar_F2X_Q3M_C3_P2,7832700
v1_scalar_F2X_Q3M_C3_P2,7676200
v1_scalar_F2X_Q3M_C3_P2,8363000
v1_scalar_F2X_Q3M_C3_P2,7853900
v1_scalar_F2X_Q3M_C3_P2,7756500
v1_scalar_F2X_Q3M_C3_P2,7616600
v1_scalar_F2X_Q3M_C3_P2,7469300
v1_scalar_F2X_Q3M_C3_P2,8552000
v1_scalar_F2X_Q3M_C3_P2,7568900
v1_scalar_F2X_Q3M_C3_P2,7557300
v1_scalar_F2X_Q3M_C3_P2,7673000
v1_scalar_F2X_Q3M_C3_P2,7551600
v1_scalar_F2X_Q3M_C3_P2,7632600
v1_scalar_F2X_Q3M_C3_P2,7485700
v1_scalar_F2X_Q3M_C3_P2,7698000
v1_scalar_F2X_Q3M_C3_P2,7697900
v1_scalar_F2X_Q3M_C3_P2,7692000
v1_scalar_F2X_Q3M_C3_P2,7477100
v1_scalar_F2X_Q3M_C3_P2,7487500
v1_scalar_F2X_Q3M_C3_P2,7457200
v1_scalar_F2X_Q3M_C3_P2,7470900
v1_scalar_F2X_Q3M_C3_P2,7771900
v1_scalar_F2X_Q3M_C3_P2,7512800
v1_scalar_F2X_Q3M_C3_P2,7589800
v1_scalar_F2X_Q3M_C3_P2,7743900
v1_scalar_F2X_Q3M_C3_P2,7845600
v1_scalar_F2X_Q3M_C3_P2,7823200
v1_scalar_F2X_Q3M_C3_P2,7581200
v1_scalar_F2X_Q3M_C3_P2,7546100
v1_scalar_F2X_Q3M_C3_P2,7625900
v1_scalar_F2X_Q3M_C3_P2,8340800
v1_scalar_F2X_Q3M_C3_P2,7660200
v1_scalar_F2X_Q3M_C3_P2,7691500
v1_scalar_F2X_Q3M_C3_P2,7520500
v1_scalar_F2X_Q3M_C3_P2,7505200
v1_scalar_F2X_Q3M_C3_P2,7589400
v1_scalar_F2X_Q3M_C3_P2,8127700
v1_scalar_F2X_Q3M_C3_P2,7635000
v1_scalar_F2X_Q3M_C3_P2,7557900
v1_scalar_F2X_Q3M_C3_P2,7804200
v1_scalar_F2X_Q3M_C3_P2,7562700
v1_scalar_F2X_Q3M_C3_P2,7841200
v1_scalar_F2X_Q3M_C3_P2,7483200
v1_scalar_F2X_Q3M_C3_P2,8477700
v1_scalar_F2X_Q3M_C3_P2,7785500
v1_scalar_F2X_Q3M_C3_P2,7863400
v1_scalar_F2X_Q3M_C3_P2,7506200
v1_scalar_F2X_Q3M_C3_P2,7954400
v1_scalar_F2X_Q3M_C3_P2,7714800
v1_scalar_F2X_Q3M_C3_P2,7817300
v1_scalar_F2X_Q3M_C3_P2,8423500
v1_scalar_F2X_Q3M_C3_P2,8400300
v1_scalar_F2X_Q3M_C3_P2,7785900
v1_scalar_F2X_Q3M_C3_P2,7726500
v1_scalar_F2X_Q3M_C3_P2,7662800
v1_scalar_F2X_Q3M_C3_P2,7872600
v1_scalar_F2X_Q3M_C3_P2,7915800
v1_scalar_F2X_Q3M_C3_P2,7627400
v1_scalar_F2X_Q3M_C3_P2,7864700
v1_scalar_F2X_Q3M_C3_P2,7941000
v1_scalar_F2X_Q3M_C3_P2,7574300
v1_scalar_F2X_Q3M_C3_P2,7914900
v1_scalar_F2X_Q3M_C3_P2,7572600
v1_scalar_F2X_Q3M_C3_P2,8101800
v1_scalar_F2X_Q3M_C3_P2,7759800
v1_scalar_F2X_Q3M_C3_P2,7941500
v1_scalar_F2X_Q3M_C3_P2,7694200
v1_scalar_F2X_Q3M_C3_P2,7793500
v1_scalar_F2X_Q3M_C3_P2,7638000
v1_scalar_F2X_Q3M_C3_P2,7734400
v1_scalar_F2X_Q3M_C3_P2,8014500
v1_scalar_F2X_Q3M_C3_P2,7791700
v1_scalar_F2X_Q3M_C3_P2,7546200
v1_scalar_F2X_Q3M_C3_P2,7680000
v1_scalar_F2X_Q3M_C3_P2,7469800
v1_scalar_F2X_Q3M_C3_P2,7846400
v1_scalar_F2X_Q3M_C3_P2,7512400
v1_scalar_F2X_Q3M_C3_P2,7754900
v1_scalar_F2X_Q3M_C3_P2,7609300
v1_scalar_F2X_Q3M_C3_P2,7773500
v1_scalar_F2X_Q3M_C3_P2,7624800
v1_scalar_F2X_Q3M_C3_P2,7831500
v1_scalar_F2X_Q3M_C3_P2,7587800
v1_scalar_F2X_Q3M_C3_P2,7783800
v1_scalar_F2X_Q3M_C3_P2,7701000
v1_scalar_F2X_Q3M_C3_P2,7762900
v1_scalar_F2X_Q3M_C3_P2,7997600
v1_scalar_F2X_Q3M_C3_P2,7717600
v1_scalar_F2X_Q3M_C3_P2,7889200
v1_scalar_F2X_Q3M_C3_P2,7733000
v1_scalar_F2X_Q3M_C3_P2,7799500
v1_scalar_F2X_Q3M_C3_P2,7641600
v1_scalar_F2X_Q3M_C3_P2,7880400
v1_scalar_F2X_Q3M_C3_P2,8583300
v1_scalar_F2X_Q3M_C3_P2,7737000
v1_scalar_F2X_Q3M_C3_P2,7605500
v1_scalar_F2X_Q3M_C3_P2,7628800
v1_scalar_F2X_Q3M_C3_P2,7587100
v1_scalar_F2X_Q3M_C3_P2,8396200
v1_scalar_F2X_Q3M_C3_P2,7581600
v1_scalar_F2X_Q3M_C3_P2,7735100
v1_scalar_F2X_Q3M_C3_P2,7635600
v1_scalar_F2X_Q3M_C3_P2,8419800
v1_scalar_F2X_Q3M_C3_P2,7812600
v1_scalar_F2X_Q3M_C3_P2,8784600
v1_scalar_F2X_Q3M_C3_P2,8434800
v1_scalar_F2X_Q3M_C3_P2,7738000
v1_scalar_F2X_Q3M_C3_P2,8835500
v1_scalar_F2X_Q3M_C3_P2,7966600
v1_scalar_F2X_Q3M_C3_P2,7763400
v1_scalar_F2X_Q3M_C3_P2,7592900
v1_scalar_F2X_Q3M_C3_P2,8310900
v1_scalar_F2X_Q3M_C3_P2,7643100
v1_scalar_F2X_Q3M_C3_P2,7880700
v1_scalar_F2X_Q3M_C3_P2,7955700
v1_scalar_F2X_Q3M_C3_P2,7678300
v1_scalar_F2X_Q3M_C4F_P2,8507600
v1_scalar_F2X_Q3M_C4F_P2,7768400
v1_scalar_F2X_Q3M_C4F_P2,7838500
v1_scalar_F2X_Q3M_C4F_P2,7801000
v1_scalar_F2X_Q3M_C4F_P2,7936700
v1_scalar_F2X_Q3M_C4F_P2,7818400
v1_scalar_F2X_Q3M_C4F_P2,7852500
v1_scalar_F2X_Q3M_C4F_P2,7855500
v1_scalar_F2X_Q3M_C4F_P2,7843500
v1_scalar_F2X_Q3M_C4F_P2,8285300
v1_scalar_F2X_Q3M_C4F_P2,7778600
v1_scalar_F2X_Q3M_C4F_P2,8530100
v1_scalar_F2X_Q3M_C4F_P2,7797800
v1_scalar_F2X_Q3M_C4F_P2,7748300
v1_scalar_F2X_Q3M_C4F_P2,7940000
v1_scalar_F2X_Q3M_C4F_P2,7857900
v1_scalar_F2X_Q3M_C4F_P2,7854300
v1_scalar_F2X_Q3M_C4F_P2,7810400
v1_scalar_F2X_Q3M_C4F_P2,8416800
v1_scalar_F2X_Q3M_C4F_P2,7834100
v1_scalar_F2X_Q3M_C4F_P2,7957500
v1_scalar_F2X_Q3M_C4F_P2,7768200
v1_scalar_F2X_Q3M_C4F_P2,7684200
v1_scalar_F2X_Q3M_C4F_P2,7694200
v1_scalar_F2X_Q3M_C4F_P2,8243400
v1_scalar_F2X_Q3M_C4F_P2,7857800
v1_scalar_F2X_Q3M_C4F_P2,7707000
v1_scalar_F2X_Q3M_C4F_P2,8113700
v1_scalar_F2X_Q3M_C4F_P2,8249300
v1_scalar_F2X_Q3M_C4F_P2,7801700
v1_scalar_F2X_Q3M_C4F_P2,7867300
v1_scalar_F2X_Q3M_C4F_P2,7794200
v1_scalar_F2X_Q3M_C4F_P2,7839900
v1_scalar_F2X_Q3M_C4F_P2,8379100
v1_scalar_F2X_Q3M_C4F_P2,7732600
v1_scalar_F2X_Q3M_C4F_P2,8053200
v1_scalar_F2X_Q3M_C4F_P2,8130100
v1_scalar_F2X_Q3M_C4F_P2,8169000
v1_scalar_F2X_Q3M_C4F_P2,8417600
v1_scalar_F2X_Q3M_C4F_P2,7842000
v1_scalar_F2X_Q3M_C4F_P2,7859700
v1_scalar_F2X_Q3M_C4F_P2,7708400
v1_scalar_F2X_Q3M_C4F_P2,8486300
v1_scalar_F2X_Q3M_C4F_P2,7854200
v1_scalar_F2X_Q3M_C4F_P2,8953900
v1_scalar_F2X_Q3M_C4F_P2,9392400
v1_scalar_F2X_Q3M_C4F_P2,8148700
v1_scalar_F2X_Q3M_C4F_P2,7905900
v1_scalar_F2X_Q3M_C4F_P2,8192600
v1_scalar_F2X_Q3M_C4F_P2,7914300
v1_scalar_F2X_Q3M_C4F_P2,7592300
v1_scalar_F2X_Q3M_C4F_P2,8439600
v1_scalar_F2X_Q3M_C4F_P2,8248200
v1_scalar_F2X_Q3M_C4F_P2,8066500
v1_scalar_F2X_Q3M_C4F_P2,8081500
v1_scalar_F2X_Q3M_C4F_P2,7835300
v1_scalar_F2X_Q3M_C4F_P2,8625300
v1_scalar_F2X_Q3M_C4F_P2,7948200
v1_scalar_F2X_Q3M_C4F_P2,7790900
v1_scalar_F2X_Q3M_C4F_P2,7820700
v1_scalar_F2X_Q3M_C4F_P2,7859700
v1_scalar_F2X_Q3M_C4F_P2,7765900
v1_scalar_F2X_Q3M_C4F_P2,7754000
v1_scalar_F2X_Q3M_C4F_P2,7778100
v1_scalar_F2X_Q3M_C4F_P2,7893400
v1_scalar_F2X_Q3M_C4F_P2,7856800
v1_scalar_F2X_Q3M_C4F_P2,8417600
v1_scalar_F2X_Q3M_C4F_P2,7734700
v1_scalar_F2X_Q3M_C4F_P2,7816100
v1_scalar_F2X_Q3M_C4F_P2,7901900
v1_scalar_F2X_Q3M_C4F_P2,7839400
v1_scalar_F2X_Q3M_C4F_P2,7735500
v1_scalar_F2X_Q3M_C4F_P2,7895100
v1_scalar_F2X_Q3M_C4F_P2,7741400
v1_scalar_F2X_Q3M_C4F_P2,7804300
v1_scalar_F2X_Q3M_C4F_P2,7724800
v1_scalar_F2X_Q3M_C4F_P2,7765600
v1_scalar_F2X_Q3M_C4F_P2,7564300
v1_scalar_F2X_Q3M_C4F_P2,7591600
v1_scalar_F2X_Q3M_C4F_P2,7775200
v1_scalar_F2X_Q3M_C4F_P2,7710400
v1_scalar_F2X_Q3M_C4F_P2,7795000
v1_scalar_F2X_Q3M_C4F_P2,7766200
v1_scalar_F2X_Q3M_C4F_P2,8112300
v1_scalar_F2X_Q3M_C4F_P2,8138900
v1_scalar_F2X_Q3M_C4F_P2,8136500
v1_scalar_F2X_Q3M_C4F_P2,7956500
v1_scalar_F2X_Q3M_C4F_P2,8108200
v1_scalar_F2X_Q3M_C4F_P2,7837900
v1_scalar_F2X_Q3M_C4F_P2,8005200
v1_scalar_F2X_Q3M_C4F_P2,7821000
v1_scalar_F2X_Q3M_C4F_P2,7741600
v1_scalar_F2X_Q3M_C4F_P2,7726400
v1_scalar_F2X_Q3M_C4F_P2,7684000
v1_scalar_F2X_Q3M_C4F_P2,7627200
v1_scalar_F2X_Q3M_C4F_P2,7754400
v1_scalar_F2X_Q3M_C4F_P2,9203700
v1_scalar_F2X_Q3M_C4F_P2,7700600
v1_scalar_F2X_Q3M_C4F_P2,7744900
v1_scalar_F2X_Q3M_C4F_P2,8354400
v1_scalar_F2X_Q3M_C4F_P2,7750600
v1_scalar_F2X_Q3M_C4F_P2,7583400
v1_scalar_F2X_Q3M_C4F_P2,7840900
v1_scalar_F2X_Q3M_C4F_P2,7659400
v1_scalar_F2X_Q3M_C4F_P2,7972200
v1_scalar_F2X_Q3M_C4F_P2,7863500
v1_scalar_F2X_Q3M_C4F_P2,7845200
v1_scalar_F2X_Q3M_C4F_P2,7749200
v1_scalar_F2X_Q3M_C4F_P2,7969200
v1_scalar_F2X_Q3M_C4F_P2,7699000
v1_scalar_F2X_Q3M_C4F_P2,7779700
v1_scalar_F2X_Q3M_C4F_P2,7753200
v1_scalar_F2X_Q3M_C4F_P2,7732900
v1_scalar_F2X_Q3M_C4F_P2,7958100
v1_scalar_F2X_Q3M_C4F_P2,7848700
v1_scalar_F2X_Q3M_C4F_P2,7830200
v1_scalar_F2X_Q3M_C4F_P2,8055600
v1_scalar_F2X_Q3M_C4F_P2,7919300
v1_scalar_F2X_Q3M_C4F_P2,8104600
v1_scalar_F2X_Q3M_C4F_P2,7985300
v1_scalar_F2X_Q3M_C4F_P2,7790300
v1_scalar_F2X_Q3M_C4F_P2,8143700
v1_scalar_F2X_Q3M_C4F_P2,7794000
v1_scalar_F2X_Q3M_C4F_P2,7927300
v1_scalar_F2X_Q3M_C4F_P2,8876400
v1_scalar_F2X_Q3M_C4F_P2,7840100
v1_scalar_F2X_Q3M_C4F_P2,7836700
v1_scalar_F2X_Q3M_C4F_P2,8690800
v1_scalar_F2X_Q3M_C4F_P2,8949600
v1_scalar_F2X_Q3M_C4F_P2,7971800
v1_scalar_F2X_Q3M_C4F_P2,7851500
v1_scalar_F2X_Q3M_C4F_P2,8193100
v1_scalar_F2X_Q3M_C4F_P2,8215700
v1_scalar_F2X_Q3M_C4F_P2,7819800
v1_scalar_F2X_Q3M_C4F_P2,7724400
v1_scalar_F2X_Q3M_C4F_P2,8105100
v1_scalar_F2X_Q3M_C4F_P2,8910300
v1_scalar_F2X_Q3M_C4F_P2,7879200
v1_scalar_F2X_Q3M_C4F_P2,7790300
v1_scalar_F2X_Q3M_C4F_P2,8040900
v1_scalar_F2X_Q3M_C4F_P2,7713400
v1_scalar_F2X_Q3M_C4F_P2,7854300
v1_scalar_F2X_Q3M_C4F_P2,7635400
v1_scalar_F2X_Q3M_C4F_P2,7839300
v1_scalar_F2X_Q3M_C4F_P2,7738600
v1_scalar_F2X_Q3M_C4F_P2,7709100
v1_scalar_F2X_Q3M_C4F_P2,7620700
v1_scalar_F2X_Q3M_C4F_P2,7996000
v1_scalar_F2X_Q3M_C4F_P2,8253800
v1_scalar_F2X_Q3M_C4F_P2,8090400
v1_scalar_F2X_Q3M_C4F_P2,7734100
v1_scalar_F2X_Q3M_C4F_P2,7693900
v1_scalar_F2X_Q3M_C4F_P2,7889200
v1_scalar_F2X_Q3M_C4F_P2,8550600
v1_scalar_F2X_Q3M_C4F_P2,7675500
v1_scalar_F2X_Q3M_C4F_P2,7678200
v1_scalar_F2X_Q3M_C4F_P2,8095600
v1_scalar_F2X_Q3M_C4F_P2,7793700
v1_scalar_F2X_Q3M_C4F_P2,7720900
v1_scalar_F2X_Q3M_C4F_P2,7712700
v1_scalar_F2X_Q3M_C4F_P2,8674700
v1_scalar_F2X_Q3M_C4F_P2,7652800
v1_scalar_F2X_Q3M_C4F_P2,7721200
v1_scalar_F2X_Q3M_C4F_P2,7744700
v1_scalar_F2X_Q3M_C4F_P2,7896700
v1_scalar_F2X_Q3M_C4F_P2,7763100
v1_scalar_F2X_Q3M_C4F_P2,7794500
v1_scalar_F2X_Q3M_C4F_P2,7751700
v1_scalar_F2X_Q3M_C4F_P2,7940000
v1_scalar_F2X_Q3M_C4F_P2,7962100
v1_scalar_F2X_Q3M_C4F_P2,7790600
v1_scalar_F2X_Q3M_C4F_P2,7830400
v1_scalar_F2X_Q3M_C4F_P2,7844900
v1_scalar_F2X_Q3M_C4F_P2,7869800
v1_scalar_F2X_Q3M_C4F_P2,7817000
v1_scalar_F2X_Q3M_C4F_P2,7697600
v1_scalar_F2X_Q3M_C4F_P2,7664300
v1_scalar_F2X_Q3M_C4F_P2,8231200
v1_scalar_F2X_Q3M_C4F_P2,8276000
v1_scalar_F2X_Q3M_C4F_P2,7888400
v1_scalar_F2X_Q3M_C4F_P2,7836800
v1_scalar_F2X_Q3M_C4F_P2,7995600
v1_scalar_F2X_Q3M_C4F_P2,7694000
v1_scalar_F2X_Q3M_C4F_P2,7733400
v1_scalar_F2X_Q3M_C4F_P2,7773100
v1_scalar_F2X_Q3M_C4F_P2,7651100
v1_scalar_F2X_Q3M_C4F_P2,8345100
v1_scalar_F2X_Q3M_C4F_P2,7687900
v1_scalar_F2X_Q3M_C4F_P2,7885700
v1_scalar_F2X_Q3M_C4F_P2,7819900
v1_scalar_F2X_Q3M_C4F_P2,8106800
v1_scalar_F2X_Q3M_C4F_P2,7868900
v1_scalar_F2X_Q3M_C4F_P2,8008300
v1_scalar_F2X_Q3M_C4F_P2,7678100
v1_scalar_F2X_Q3M_C4F_P2,7729800
v1_scalar_F2X_Q3M_C4F_P2,8402100
v1_scalar_F2X_Q3M_C4F_P2,8249000
v1_scalar_F2X_Q3M_C4F_P2,7696600
v1_scalar_F2X_Q3M_C4F_P2,7668200
v1_scalar_F2X_Q3M_C4F_P2,8008200
v1_scalar_F2X_Q3M_C4F_P2,7925100
v1_scalar_F2X_Q3M_C4F_P2,7785600
v1_scalar_F2X_Q3M_C4F_P2,7780200
v1_scalar_F2X_Q3M_C4F_P2,7688000
v1_scalar_F2X_Q3M_C4F_P2,7686700
v1_scalar_F2X_Q3M_C4F_P2,7954800
v1_scalar_F2X_Q3M_C4F_P2,7609900
v1_scalar_F2X_Q3M_C4F_P2,8091500
v1_scalar_F2X_Q3M_C4F_P2,7796400
v1_scalar_F2X_Q3M_C4F_P2,7760500
v1_scalar_F2X_Q3M_C4F_P2,7661000
v1_scalar_F2X_Q3M_C4F_P2,7698700
v1_scalar_F2X_Q3M_C4F_P2,7624700
v1_scalar_F2X_Q3M_C4F_P2,7619900
v1_scalar_F2X_Q3M_C4F_P2,7790400
v1_scalar_F2X_Q3M_C4F_P2,7798500
v1_scalar_F2X_Q3M_C4F_P2,7700100
v1_scalar_F2X_Q3M_C4F_P2,7708200
v1_scalar_F2X_Q3M_C4F_P2,7637400
v1_scalar_F2X_Q3M_C4F_P2,7609300
v1_scalar_F2X_Q3M_C4F_P2,7754800
v1_scalar_F2X_Q3M_C4F_P2,7585600
v1_scalar_F2X_Q3M_C4F_P2,7758100
v1_scalar_F2X_Q3M_C4F_P2,7813000
v1_scalar_F2X_Q3M_C4F_P2,7755800
v1_scalar_F2X_Q3M_C4F_P2,7717500
v1_scalar_F2X_Q3M_C4F_P2,7815200
v1_scalar_F2X_Q3M_C4F_P2,7749500
v1_scalar_F2X_Q3M_C4F_P2,7811200
v1_scalar_F2X_Q3M_C4F_P2,8486300
v1_scalar_F2X_Q3M_C4F_P2,7958800
v1_scalar_F2X_Q3M_C4F_P2,8027000
v1_scalar_F2X_Q3M_C4F_P2,7760200
v1_scalar_F2X_Q3M_C4F_P2,7958400
v1_scalar_F2X_Q3M_C4F_P2,8286900
v1_scalar_F2X_Q3M_C4F_P2,7822900
v1_scalar_F2X_Q3M_C4F_P2,7800300
v1_scalar_F2X_Q3M_C4F_P2,7750200
v1_scalar_F2X_Q3M_C4F_P2,7831700
v1_scalar_F2X_Q3M_C4F_P2,8224700
v1_scalar_F2X_Q3M_C4F_P2,7765500
v1_scalar_F2X_Q3M_C4F_P2,7686400
v1_scalar_F2X_Q3M_C4M_P2,8173800
v1_scalar_F2X_Q3M_C4M_P2,8007800
v1_scalar_F2X_Q3M_C4M_P2,8144900
v1_scalar_F2X_Q3M_C4M_P2,8656500
v1_scalar_F2X_Q3M_C4M_P2,8204400
v1_scalar_F2X_Q3M_C4M_P2,8015900
v1_scalar_F2X_Q3M_C4M_P2,8042200
v1_scalar_F2X_Q3M_C4M_P2,8067600
v1_scalar_F2X_Q3M_C4M_P2,8247200
v1_scalar_F2X_Q3M_C4M_P2,8482800
v1_scalar_F2X_Q3M_C4M_P2,8153600
v1_scalar_F2X_Q3M_C4M_P2,8089200
v1_scalar_F2X_Q3M_C4M_P2,8126700
v1_scalar_F2X_Q3M_C4M_P2,8026800
v1_scalar_F2X_Q3M_C4M_P2,8550100
v1_scalar_F2X_Q3M_C4M_P2,8390200
v1_scalar_F2X_Q3M_C4M_P2,7905200
v1_scalar_F2X_Q3M_C4M_P2,8227500
v1_scalar_F2X_Q3M_C4M_P2,8248400
v1_scalar_F2X_Q3M_C4M_P2,8289200
v1_scalar_F2X_Q3M_C4M_P2,7878400
v1_scalar_F2X_Q3M_C4M_P2,8388000
v1_scalar_F2X_Q3M_C4M_P2,8111900
v1_scalar_F2X_Q3M_C4M_P2,8017800
v1_scalar_F2X_Q3M_C4M_P2,8448400
v1_scalar_F2X_Q3M_C4M_P2,8251400
v1_scalar_F2X_Q3M_C4M_P2,10271100
v1_scalar_F2X_Q3M_C4M_P2,9668700
v1_scalar_F2X_Q3M_C4M_P2,8264300
v1_scalar_F2X_Q3M_C4M_P2,8805900
v1_scalar_F2X_Q3M_C4M_P2,9258400
v1_scalar_F2X_Q3M_C4M_P2,7970900
v1_scalar_F2X_Q3M_C4M_P2,8360200
v1_scalar_F2X_Q3M_C4M_P2,8053800
v1_scalar_F2X_Q3M_C4M_P2,8116600
v1_scalar_F2X_Q3M_C4M_P2,8053600
v1_scalar_F2X_Q3M_C4M_P2,7999900
v1_scalar_F2X_Q3M_C4M_P2,8030700
v1_scalar_F2X_Q3M_C4M_P2,8698200
v1_scalar_F2X_Q3M_C4M_P2,9030800
v1_scalar_F2X_Q3M_C4M_P2,8074300
v1_scalar_F2X_Q3M_C4M_P2,8650300
v1_scalar_F2X_Q3M_C4M_P2,7928700
v1_scalar_F2X_Q3M_C4M_P2,7896000
v1_scalar_F2X_Q3M_C4M_P2,8089000
v1_scalar_F2X_Q3M_C4M_P2,8268300
v1_scalar_F2X_Q3M_C4M_P2,7947400
v1_scalar_F2X_Q3M_C4M_P2,8426000
v1_scalar_F2X_Q3M_C4M_P2,7961100
v1_scalar_F2X_Q3M_C4M_P2,8015500
v1_scalar_F2X_Q3M_C4M_P2,8255700
v1_scalar_F2X_Q3M_C4M_P2,8817900
v1_scalar_F2X_Q3M_C4M_P2,8243300
v1_scalar_F2X_Q3M_C4M_P2,8059500
v1_scalar_F2X_Q3M_C4M_P2,8383700
v1_scalar_F2X_Q3M_C4M_P2,8151200
v1_scalar_F2X_Q3M_C4M_P2,8131500
v1_scalar_F2X_Q3M_C4M_P2,8187200
v1_scalar_F2X_Q3M_C4M_P2,8805300
v1_scalar_F2X_Q3M_C4M_P2,8709200
v1_scalar_F2X_Q3M_C4M_P2,8136500
v1_scalar_F2X_Q3M_C4M_P2,7923700
v1_scalar_F2X_Q3M_C4M_P2,8180400
v1_scalar_F2X_Q3M_C4M_P2,8264700
v1_scalar_F2X_Q3M_C4M_P2,8029400
v1_scalar_F2X_Q3M_C4M_P2,8016600
v1_scalar_F2X_Q3M_C4M_P2,8041400
v1_scalar_F2X_Q3M_C4M_P2,7995000
v1_scalar_F2X_Q3M_C4M_P2,8051700
v1_scalar_F2X_Q3M_C4M_P2,8132000
v1_scalar_F2X_Q3M_C4M_P2,8284200
v1_scalar_F2X_Q3M_C4M_P2,8078400
v1_scalar_F2X_Q3M_C4M_P2,8251000
v1_scalar_F2X_Q3M_C4M_P2,7982500
v1_scalar_F2X_Q3M_C4M_P2,8021800
v1_scalar_F2X_Q3M_C4M_P2,7900600
v1_scalar_F2X_Q3M_C4M_P2,7937800
v1_scalar_F2X_Q3M_C4M_P2,8233400
v1_scalar_F2X_Q3M_C4M_P2,7921600
v1_scalar_F2X_Q3M_C4M_P2,8760700
v1_scalar_F2X_Q3M_C4M_P2,8139700
v1_scalar_F2X_Q3M_C4M_P2,8264000
v1_scalar_F2X_Q3M_C4M_P2,8266600
v1_scalar_F2X_Q3M_C4M_P2,8093200
v1_scalar_F2X_Q3M_C4M_P2,8143100
v1_scalar_F2X_Q3M_C4M_P2,8295900
v1_scalar_F2X_Q3M_C4M_P2,8191000
v1_scalar_F2X_Q3M_C4M_P2,8104200
v1_scalar_F2X_Q3M_C4M_P2,8095800
v1_scalar_F2X_Q3M_C4M_P2,8801700
v1_scalar_F2X_Q3M_C4M_P2,8124000
v1_scalar_F2X_Q3M_C4M_P2,8086100
v1_scalar_F2X_Q3M_C4M_P2,8283200
v1_scalar_F2X_Q3M_C4M_P2,8067000
v1_scalar_F2X_Q3M_C4M_P2,8574500
v1_scalar_F2X_Q3M_C4M_P2,8090900
v1_scalar_F2X_Q3M_C4M_P2,7989700
v1_scalar_F2X_Q3M_C4M_P2,7901300
v1_scalar_F2X_Q3M_C4M_P2,8006500
v1_scalar_F2X_Q3M_C4M_P2,7950600
v1_scalar_F2X_Q3M_C4M_P2,7966000
v1_scalar_F2X_Q3M_C4M_P2,7958800
v1_scalar_F2X_Q3M_C4M_P2,8537300
v1_scalar_F2X_Q3M_C4M_P2,8070500
v1_scalar_F2X_Q3M_C4M_P2,8113600
v1_scalar_F2X_Q3M_C4M_P2,9135300
v1_scalar_F2X_Q3M_C4M_P2,8786500
v1_scalar_F2X_Q3M_C4M_P2,7985900
v1_scalar_F2X_Q3M_C4M_P2,8333800
v1_scalar_F2X_Q3M_C4M_P2,8001000
v1_scalar_F2X_Q3M_C4M_P2,8234900
v1_scalar_F2X_Q3M_C4M_P2,7918700
v1_scalar_F2X_Q3M_C4M_P2,9067000
v1_scalar_F2X_Q3M_C4M_P2,8620000
v1_scalar_F2X_Q3M_C4M_P2,8350800
v1_scalar_F2X_Q3M_C4M_P2,8869400
v1_scalar_F2X_Q3M_C4M_P2,7950200
v1_scalar_F2X_Q3M_C4M_P2,8464000
v1_scalar_F2X_Q3M_C4M_P2,8007700
v1_scalar_F2X_Q3M_C4M_P2,8215100
v1_scalar_F2X_Q3M_C4M_P2,8035800
v1_scalar_F2X_Q3M_C4M_P2,8240200
v1_scalar_F2X_Q3M_C4M_P2,8210300
v1_scalar_F2X_Q3M_C4M_P2,8088500
v1_scalar_F2X_Q3M_C4M_P2,8288800
v1_scalar_F2X_Q3M_C4M_P2,9449500
v1_scalar_F2X_Q3M_C4M_P2,8057800
v1_scalar_F2X_Q3M_C4M_P2,8019300
v1_scalar_F2X_Q3M_C4M_P2,8153700
v1_scalar_F2X_Q3M_C4M_P2,7998800
v1_scalar_F2X_Q3M_C4M_P2,8205100
v1_scalar_F2X_Q3M_C4M_P2,7897300
v1_scalar_F2X_Q3M_C4M_P2,8021900
v1_scalar_F2X_Q3M_C4M_P2,7883100
v1_scalar_F2X_Q3M_C4M_P2,8084100
v1_scalar_F2X_Q3M_C4M_P2,8018900
v1_scalar_F2X_Q3M_C4M_P2,7991900
v1_scalar_F2X_Q3M_C4M_P2,7921000
v1_scalar_F2X_Q3M_C4M_P2,7852700
v1_scalar_F2X_Q3M_C4M_P2,8073800
v1_scalar_F2X_Q3M_C4M_P2,8067100
v1_scalar_F2X_Q3M_C4M_P2,8240500
v1_scalar_F2X_Q3M_C4M_P2,7988800
v1_scalar_F2X_Q3M_C4M_P2,7917500
v1_scalar_F2X_Q3M_C4M_P2,7980600
v1_scalar_F2X_Q3M_C4M_P2,8066200
v1_scalar_F2X_Q3M_C4M_P2,8184500
v1_scalar_F2X_Q3M_C4M_P2,8409800
v1_scalar_F2X_Q3M_C4M_P2,8048500
v1_scalar_F2X_Q3M_C4M_P2,7998500
v1_scalar_F2X_Q3M_C4M_P2,7995000
v1_scalar_F2X_Q3M_C4M_P2,7994700
v1_scalar_F2X_Q3M_C4M_P2,8169100
v1_scalar_F2X_Q3M_C4M_P2,8018800
v1_scalar_F2X_Q3M_C4M_P2,7935800
v1_scalar_F2X_Q3M_C4M_P2,8208900
v1_scalar_F2X_Q3M_C4M_P2,8076800
v1_scalar_F2X_Q3M_C4M_P2,8099800
v1_scalar_F2X_Q3M_C4M_P2,7996600
v1_scalar_F2X_Q3M_C4M_P2,7993500
v1_scalar_F2X_Q3M_C4M_P2,8251200
v1_scalar_F2X_Q3M_C4M_P2,8073500
v1_scalar_F2X_Q3M_C4M_P2,7982500
v1_scalar_F2X_Q3M_C4M_P2,7916100
v1_scalar_F2X_Q3M_C4M_P2,7872400
v1_scalar_F2X_Q3M_C4M_P2,8096500
v1_scalar_F2X_Q3M_C4M_P2,7932500
v1_scalar_F2X_Q3M_C4M_P2,8628500
v1_scalar_F2X_Q3M_C4M_P2,8715800
v1_scalar_F2X_Q3M_C4M_P2,8089900
v1_scalar_F2X_Q3M_C4M_P2,8682900
v1_scalar_F2X_Q3M_C4M_P2,7982500
v1_scalar_F2X_Q3M_C4M_P2,8634100
v1_scalar_F2X_Q3M_C4M_P2,8246300
v1_scalar_F2X_Q3M_C4M_P2,8322400
v1_scalar_F2X_Q3M_C4M_P2,8126200
v1_scalar_F2X_Q3M_C4M_P2,8223700
v1_scalar_F2X_Q3M_C4M_P2,8675400
v1_scalar_F2X_Q3M_C4M_P2,8486900
v1_scalar_F2X_Q3M_C4M_P2,8702800
v1_scalar_F2X_Q3M_C4M_P2,8258300
v1_scalar_F2X_Q3M_C4M_P2,8356500
v1_scalar_F2X_Q3M_C4M_P2,8032500
v1_scalar_F2X_Q3M_C4M_P2,8423100
v1_scalar_F2X_Q3M_C4M_P2,8057000
v1_scalar_F2X_Q3M_C4M_P2,8057100
v1_scalar_F2X_Q3M_C4M_P2,8708600
v1_scalar_F2X_Q3M_C4M_P2,8142100
v1_scalar_F2X_Q3M_C4M_P2,8291500
v1_scalar_F2X_Q3M_C4M_P2,8403800
v1_scalar_F2X_Q3M_C4M_P2,8023200
v1_scalar_F2X_Q3M_C4M_P2,8047500
v1_scalar_F2X_Q3M_C4M_P2,8143000
v1_scalar_F2X_Q3M_C4M_P2,8078700
v1_scalar_F2X_Q3M_C4M_P2,8149800
v1_scalar_F2X_Q3M_C4M_P2,8326400
v1_scalar_F2X_Q3M_C4M_P2,8311800
v1_scalar_F2X_Q3M_C4M_P2,8125000
v1_scalar_F2X_Q3M_C4M_P2,7934000
v1_scalar_F2X_Q3M_C4M_P2,8180300
v1_scalar_F2X_Q3M_C4M_P2,7969600
v1_scalar_F2X_Q3M_C4M_P2,7948300
v1_scalar_F2X_Q3M_C4M_P2,8226500
v1_scalar_F2X_Q3M_C4M_P2,8240700
v1_scalar_F2X_Q3M_C4M_P2,7991000
v1_scalar_F2X_Q3M_C4M_P2,9395800
v1_scalar_F2X_Q3M_C4M_P2,8233100
v1_scalar_F2X_Q3M_C4M_P2,8140800
v1_scalar_F2X_Q3M_C4M_P2,8046200
v1_scalar_F2X_Q3M_C4M_P2,7993900
v1_scalar_F2X_Q3M_C4M_P2,8164800
v1_scalar_F2X_Q3M_C4M_P2,8110500
v1_scalar_F2X_Q3M_C4M_P2,8016000
v1_scalar_F2X_Q3M_C4M_P2,8052500
v1_scalar_F2X_Q3M_C4M_P2,7926400
v1_scalar_F2X_Q3M_C4M_P2,8417200
v1_scalar_F2X_Q3M_C4M_P2,8024600
v1_scalar_F2X_Q3M_C4M_P2,8494800
v1_scalar_F2X_Q3M_C4M_P2,8019700
v1_scalar_F2X_Q3M_C4M_P2,8017400
v1_scalar_F2X_Q3M_C4M_P2,8024600
v1_scalar_F2X_Q3M_C4M_P2,7980000
v1_scalar_F2X_Q3M_C4M_P2,8032500
v1_scalar_F2X_Q3M_C4M_P2,8132100
v1_scalar_F2X_Q3M_C4M_P2,8104800
v1_scalar_F2X_Q3M_C4M_P2,7922100
v1_scalar_F2X_Q3M_C4M_P2,7994300
v1_scalar_F2X_Q3M_C4M_P2,8020100
v1_scalar_F2X_Q3M_C4M_P2,8155300
v1_scalar_F2X_Q3M_C4M_P2,8467600
v1_scalar_F2X_Q3M_C4M_P2,8738800
v1_scalar_F2X_Q3M_C4M_P2,8523300
v1_scalar_F2X_Q3M_C4M_P2,8397300
v1_scalar_F2X_Q3M_C4M_P2,8073800
v1_scalar_F2X_Q4F_C1R_P2,93035400
v1_scalar_F2X_Q4F_C1R_P2,93456100
v1_scalar_F2X_Q4F_C1R_P2,94639800
v1_scalar_F2X_Q4F_C1R_P2,91534500
v1_scalar_F2X_Q4F_C1R_P2,92004800
v1_scalar_F2X_Q4F_C1R_P2,92228900
v1_scalar_F2X_Q4F_C1R_P2,92404200
v1_scalar_F2X_Q4F_C1R_P2,93408000
v1_scalar_F2X_Q4F_C1R_P2,92804400
v1_scalar_F2X_Q4F_C1R_P2,96000600
v1_scalar_F2X_Q4F_C1R_P2,91849200
v1_scalar_F2X_Q4F_C1R_P2,95454300
v1_scalar_F2X_Q4F_C1R_P2,92246200
v1_scalar_F2X_Q4F_C1R_P2,94604400
v1_scalar_F2X_Q4F_C1R_P2,92787300
v1_scalar_F2X_Q4F_C1R_P2,91278600
v1_scalar_F2X_Q4F_C1R_P2,93208600
v1_scalar_F2X_Q4F_C1R_P2,92242900
v1_scalar_F2X_Q4F_C1R_P2,94068200
v1_scalar_F2X_Q4F_C1R_P2,92736700
v1_scalar_F2X_Q4F_C1R_P2,92851800
v1_scalar_F2X_Q4F_C1R_P2,92021500
v1_scalar_F2X_Q4F_C1R_P2,92672200
v1_scalar_F2X_Q4F_C1X_P2,53829100
v1_scalar_F2X_Q4F_C1X_P2,54357300
v1_scalar_F2X_Q4F_C1X_P2,54019100
v1_scalar_F2X_Q4F_C1X_P2,54842100
v1_scalar_F2X_Q4F_C1X_P2,54388700
v1_scalar_F2X_Q4F_C1X_P2,55331900
v1_scalar_F2X_Q4F_C1X_P2,53930500
v1_scalar_F2X_Q4F_C1X_P2,55359600
v1_scalar_F2X_Q4F_C1X_P2,56328500
v1_scalar_F2X_Q4F_C1X_P2,56804500
v1_scalar_F2X_Q4F_C1X_P2,55668100
v1_scalar_F2X_Q4F_C1X_P2,54901900
v1_scalar_F2X_Q4F_C1X_P2,60085400
v1_scalar_F2X_Q4F_C1X_P2,55821100
v1_scalar_F2X_Q4F_C1X_P2,56328500
v1_scalar_F2X_Q4F_C1X_P2,54809000
v1_scalar_F2X_Q4F_C1X_P2,53778000
v1_scalar_F2X_Q4F_C1X_P2,58001200
v1_scalar_F2X_Q4F_C1X_P2,56527600
v1_scalar_F2X_Q4F_C1X_P2,54902600
v1_scalar_F2X_Q4F_C1X_P2,55955500
v1_scalar_F2X_Q4F_C1X_P2,55362300
v1_scalar_F2X_Q4F_C1X_P2,54703500
v1_scalar_F2X_Q4F_C1X_P2,58997600
v1_scalar_F2X_Q4F_C1X_P2,54723400
v1_scalar_F2X_Q4F_C1X_P2,55771900
v1_scalar_F2X_Q4F_C1X_P2,53905400
v1_scalar_F2X_Q4F_C1X_P2,54834400
v1_scalar_F2X_Q4F_C1X_P2,55173400
v1_scalar_F2X_Q4F_C1X_P2,54881000
v1_scalar_F2X_Q4F_C1X_P2,55957600
v1_scalar_F2X_Q4F_C1X_P2,55101800
v1_scalar_F2X_Q4F_C1X_P2,56078600
v1_scalar_F2X_Q4F_C1X_P2,56459400
v1_scalar_F2X_Q4F_C1X_P2,56779800
v1_scalar_F2X_Q4F_C1X_P2,55640200
v1_scalar_F2X_Q4F_C1X_P2,54103800
v1_scalar_F2X_Q4F_C2R_P2,77565100
v1_scalar_F2X_Q4F_C2R_P2,77576500
v1_scalar_F2X_Q4F_C2R_P2,74175000
v1_scalar_F2X_Q4F_C2R_P2,80214100
v1_scalar_F2X_Q4F_C2R_P2,79570400
v1_scalar_F2X_Q4F_C2R_P2,77290300
v1_scalar_F2X_Q4F_C2R_P2,79800400
v1_scalar_F2X_Q4F_C2R_P2,74830400
v1_scalar_F2X_Q4F_C2R_P2,80643100
v1_scalar_F2X_Q4F_C2R_P2,78887300
v1_scalar_F2X_Q4F_C2R_P2,77140300
v1_scalar_F2X_Q4F_C2R_P2,77921100
v1_scalar_F2X_Q4F_C2R_P2,78622400
v1_scalar_F2X_Q4F_C2R_P2,78181100
v1_scalar_F2X_Q4F_C2R_P2,74612200
v1_scalar_F2X_Q4F_C2R_P2,75923900
v1_scalar_F2X_Q4F_C2R_P2,76752600
v1_scalar_F2X_Q4F_C2R_P2,75077600
v1_scalar_F2X_Q4F_C2R_P2,76316000
v1_scalar_F2X_Q4F_C2R_P2,75102900
v1_scalar_F2X_Q4F_C2R_P2,76410500
v1_scalar_F2X_Q4F_C2R_P2,79681300
v1_scalar_F2X_Q4F_C2R_P2,76388700
v1_scalar_F2X_Q4F_C2R_P2,76696200
v1_scalar_F2X_Q4F_C2R_P2,79267200
v1_scalar_F2X_Q4F_C2R_P2,78466300
v1_scalar_F2X_Q4F_C2R_P2,77721900
v1_scalar_F2X_Q4F_C2X_P2,47055400
v1_scalar_F2X_Q4F_C2X_P2,47452900
v1_scalar_F2X_Q4F_C2X_P2,46396400
v1_scalar_F2X_Q4F_C2X_P2,47345900
v1_scalar_F2X_Q4F_C2X_P2,46361300
v1_scalar_F2X_Q4F_C2X_P2,48764300
v1_scalar_F2X_Q4F_C2X_P2,46942100
v1_scalar_F2X_Q4F_C2X_P2,46970400
v1_scalar_F2X_Q4F_C2X_P2,47823500
v1_scalar_F2X_Q4F_C2X_P2,48368100
v1_scalar_F2X_Q4F_C2X_P2,47702200
v1_scalar_F2X_Q4F_C2X_P2,46557000
v1_scalar_F2X_Q4F_C2X_P2,47329100
v1_scalar_F2X_Q4F_C2X_P2,47151000
v1_scalar_F2X_Q4F_C2X_P2,47321500
v1_scalar_F2X_Q4F_C2X_P2,46327900
v1_scalar_F2X_Q4F_C2X_P2,48895100
v1_scalar_F2X_Q4F_C2X_P2,47832500
v1_scalar_F2X_Q4F_C2X_P2,47254500
v1_scalar_F2X_Q4F_C2X_P2,49229100
v1_scalar_F2X_Q4F_C2X_P2,47905600
v1_scalar_F2X_Q4F_C2X_P2,47852200
v1_scalar_F2X_Q4F_C2X_P2,49470000
v1_scalar_F2X_Q4F_C2X_P2,47924100
v1_scalar_F2X_Q4F_C2X_P2,47882100
v1_scalar_F2X_Q4F_C2X_P2,46316800
v1_scalar_F2X_Q4F_C2X_P2,46044100
v1_scalar_F2X_Q4F_C2X_P2,46516100
v1_scalar_F2X_Q4F_C2X_P2,46729000
v1_scalar_F2X_Q4F_C2X_P2,47865900
v1_scalar_F2X_Q4F_C2X_P2,48414200
v1_scalar_F2X_Q4F_C2X_P2,46209200
v1_scalar_F2X_Q4F_C2X_P2,46792400
v1_scalar_F2X_Q4F_C2X_P2,47192100
v1_scalar_F2X_Q4F_C2X_P2,48112800
v1_scalar_F2X_Q4F_C2X_P2,48145800
v1_scalar_F2X_Q4F_C2X_P2,47505400
v1_scalar_F2X_Q4F_C2X_P2,46901700
v1_scalar_F2X_Q4F_C2X_P2,46517400
v1_scalar_F2X_Q4F_C2X_P2,47905000
v1_scalar_F2X_Q4F_C2X_P2,45785300
v1_scalar_F2X_Q4F_C2X_P2,46464000
v1_scalar_F2X_Q4F_C2X_P2,47140900
v1_scalar_F2X_Q4F_C3_P2,34441600
v1_scalar_F2X_Q4F_C3_P2,35239800
v1_scalar_F2X_Q4F_C3_P2,34133700
v1_scalar_F2X_Q4F_C3_P2,37111300
v1_scalar_F2X_Q4F_C3_P2,35120800
v1_scalar_F2X_Q4F_C3_P2,35690400
v1_scalar_F2X_Q4F_C3_P2,35699300
v1_scalar_F2X_Q4F_C3_P2,34892500
v1_scalar_F2X_Q4F_C3_P2,35061700
v1_scalar_F2X_Q4F_C3_P2,35502900
v1_scalar_F2X_Q4F_C3_P2,34929500
v1_scalar_F2X_Q4F_C3_P2,34175700
v1_scalar_F2X_Q4F_C3_P2,36169300
v1_scalar_F2X_Q4F_C3_P2,36512200
v1_scalar_F2X_Q4F_C3_P2,35809000
v1_scalar_F2X_Q4F_C3_P2,35698100
v1_scalar_F2X_Q4F_C3_P2,35232700
v1_scalar_F2X_Q4F_C3_P2,35799000
v1_scalar_F2X_Q4F_C3_P2,35967700
v1_scalar_F2X_Q4F_C3_P2,35873400
v1_scalar_F2X_Q4F_C3_P2,34579200
v1_scalar_F2X_Q4F_C3_P2,34560500
v1_scalar_F2X_Q4F_C3_P2,34445800
v1_scalar_F2X_Q4F_C3_P2,35125600
v1_scalar_F2X_Q4F_C3_P2,34786500
v1_scalar_F2X_Q4F_C3_P2,34795700
v1_scalar_F2X_Q4F_C3_P2,35774700
v1_scalar_F2X_Q4F_C3_P2,36125200
v1_scalar_F2X_Q4F_C3_P2,34808500
v1_scalar_F2X_Q4F_C3_P2,39141900
v1_scalar_F2X_Q4F_C3_P2,35527100
v1_scalar_F2X_Q4F_C3_P2,35500600
v1_scalar_F2X_Q4F_C3_P2,36350500
v1_scalar_F2X_Q4F_C3_P2,34846500
v1_scalar_F2X_Q4F_C3_P2,36285400
v1_scalar_F2X_Q4F_C3_P2,34121700
v1_scalar_F2X_Q4F_C3_P2,35038300
v1_scalar_F2X_Q4F_C3_P2,34354600
v1_scalar_F2X_Q4F_C3_P2,35451000
v1_scalar_F2X_Q4F_C3_P2,35042800
v1_scalar_F2X_Q4F_C3_P2,36165200
v1_scalar_F2X_Q4F_C3_P2,34144100
v1_scalar_F2X_Q4F_C3_P2,34287900
v1_scalar_F2X_Q4F_C3_P2,38791800
v1_scalar_F2X_Q4F_C3_P2,35046000
v1_scalar_F2X_Q4F_C3_P2,35663900
v1_scalar_F2X_Q4F_C3_P2,34492800
v1_scalar_F2X_Q4F_C3_P2,35612300
v1_scalar_F2X_Q4F_C3_P2,36269400
v1_scalar_F2X_Q4F_C3_P2,34529700
v1_scalar_F2X_Q4F_C3_P2,35394600
v1_scalar_F2X_Q4F_C3_P2,35843100
v1_scalar_F2X_Q4F_C3_P2,35645500
v1_scalar_F2X_Q4F_C3_P2,35350400
v1_scalar_F2X_Q4F_C3_P2,35289200
v1_scalar_F2X_Q4F_C3_P2,35111300
v1_scalar_F2X_Q4F_C3_P2,34497900
v1_scalar_F2X_Q4F_C4F_P2,36271000
v1_scalar_F2X_Q4F_C4F_P2,35949700
v1_scalar_F2X_Q4F_C4F_P2,36053800
v1_scalar_F2X_Q4F_C4F_P2,36203700
v1_scalar_F2X_Q4F_C4F_P2,35824200
v1_scalar_F2X_Q4F_C4F_P2,36175900
v1_scalar_F2X_Q4F_C4F_P2,37371500
v1_scalar_F2X_Q4F_C4F_P2,35596600
v1_scalar_F2X_Q4F_C4F_P2,36548700
v1_scalar_F2X_Q4F_C4F_P2,38452100
v1_scalar_F2X_Q4F_C4F_P2,37435000
v1_scalar_F2X_Q4F_C4F_P2,36452100
v1_scalar_F2X_Q4F_C4F_P2,37096100
v1_scalar_F2X_Q4F_C4F_P2,35427900
v1_scalar_F2X_Q4F_C4F_P2,37569400
v1_scalar_F2X_Q4F_C4F_P2,37129600
v1_scalar_F2X_Q4F_C4F_P2,37899700
v1_scalar_F2X_Q4F_C4F_P2,36234200
v1_scalar_F2X_Q4F_C4F_P2,38114500
v1_scalar_F2X_Q4F_C4F_P2,36756500
v1_scalar_F2X_Q4F_C4F_P2,36053600
v1_scalar_F2X_Q4F_C4F_P2,35825600
v1_scalar_F2X_Q4F_C4F_P2,36464700
v1_scalar_F2X_Q4F_C4F_P2,36477100
v1_scalar_F2X_Q4F_C4F_P2,37678800
v1_scalar_F2X_Q4F_C4F_P2,37055000
v1_scalar_F2X_Q4F_C4F_P2,36399300
v1_scalar_F2X_Q4F_C4F_P2,35513400
v1_scalar_F2X_Q4F_C4F_P2,37053400
v1_scalar_F2X_Q4F_C4F_P2,35451600
v1_scalar_F2X_Q4F_C4F_P2,35415200
v1_scalar_F2X_Q4F_C4F_P2,36226700
v1_scalar_F2X_Q4F_C4F_P2,35216200
v1_scalar_F2X_Q4F_C4F_P2,36625800
v1_scalar_F2X_Q4F_C4F_P2,35527800
v1_scalar_F2X_Q4F_C4F_P2,37138000
v1_scalar_F2X_Q4F_C4F_P2,36309300
v1_scalar_F2X_Q4F_C4F_P2,36789900
v1_scalar_F2X_Q4F_C4F_P2,34976700
v1_scalar_F2X_Q4F_C4F_P2,37599900
v1_scalar_F2X_Q4F_C4F_P2,36551100
v1_scalar_F2X_Q4F_C4F_P2,36745100
v1_scalar_F2X_Q4F_C4F_P2,36603600
v1_scalar_F2X_Q4F_C4F_P2,36117200
v1_scalar_F2X_Q4F_C4F_P2,35639800
v1_scalar_F2X_Q4F_C4F_P2,36998200
v1_scalar_F2X_Q4F_C4F_P2,36021400
v1_scalar_F2X_Q4F_C4F_P2,37474600
v1_scalar_F2X_Q4F_C4F_P2,35316500
v1_scalar_F2X_Q4F_C4F_P2,36377500
v1_scalar_F2X_Q4F_C4F_P2,35156500
v1_scalar_F2X_Q4F_C4F_P2,36785000
v1_scalar_F2X_Q4F_C4F_P2,37441500
v1_scalar_F2X_Q4F_C4F_P2,35959000
v1_scalar_F2X_Q4F_C4F_P2,35824100
v1_scalar_F2X_Q4F_C4M_P2,36640000
v1_scalar_F2X_Q4F_C4M_P2,36830500
v1_scalar_F2X_Q4F_C4M_P2,37492900
v1_scalar_F2X_Q4F_C4M_P2,36948100
v1_scalar_F2X_Q4F_C4M_P2,38232100
v1_scalar_F2X_Q4F_C4M_P2,37317600
v1_scalar_F2X_Q4F_C4M_P2,37577700
v1_scalar_F2X_Q4F_C4M_P2,36941400
v1_scalar_F2X_Q4F_C4M_P2,37558900
v1_scalar_F2X_Q4F_C4M_P2,37171600
v1_scalar_F2X_Q4F_C4M_P2,38106600
v1_scalar_F2X_Q4F_C4M_P2,37956100
v1_scalar_F2X_Q4F_C4M_P2,37312800
v1_scalar_F2X_Q4F_C4M_P2,36777000
v1_scalar_F2X_Q4F_C4M_P2,37288600
v1_scalar_F2X_Q4F_C4M_P2,38198900
v1_scalar_F2X_Q4F_C4M_P2,38165300
v1_scalar_F2X_Q4F_C4M_P2,38760600
v1_scalar_F2X_Q4F_C4M_P2,37298500
v1_scalar_F2X_Q4F_C4M_P2,36961800
v1_scalar_F2X_Q4F_C4M_P2,36829700
v1_scalar_F2X_Q4F_C4M_P2,37510200
v1_scalar_F2X_Q4F_C4M_P2,37241000
v1_scalar_F2X_Q4F_C4M_P2,36550400
v1_scalar_F2X_Q4F_C4M_P2,38916700
v1_scalar_F2X_Q4F_C4M_P2,38848500
v1_scalar_F2X_Q4F_C4M_P2,37205600
v1_scalar_F2X_Q4F_C4M_P2,37839600
v1_scalar_F2X_Q4F_C4M_P2,36649900
v1_scalar_F2X_Q4F_C4M_P2,37153500
v1_scalar_F2X_Q4F_C4M_P2,38487900
v1_scalar_F2X_Q4F_C4M_P2,37344600
v1_scalar_F2X_Q4F_C4M_P2,36460600
v1_scalar_F2X_Q4F_C4M_P2,39012200
v1_scalar_F2X_Q4F_C4M_P2,37313600
v1_scalar_F2X_Q4F_C4M_P2,36561300
v1_scalar_F2X_Q4F_C4M_P2,37060600
v1_scalar_F2X_Q4F_C4M_P2,38051300
v1_scalar_F2X_Q4F_C4M_P2,39055800
v1_scalar_F2X_Q4F_C4M_P2,37559600
v1_scalar_F2X_Q4F_C4M_P2,36997100
v1_scalar_F2X_Q4F_C4M_P2,38973300
v1_scalar_F2X_Q4F_C4M_P2,37732300
v1_scalar_F2X_Q4F_C4M_P2,38671600
v1_scalar_F2X_Q4F_C4M_P2,38083400
v1_scalar_F2X_Q4F_C4M_P2,37714700
v1_scalar_F2X_Q4F_C4M_P2,36912700
v1_scalar_F2X_Q4F_C4M_P2,37413800
v1_scalar_F2X_Q4F_C4M_P2,37432000
v1_scalar_F2X_Q4F_C4M_P2,36944200
v1_scalar_F2X_Q4F_C4M_P2,36796700
v1_scalar_F2X_Q4F_C4M_P2,38739800
v1_scalar_F2X_Q4F_C4M_P2,38588300
v1_scalar_F2X_Q4M_C1R_P2,99672300
v1_scalar_F2X_Q4M_C1R_P2,100304000
v1_scalar_F2X_Q4M_C1R_P2,100355900
v1_scalar_F2X_Q4M_C1R_P2,99660700
v1_scalar_F2X_Q4M_C1R_P2,102504700
v1_scalar_F2X_Q4M_C1R_P2,100384800
v1_scalar_F2X_Q4M_C1R_P2,100417300
v1_scalar_F2X_Q4M_C1R_P2,104566600
v1_scalar_F2X_Q4M_C1R_P2,100852000
v1_scalar_F2X_Q4M_C1R_P2,99746400
v1_scalar_F2X_Q4M_C1R_P2,101339400
v1_scalar_F2X_Q4M_C1R_P2,100708200
v1_scalar_F2X_Q4M_C1R_P2,101934000
v1_scalar_F2X_Q4M_C1R_P2,102657500
v1_scalar_F2X_Q4M_C1R_P2,126101300
v1_scalar_F2X_Q4M_C1R_P2,108583200
v1_scalar_F2X_Q4M_C1R_P2,100457300
v1_scalar_F2X_Q4M_C1R_P2,100982700
v1_scalar_F2X_Q4M_C1R_P2,101415300
v1_scalar_F2X_Q4M_C1R_P2,100413500
v1_scalar_F2X_Q4M_C1R_P2,97045200
v1_scalar_F2X_Q4M_C1X_P2,61867000
v1_scalar_F2X_Q4M_C1X_P2,60976000
v1_scalar_F2X_Q4M_C1X_P2,60360500
v1_scalar_F2X_Q4M_C1X_P2,62029900
v1_scalar_F2X_Q4M_C1X_P2,63062700
v1_scalar_F2X_Q4M_C1X_P2,61466700
v1_scalar_F2X_Q4M_C1X_P2,61613000
v1_scalar_F2X_Q4M_C1X_P2,62170000
v1_scalar_F2X_Q4M_C1X_P2,62365100
v1_scalar_F2X_Q4M_C1X_P2,61940400
v1_scalar_F2X_Q4M_C1X_P2,60812800
v1_scalar_F2X_Q4M_C1X_P2,62362300
v1_scalar_F2X_Q4M_C1X_P2,63093000
v1_scalar_F2X_Q4M_C1X_P2,61952200
v1_scalar_F2X_Q4M_C1X_P2,62237600
v1_scalar_F2X_Q4M_C1X_P2,62993200
v1_scalar_F2X_Q4M_C1X_P2,62522200
v1_scalar_F2X_Q4M_C1X_P2,63194500
v1_scalar_F2X_Q4M_C1X_P2,62452800
v1_scalar_F2X_Q4M_C1X_P2,62319900
v1_scalar_F2X_Q4M_C1X_P2,61788100
v1_scalar_F2X_Q4M_C1X_P2,64307700
v1_scalar_F2X_Q4M_C1X_P2,61559600
v1_scalar_F2X_Q4M_C1X_P2,61354700
v1_scalar_F2X_Q4M_C1X_P2,61846700
v1_scalar_F2X_Q4M_C1X_P2,62688700
v1_scalar_F2X_Q4M_C1X_P2,62987500
v1_scalar_F2X_Q4M_C1X_P2,61496700
v1_scalar_F2X_Q4M_C1X_P2,62935400
v1_scalar_F2X_Q4M_C1X_P2,62149700
v1_scalar_F2X_Q4M_C1X_P2,61854100
v1_scalar_F2X_Q4M_C1X_P2,61444500
v1_scalar_F2X_Q4M_C1X_P2,62793300
v1_scalar_F2X_Q4M_C2R_P2,82850800
v1_scalar_F2X_Q4M_C2R_P2,85995300
v1_scalar_F2X_Q4M_C2R_P2,85474100
v1_scalar_F2X_Q4M_C2R_P2,83634600
v1_scalar_F2X_Q4M_C2R_P2,84872900
v1_scalar_F2X_Q4M_C2R_P2,85109900
v1_scalar_F2X_Q4M_C2R_P2,83117500
v1_scalar_F2X_Q4M_C2R_P2,83265500
v1_scalar_F2X_Q4M_C2R_P2,85160800
v1_scalar_F2X_Q4M_C2R_P2,85061700
v1_scalar_F2X_Q4M_C2R_P2,83000400
v1_scalar_F2X_Q4M_C2R_P2,83552900
v1_scalar_F2X_Q4M_C2R_P2,85396400
v1_scalar_F2X_Q4M_C2R_P2,86895300
v1_scalar_F2X_Q4M_C2R_P2,85446900
v1_scalar_F2X_Q4M_C2R_P2,83090200
v1_scalar_F2X_Q4M_C2R_P2,82456300
v1_scalar_F2X_Q4M_C2R_P2,86655600
v1_scalar_F2X_Q4M_C2R_P2,82992300
v1_scalar_F2X_Q4M_C2R_P2,82968900
v1_scalar_F2X_Q4M_C2R_P2,86462100
v1_scalar_F2X_Q4M_C2R_P2,83800200
v1_scalar_F2X_Q4M_C2R_P2,84719600
v1_scalar_F2X_Q4M_C2R_P2,84472400
v1_scalar_F2X_Q4M_C2R_P2,81079700
v1_scalar_F2X_Q4M_C2X_P2,53889000
v1_scalar_F2X_Q4M_C2X_P2,55301800
v1_scalar_F2X_Q4M_C2X_P2,54519000
v1_scalar_F2X_Q4M_C2X_P2,54504900
v1_scalar_F2X_Q4M_C2X_P2,54797000
v1_scalar_F2X_Q4M_C2X_P2,55620100
v1_scalar_F2X_Q4M_C2X_P2,53465800
v1_scalar_F2X_Q4M_C2X_P2,53258200
v1_scalar_F2X_Q4M_C2X_P2,53432100
v1_scalar_F2X_Q4M_C2X_P2,55677700
v1_scalar_F2X_Q4M_C2X_P2,53742200
v1_scalar_F2X_Q4M_C2X_P2,53773900
v1_scalar_F2X_Q4M_C2X_P2,53994400
v1_scalar_F2X_Q4M_C2X_P2,55514900
v1_scalar_F2X_Q4M_C2X_P2,55106900
v1_scalar_F2X_Q4M_C2X_P2,53863200
v1_scalar_F2X_Q4M_C2X_P2,53247200
v1_scalar_F2X_Q4M_C2X_P2,53469400
v1_scalar_F2X_Q4M_C2X_P2,56359200
v1_scalar_F2X_Q4M_C2X_P2,55779700
v1_scalar_F2X_Q4M_C2X_P2,53501800
v1_scalar_F2X_Q4M_C2X_P2,54602200
v1_scalar_F2X_Q4M_C2X_P2,54389200
v1_scalar_F2X_Q4M_C2X_P2,56332900
v1_scalar_F2X_Q4M_C2X_P2,53788300
v1_scalar_F2X_Q4M_C2X_P2,58192700
v1_scalar_F2X_Q4M_C2X_P2,54375600
v1_scalar_F2X_Q4M_C2X_P2,53850600
v1_scalar_F2X_Q4M_C2X_P2,56057000
v1_scalar_F2X_Q4M_C2X_P2,53300600
v1_scalar_F2X_Q4M_C2X_P2,60966200
v1_scalar_F2X_Q4M_C2X_P2,53145900
v1_scalar_F2X_Q4M_C2X_P2,53868500
v1_scalar_F2X_Q4M_C2X_P2,55818300
v1_scalar_F2X_Q4M_C2X_P2,53288600
v1_scalar_F2X_Q4M_C2X_P2,53930600
v1_scalar_F2X_Q4M_C2X_P2,54515100
v1_scalar_F2X_Q4M_C3_P2,43552200
v1_scalar_F2X_Q4M_C3_P2,43293000
v1_scalar_F2X_Q4M_C3_P2,43389300
v1_scalar_F2X_Q4M_C3_P2,44445300
v1_scalar_F2X_Q4M_C3_P2,42788300
v1_scalar_F2X_Q4M_C3_P2,43018500
v1_scalar_F2X_Q4M_C3_P2,46750900
v1_scalar_F2X_Q4M_C3_P2,44528700
v1_scalar_F2X_Q4M_C3_P2,43675500
v1_scalar_F2X_Q4M_C3_P2,42498500
v1_scalar_F2X_Q4M_C3_P2,43690300
v1_scalar_F2X_Q4M_C3_P2,43740300
v1_scalar_F2X_Q4M_C3_P2,43175600
v1_scalar_F2X_Q4M_C3_P2,43931000
v1_scalar_F2X_Q4M_C3_P2,42591000
v1_scalar_F2X_Q4M_C3_P2,44468400
v1_scalar_F2X_Q4M_C3_P2,43557800
v1_scalar_F2X_Q4M_C3_P2,46177100
v1_scalar_F2X_Q4M_C3_P2,44297200
v1_scalar_F2X_Q4M_C3_P2,44761500
v1_scalar_F2X_Q4M_C3_P2,43400400
v1_scalar_F2X_Q4M_C3_P2,44312700
v1_scalar_F2X_Q4M_C3_P2,43154000
v1_scalar_F2X_Q4M_C3_P2,44906600
v1_scalar_F2X_Q4M_C3_P2,43512600
v1_scalar_F2X_Q4M_C3_P2,43693700
v1_scalar_F2X_Q4M_C3_P2,42817600
v1_scalar_F2X_Q4M_C3_P2,43108400
v1_scalar_F2X_Q4M_C3_P2,42987800
v1_scalar_F2X_Q4M_C3_P2,43100900
v1_scalar_F2X_Q4M_C3_P2,43332600
v1_scalar_F2X_Q4M_C3_P2,44196700
v1_scalar_F2X_Q4M_C3_P2,43272900
v1_scalar_F2X_Q4M_C3_P2,42368700
v1_scalar_F2X_Q4M_C3_P2,43356900
v1_scalar_F2X_Q4M_C3_P2,44798400
v1_scalar_F2X_Q4M_C3_P2,43945000
v1_scalar_F2X_Q4M_C3_P2,44711300
v1_scalar_F2X_Q4M_C3_P2,42579700
v1_scalar_F2X_Q4M_C3_P2,42532500
v1_scalar_F2X_Q4M_C3_P2,44444500
v1_scalar_F2X_Q4M_C3_P2,43951800
v1_scalar_F2X_Q4M_C3_P2,42472800
v1_scalar_F2X_Q4M_C3_P2,42801800
v1_scalar_F2X_Q4M_C3_P2,44038100
v1_scalar_F2X_Q4M_C3_P2,42621600
v1_scalar_F2X_Q4M_C4F_P2,44639300
v1_scalar_F2X_Q4M_C4F_P2,43337500
v1_scalar_F2X_Q4M_C4F_P2,42775600
v1_scalar_F2X_Q4M_C4F_P2,44145200
v1_scalar_F2X_Q4M_C4F_P2,42984300
v1_scalar_F2X_Q4M_C4F_P2,44703900
v1_scalar_F2X_Q4M_C4F_P2,46273400
v1_scalar_F2X_Q4M_C4F_P2,44469200
v1_scalar_F2X_Q4M_C4F_P2,43439000
v1_scalar_F2X_Q4M_C4F_P2,44012900
v1_scalar_F2X_Q4M_C4F_P2,43425100
v1_scalar_F2X_Q4M_C4F_P2,45495400
v1_scalar_F2X_Q4M_C4F_P2,44096600
v1_scalar_F2X_Q4M_C4F_P2,44176300
v1_scalar_F2X_Q4M_C4F_P2,43502000
v1_scalar_F2X_Q4M_C4F_P2,43944100
v1_scalar_F2X_Q4M_C4F_P2,45682400
v1_scalar_F2X_Q4M_C4F_P2,46427000
v1_scalar_F2X_Q4M_C4F_P2,44243800
v1_scalar_F2X_Q4M_C4F_P2,45603600
v1_scalar_F2X_Q4M_C4F_P2,43740200
v1_scalar_F2X_Q4M_C4F_P2,44852600
v1_scalar_F2X_Q4M_C4F_P2,44012200
v1_scalar_F2X_Q4M_C4F_P2,47494900
v1_scalar_F2X_Q4M_C4F_P2,43233900
v1_scalar_F2X_Q4M_C4F_P2,44357400
v1_scalar_F2X_Q4M_C4F_P2,45147300
v1_scalar_F2X_Q4M_C4F_P2,45108000
v1_scalar_F2X_Q4M_C4F_P2,44504800
v1_scalar_F2X_Q4M_C4F_P2,43326800
v1_scalar_F2X_Q4M_C4F_P2,44402800
v1_scalar_F2X_Q4M_C4F_P2,46033600
v1_scalar_F2X_Q4M_C4F_P2,43487000
v1_scalar_F2X_Q4M_C4F_P2,43009100
v1_scalar_F2X_Q4M_C4F_P2,45300100
v1_scalar_F2X_Q4M_C4F_P2,44803900
v1_scalar_F2X_Q4M_C4F_P2,43496700
v1_scalar_F2X_Q4M_C4F_P2,43924700
v1_scalar_F2X_Q4M_C4F_P2,43788600
v1_scalar_F2X_Q4M_C4F_P2,44545900
v1_scalar_F2X_Q4M_C4F_P2,45273300
v1_scalar_F2X_Q4M_C4F_P2,44784700
v1_scalar_F2X_Q4M_C4F_P2,43205200
v1_scalar_F2X_Q4M_C4F_P2,46203800
v1_scalar_F2X_Q4M_C4F_P2,46276000
v1_scalar_F2X_Q4M_C4M_P2,45225600
v1_scalar_F2X_Q4M_C4M_P2,46703700
v1_scalar_F2X_Q4M_C4M_P2,45312100
v1_scalar_F2X_Q4M_C4M_P2,45340200
v1_scalar_F2X_Q4M_C4M_P2,45800100
v1_scalar_F2X_Q4M_C4M_P2,47372900
v1_scalar_F2X_Q4M_C4M_P2,45391900
v1_scalar_F2X_Q4M_C4M_P2,47264700
v1_scalar_F2X_Q4M_C4M_P2,45299100
v1_scalar_F2X_Q4M_C4M_P2,45196500
v1_scalar_F2X_Q4M_C4M_P2,44933500
v1_scalar_F2X_Q4M_C4M_P2,45582300
v1_scalar_F2X_Q4M_C4M_P2,46322200
v1_scalar_F2X_Q4M_C4M_P2,46007100
v1_scalar_F2X_Q4M_C4M_P2,44726500
v1_scalar_F2X_Q4M_C4M_P2,45498500
v1_scalar_F2X_Q4M_C4M_P2,46846200
v1_scalar_F2X_Q4M_C4M_P2,45293100
v1_scalar_F2X_Q4M_C4M_P2,47180300
v1_scalar_F2X_Q4M_C4M_P2,47394200
v1_scalar_F2X_Q4M_C4M_P2,45890900
v1_scalar_F2X_Q4M_C4M_P2,45743700
v1_scalar_F2X_Q4M_C4M_P2,44967300
v1_scalar_F2X_Q4M_C4M_P2,45515800
v1_scalar_F2X_Q4M_C4M_P2,46389800
v1_scalar_F2X_Q4M_C4M_P2,49965100
v1_scalar_F2X_Q4M_C4M_P2,45626700
v1_scalar_F2X_Q4M_C4M_P2,46738000
v1_scalar_F2X_Q4M_C4M_P2,45285500
v1_scalar_F2X_Q4M_C4M_P2,46310600
v1_scalar_F2X_Q4M_C4M_P2,46309500
v1_scalar_F2X_Q4M_C4M_P2,46775600
v1_scalar_F2X_Q4M_C4M_P2,45133800
v1_scalar_F2X_Q4M_C4M_P2,44733500
v1_scalar_F2X_Q4M_C4M_P2,46315400
v1_scalar_F2X_Q4M_C4M_P2,45044800
v1_scalar_F2X_Q4M_C4M_P2,45297300
v1_scalar_F2X_Q4M_C4M_P2,46142100
v1_scalar_F2X_Q4M_C4M_P2,45383200
v1_scalar_F2X_Q4M_C4M_P2,45837500
v1_scalar_F2X_Q4M_C4M_P2,47071200
v1_scalar_F2X_Q4M_C4M_P2,46146000
v1_scalar_F2X_Q4M_C4M_P2,45702300
v1_scalar_F3R_Q1_C1R_P2,120495600
v1_scalar_F3R_Q1_C1R_P2,122583000
v1_scalar_F3R_Q1_C1R_P2,120975300
v1_scalar_F3R_Q1_C1R_P2,122514900
v1_scalar_F3R_Q1_C1R_P2,126025500
v1_scalar_F3R_Q1_C1R_P2,119508400
v1_scalar_F3R_Q1_C1R_P2,118407500
v1_scalar_F3R_Q1_C1R_P2,118326200
v1_scalar_F3R_Q1_C1R_P2,121668200
v1_scalar_F3R_Q1_C1R_P2,121848500
v1_scalar_F3R_Q1_C1R_P2,121719100
v1_scalar_F3R_Q1_C1R_P2,122754100
v1_scalar_F3R_Q1_C1R_P2,122764100
v1_scalar_F3R_Q1_C1R_P2,121111700
v1_scalar_F3R_Q1_C1R_P2,123142900
v1_scalar_F3R_Q1_C1R_P2,121271900
v1_scalar_F3R_Q1_C1R_P2,119154200
v1_scalar_F3R_Q1_C1X_P2,62189700
v1_scalar_F3R_Q1_C1X_P2,63128200
v1_scalar_F3R_Q1_C1X_P2,61494400
v1_scalar_F3R_Q1_C1X_P2,62102600
v1_scalar_F3R_Q1_C1X_P2,63271600
v1_scalar_F3R_Q1_C1X_P2,62989900
v1_scalar_F3R_Q1_C1X_P2,62033600
v1_scalar_F3R_Q1_C1X_P2,63050200
v1_scalar_F3R_Q1_C1X_P2,62859100
v1_scalar_F3R_Q1_C1X_P2,63369200
v1_scalar_F3R_Q1_C1X_P2,63124700
v1_scalar_F3R_Q1_C1X_P2,63426800
v1_scalar_F3R_Q1_C1X_P2,62900400
v1_scalar_F3R_Q1_C1X_P2,63151300
v1_scalar_F3R_Q1_C1X_P2,63404900
v1_scalar_F3R_Q1_C1X_P2,61829100
v1_scalar_F3R_Q1_C1X_P2,64009600
v1_scalar_F3R_Q1_C1X_P2,64007700
v1_scalar_F3R_Q1_C1X_P2,60820600
v1_scalar_F3R_Q1_C1X_P2,63433900
v1_scalar_F3R_Q1_C1X_P2,65209600
v1_scalar_F3R_Q1_C1X_P2,64944900
v1_scalar_F3R_Q1_C1X_P2,63509500
v1_scalar_F3R_Q1_C1X_P2,62167100
v1_scalar_F3R_Q1_C1X_P2,63783600
v1_scalar_F3R_Q1_C1X_P2,67260200
v1_scalar_F3R_Q1_C1X_P2,61709600
v1_scalar_F3R_Q1_C1X_P2,64075600
v1_scalar_F3R_Q1_C1X_P2,62543500
v1_scalar_F3R_Q1_C1X_P2,64407300
v1_scalar_F3R_Q1_C1X_P2,64465000
v1_scalar_F3R_Q1_C1X_P2,62868700
v1_scalar_F3R_Q1_C1X_P2,62315700
v1_scalar_F3R_Q1_C2R_P2,107996300
v1_scalar_F3R_Q1_C2R_P2,104562200
v1_scalar_F3R_Q1_C2R_P2,105738700
v1_scalar_F3R_Q1_C2R_P2,106696500
v1_scalar_F3R_Q1_C2R_P2,109830900
v1_scalar_F3R_Q1_C2R_P2,102730800
v1_scalar_F3R_Q1_C2R_P2,105855500
v1_scalar_F3R_Q1_C2R_P2,107330100
v1_scalar_F3R_Q1_C2R_P2,106127000
v1_scalar_F3R_Q1_C2R_P2,104363000
v1_scalar_F3R_Q1_C2R_P2,105610200
v1_scalar_F3R_Q1_C2R_P2,105920500
v1_scalar_F3R_Q1_C2R_P2,106271600
v1_scalar_F3R_Q1_C2R_P2,103316200
v1_scalar_F3R_Q1_C2R_P2,104301400
v1_scalar_F3R_Q1_C2R_P2,107792100
v1_scalar_F3R_Q1_C2R_P2,102121000
v1_scalar_F3R_Q1_C2R_P2,107467800
v1_scalar_F3R_Q1_C2R_P2,104080800
v1_scalar_F3R_Q1_C2R_P2,108939700
v1_scalar_F3R_Q1_C2X_P2,56854600
v1_scalar_F3R_Q1_C2X_P2,56096400
v1_scalar_F3R_Q1_C2X_P2,54262300
v1_scalar_F3R_Q1_C2X_P2,54999400
v1_scalar_F3R_Q1_C2X_P2,54757000
v1_scalar_F3R_Q1_C2X_P2,55381300
v1_scalar_F3R_Q1_C2X_P2,55090800
v1_scalar_F3R_Q1_C2X_P2,57128000
v1_scalar_F3R_Q1_C2X_P2,56353700
v1_scalar_F3R_Q1_C2X_P2,55105100
v1_scalar_F3R_Q1_C2X_P2,56800800
v1_scalar_F3R_Q1_C2X_P2,55633200
v1_scalar_F3R_Q1_C2X_P2,56047400
v1_scalar_F3R_Q1_C2X_P2,55400300
v1_scalar_F3R_Q1_C2X_P2,56432200
v1_scalar_F3R_Q1_C2X_P2,53923700
v1_scalar_F3R_Q1_C2X_P2,54156200
v1_scalar_F3R_Q1_C2X_P2,54469200
v1_scalar_F3R_Q1_C2X_P2,56454400
v1_scalar_F3R_Q1_C2X_P2,57024300
v1_scalar_F3R_Q1_C2X_P2,56255000
v1_scalar_F3R_Q1_C2X_P2,54736300
v1_scalar_F3R_Q1_C2X_P2,55248700
v1_scalar_F3R_Q1_C2X_P2,55577900
v1_scalar_F3R_Q1_C2X_P2,55203200
v1_scalar_F3R_Q1_C2X_P2,56503400
v1_scalar_F3R_Q1_C2X_P2,54948500
v1_scalar_F3R_Q1_C2X_P2,54987300
v1_scalar_F3R_Q1_C2X_P2,56337300
v1_scalar_F3R_Q1_C2X_P2,54495400
v1_scalar_F3R_Q1_C2X_P2,57292100
v1_scalar_F3R_Q1_C2X_P2,54827500
v1_scalar_F3R_Q1_C2X_P2,53969100
v1_scalar_F3R_Q1_C2X_P2,55556700
v1_scalar_F3R_Q1_C2X_P2,57448900
v1_scalar_F3R_Q1_C2X_P2,54854100
v1_scalar_F3R_Q1_C2X_P2,56588500
v1_scalar_F3R_Q1_C3_P2,41344200
v1_scalar_F3R_Q1_C3_P2,44810600
v1_scalar_F3R_Q1_C3_P2,42007500
v1_scalar_F3R_Q1_C3_P2,44038900
v1_scalar_F3R_Q1_C3_P2,44626600
v1_scalar_F3R_Q1_C3_P2,44095400
v1_scalar_F3R_Q1_C3_P2,43836100
v1_scalar_F3R_Q1_C3_P2,43397300
v1_scalar_F3R_Q1_C3_P2,42023500
v1_scalar_F3R_Q1_C3_P2,41485900
v1_scalar_F3R_Q1_C3_P2,41429800
v1_scalar_F3R_Q1_C3_P2,42103300
v1_scalar_F3R_Q1_C3_P2,42001900
v1_scalar_F3R_Q1_C3_P2,42700600
v1_scalar_F3R_Q1_C3_P2,41775800
v1_scalar_F3R_Q1_C3_P2,42508600
v1_scalar_F3R_Q1_C3_P2,41501900
v1_scalar_F3R_Q1_C3_P2,41824500
v1_scalar_F3R_Q1_C3_P2,44562900
v1_scalar_F3R_Q1_C3_P2,45099800
v1_scalar_F3R_Q1_C3_P2,42779300
v1_scalar_F3R_Q1_C3_P2,44690200
v1_scalar_F3R_Q1_C3_P2,41647600
v1_scalar_F3R_Q1_C3_P2,42022800
v1_scalar_F3R_Q1_C3_P2,43446800
v1_scalar_F3R_Q1_C3_P2,43180400
v1_scalar_F3R_Q1_C3_P2,43249300
v1_scalar_F3R_Q1_C3_P2,41953200
v1_scalar_F3R_Q1_C3_P2,43135200
v1_scalar_F3R_Q1_C3_P2,45111500
v1_scalar_F3R_Q1_C3_P2,45132700
v1_scalar_F3R_Q1_C3_P2,42395200
v1_scalar_F3R_Q1_C3_P2,42022200
v1_scalar_F3R_Q1_C3_P2,41955200
v1_scalar_F3R_Q1_C3_P2,41732000
v1_scalar_F3R_Q1_C3_P2,43082600
v1_scalar_F3R_Q1_C3_P2,42564700
v1_scalar_F3R_Q1_C3_P2,41544300
v1_scalar_F3R_Q1_C3_P2,42353600
v1_scalar_F3R_Q1_C3_P2,42629100
v1_scalar_F3R_Q1_C3_P2,42103400
v1_scalar_F3R_Q1_C3_P2,42222200
v1_scalar_F3R_Q1_C3_P2,44994200
v1_scalar_F3R_Q1_C3_P2,42737900
v1_scalar_F3R_Q1_C3_P2,44854200
v1_scalar_F3R_Q1_C3_P2,42469300
v1_scalar_F3R_Q1_C3_P2,43037800
v1_scalar_F3R_Q1_C4F_P2,42302100
v1_scalar_F3R_Q1_C4F_P2,40966800
v1_scalar_F3R_Q1_C4F_P2,41035800
v1_scalar_F3R_Q1_C4F_P2,43080800
v1_scalar_F3R_Q1_C4F_P2,42443300
v1_scalar_F3R_Q1_C4F_P2,41022900
v1_scalar_F3R_Q1_C4F_P2,43475400
v1_scalar_F3R_Q1_C4F_P2,42191000
v1_scalar_F3R_Q1_C4F_P2,42732000
v1_scalar_F3R_Q1_C4F_P2,41152400
v1_scalar_F3R_Q1_C4F_P2,42226200
v1_scalar_F3R_Q1_C4F_P2,41468800
v1_scalar_F3R_Q1_C4F_P2,41748300
v1_scalar_F3R_Q1_C4F_P2,43744800
v1_scalar_F3R_Q1_C4F_P2,42663700
v1_scalar_F3R_Q1_C4F_P2,43084500
v1_scalar_F3R_Q1_C4F_P2,44033400
v1_scalar_F3R_Q1_C4F_P2,41432200
v1_scalar_F3R_Q1_C4F_P2,43738100
v1_scalar_F3R_Q1_C4F_P2,42836700
v1_scalar_F3R_Q1_C4F_P2,43273800
v1_scalar_F3R_Q1_C4F_P2,42914900
v1_scalar_F3R_Q1_C4F_P2,41402100
v1_scalar_F3R_Q1_C4F_P2,44172200
v1_scalar_F3R_Q1_C4F_P2,42207100
v1_scalar_F3R_Q1_C4F_P2,41662700
v1_scalar_F3R_Q1_C4F_P2,41407800
v1_scalar_F3R_Q1_C4F_P2,42149800
v1_scalar_F3R_Q1_C4F_P2,41299200
v1_scalar_F3R_Q1_C4F_P2,41576800
v1_scalar_F3R_Q1_C4F_P2,43888000
v1_scalar_F3R_Q1_C4F_P2,43309500
v1_scalar_F3R_Q1_C4F_P2,43568000
v1_scalar_F3R_Q1_C4F_P2,41992100
v1_scalar_F3R_Q1_C4F_P2,42695900
v1_scalar_F3R_Q1_C4F_P2,42845500
v1_scalar_F3R_Q1_C4F_P2,42568800
v1_scalar_F3R_Q1_C4F_P2,42965000
v1_scalar_F3R_Q1_C4F_P2,41781600
v1_scalar_F3R_Q1_C4F_P2,42705000
v1_scalar_F3R_Q1_C4F_P2,43257700
v1_scalar_F3R_Q1_C4F_P2,41822900
v1_scalar_F3R_Q1_C4F_P2,41908200
v1_scalar_F3R_Q1_C4F_P2,43338800
v1_scalar_F3R_Q1_C4F_P2,41788900
v1_scalar_F3R_Q1_C4F_P2,43895300
v1_scalar_F3R_Q1_C4F_P2,42261800
v1_scalar_F3R_Q1_C4M_P2,48609100
v1_scalar_F3R_Q1_C4M_P2,46306500
v1_scalar_F3R_Q1_C4M_P2,46370000
v1_scalar_F3R_Q1_C4M_P2,45899500
v1_scalar_F3R_Q1_C4M_P2,44948900
v1_scalar_F3R_Q1_C4M_P2,45198600
v1_scalar_F3R_Q1_C4M_P2,46963600
v1_scalar_F3R_Q1_C4M_P2,45658400
v1_scalar_F3R_Q1_C4M_P2,46269500
v1_scalar_F3R_Q1_C4M_P2,46346300
v1_scalar_F3R_Q1_C4M_P2,45502500
v1_scalar_F3R_Q1_C4M_P2,48273400
v1_scalar_F3R_Q1_C4M_P2,46831700
v1_scalar_F3R_Q1_C4M_P2,46858900
v1_scalar_F3R_Q1_C4M_P2,45225300
v1_scalar_F3R_Q1_C4M_P2,48828700
v1_scalar_F3R_Q1_C4M_P2,45580700
v1_scalar_F3R_Q1_C4M_P2,45807000
v1_scalar_F3R_Q1_C4M_P2,46918500
v1_scalar_F3R_Q1_C4M_P2,46043000
v1_scalar_F3R_Q1_C4M_P2,56197000
v1_scalar_F3R_Q1_C4M_P2,55311700
v1_scalar_F3R_Q1_C4M_P2,48424100
v1_scalar_F3R_Q1_C4M_P2,48477900
v1_scalar_F3R_Q1_C4M_P2,45076300
v1_scalar_F3R_Q1_C4M_P2,45797700
v1_scalar_F3R_Q1_C4M_P2,48430700
v1_scalar_F3R_Q1_C4M_P2,47443200
v1_scalar_F3R_Q1_C4M_P2,47688600
v1_scalar_F3R_Q1_C4M_P2,44684700
v1_scalar_F3R_Q1_C4M_P2,46530700
v1_scalar_F3R_Q1_C4M_P2,45822500
v1_scalar_F3R_Q1_C4M_P2,45705200
v1_scalar_F3R_Q1_C4M_P2,46207800
v1_scalar_F3R_Q1_C4M_P2,46877900
v1_scalar_F3R_Q1_C4M_P2,48657800
v1_scalar_F3R_Q1_C4M_P2,44657600
v1_scalar_F3R_Q1_C4M_P2,46090000
v1_scalar_F3R_Q1_C4M_P2,45737500
v1_scalar_F3R_Q1_C4M_P2,47197100
v1_scalar_F3R_Q1_C4M_P2,45918800
v1_scalar_F3R_Q1_C4M_P2,47276900
v1_scalar_F3R_Q1_C4M_P2,48020400
v1_scalar_F3R_Q2R_C1R_P2,186853900
v1_scalar_F3R_Q2R_C1R_P2,183999700
v1_scalar_F3R_Q2R_C1R_P2,186422800
v1_scalar_F3R_Q2R_C1R_P2,188393700
v1_scalar_F3R_Q2R_C1R_P2,182367100
v1_scalar_F3R_Q2R_C1R_P2,179634200
v1_scalar_F3R_Q2R_C1R_P2,179046100
v1_scalar_F3R_Q2R_C1R_P2,184080700
v1_scalar_F3R_Q2R_C1R_P2,182021400
v1_scalar_F3R_Q2R_C1R_P2,185691900
v1_scalar_F3R_Q2R_C1R_P2,186224800
v1_scalar_F3R_Q2R_C1R_P2,184587300
v1_scalar_F3R_Q2R_C1X_P2,142982900
v1_scalar_F3R_Q2R_C1X_P2,142392600
v1_scalar_F3R_Q2R_C1X_P2,138082600
v1_scalar_F3R_Q2R_C1X_P2,140184700
v1_scalar_F3R_Q2R_C1X_P2,139385800
v1_scalar_F3R_Q2R_C1X_P2,139852300
v1_scalar_F3R_Q2R_C1X_P2,143831800
v1_scalar_F3R_Q2R_C1X_P2,144399200
v1_scalar_F3R_Q2R_C1X_P2,142967200
v1_scalar_F3R_Q2R_C1X_P2,142353600
v1_scalar_F3R_Q2R_C1X_P2,139931100
v1_scalar_F3R_Q2R_C1X_P2,142379400
v1_scalar_F3R_Q2R_C1X_P2,142501800
v1_scalar_F3R_Q2R_C1X_P2,141027800
v1_scalar_F3R_Q2R_C1X_P2,142814300
v1_scalar_F3R_Q2R_C2R_P2,167317900
v1_scalar_F3R_Q2R_C2R_P2,167688500
v1_scalar_F3R_Q2R_C2R_P2,169751700
v1_scalar_F3R_Q2R_C2R_P2,166381100
v1_scalar_F3R_Q2R_C2R_P2,166441000
v1_scalar_F3R_Q2R_C2R_P2,165154800
v1_scalar_F3R_Q2R_C2R_P2,164111100
v1_scalar_F3R_Q2R_C2R_P2,165493300
v1_scalar_F3R_Q2R_C2R_P2,163998900
v1_scalar_F3R_Q2R_C2R_P2,166463300
v1_scalar_F3R_Q2R_C2R_P2,166874500
v1_scalar_F3R_Q2R_C2R_P2,163638600
v1_scalar_F3R_Q2R_C2R_P2,168698400
v1_scalar_F3R_Q2R_C2X_P2,131327100
v1_scalar_F3R_Q2R_C2X_P2,133096300
v1_scalar_F3R_Q2R_C2X_P2,135852400
v1_scalar_F3R_Q2R_C2X_P2,132124600
v1_scalar_F3R_Q2R_C2X_P2,131956000
v1_scalar_F3R_Q2R_C2X_P2,135073100
v1_scalar_F3R_Q2R_C2X_P2,132243300
v1_scalar_F3R_Q2R_C2X_P2,131623700
v1_scalar_F3R_Q2R_C2X_P2,132880500
v1_scalar_F3R_Q2R_C2X_P2,132898200
v1_scalar_F3R_Q2R_C2X_P2,135442500
v1_scalar_F3R_Q2R_C2X_P2,131918700
v1_scalar_F3R_Q2R_C2X_P2,135567000
v1_scalar_F3R_Q2R_C2X_P2,133259200
v1_scalar_F3R_Q2R_C2X_P2,133050900
v1_scalar_F3R_Q2R_C2X_P2,136135100
v1_scalar_F3R_Q2R_C3_P2,118697600
v1_scalar_F3R_Q2R_C3_P2,121034400
v1_scalar_F3R_Q2R_C3_P2,121691600
v1_scalar_F3R_Q2R_C3_P2,120182400
v1_scalar_F3R_Q2R_C3_P2,122473100
v1_scalar_F3R_Q2R_C3_P2,116946300
v1_scalar_F3R_Q2R_C3_P2,121463400
v1_scalar_F3R_Q2R_C3_P2,120470400
v1_scalar_F3R_Q2R_C3_P2,120738100
v1_scalar_F3R_Q2R_C3_P2,123122000
v1_scalar_F3R_Q2R_C3_P2,121950900
v1_scalar_F3R_Q2R_C3_P2,124893200
v1_scalar_F3R_Q2R_C3_P2,118452200
v1_scalar_F3R_Q2R_C3_P2,121867100
v1_scalar_F3R_Q2R_C3_P2,121314500
v1_scalar_F3R_Q2R_C3_P2,121196100
v1_scalar_F3R_Q2R_C3_P2,119347000
v1_scalar_F3R_Q2R_C4F_P2,121013100
v1_scalar_F3R_Q2R_C4F_P2,119939400
v1_scalar_F3R_Q2R_C4F_P2,119720400
v1_scalar_F3R_Q2R_C4F_P2,123266000
v1_scalar_F3R_Q2R_C4F_P2,120866100
v1_scalar_F3R_Q2R_C4F_P2,126700800
v1_scalar_F3R_Q2R_C4F_P2,121809300
v1_scalar_F3R_Q2R_C4F_P2,122532200
v1_scalar_F3R_Q2R_C4F_P2,120548400
v1_scalar_F3R_Q2R_C4F_P2,119860300
v1_scalar_F3R_Q2R_C4F_P2,121975800
v1_scalar_F3R_Q2R_C4F_P2,122787200
v1_scalar_F3R_Q2R_C4F_P2,123556000
v1_scalar_F3R_Q2R_C4F_P2,119417000
v1_scalar_F3R_Q2R_C4F_P2,121508300
v1_scalar_F3R_Q2R_C4F_P2,121749500
v1_scalar_F3R_Q2R_C4F_P2,122813800
v1_scalar_F3R_Q2R_C4M_P2,122231200
v1_scalar_F3R_Q2R_C4M_P2,122206000
v1_scalar_F3R_Q2R_C4M_P2,122964900
v1_scalar_F3R_Q2R_C4M_P2,123143500
v1_scalar_F3R_Q2R_C4M_P2,124364700
v1_scalar_F3R_Q2R_C4M_P2,124554000
v1_scalar_F3R_Q2R_C4M_P2,123863700
v1_scalar_F3R_Q2R_C4M_P2,120484000
v1_scalar_F3R_Q2R_C4M_P2,125025300
v1_scalar_F3R_Q2R_C4M_P2,121016400
v1_scalar_F3R_Q2R_C4M_P2,121657800
v1_scalar_F3R_Q2R_C4M_P2,126938400
v1_scalar_F3R_Q2R_C4M_P2,122451900
v1_scalar_F3R_Q2R_C4M_P2,122319700
v1_scalar_F3R_Q2R_C4M_P2,121003800
v1_scalar_F3R_Q2R_C4M_P2,124080900
v1_scalar_F3R_Q2R_C4M_P2,122482100
v1_scalar_F3R_Q2X_C1R_P2,133238400
v1_scalar_F3R_Q2X_C1R_P2,129954700
v1_scalar_F3R_Q2X_C1R_P2,136602500
v1_scalar_F3R_Q2X_C1R_P2,134097000
v1_scalar_F3R_Q2X_C1R_P2,137224500
v1_scalar_F3R_Q2X_C1R_P2,131907800
v1_scalar_F3R_Q2X_C1R_P2,132891900
v1_scalar_F3R_Q2X_C1R_P2,135057800
v1_scalar_F3R_Q2X_C1R_P2,132942200
v1_scalar_F3R_Q2X_C1R_P2,130719100
v1_scalar_F3R_Q2X_C1R_P2,132426600
v1_scalar_F3R_Q2X_C1R_P2,135435600
v1_scalar_F3R_Q2X_C1R_P2,133093600
v1_scalar_F3R_Q2X_C1R_P2,131744700
v1_scalar_F3R_Q2X_C1R_P2,138735100
v1_scalar_F3R_Q2X_C1R_P2,132154100
v1_scalar_F3R_Q2X_C1X_P2,94389100
v1_scalar_F3R_Q2X_C1X_P2,93935700
v1_scalar_F3R_Q2X_C1X_P2,94360300
v1_scalar_F3R_Q2X_C1X_P2,90493200
v1_scalar_F3R_Q2X_C1X_P2,93419000
v1_scalar_F3R_Q2X_C1X_P2,93687000
v1_scalar_F3R_Q2X_C1X_P2,89756300
v1_scalar_F3R_Q2X_C1X_P2,91867600
v1_scalar_F3R_Q2X_C1X_P2,91880300
v1_scalar_F3R_Q2X_C1X_P2,91609200
v1_scalar_F3R_Q2X_C1X_P2,91853600
v1_scalar_F3R_Q2X_C1X_P2,94402300
v1_scalar_F3R_Q2X_C1X_P2,92793400
v1_scalar_F3R_Q2X_C1X_P2,92526800
v1_scalar_F3R_Q2X_C1X_P2,93344400
v1_scalar_F3R_Q2X_C1X_P2,91609000
v1_scalar_F3R_Q2X_C1X_P2,91301100
v1_scalar_F3R_Q2X_C1X_P2,88963500
v1_scalar_F3R_Q2X_C1X_P2,90228800
v1_scalar_F3R_Q2X_C1X_P2,90444300
v1_scalar_F3R_Q2X_C1X_P2,88511300
v1_scalar_F3R_Q2X_C1X_P2,88597300
v1_scalar_F3R_Q2X_C1X_P2,88369400
v1_scalar_F3R_Q2X_C2R_P2,116781300
v1_scalar_F3R_Q2X_C2R_P2,117667800
v1_scalar_F3R_Q2X_C2R_P2,115700000
v1_scalar_F3R_Q2X_C2R_P2,117888100
v1_scalar_F3R_Q2X_C2R_P2,118183400
v1_scalar_F3R_Q2X_C2R_P2,115890400
v1_scalar_F3R_Q2X_C2R_P2,115005000
v1_scalar_F3R_Q2X_C2R_P2,115479300
v1_scalar_F3R_Q2X_C2R_P2,115131500
v1_scalar_F3R_Q2X_C2R_P2,118396400
v1_scalar_F3R_Q2X_C2R_P2,114347800
v1_scalar_F3R_Q2X_C2R_P2,115083500
v1_scalar_F3R_Q2X_C2R_P2,115407300
v1_scalar_F3R_Q2X_C2R_P2,120492200
v1_scalar_F3R_Q2X_C2R_P2,114185700
v1_scalar_F3R_Q2X_C2R_P2,116094700
v1_scalar_F3R_Q2X_C2R_P2,115432100
v1_scalar_F3R_Q2X_C2R_P2,115875700
v1_scalar_F3R_Q2X_C2X_P2,84895200
v1_scalar_F3R_Q2X_C2X_P2,79416000
v1_scalar_F3R_Q2X_C2X_P2,79311100
v1_scalar_F3R_Q2X_C2X_P2,81752400
v1_scalar_F3R_Q2X_C2X_P2,81323700
v1_scalar_F3R_Q2X_C2X_P2,81759900
v1_scalar_F3R_Q2X_C2X_P2,81655100
v1_scalar_F3R_Q2X_C2X_P2,81046200
v1_scalar_F3R_Q2X_C2X_P2,81459400
v1_scalar_F3R_Q2X_C2X_P2,79994100
v1_scalar_F3R_Q2X_C2X_P2,83583400
v1_scalar_F3R_Q2X_C2X_P2,84481500
v1_scalar_F3R_Q2X_C2X_P2,82463400
v1_scalar_F3R_Q2X_C2X_P2,81505200
v1_scalar_F3R_Q2X_C2X_P2,81794600
v1_scalar_F3R_Q2X_C2X_P2,84692200
v1_scalar_F3R_Q2X_C2X_P2,83833800
v1_scalar_F3R_Q2X_C2X_P2,84027300
v1_scalar_F3R_Q2X_C2X_P2,84401300
v1_scalar_F3R_Q2X_C2X_P2,82402700
v1_scalar_F3R_Q2X_C2X_P2,79428300
v1_scalar_F3R_Q2X_C2X_P2,83847700
v1_scalar_F3R_Q2X_C2X_P2,83509500
v1_scalar_F3R_Q2X_C2X_P2,82919000
v1_scalar_F3R_Q2X_C2X_P2,85051000
v1_scalar_F3R_Q2X_C3_P2,73245300
v1_scalar_F3R_Q2X_C3_P2,71824800
v1_scalar_F3R_Q2X_C3_P2,72477000
v1_scalar_F3R_Q2X_C3_P2,71620200
v1_scalar_F3R_Q2X_C3_P2,71145100
v1_scalar_F3R_Q2X_C3_P2,69926300
v1_scalar_F3R_Q2X_C3_P2,72296600
v1_scalar_F3R_Q2X_C3_P2,71836500
v1_scalar_F3R_Q2X_C3_P2,70201800
v1_scalar_F3R_Q2X_C3_P2,71877400
v1_scalar_F3R_Q2X_C3_P2,70975500
v1_scalar_F3R_Q2X_C3_P2,73401200
v1_scalar_F3R_Q2X_C3_P2,72696000
v1_scalar_F3R_Q2X_C3_P2,70028400
v1_scalar_F3R_Q2X_C3_P2,73296900
v1_scalar_F3R_Q2X_C3_P2,71740000
v1_scalar_F3R_Q2X_C3_P2,74699900
v1_scalar_F3R_Q2X_C3_P2,70107600
v1_scalar_F3R_Q2X_C3_P2,70357800
v1_scalar_F3R_Q2X_C3_P2,70194200
v1_scalar_F3R_Q2X_C3_P2,71726700
v1_scalar_F3R_Q2X_C3_P2,70128000
v1_scalar_F3R_Q2X_C3_P2,71171800
v1_scalar_F3R_Q2X_C3_P2,72151000
v1_scalar_F3R_Q2X_C3_P2,73031600
v1_scalar_F3R_Q2X_C3_P2,71948700
v1_scalar_F3R_Q2X_C3_P2,72926500
v1_scalar_F3R_Q2X_C3_P2,72391200
v1_scalar_F3R_Q2X_C3_P2,70426100
v1_scalar_F3R_Q2X_C4F_P2,74635500
v1_scalar_F3R_Q2X_C4F_P2,71938800
v1_scalar_F3R_Q2X_C4F_P2,71985900
v1_scalar_F3R_Q2X_C4F_P2,73966300
v1_scalar_F3R_Q2X_C4F_P2,73552100
v1_scalar_F3R_Q2X_C4F_P2,75081200
v1_scalar_F3R_Q2X_C4F_P2,71807300
v1_scalar_F3R_Q2X_C4F_P2,74291100
v1_scalar_F3R_Q2X_C4F_P2,73388400
v1_scalar_F3R_Q2X_C4F_P2,76454100
v1_scalar_F3R_Q2X_C4F_P2,73824200
v1_scalar_F3R_Q2X_C4F_P2,72220900
v1_scalar_F3R_Q2X_C4F_P2,79834600
v1_scalar_F3R_Q2X_C4F_P2,74594900
v1_scalar_F3R_Q2X_C4F_P2,73030700
v1_scalar_F3R_Q2X_C4F_P2,73548500
v1_scalar_F3R_Q2X_C4F_P2,71485700
v1_scalar_F3R_Q2X_C4F_P2,71924100
v1_scalar_F3R_Q2X_C4F_P2,72468800
v1_scalar_F3R_Q2X_C4F_P2,71468400
v1_scalar_F3R_Q2X_C4F_P2,72318100
v1_scalar_F3R_Q2X_C4F_P2,72778800
v1_scalar_F3R_Q2X_C4F_P2,73462700
v1_scalar_F3R_Q2X_C4F_P2,74067600
v1_scalar_F3R_Q2X_C4F_P2,72494500
v1_scalar_F3R_Q2X_C4F_P2,73368200
v1_scalar_F3R_Q2X_C4F_P2,73661400
v1_scalar_F3R_Q2X_C4F_P2,74529100
v1_scalar_F3R_Q2X_C4M_P2,74031500
v1_scalar_F3R_Q2X_C4M_P2,74966600
v1_scalar_F3R_Q2X_C4M_P2,74251000
v1_scalar_F3R_Q2X_C4M_P2,72832200
v1_scalar_F3R_Q2X_C4M_P2,73183100
v1_scalar_F3R_Q2X_C4M_P2,75952600
v1_scalar_F3R_Q2X_C4M_P2,72816800
v1_scalar_F3R_Q2X_C4M_P2,72698400
v1_scalar_F3R_Q2X_C4M_P2,73219800
v1_scalar_F3R_Q2X_C4M_P2,72545400
v1_scalar_F3R_Q2X_C4M_P2,73906600
v1_scalar_F3R_Q2X_C4M_P2,74695300
v1_scalar_F3R_Q2X_C4M_P2,72447400
v1_scalar_F3R_Q2X_C4M_P2,73419600
v1_scalar_F3R_Q2X_C4M_P2,74526600
v1_scalar_F3R_Q2X_C4M_P2,75112200
v1_scalar_F3R_Q2X_C4M_P2,74606100
v1_scalar_F3R_Q2X_C4M_P2,76406400
v1_scalar_F3R_Q2X_C4M_P2,75618800
v1_scalar_F3R_Q2X_C4M_P2,73587400
v1_scalar_F3R_Q2X_C4M_P2,75368300
v1_scalar_F3R_Q2X_C4M_P2,76634800
v1_scalar_F3R_Q2X_C4M_P2,73469800
v1_scalar_F3R_Q2X_C4M_P2,73279800
v1_scalar_F3R_Q2X_C4M_P2,73735000
v1_scalar_F3R_Q2X_C4M_P2,73452200
v1_scalar_F3R_Q2X_C4M_P2,74394500
v1_scalar_F3R_Q3M_C1R_P2,22267700
v1_scalar_F3R_Q3M_C1R_P2,20825600
v1_scalar_F3R_Q3M_C1R_P2,21803600
v1_scalar_F3R_Q3M_C1R_P2,21231800
v1_scalar_F3R_Q3M_C1R_P2,20859000
v1_scalar_F3R_Q3M_C1R_P2,21756800
v1_scalar_F3R_Q3M_C1R_P2,21231000
v1_scalar_F3R_Q3M_C1R_P2,21207300
v1_scalar_F3R_Q3M_C1R_P2,21381600
v1_scalar_F3R_Q3M_C1R_P2,22349900
v1_scalar_F3R_Q3M_C1R_P2,22866000
v1_scalar_F3R_Q3M_C1R_P2,22317100
v1_scalar_F3R_Q3M_C1R_P2,21706900
v1_scalar_F3R_Q3M_C1R_P2,21186200
v1_scalar_F3R_Q3M_C1R_P2,20825800
v1_scalar_F3R_Q3M_C1R_P2,21555400
v1_scalar_F3R_Q3M_C1R_P2,21788400
v1_scalar_F3R_Q3M_C1R_P2,20849800
v1_scalar_F3R_Q3M_C1R_P2,21401400
v1_scalar_F3R_Q3M_C1R_P2,21674600
v1_scalar_F3R_Q3M_C1R_P2,21547100
v1_scalar_F3R_Q3M_C1R_P2,21217500
v1_scalar_F3R_Q3M_C1R_P2,21079100
v1_scalar_F3R_Q3M_C1R_P2,21440500
v1_scalar_F3R_Q3M_C1R_P2,21075500
v1_scalar_F3R_Q3M_C1R_P2,21359800
v1_scalar_F3R_Q3M_C1R_P2,21151500
v1_scalar_F3R_Q3M_C1R_P2,21390500
v1_scalar_F3R_Q3M_C1R_P2,21626600
v1_scalar_F3R_Q3M_C1R_P2,20823300
v1_scalar_F3R_Q3M_C1R_P2,21889600
v1_scalar_F3R_Q3M_C1R_P2,23134600
v1_scalar_F3R_Q3M_C1R_P2,23200300
v1_scalar_F3R_Q3M_C1R_P2,21015600
v1_scalar_F3R_Q3M_C1R_P2,21133800
v1_scalar_F3R_Q3M_C1R_P2,21017400
v1_scalar_F3R_Q3M_C1R_P2,22160000
v1_scalar_F3R_Q3M_C1R_P2,21932500
v1_scalar_F3R_Q3M_C1R_P2,22613400
v1_scalar_F3R_Q3M_C1R_P2,22801700
v1_scalar_F3R_Q3M_C1R_P2,21612400
v1_scalar_F3R_Q3M_C1R_P2,22176400
v1_scalar_F3R_Q3M_C1R_P2,21615400
v1_scalar_F3R_Q3M_C1R_P2,22509900
v1_scalar_F3R_Q3M_C1R_P2,21647400
v1_scalar_F3R_Q3M_C1R_P2,21254300
v1_scalar_F3R_Q3M_C1R_P2,21259200
v1_scalar_F3R_Q3M_C1R_P2,20895000
v1_scalar_F3R_Q3M_C1R_P2,22063800
v1_scalar_F3R_Q3M_C1R_P2,22661600
v1_scalar_F3R_Q3M_C1R_P2,23870100
v1_scalar_F3R_Q3M_C1R_P2,22406800
v1_scalar_F3R_Q3M_C1R_P2,22127400
v1_scalar_F3R_Q3M_C1R_P2,21090700
v1_scalar_F3R_Q3M_C1R_P2,22093000
v1_scalar_F3R_Q3M_C1R_P2,22239300
v1_scalar_F3R_Q3M_C1R_P2,21373800
v1_scalar_F3R_Q3M_C1R_P2,21287300
v1_scalar_F3R_Q3M_C1R_P2,21536300
v1_scalar_F3R_Q3M_C1R_P2,23179100
v1_scalar_F3R_Q3M_C1R_P2,21912300
v1_scalar_F3R_Q3M_C1R_P2,21189500
v1_scalar_F3R_Q3M_C1R_P2,22840600
v1_scalar_F3R_Q3M_C1R_P2,22039300
v1_scalar_F3R_Q3M_C1R_P2,23152400
v1_scalar_F3R_Q3M_C1R_P2,22394300
v1_scalar_F3R_Q3M_C1R_P2,21714100
v1_scalar_F3R_Q3M_C1R_P2,21650000
v1_scalar_F3R_Q3M_C1R_P2,21770000
v1_scalar_F3R_Q3M_C1R_P2,22162200
v1_scalar_F3R_Q3M_C1R_P2,22118800
v1_scalar_F3R_Q3M_C1R_P2,21501300
v1_scalar_F3R_Q3M_C1R_P2,22592800
v1_scalar_F3R_Q3M_C1R_P2,21967600
v1_scalar_F3R_Q3M_C1R_P2,21581700
v1_scalar_F3R_Q3M_C1R_P2,21347900
v1_scalar_F3R_Q3M_C1R_P2,22722800
v1_scalar_F3R_Q3M_C1R_P2,21949600
v1_scalar_F3R_Q3M_C1R_P2,21496000
v1_scalar_F3R_Q3M_C1R_P2,21390600
v1_scalar_F3R_Q3M_C1R_P2,21890400
v1_scalar_F3R_Q3M_C1R_P2,21307600
v1_scalar_F3R_Q3M_C1R_P2,21441300
v1_scalar_F3R_Q3M_C1R_P2,21135900
v1_scalar_F3R_Q3M_C1R_P2,21231000
v1_scalar_F3R_Q3M_C1R_P2,23192200
v1_scalar_F3R_Q3M_C1R_P2,21038900
v1_scalar_F3R_Q3M_C1R_P2,21014800
v1_scalar_F3R_Q3M_C1R_P2,22964400
v1_scalar_F3R_Q3M_C1R_P2,22027400
v1_scalar_F3R_Q3M_C1R_P2,21191400
v1_scalar_F3R_Q3M_C1X_P2,11432400
v1_scalar_F3R_Q3M_C1X_P2,11590700
v1_scalar_F3R_Q3M_C1X_P2,11272800
v1_scalar_F3R_Q3M_C1X_P2,11052600
v1_scalar_F3R_Q3M_C1X_P2,11172800
v1_scalar_F3R_Q3M_C1X_P2,11117900
v1_scalar_F3R_Q3M_C1X_P2,11348300
v1_scalar_F3R_Q3M_C1X_P2,11164300
v1_scalar_F3R_Q3M_C1X_P2,11933500
v1_scalar_F3R_Q3M_C1X_P2,11275800
v1_scalar_F3R_Q3M_C1X_P2,11228700
v1_scalar_F3R_Q3M_C1X_P2,11148900
v1_scalar_F3R_Q3M_C1X_P2,11739400
v1_scalar_F3R_Q3M_C1X_P2,11509700
v1_scalar_F3R_Q3M_C1X_P2,11191400
v1_scalar_F3R_Q3M_C1X_P2,11253000
v1_scalar_F3R_Q3M_C1X_P2,11170700
v1_scalar_F3R_Q3M_C1X_P2,10867500
v1_scalar_F3R_Q3M_C1X_P2,11195200
v1_scalar_F3R_Q3M_C1X_P2,10991300
v1_scalar_F3R_Q3M_C1X_P2,11617400
v1_scalar_F3R_Q3M_C1X_P2,11406400
v1_scalar_F3R_Q3M_C1X_P2,10828900
v1_scalar_F3R_Q3M_C1X_P2,11330200
v1_scalar_F3R_Q3M_C1X_P2,11436500
v1_scalar_F3R_Q3M_C1X_P2,11186600
v1_scalar_F3R_Q3M_C1X_P2,10868400
v1_scalar_F3R_Q3M_C1X_P2,11162800
v1_scalar_F3R_Q3M_C1X_P2,11144600
v1_scalar_F3R_Q3M_C1X_P2,11294300
v1_scalar_F3R_Q3M_C1X_P2,11179500
v1_scalar_F3R_Q3M_C1X_P2,11661400
v1_scalar_F3R_Q3M_C1X_P2,11184400
v1_scalar_F3R_Q3M_C1X_P2,11279000
v1_scalar_F3R_Q3M_C1X_P2,11234900
v1_scalar_F3R_Q3M_C1X_P2,11480400
v1_scalar_F3R_Q3M_C1X_P2,11276400
v1_scalar_F3R_Q3M_C1X_P2,11241000
v1_scalar_F3R_Q3M_C1X_P2,12285800
v1_scalar_F3R_Q3M_C1X_P2,11349100
v1_scalar_F3R_Q3M_C1X_P2,11475900
v1_scalar_F3R_Q3M_C1X_P2,11304600
v1_scalar_F3R_Q3M_C1X_P2,11791400
v1_scalar_F3R_Q3M_C1X_P2,11826500
v1_scalar_F3R_Q3M_C1X_P2,11655300
v1_scalar_F3R_Q3M_C1X_P2,11489500
v1_scalar_F3R_Q3M_C1X_P2,11473300
v1_scalar_F3R_Q3M_C1X_P2,11384900
v1_scalar_F3R_Q3M_C1X_P2,11357300
v1_scalar_F3R_Q3M_C1X_P2,10963700
v1_scalar_F3R_Q3M_C1X_P2,11060500
v1_scalar_F3R_Q3M_C1X_P2,10893600
v1_scalar_F3R_Q3M_C1X_P2,11476000
v1_scalar_F3R_Q3M_C1X_P2,11518400
v1_scalar_F3R_Q3M_C1X_P2,11096100
v1_scalar_F3R_Q3M_C1X_P2,11528300
v1_scalar_F3R_Q3M_C1X_P2,11074400
v1_scalar_F3R_Q3M_C1X_P2,12370400
v1_scalar_F3R_Q3M_C1X_P2,11477000
v1_scalar_F3R_Q3M_C1X_P2,11155100
v1_scalar_F3R_Q3M_C1X_P2,11326200
v1_scalar_F3R_Q3M_C1X_P2,11000900
v1_scalar_F3R_Q3M_C1X_P2,11122700
v1_scalar_F3R_Q3M_C1X_P2,10819900
v1_scalar_F3R_Q3M_C1X_P2,11223600
v1_scalar_F3R_Q3M_C1X_P2,11494600
v1_scalar_F3R_Q3M_C1X_P2,11392300
v1_scalar_F3R_Q3M_C1X_P2,11297300
v1_scalar_F3R_Q3M_C1X_P2,11801700
v1_scalar_F3R_Q3M_C1X_P2,11360700
v1_scalar_F3R_Q3M_C1X_P2,11651400
v1_scalar_F3R_Q3M_C1X_P2,11041800
v1_scalar_F3R_Q3M_C1X_P2,11227100
v1_scalar_F3R_Q3M_C1X_P2,11421200
v1_scalar_F3R_Q3M_C1X_P2,11430400
v1_scalar_F3R_Q3M_C1X_P2,10965800
v1_scalar_F3R_Q3M_C1X_P2,11203000
v1_scalar_F3R_Q3M_C1X_P2,11316900
v1_scalar_F3R_Q3M_C1X_P2,11485400
v1_scalar_F3R_Q3M_C1X_P2,11177600
v1_scalar_F3R_Q3M_C1X_P2,11606900
v1_scalar_F3R_Q3M_C1X_P2,11607100
v1_scalar_F3R_Q3M_C1X_P2,11665400
v1_scalar_F3R_Q3M_C1X_P2,11389600
v1_scalar_F3R_Q3M_C1X_P2,11639800
v1_scalar_F3R_Q3M_C1X_P2,11629500
v1_scalar_F3R_Q3M_C1X_P2,11252400
v1_scalar_F3R_Q3M_C1X_P2,11386700
v1_scalar_F3R_Q3M_C1X_P2,11729800
v1_scalar_F3R_Q3M_C1X_P2,11532100
v1_scalar_F3R_Q3M_C1X_P2,11110400
v1_scalar_F3R_Q3M_C1X_P2,11499200
v1_scalar_F3R_Q3M_C1X_P2,11245100
v1_scalar_F3R_Q3M_C1X_P2,11158700
v1_scalar_F3R_Q3M_C1X_P2,11472000
v1_scalar_F3R_Q3M_C1X_P2,11334100
v1_scalar_F3R_Q3M_C1X_P2,11055900
v1_scalar_F3R_Q3M_C1X_P2,11039800
v1_scalar_F3R_Q3M_C1X_P2,11719500
v1_scalar_F3R_Q3M_C1X_P2,11052700
v1_scalar_F3R_Q3M_C1X_P2,11588100
v1_scalar_F3R_Q3M_C1X_P2,11897300
v1_scalar_F3R_Q3M_C1X_P2,12108400
v1_scalar_F3R_Q3M_C1X_P2,11571100
v1_scalar_F3R_Q3M_C1X_P2,11429400
v1_scalar_F3R_Q3M_C1X_P2,11114800
v1_scalar_F3R_Q3M_C1X_P2,11439000
v1_scalar_F3R_Q3M_C1X_P2,11301800
v1_scalar_F3R_Q3M_C1X_P2,12165600
v1_scalar_F3R_Q3M_C1X_P2,10942900
v1_scalar_F3R_Q3M_C1X_P2,11522100
v1_scalar_F3R_Q3M_C1X_P2,11466000
v1_scalar_F3R_Q3M_C1X_P2,11613800
v1_scalar_F3R_Q3M_C1X_P2,11341000
v1_scalar_F3R_Q3M_C1X_P2,11389100
v1_scalar_F3R_Q3M_C1X_P2,11747000
v1_scalar_F3R_Q3M_C1X_P2,11459200
v1_scalar_F3R_Q3M_C1X_P2,11426000
v1_scalar_F3R_Q3M_C1X_P2,12056800
v1_scalar_F3R_Q3M_C1X_P2,12982000
v1_scalar_F3R_Q3M_C1X_P2,11032400
v1_scalar_F3R_Q3M_C1X_P2,11210900
v1_scalar_F3R_Q3M_C1X_P2,11271000
v1_scalar_F3R_Q3M_C1X_P2,11128000
v1_scalar_F3R_Q3M_C1X_P2,11578200
v1_scalar_F3R_Q3M_C1X_P2,11158100
v1_scalar_F3R_Q3M_C1X_P2,11113000
v1_scalar_F3R_Q3M_C1X_P2,11670800
v1_scalar_F3R_Q3M_C1X_P2,11253000
v1_scalar_F3R_Q3M_C1X_P2,11699300
v1_scalar_F3R_Q3M_C1X_P2,11413000
v1_scalar_F3R_Q3M_C1X_P2,11472800
v1_scalar_F3R_Q3M_C1X_P2,11388700
v1_scalar_F3R_Q3M_C1X_P2,11778200
v1_scalar_F3R_Q3M_C1X_P2,11386300
v1_scalar_F3R_Q3M_C1X_P2,11425600
v1_scalar_F3R_Q3M_C1X_P2,11226300
v1_scalar_F3R_Q3M_C1X_P2,12148800
v1_scalar_F3R_Q3M_C1X_P2,11640300
v1_scalar_F3R_Q3M_C1X_P2,11244800
v1_scalar_F3R_Q3M_C1X_P2,11191800
v1_scalar_F3R_Q3M_C1X_P2,11432700
v1_scalar_F3R_Q3M_C1X_P2,11060200
v1_scalar_F3R_Q3M_C1X_P2,11361000
v1_scalar_F3R_Q3M_C1X_P2,11727100
v1_scalar_F3R_Q3M_C1X_P2,11823000
v1_scalar_F3R_Q3M_C1X_P2,11097800
v1_scalar_F3R_Q3M_C1X_P2,11349800
v1_scalar_F3R_Q3M_C1X_P2,11169600
v1_scalar_F3R_Q3M_C1X_P2,11251000
v1_scalar_F3R_Q3M_C1X_P2,12113000
v1_scalar_F3R_Q3M_C1X_P2,11869800
v1_scalar_F3R_Q3M_C1X_P2,10966800
v1_scalar_F3R_Q3M_C1X_P2,11188000
v1_scalar_F3R_Q3M_C1X_P2,11590500
v1_scalar_F3R_Q3M_C1X_P2,11204800
v1_scalar_F3R_Q3M_C1X_P2,11141600
v1_scalar_F3R_Q3M_C1X_P2,10966600
v1_scalar_F3R_Q3M_C1X_P2,11033500
v1_scalar_F3R_Q3M_C1X_P2,11067400
v1_scalar_F3R_Q3M_C1X_P2,11103300
v1_scalar_F3R_Q3M_C1X_P2,12302600
v1_scalar_F3R_Q3M_C1X_P2,11587300
v1_scalar_F3R_Q3M_C1X_P2,11243000
v1_scalar_F3R_Q3M_C1X_P2,11083700
v1_scalar_F3R_Q3M_C1X_P2,11034200
v1_scalar_F3R_Q3M_C1X_P2,11082900
v1_scalar_F3R_Q3M_C1X_P2,11243000
v1_scalar_F3R_Q3M_C1X_P2,11077800
v1_scalar_F3R_Q3M_C1X_P2,12300100
v1_scalar_F3R_Q3M_C1X_P2,11630100
v1_scalar_F3R_Q3M_C2R_P2,18006400
v1_scalar_F3R_Q3M_C2R_P2,18161900
v1_scalar_F3R_Q3M_C2R_P2,18245100
v1_scalar_F3R_Q3M_C2R_P2,18616300
v1_scalar_F3R_Q3M_C2R_P2,18485700
v1_scalar_F3R_Q3M_C2R_P2,18732700
v1_scalar_F3R_Q3M_C2R_P2,18513100
v1_scalar_F3R_Q3M_C2R_P2,18020000
v1_scalar_F3R_Q3M_C2R_P2,17561100
v1_scalar_F3R_Q3M_C2R_P2,17971600
v1_scalar_F3R_Q3M_C2R_P2,18075600
v1_scalar_F3R_Q3M_C2R_P2,17747900
v1_scalar_F3R_Q3M_C2R_P2,18221500
v1_scalar_F3R_Q3M_C2R_P2,18140000
v1_scalar_F3R_Q3M_C2R_P2,17706100
v1_scalar_F3R_Q3M_C2R_P2,18065600
v1_scalar_F3R_Q3M_C2R_P2,18134500
v1_scalar_F3R_Q3M_C2R_P2,18209100
v1_scalar_F3R_Q3M_C2R_P2,17959700
v1_scalar_F3R_Q3M_C2R_P2,18653700
v1_scalar_F3R_Q3M_C2R_P2,18456100
v1_scalar_F3R_Q3M_C2R_P2,18177000
v1_scalar_F3R_Q3M_C2R_P2,18478700
v1_scalar_F3R_Q3M_C2R_P2,18708300
v1_scalar_F3R_Q3M_C2R_P2,18365700
v1_scalar_F3R_Q3M_C2R_P2,19672900
v1_scalar_F3R_Q3M_C2R_P2,18031000
v1_scalar_F3R_Q3M_C2R_P2,18291200
v1_scalar_F3R_Q3M_C2R_P2,18120000
v1_scalar_F3R_Q3M_C2R_P2,18282800
v1_scalar_F3R_Q3M_C2R_P2,18325400
v1_scalar_F3R_Q3M_C2R_P2,19131500
v1_scalar_F3R_Q3M_C2R_P2,18475800
v1_scalar_F3R_Q3M_C2R_P2,17758400
v1_scalar_F3R_Q3M_C2R_P2,17772000
v1_scalar_F3R_Q3M_C2R_P2,17633500
v1_scalar_F3R_Q3M_C2R_P2,18360600
v1_scalar_F3R_Q3M_C2R_P2,17777600
v1_scalar_F3R_Q3M_C2R_P2,18604600
v1_scalar_F3R_Q3M_C2R_P2,19532200
v1_scalar_F3R_Q3M_C2R_P2,17799300
v1_scalar_F3R_Q3M_C2R_P2,18077100
v1_scalar_F3R_Q3M_C2R_P2,18533900
v1_scalar_F3R_Q3M_C2R_P2,18467100
v1_scalar_F3R_Q3M_C2R_P2,18728700
v1_scalar_F3R_Q3M_C2R_P2,18271700
v1_scalar_F3R_Q3M_C2R_P2,19636300
v1_scalar_F3R_Q3M_C2R_P2,18296800
v1_scalar_F3R_Q3M_C2R_P2,18691500
v1_scalar_F3R_Q3M_C2R_P2,17944000
v1_scalar_F3R_Q3M_C2R_P2,18905400
v1_scalar_F3R_Q3M_C2R_P2,18609300
v1_scalar_F3R_Q3M_C2R_P2,18973300
v1_scalar_F3R_Q3M_C2R_P2,18260700
v1_scalar_F3R_Q3M_C2R_P2,18042300
v1_scalar_F3R_Q3M_C2R_P2,19255000
v1_scalar_F3R_Q3M_C2R_P2,17955300
v1_scalar_F3R_Q3M_C2R_P2,17619100
v1_scalar_F3R_Q3M_C2R_P2,19061600
v1_scalar_F3R_Q3M_C2R_P2,17649100
v1_scalar_F3R_Q3M_C2R_P2,20019700
v1_scalar_F3R_Q3M_C2R_P2,18790700
v1_scalar_F3R_Q3M_C2R_P2,18814400
v1_scalar_F3R_Q3M_C2R_P2,18710300
v1_scalar_F3R_Q3M_C2R_P2,18803900
v1_scalar_F3R_Q3M_C2R_P2,17990200
v1_scalar_F3R_Q3M_C2R_P2,18015500
v1_scalar_F3R_Q3M_C2R_P2,18905900
v1_scalar_F3R_Q3M_C2R_P2,18539600
v1_scalar_F3R_Q3M_C2R_P2,18217200
v1_scalar_F3R_Q3M_C2R_P2,18552700
v1_scalar_F3R_Q3M_C2R_P2,18328200
v1_scalar_F3R_Q3M_C2R_P2,17581700
v1_scalar_F3R_Q3M_C2R_P2,17896000
v1_scalar_F3R_Q3M_C2R_P2,18311000
v1_scalar_F3R_Q3M_C2R_P2,17678500
v1_scalar_F3R_Q3M_C2R_P2,19494100
v1_scalar_F3R_Q3M_C2R_P2,18402400
v1_scalar_F3R_Q3M_C2R_P2,18372700
v1_scalar_F3R_Q3M_C2R_P2,18463900
v1_scalar_F3R_Q3M_C2R_P2,17930900
v1_scalar_F3R_Q3M_C2R_P2,18043500
v1_scalar_F3R_Q3M_C2R_P2,18440300
v1_scalar_F3R_Q3M_C2R_P2,17839700
v1_scalar_F3R_Q3M_C2R_P2,18187800
v1_scalar_F3R_Q3M_C2R_P2,17913200
v1_scalar_F3R_Q3M_C2R_P2,18297100
v1_scalar_F3R_Q3M_C2R_P2,18052100
v1_scalar_F3R_Q3M_C2R_P2,17708100
v1_scalar_F3R_Q3M_C2R_P2,18568000
v1_scalar_F3R_Q3M_C2R_P2,18456900
v1_scalar_F3R_Q3M_C2R_P2,19354100
v1_scalar_F3R_Q3M_C2R_P2,17870300
v1_scalar_F3R_Q3M_C2R_P2,18774800
v1_scalar_F3R_Q3M_C2R_P2,18106800
v1_scalar_F3R_Q3M_C2R_P2,18507600
v1_scalar_F3R_Q3M_C2R_P2,19031700
v1_scalar_F3R_Q3M_C2R_P2,18199500
v1_scalar_F3R_Q3M_C2R_P2,18286100
v1_scalar_F3R_Q3M_C2R_P2,18938900
v1_scalar_F3R_Q3M_C2R_P2,18503900
v1_scalar_F3R_Q3M_C2R_P2,20174600
v1_scalar_F3R_Q3M_C2R_P2,18127300
v1_scalar_F3R_Q3M_C2R_P2,18706800
v1_scalar_F3R_Q3M_C2R_P2,18202400
v1_scalar_F3R_Q3M_C2R_P2,18439900
v1_scalar_F3R_Q3M_C2R_P2,18547000
v1_scalar_F3R_Q3M_C2X_P2,9784800
v1_scalar_F3R_Q3M_C2X_P2,9522500
v1_scalar_F3R_Q3M_C2X_P2,9930400
v1_scalar_F3R_Q3M_C2X_P2,10060000
v1_scalar_F3R_Q3M_C2X_P2,10165700
v1_scalar_F3R_Q3M_C2X_P2,10673900
v1_scalar_F3R_Q3M_C2X_P2,10654400
v1_scalar_F3R_Q3M_C2X_P2,10067200
v1_scalar_F3R_Q3M_C2X_P2,9698800
v1_scalar_F3R_Q3M_C2X_P2,10528300
v1_scalar_F3R_Q3M_C2X_P2,10729300
v1_scalar_F3R_Q3M_C2X_P2,9879600
v1_scalar_F3R_Q3M_C2X_P2,9984600
v1_scalar_F3R_Q3M_C2X_P2,10782800
v1_scalar_F3R_Q3M_C2X_P2,10073700
v1_scalar_F3R_Q3M_C2X_P2,9964600
v1_scalar_F3R_Q3M_C2X_P2,10279600
v1_scalar_F3R_Q3M_C2X_P2,10293200
v1_scalar_F3R_Q3M_C2X_P2,10252400
v1_scalar_F3R_Q3M_C2X_P2,10100800
v1_scalar_F3R_Q3M_C2X_P2,10711300
v1_scalar_F3R_Q3M_C2X_P2,9831000
v1_scalar_F3R_Q3M_C2X_P2,10081800
v1_scalar_F3R_Q3M_C2X_P2,10139900
v1_scalar_F3R_Q3M_C2X_P2,9972000
v1_scalar_F3R_Q3M_C2X_P2,10585700
v1_scalar_F3R_Q3M_C2X_P2,10679700
v1_scalar_F3R_Q3M_C2X_P2,10432000
v1_scalar_F3R_Q3M_C2X_P2,10754700
v1_scalar_F3R_Q3M_C2X_P2,10407600
v1_scalar_F3R_Q3M_C2X_P2,10449500
v1_scalar_F3R_Q3M_C2X_P2,9884700
v1_scalar_F3R_Q3M_C2X_P2,10531600
v1_scalar_F3R_Q3M_C2X_P2,10039200
v1_scalar_F3R_Q3M_C2X_P2,9777500
v1_scalar_F3R_Q3M_C2X_P2,9953200
v1_scalar_F3R_Q3M_C2X_P2,10808600
v1_scalar_F3R_Q3M_C2X_P2,10466100
v1_scalar_F3R_Q3M_C2X_P2,9899000
v1_scalar_F3R_Q3M_C2X_P2,10459900
v1_scalar_F3R_Q3M_C2X_P2,10094100
v1_scalar_F3R_Q3M_C2X_P2,10014800
v1_scalar_F3R_Q3M_C2X_P2,10004100
v1_scalar_F3R_Q3M_C2X_P2,10626000
v1_scalar_F3R_Q3M_C2X_P2,10044500
v1_scalar_F3R_Q3M_C2X_P2,10097300
v1_scalar_F3R_Q3M_C2X_P2,9890500
v1_scalar_F3R_Q3M_C2X_P2,9849700
v1_scalar_F3R_Q3M_C2X_P2,9913100
v1_scalar_F3R_Q3M_C2X_P2,10141400
v1_scalar_F3R_Q3M_C2X_P2,9898700
v1_scalar_F3R_Q3M_C2X_P2,9757900
v1_scalar_F3R_Q3M_C2X_P2,9708000
v1_scalar_F3R_Q3M_C2X_P2,9980000
v1_scalar_F3R_Q3M_C2X_P2,9838900
v1_scalar_F3R_Q3M_C2X_P2,10350700
v1_scalar_F3R_Q3M_C2X_P2,9971900
v1_scalar_F3R_Q3M_C2X_P2,9902400
v1_scalar_F3R_Q3M_C2X_P2,9807000
v1_scalar_F3R_Q3M_C2X_P2,9776500
v1_scalar_F3R_Q3M_C2X_P2,10159100
v1_scalar_F3R_Q3M_C2X_P2,10034200
v1_scalar_F3R_Q3M_C2X_P2,9858400
v1_scalar_F3R_Q3M_C2X_P2,9558700
v1_scalar_F3R_Q3M_C2X_P2,10441300
v1_scalar_F3R_Q3M_C2X_P2,10356100
v1_scalar_F3R_Q3M_C2X_P2,9814100
v1_scalar_F3R_Q3M_C2X_P2,10144400
v1_scalar_F3R_Q3M_C2X_P2,9672800
v1_scalar_F3R_Q3M_C2X_P2,9997100
v1_scalar_F3R_Q3M_C2X_P2,11077800
v1_scalar_F3R_Q3M_C2X_P2,10424400
v1_scalar_F3R_Q3M_C2X_P2,10529200
v1_scalar_F3R_Q3M_C2X_P2,10566100
v1_scalar_F3R_Q3M_C2X_P2,10342100
v1_scalar_F3R_Q3M_C2X_P2,10143200
v1_scalar_F3R_Q3M_C2X_P2,10939900
v1_scalar_F3R_Q3M_C2X_P2,10080600
v1_scalar_F3R_Q3M_C2X_P2,10037100
v1_scalar_F3R_Q3M_C2X_P2,10934600
v1_scalar_F3R_Q3M_C2X_P2,10057300
v1_scalar_F3R_Q3M_C2X_P2,9926000
v1_scalar_F3R_Q3M_C2X_P2,10481600
v1_scalar_F3R_Q3M_C2X_P2,10564700
v1_scalar_F3R_Q3M_C2X_P2,11307600
v1_scalar_F3R_Q3M_C2X_P2,9857500
v1_scalar_F3R_Q3M_C2X_P2,10930800
v1_scalar_F3R_Q3M_C2X_P2,10041000
v1_scalar_F3R_Q3M_C2X_P2,10764400
v1_scalar_F3R_Q3M_C2X_P2,10515800
v1_scalar_F3R_Q3M_C2X_P2,10808100
v1_scalar_F3R_Q3M_C2X_P2,10397600
v1_scalar_F3R_Q3M_C2X_P2,10353600
v1_scalar_F3R_Q3M_C2X_P2,9897700
v1_scalar_F3R_Q3M_C2X_P2,10246800
v1_scalar_F3R_Q3M_C2X_P2,10639600
v1_scalar_F3R_Q3M_C2X_P2,9875000
v1_scalar_F3R_Q3M_C2X_P2,9802500
v1_scalar_F3R_Q3M_C2X_P2,10744500
v1_scalar_F3R_Q3M_C2X_P2,10037700
v1_scalar_F3R_Q3M_C2X_P2,9603100
v1_scalar_F3R_Q3M_C2X_P2,9796100
v1_scalar_F3R_Q3M_C2X_P2,9827300
v1_scalar_F3R_Q3M_C2X_P2,10351200
v1_scalar_F3R_Q3M_C2X_P2,10700700
v1_scalar_F3R_Q3M_C2X_P2,10169900
v1_scalar_F3R_Q3M_C2X_P2,10910100
v1_scalar_F3R_Q3M_C2X_P2,10213600
v1_scalar_F3R_Q3M_C2X_P2,9676100
v1_scalar_F3R_Q3M_C2X_P2,10124500
v1_scalar_F3R_Q3M_C2X_P2,10021000
v1_scalar_F3R_Q3M_C2X_P2,10132700
v1_scalar_F3R_Q3M_C2X_P2,10023000
v1_scalar_F3R_Q3M_C2X_P2,10170900
v1_scalar_F3R_Q3M_C2X_P2,10455700
v1_scalar_F3R_Q3M_C2X_P2,10231900
v1_scalar_F3R_Q3M_C2X_P2,10374800
v1_scalar_F3R_Q3M_C2X_P2,10220100
v1_scalar_F3R_Q3M_C2X_P2,9763300
v1_scalar_F3R_Q3M_C2X_P2,10659100
v1_scalar_F3R_Q3M_C2X_P2,10548000
v1_scalar_F3R_Q3M_C2X_P2,9724200
v1_scalar_F3R_Q3M_C2X_P2,10275900
v1_scalar_F3R_Q3M_C2X_P2,10238200
v1_scalar_F3R_Q3M_C2X_P2,9962400
v1_scalar_F3R_Q3M_C2X_P2,10158400
v1_scalar_F3R_Q3M_C2X_P2,9869500
v1_scalar_F3R_Q3M_C2X_P2,10160800
v1_scalar_F3R_Q3M_C2X_P2,9966000
v1_scalar_F3R_Q3M_C2X_P2,10171800
v1_scalar_F3R_Q3M_C2X_P2,10224500
v1_scalar_F3R_Q3M_C2X_P2,10086900
v1_scalar_F3R_Q3M_C2X_P2,10566300
v1_scalar_F3R_Q3M_C2X_P2,10276300
v1_scalar_F3R_Q3M_C2X_P2,10012500
v1_scalar_F3R_Q3M_C2X_P2,10175700
v1_scalar_F3R_Q3M_C2X_P2,10016900
v1_scalar_F3R_Q3M_C2X_P2,9961300
v1_scalar_F3R_Q3M_C2X_P2,9731500
v1_scalar_F3R_Q3M_C2X_P2,10219800
v1_scalar_F3R_Q3M_C2X_P2,9886200
v1_scalar_F3R_Q3M_C2X_P2,10830300
v1_scalar_F3R_Q3M_C2X_P2,10155800
v1_scalar_F3R_Q3M_C2X_P2,9789200
v1_scalar_F3R_Q3M_C2X_P2,10003300
v1_scalar_F3R_Q3M_C2X_P2,9851900
v1_scalar_F3R_Q3M_C2X_P2,9744800
v1_scalar_F3R_Q3M_C2X_P2,9838200
v1_scalar_F3R_Q3M_C2X_P2,9945100
v1_scalar_F3R_Q3M_C2X_P2,9729700
v1_scalar_F3R_Q3M_C2X_P2,9923600
v1_scalar_F3R_Q3M_C2X_P2,10210000
v1_scalar_F3R_Q3M_C2X_P2,9928400
v1_scalar_F3R_Q3M_C2X_P2,10071600
v1_scalar_F3R_Q3M_C2X_P2,10226600
v1_scalar_F3R_Q3M_C2X_P2,10288100
v1_scalar_F3R_Q3M_C2X_P2,9898300
v1_scalar_F3R_Q3M_C2X_P2,9940200
v1_scalar_F3R_Q3M_C2X_P2,10153200
v1_scalar_F3R_Q3M_C2X_P2,9906300
v1_scalar_F3R_Q3M_C2X_P2,10098600
v1_scalar_F3R_Q3M_C2X_P2,10073400
v1_scalar_F3R_Q3M_C2X_P2,9954700
v1_scalar_F3R_Q3M_C2X_P2,10396000
v1_scalar_F3R_Q3M_C2X_P2,10213000
v1_scalar_F3R_Q3M_C2X_P2,10043900
v1_scalar_F3R_Q3M_C2X_P2,10884500
v1_scalar_F3R_Q3M_C2X_P2,10042800
v1_scalar_F3R_Q3M_C2X_P2,9704000
v1_scalar_F3R_Q3M_C2X_P2,11171900
v1_scalar_F3R_Q3M_C2X_P2,10312800
v1_scalar_F3R_Q3M_C2X_P2,9831100
v1_scalar_F3R_Q3M_C2X_P2,9752800
v1_scalar_F3R_Q3M_C2X_P2,10526100
v1_scalar_F3R_Q3M_C2X_P2,9832300
v1_scalar_F3R_Q3M_C2X_P2,9886200
v1_scalar_F3R_Q3M_C2X_P2,10443700
v1_scalar_F3R_Q3M_C2X_P2,10082800
v1_scalar_F3R_Q3M_C2X_P2,9741700
v1_scalar_F3R_Q3M_C2X_P2,9909200
v1_scalar_F3R_Q3M_C2X_P2,10053100
v1_scalar_F3R_Q3M_C2X_P2,10101800
v1_scalar_F3R_Q3M_C2X_P2,10517500
v1_scalar_F3R_Q3M_C2X_P2,10142800
v1_scalar_F3R_Q3M_C2X_P2,9908900
v1_scalar_F3R_Q3M_C2X_P2,10417300
v1_scalar_F3R_Q3M_C2X_P2,10175900
v1_scalar_F3R_Q3M_C2X_P2,11074100
v1_scalar_F3R_Q3M_C2X_P2,9876300
v1_scalar_F3R_Q3M_C3_P2,8880600
v1_scalar_F3R_Q3M_C3_P2,8830600
v1_scalar_F3R_Q3M_C3_P2,8792000
v1_scalar_F3R_Q3M_C3_P2,9400400
v1_scalar_F3R_Q3M_C3_P2,9329100
v1_scalar_F3R_Q3M_C3_P2,8610800
v1_scalar_F3R_Q3M_C3_P2,8817400
v1_scalar_F3R_Q3M_C3_P2,8683400
v1_scalar_F3R_Q3M_C3_P2,8935500
v1_scalar_F3R_Q3M_C3_P2,8873100
v1_scalar_F3R_Q3M_C3_P2,8592600
v1_scalar_F3R_Q3M_C3_P2,9283500
v1_scalar_F3R_Q3M_C3_P2,9419600
v1_scalar_F3R_Q3M_C3_P2,8714300
v1_scalar_F3R_Q3M_C3_P2,8631800
v1_scalar_F3R_Q3M_C3_P2,8856400
v1_scalar_F3R_Q3M_C3_P2,8484700
v1_scalar_F3R_Q3M_C3_P2,8565700
v1_scalar_F3R_Q3M_C3_P2,8538300
v1_scalar_F3R_Q3M_C3_P2,8510600
v1_scalar_F3R_Q3M_C3_P2,8647000
v1_scalar_F3R_Q3M_C3_P2,8636400
v1_scalar_F3R_Q3M_C3_P2,8568700
v1_scalar_F3R_Q3M_C3_P2,8700600
v1_scalar_F3R_Q3M_C3_P2,8546800
v1_scalar_F3R_Q3M_C3_P2,9025300
v1_scalar_F3R_Q3M_C3_P2,8689500
v1_scalar_F3R_Q3M_C3_P2,8753700
v1_scalar_F3R_Q3M_C3_P2,8755200
v1_scalar_F3R_Q3M_C3_P2,8608600
v1_scalar_F3R_Q3M_C3_P2,8764600
v1_scalar_F3R_Q3M_C3_P2,8754500
v1_scalar_F3R_Q3M_C3_P2,8833300
v1_scalar_F3R_Q3M_C3_P2,8761600
v1_scalar_F3R_Q3M_C3_P2,8679800
v1_scalar_F3R_Q3M_C3_P2,8664200
v1_scalar_F3R_Q3M_C3_P2,8660600
v1_scalar_F3R_Q3M_C3_P2,8889300
v1_scalar_F3R_Q3M_C3_P2,8782700
v1_scalar_F3R_Q3M_C3_P2,8602000
v1_scalar_F3R_Q3M_C3_P2,9056000
v1_scalar_F3R_Q3M_C3_P2,8898400
v1_scalar_F3R_Q3M_C3_P2,8617200
v1_scalar_F3R_Q3M_C3_P2,9105500
v1_scalar_F3R_Q3M_C3_P2,8464000
v1_scalar_F3R_Q3M_C3_P2,8766400
v1_scalar_F3R_Q3M_C3_P2,8540200
v1_scalar_F3R_Q3M_C3_P2,8626800
v1_scalar_F3R_Q3M_C3_P2,8873800
v1_scalar_F3R_Q3M_C3_P2,8853500
v1_scalar_F3R_Q3M_C3_P2,9233200
v1_scalar_F3R_Q3M_C3_P2,9621400
v1_scalar_F3R_Q3M_C3_P2,8834400
v1_scalar_F3R_Q3M_C3_P2,8873400
v1_scalar_F3R_Q3M_C3_P2,8742900
v1_scalar_F3R_Q3M_C3_P2,9003500
v1_scalar_F3R_Q3M_C3_P2,8578200
v1_scalar_F3R_Q3M_C3_P2,9264100
v1_scalar_F3R_Q3M_C3_P2,8976900
v1_scalar_F3R_Q3M_C3_P2,8631400
v1_scalar_F3R_Q3M_C3_P2,8478900
v1_scalar_F3R_Q3M_C3_P2,9078400
v1_scalar_F3R_Q3M_C3_P2,8638300
v1_scalar_F3R_Q3M_C3_P2,8887200
v1_scalar_F3R_Q3M_C3_P2,8895100
v1_scalar_F3R_Q3M_C3_P2,8794100
v1_scalar_F3R_Q3M_C3_P2,8871400
v1_scalar_F3R_Q3M_C3_P2,8935300
v1_scalar_F3R_Q3M_C3_P2,8651800
v1_scalar_F3R_Q3M_C3_P2,8433200
v1_scalar_F3R_Q3M_C3_P2,8441300
v1_scalar_F3R_Q3M_C3_P2,8409100
v1_scalar_F3R_Q3M_C3_P2,9578300
v1_scalar_F3R_Q3M_C3_P2,8751600
v1_scalar_F3R_Q3M_C3_P2,9414400
v1_scalar_F3R_Q3M_C3_P2,9183500
v1_scalar_F3R_Q3M_C3_P2,8705600
v1_scalar_F3R_Q3M_C3_P2,8677300
v1_scalar_F3R_Q3M_C3_P2,8748100
v1_scalar_F3R_Q3M_C3_P2,8699700
v1_scalar_F3R_Q3M_C3_P2,8932400
v1_scalar_F3R_Q3M_C3_P2,8670000
v1_scalar_F3R_Q3M_C3_P2,8475900
v1_scalar_F3R_Q3M_C3_P2,8813500
v1_scalar_F3R_Q3M_C3_P2,8763700
v1_scalar_F3R_Q3M_C3_P2,8927300
v1_scalar_F3R_Q3M_C3_P2,8701000
v1_scalar_F3R_Q3M_C3_P2,8738200
v1_scalar_F3R_Q3M_C3_P2,8545000
v1_scalar_F3R_Q3M_C3_P2,8721200
v1_scalar_F3R_Q3M_C3_P2,8997700
v1_scalar_F3R_Q3M_C3_P2,9381800
v1_scalar_F3R_Q3M_C3_P2,8820500
v1_scalar_F3R_Q3M_C3_P2,8585900
v1_scalar_F3R_Q3M_C3_P2,8637400
v1_scalar_F3R_Q3M_C3_P2,9137700
v1_scalar_F3R_Q3M_C3_P2,8619200
v1_scalar_F3R_Q3M_C3_P2,8803100
v1_scalar_F3R_Q3M_C3_P2,8792000
v1_scalar_F3R_Q3M_C3_P2,8820400
v1_scalar_F3R_Q3M_C3_P2,9344000
v1_scalar_F3R_Q3M_C3_P2,8507200
v1_scalar_F3R_Q3M_C3_P2,8510300
v1_scalar_F3R_Q3M_C3_P2,8468100
v1_scalar_F3R_Q3M_C3_P2,8390700
v1_scalar_F3R_Q3M_C3_P2,9334000
v1_scalar_F3R_Q3M_C3_P2,8738300
v1_scalar_F3R_Q3M_C3_P2,8667400
v1_scalar_F3R_Q3M_C3_P2,9255300
v1_scalar_F3R_Q3M_C3_P2,8773500
v1_scalar_F3R_Q3M_C3_P2,8643000
v1_scalar_F3R_Q3M_C3_P2,8777300
v1_scalar_F3R_Q3M_C3_P2,8783100
v1_scalar_F3R_Q3M_C3_P2,8600900
v1_scalar_F3R_Q3M_C3_P2,8777000
v1_scalar_F3R_Q3M_C3_P2,8929100
v1_scalar_F3R_Q3M_C3_P2,8753700
v1_scalar_F3R_Q3M_C3_P2,8822600
v1_scalar_F3R_Q3M_C3_P2,8532000
v1_scalar_F3R_Q3M_C3_P2,8833500
v1_scalar_F3R_Q3M_C3_P2,8683200
v1_scalar_F3R_Q3M_C3_P2,9052400
v1_scalar_F3R_Q3M_C3_P2,8524800
v1_scalar_F3R_Q3M_C3_P2,8655700
v1_scalar_F3R_Q3M_C3_P2,8609700
v1_scalar_F3R_Q3M_C3_P2,8904100
v1_scalar_F3R_Q3M_C3_P2,8908800
v1_scalar_F3R_Q3M_C3_P2,8583000
v1_scalar_F3R_Q3M_C3_P2,8591500
v1_scalar_F3R_Q3M_C3_P2,8618900
v1_scalar_F3R_Q3M_C3_P2,8904300
v1_scalar_F3R_Q3M_C3_P2,8715000
v1_scalar_F3R_Q3M_C3_P2,8594400
v1_scalar_F3R_Q3M_C3_P2,8799000
v1_scalar_F3R_Q3M_C3_P2,8797200
v1_scalar_F3R_Q3M_C3_P2,8887500
v1_scalar_F3R_Q3M_C3_P2,8676600
v1_scalar_F3R_Q3M_C3_P2,8588100
v1_scalar_F3R_Q3M_C3_P2,8847200
v1_scalar_F3R_Q3M_C3_P2,8637000
v1_scalar_F3R_Q3M_C3_P2,8501000
v1_scalar_F3R_Q3M_C3_P2,8546200
v1_scalar_F3R_Q3M_C3_P2,8471300
v1_scalar_F3R_Q3M_C3_P2,8771000
v1_scalar_F3R_Q3M_C3_P2,8620500
v1_scalar_F3R_Q3M_C3_P2,8857200
v1_scalar_F3R_Q3M_C3_P2,8761900
v1_scalar_F3R_Q3M_C3_P2,8665000
v1_scalar_F3R_Q3M_C3_P2,8647700
v1_scalar_F3R_Q3M_C3_P2,8619000
v1_scalar_F3R_Q3M_C3_P2,9348800
v1_scalar_F3R_Q3M_C3_P2,9043500
v1_scalar_F3R_Q3M_C3_P2,8812300
v1_scalar_F3R_Q3M_C3_P2,8719600
v1_scalar_F3R_Q3M_C3_P2,8588800
v1_scalar_F3R_Q3M_C3_P2,8987800
v1_scalar_F3R_Q3M_C3_P2,8737000
v1_scalar_F3R_Q3M_C3_P2,8809000
v1_scalar_F3R_Q3M_C3_P2,8696200
v1_scalar_F3R_Q3M_C3_P2,8850900
v1_scalar_F3R_Q3M_C3_P2,8842100
v1_scalar_F3R_Q3M_C3_P2,8623800
v1_scalar_F3R_Q3M_C3_P2,9144600
v1_scalar_F3R_Q3M_C3_P2,8832200
v1_scalar_F3R_Q3M_C3_P2,8668300
v1_scalar_F3R_Q3M_C3_P2,8811300
v1_scalar_F3R_Q3M_C3_P2,8716600
v1_scalar_F3R_Q3M_C3_P2,9133300
v1_scalar_F3R_Q3M_C3_P2,8960100
v1_scalar_F3R_Q3M_C3_P2,8626700
v1_scalar_F3R_Q3M_C3_P2,10325300
v1_scalar_F3R_Q3M_C3_P2,8739300
v1_scalar_F3R_Q3M_C3_P2,8936800
v1_scalar_F3R_Q3M_C3_P2,9256000
v1_scalar_F3R_Q3M_C3_P2,8994900
v1_scalar_F3R_Q3M_C3_P2,8956600
v1_scalar_F3R_Q3M_C3_P2,8539300
v1_scalar_F3R_Q3M_C3_P2,8647900
v1_scalar_F3R_Q3M_C3_P2,8691000
v1_scalar_F3R_Q3M_C3_P2,8635200
v1_scalar_F3R_Q3M_C3_P2,8356100
v1_scalar_F3R_Q3M_C3_P2,8485700
v1_scalar_F3R_Q3M_C3_P2,8563500
v1_scalar_F3R_Q3M_C3_P2,8836900
v1_scalar_F3R_Q3M_C3_P2,8484700
v1_scalar_F3R_Q3M_C3_P2,8636800
v1_scalar_F3R_Q3M_C3_P2,8617100
v1_scalar_F3R_Q3M_C3_P2,8892200
v1_scalar_F3R_Q3M_C3_P2,8498100
v1_scalar_F3R_Q3M_C3_P2,8604800
v1_scalar_F3R_Q3M_C3_P2,8800500
v1_scalar_F3R_Q3M_C3_P2,8807400
v1_scalar_F3R_Q3M_C3_P2,8937600
v1_scalar_F3R_Q3M_C3_P2,8488300
v1_scalar_F3R_Q3M_C3_P2,8722900
v1_scalar_F3R_Q3M_C3_P2,9682000
v1_scalar_F3R_Q3M_C3_P2,8769400
v1_scalar_F3R_Q3M_C3_P2,8788300
v1_scalar_F3R_Q3M_C3_P2,8957800
v1_scalar_F3R_Q3M_C3_P2,8526300
v1_scalar_F3R_Q3M_C3_P2,8701700
v1_scalar_F3R_Q3M_C3_P2,8892600
v1_scalar_F3R_Q3M_C3_P2,8948600
v1_scalar_F3R_Q3M_C3_P2,8791700
v1_scalar_F3R_Q3M_C3_P2,8732700
v1_scalar_F3R_Q3M_C3_P2,8935200
v1_scalar_F3R_Q3M_C3_P2,8701800
v1_scalar_F3R_Q3M_C3_P2,8945300
v1_scalar_F3R_Q3M_C3_P2,8663800
v1_scalar_F3R_Q3M_C3_P2,8729000
v1_scalar_F3R_Q3M_C3_P2,8882400
v1_scalar_F3R_Q3M_C3_P2,9006700
v1_scalar_F3R_Q3M_C3_P2,9052100
v1_scalar_F3R_Q3M_C3_P2,9017100
v1_scalar_F3R_Q3M_C3_P2,8753300
v1_scalar_F3R_Q3M_C3_P2,9434200
v1_scalar_F3R_Q3M_C4F_P2,9184600
v1_scalar_F3R_Q3M_C4F_P2,9189300
v1_scalar_F3R_Q3M_C4F_P2,8876600
v1_scalar_F3R_Q3M_C4F_P2,9072900
v1_scalar_F3R_Q3M_C4F_P2,8994900
v1_scalar_F3R_Q3M_C4F_P2,9172600
v1_scalar_F3R_Q3M_C4F_P2,9878100
v1_scalar_F3R_Q3M_C4F_P2,8930600
v1_scalar_F3R_Q3M_C4F_P2,9217100
v1_scalar_F3R_Q3M_C4F_P2,9766100
v1_scalar_F3R_Q3M_C4F_P2,9058900
v1_scalar_F3R_Q3M_C4F_P2,8964700
v1_scalar_F3R_Q3M_C4F_P2,8899700
v1_scalar_F3R_Q3M_C4F_P2,9700000
v1_scalar_F3R_Q3M_C4F_P2,9077000
v1_scalar_F3R_Q3M_C4F_P2,8944800
v1_scalar_F3R_Q3M_C4F_P2,9274600
v1_scalar_F3R_Q3M_C4F_P2,9117900
v1_scalar_F3R_Q3M_C4F_P2,9392600
v1_scalar_F3R_Q3M_C4F_P2,8971700
v1_scalar_F3R_Q3M_C4F_P2,8931200
v1_scalar_F3R_Q3M_C4F_P2,9191400
v1_scalar_F3R_Q3M_C4F_P2,8901900
v1_scalar_F3R_Q3M_C4F_P2,8910900
v1_scalar_F3R_Q3M_C4F_P2,9078900
v1_scalar_F3R_Q3M_C4F_P2,8776800
v1_scalar_F3R_Q3M_C4F_P2,9779700
v1_scalar_F3R_Q3M_C4F_P2,9076300
v1_scalar_F3R_Q3M_C4F_P2,9063300
v1_scalar_F3R_Q3M_C4F_P2,9988400
v1_scalar_F3R_Q3M_C4F_P2,8933500
v1_scalar_F3R_Q3M_C4F_P2,9308000
v1_scalar_F3R_Q3M_C4F_P2,9035500
v1_scalar_F3R_Q3M_C4F_P2,9410900
v1_scalar_F3R_Q3M_C4F_P2,9048700
v1_scalar_F3R_Q3M_C4F_P2,9323200
v1_scalar_F3R_Q3M_C4F_P2,9159100
v1_scalar_F3R_Q3M_C4F_P2,8865800
v1_scalar_F3R_Q3M_C4F_P2,9211500
v1_scalar_F3R_Q3M_C4F_P2,9452600
v1_scalar_F3R_Q3M_C4F_P2,9814300
v1_scalar_F3R_Q3M_C4F_P2,9238100
v1_scalar_F3R_Q3M_C4F_P2,9317600
v1_scalar_F3R_Q3M_C4F_P2,9384800
v1_scalar_F3R_Q3M_C4F_P2,9147700
v1_scalar_F3R_Q3M_C4F_P2,9161500
v1_scalar_F3R_Q3M_C4F_P2,9014000
v1_scalar_F3R_Q3M_C4F_P2,9298900
v1_scalar_F3R_Q3M_C4F_P2,9406200
v1_scalar_F3R_Q3M_C4F_P2,9393200
v1_scalar_F3R_Q3M_C4F_P2,9007700
v1_scalar_F3R_Q3M_C4F_P2,8953400
v1_scalar_F3R_Q3M_C4F_P2,9013200
v1_scalar_F3R_Q3M_C4F_P2,9280000
v1_scalar_F3R_Q3M_C4F_P2,9147700
v1_scalar_F3R_Q3M_C4F_P2,9013000
v1_scalar_F3R_Q3M_C4F_P2,9984100
v1_scalar_F3R_Q3M_C4F_P2,9813100
v1_scalar_F3R_Q3M_C4F_P2,8978700
v1_scalar_F3R_Q3M_C4F_P2,9417800
v1_scalar_F3R_Q3M_C4F_P2,9012300
v1_scalar_F3R_Q3M_C4F_P2,9610500
v1_scalar_F3R_Q3M_C4F_P2,9087800
v1_scalar_F3R_Q3M_C4F_P2,9027800
v1_scalar_F3R_Q3M_C4F_P2,9235700
v1_scalar_F3R_Q3M_C4F_P2,9158800
v1_scalar_F3R_Q3M_C4F_P2,9035900
v1_scalar_F3R_Q3M_C4F_P2,9463600
v1_scalar_F3R_Q3M_C4F_P2,9025500
v1_scalar_F3R_Q3M_C4F_P2,8946900
v1_scalar_F3R_Q3M_C4F_P2,9082900
v1_scalar_F3R_Q3M_C4F_P2,9090000
v1_scalar_F3R_Q3M_C4F_P2,9432600
v1_scalar_F3R_Q3M_C4F_P2,9087800
v1_scalar_F3R_Q3M_C4F_P2,9145200
v1_scalar_F3R_Q3M_C4F_P2,9267700
v1_scalar_F3R_Q3M_C4F_P2,9261500
v1_scalar_F3R_Q3M_C4F_P2,9164500
v1_scalar_F3R_Q3M_C4F_P2,9387300
v1_scalar_F3R_Q3M_C4F_P2,9231500
v1_scalar_F3R_Q3M_C4F_P2,9343900
v1_scalar_F3R_Q3M_C4F_P2,9176000
v1_scalar_F3R_Q3M_C4F_P2,8781600
v1_scalar_F3R_Q3M_C4F_P2,9474300
v1_scalar_F3R_Q3M_C4F_P2,8942600
v1_scalar_F3R_Q3M_C4F_P2,9148100
v1_scalar_F3R_Q3M_C4F_P2,9530600
v1_scalar_F3R_Q3M_C4F_P2,9132300
v1_scalar_F3R_Q3M_C4F_P2,8852500
v1_scalar_F3R_Q3M_C4F_P2,9867800
v1_scalar_F3R_Q3M_C4F_P2,9108500
v1_scalar_F3R_Q3M_C4F_P2,9647400
v1_scalar_F3R_Q3M_C4F_P2,9155200
v1_scalar_F3R_Q3M_C4F_P2,9002000
v1_scalar_F3R_Q3M_C4F_P2,9079400
v1_scalar_F3R_Q3M_C4F_P2,9093900
v1_scalar_F3R_Q3M_C4F_P2,9057400
v1_scalar_F3R_Q3M_C4F_P2,9253200
v1_scalar_F3R_Q3M_C4F_P2,9121400
v1_scalar_F3R_Q3M_C4F_P2,9370800
v1_scalar_F3R_Q3M_C4F_P2,9021600
v1_scalar_F3R_Q3M_C4F_P2,9718800
v1_scalar_F3R_Q3M_C4F_P2,9773400
v1_scalar_F3R_Q3M_C4F_P2,8935000
v1_scalar_F3R_Q3M_C4F_P2,9273600
v1_scalar_F3R_Q3M_C4F_P2,9350500
v1_scalar_F3R_Q3M_C4F_P2,9154000
v1_scalar_F3R_Q3M_C4F_P2,9213000
v1_scalar_F3R_Q3M_C4F_P2,9182400
v1_scalar_F3R_Q3M_C4F_P2,9146900
v1_scalar_F3R_Q3M_C4F_P2,9357500
v1_scalar_F3R_Q3M_C4F_P2,9005700
v1_scalar_F3R_Q3M_C4F_P2,9251600
v1_scalar_F3R_Q3M_C4F_P2,8862300
v1_scalar_F3R_Q3M_C4F_P2,8999100
v1_scalar_F3R_Q3M_C4F_P2,9029100
v1_scalar_F3R_Q3M_C4F_P2,8947000
v1_scalar_F3R_Q3M_C4F_P2,9165300
v1_scalar_F3R_Q3M_C4F_P2,8850200
v1_scalar_F3R_Q3M_C4F_P2,9240600
v1_scalar_F3R_Q3M_C4F_P2,9686800
v1_scalar_F3R_Q3M_C4F_P2,9406500
v1_scalar_F3R_Q3M_C4F_P2,8879400
v1_scalar_F3R_Q3M_C4F_P2,9404200
v1_scalar_F3R_Q3M_C4F_P2,8887000
v1_scalar_F3R_Q3M_C4F_P2,8964400
v1_scalar_F3R_Q3M_C4F_P2,9256000
v1_scalar_F3R_Q3M_C4F_P2,8995200
v1_scalar_F3R_Q3M_C4F_P2,9101900
v1_scalar_F3R_Q3M_C4F_P2,9048200
v1_scalar_F3R_Q3M_C4F_P2,9015900
v1_scalar_F3R_Q3M_C4F_P2,9166300
v1_scalar_F3R_Q3M_C4F_P2,8839800
v1_scalar_F3R_Q3M_C4F_P2,8961500
v1_scalar_F3R_Q3M_C4F_P2,8972900
v1_scalar_F3R_Q3M_C4F_P2,9266800
v1_scalar_F3R_Q3M_C4F_P2,9811500
v1_scalar_F3R_Q3M_C4F_P2,9377300
v1_scalar_F3R_Q3M_C4F_P2,9180400
v1_scalar_F3R_Q3M_C4F_P2,8936100
v1_scalar_F3R_Q3M_C4F_P2,9031800
v1_scalar_F3R_Q3M_C4F_P2,9113100
v1_scalar_F3R_Q3M_C4F_P2,9263700
v1_scalar_F3R_Q3M_C4F_P2,9365200
v1_scalar_F3R_Q3M_C4F_P2,10505600
v1_scalar_F3R_Q3M_C4F_P2,10151600
v1_scalar_F3R_Q3M_C4F_P2,9053200
v1_scalar_F3R_Q3M_C4F_P2,9659200
v1_scalar_F3R_Q3M_C4F_P2,9224600
v1_scalar_F3R_Q3M_C4F_P2,9138900
v1_scalar_F3R_Q3M_C4F_P2,9002200
v1_scalar_F3R_Q3M_C4F_P2,9101700
v1_scalar_F3R_Q3M_C4F_P2,9243100
v1_scalar_F3R_Q3M_C4F_P2,8964500
v1_scalar_F3R_Q3M_C4F_P2,8979000
v1_scalar_F3R_Q3M_C4F_P2,9170000
v1_scalar_F3R_Q3M_C4F_P2,8801600
v1_scalar_F3R_Q3M_C4F_P2,9166400
v1_scalar_F3R_Q3M_C4F_P2,9235600
v1_scalar_F3R_Q3M_C4F_P2,9242700
v1_scalar_F3R_Q3M_C4F_P2,9146000
v1_scalar_F3R_Q3M_C4F_P2,9920000
v1_scalar_F3R_Q3M_C4F_P2,9561300
v1_scalar_F3R_Q3M_C4F_P2,9265400
v1_scalar_F3R_Q3M_C4F_P2,9358600
v1_scalar_F3R_Q3M_C4F_P2,9919200
v1_scalar_F3R_Q3M_C4F_P2,9397900
v1_scalar_F3R_Q3M_C4F_P2,9825100
v1_scalar_F3R_Q3M_C4F_P2,9368000
v1_scalar_F3R_Q3M_C4F_P2,9409300
v1_scalar_F3R_Q3M_C4F_P2,10119700
v1_scalar_F3R_Q3M_C4F_P2,9237200
v1_scalar_F3R_Q3M_C4F_P2,9510000
v1_scalar_F3R_Q3M_C4F_P2,9307900
v1_scalar_F3R_Q3M_C4F_P2,9215400
v1_scalar_F3R_Q3M_C4F_P2,9172800
v1_scalar_F3R_Q3M_C4F_P2,9926100
v1_scalar_F3R_Q3M_C4F_P2,9098100
v1_scalar_F3R_Q3M_C4F_P2,9092400
v1_scalar_F3R_Q3M_C4F_P2,9219900
v1_scalar_F3R_Q3M_C4F_P2,9341400
v1_scalar_F3R_Q3M_C4F_P2,9153400
v1_scalar_F3R_Q3M_C4F_P2,9091200
v1_scalar_F3R_Q3M_C4F_P2,9120900
v1_scalar_F3R_Q3M_C4F_P2,9886900
v1_scalar_F3R_Q3M_C4F_P2,9434100
v1_scalar_F3R_Q3M_C4F_P2,9321800
v1_scalar_F3R_Q3M_C4F_P2,9022100
v1_scalar_F3R_Q3M_C4F_P2,9320200
v1_scalar_F3R_Q3M_C4F_P2,9368500
v1_scalar_F3R_Q3M_C4F_P2,9151900
v1_scalar_F3R_Q3M_C4F_P2,9563100
v1_scalar_F3R_Q3M_C4F_P2,9343000
v1_scalar_F3R_Q3M_C4F_P2,9431100
v1_scalar_F3R_Q3M_C4F_P2,9245600
v1_scalar_F3R_Q3M_C4F_P2,8997700
v1_scalar_F3R_Q3M_C4F_P2,9063200
v1_scalar_F3R_Q3M_C4F_P2,8939500
v1_scalar_F3R_Q3M_C4F_P2,9248100
v1_scalar_F3R_Q3M_C4F_P2,9556400
v1_scalar_F3R_Q3M_C4F_P2,9483900
v1_scalar_F3R_Q3M_C4F_P2,9569900
v1_scalar_F3R_Q3M_C4F_P2,9011100
v1_scalar_F3R_Q3M_C4F_P2,10111900
v1_scalar_F3R_Q3M_C4F_P2,9244800
v1_scalar_F3R_Q3M_C4F_P2,9575000
v1_scalar_F3R_Q3M_C4M_P2,9131000
v1_scalar_F3R_Q3M_C4M_P2,9238300
v1_scalar_F3R_Q3M_C4M_P2,9302400
v1_scalar_F3R_Q3M_C4M_P2,9043200
v1_scalar_F3R_Q3M_C4M_P2,9783200
v1_scalar_F3R_Q3M_C4M_P2,9868500
v1_scalar_F3R_Q3M_C4M_P2,9457600
v1_scalar_F3R_Q3M_C4M_P2,8898900
v1_scalar_F3R_Q3M_C4M_P2,9575600
v1_scalar_F3R_Q3M_C4M_P2,9989800
v1_scalar_F3R_Q3M_C4M_P2,10302100
v1_scalar_F3R_Q3M_C4M_P2,9375500
v1_scalar_F3R_Q3M_C4M_P2,9170700
v1_scalar_F3R_Q3M_C4M_P2,8957000
v1_scalar_F3R_Q3M_C4M_P2,9808300
v1_scalar_F3R_Q3M_C4M_P2,9068800
v1_scalar_F3R_Q3M_C4M_P2,9225600
v1_scalar_F3R_Q3M_C4M_P2,10282500
v1_scalar_F3R_Q3M_C4M_P2,10003300
v1_scalar_F3R_Q3M_C4M_P2,9541000
v1_scalar_F3R_Q3M_C4M_P2,9254800
v1_scalar_F3R_Q3M_C4M_P2,9084400
v1_scalar_F3R_Q3M_C4M_P2,9240700
v1_scalar_F3R_Q3M_C4M_P2,9375700
v1_scalar_F3R_Q3M_C4M_P2,9493300
v1_scalar_F3R_Q3M_C4M_P2,9226100
v1_scalar_F3R_Q3M_C4M_P2,9085100
v1_scalar_F3R_Q3M_C4M_P2,10049700
v1_scalar_F3R_Q3M_C4M_P2,9184200
v1_scalar_F3R_Q3M_C4M_P2,8773800
v1_scalar_F3R_Q3M_C4M_P2,9253000
v1_scalar_F3R_Q3M_C4M_P2,9307900
v1_scalar_F3R_Q3M_C4M_P2,9158500
v1_scalar_F3R_Q3M_C4M_P2,9009000
v1_scalar_F3R_Q3M_C4M_P2,9176600
v1_scalar_F3R_Q3M_C4M_P2,9611600
v1_scalar_F3R_Q3M_C4M_P2,9574400
v1_scalar_F3R_Q3M_C4M_P2,9137000
v1_scalar_F3R_Q3M_C4M_P2,9118300
v1_scalar_F3R_Q3M_C4M_P2,9126100
v1_scalar_F3R_Q3M_C4M_P2,9104900
v1_scalar_F3R_Q3M_C4M_P2,9210600
v1_scalar_F3R_Q3M_C4M_P2,9172700
v1_scalar_F3R_Q3M_C4M_P2,9216900
v1_scalar_F3R_Q3M_C4M_P2,9201100
v1_scalar_F3R_Q3M_C4M_P2,9219500
v1_scalar_F3R_Q3M_C4M_P2,10029600
v1_scalar_F3R_Q3M_C4M_P2,9703800
v1_scalar_F3R_Q3M_C4M_P2,9113800
v1_scalar_F3R_Q3M_C4M_P2,9064200
v1_scalar_F3R_Q3M_C4M_P2,9193000
v1_scalar_F3R_Q3M_C4M_P2,9044500
v1_scalar_F3R_Q3M_C4M_P2,9207600
v1_scalar_F3R_Q3M_C4M_P2,9785200
v1_scalar_F3R_Q3M_C4M_P2,9125400
v1_scalar_F3R_Q3M_C4M_P2,9208400
v1_scalar_F3R_Q3M_C4M_P2,9410000
v1_scalar_F3R_Q3M_C4M_P2,9542300
v1_scalar_F3R_Q3M_C4M_P2,9041800
v1_scalar_F3R_Q3M_C4M_P2,9165000
v1_scalar_F3R_Q3M_C4M_P2,9083100
v1_scalar_F3R_Q3M_C4M_P2,9181300
v1_scalar_F3R_Q3M_C4M_P2,9715200
v1_scalar_F3R_Q3M_C4M_P2,9081500
v1_scalar_F3R_Q3M_C4M_P2,9056800
v1_scalar_F3R_Q3M_C4M_P2,9112000
v1_scalar_F3R_Q3M_C4M_P2,9390700
v1_scalar_F3R_Q3M_C4M_P2,8868800
v1_scalar_F3R_Q3M_C4M_P2,9284200
v1_scalar_F3R_Q3M_C4M_P2,8988300
v1_scalar_F3R_Q3M_C4M_P2,8861000
v1_scalar_F3R_Q3M_C4M_P2,9082300
v1_scalar_F3R_Q3M_C4M_P2,9011000
v1_scalar_F3R_Q3M_C4M_P2,9427800
v1_scalar_F3R_Q3M_C4M_P2,8841400
v1_scalar_F3R_Q3M_C4M_P2,8995600
v1_scalar_F3R_Q3M_C4M_P2,9227300
v1_scalar_F3R_Q3M_C4M_P2,8837700
v1_scalar_F3R_Q3M_C4M_P2,9232600
v1_scalar_F3R_Q3M_C4M_P2,9074900
v1_scalar_F3R_Q3M_C4M_P2,8978500
v1_scalar_F3R_Q3M_C4M_P2,9846800
v1_scalar_F3R_Q3M_C4M_P2,9609800
v1_scalar_F3R_Q3M_C4M_P2,9139000
v1_scalar_F3R_Q3M_C4M_P2,8988100
v1_scalar_F3R_Q3M_C4M_P2,8929100
v1_scalar_F3R_Q3M_C4M_P2,9421900
v1_scalar_F3R_Q3M_C4M_P2,9153800
v1_scalar_F3R_Q3M_C4M_P2,9402600
v1_scalar_F3R_Q3M_C4M_P2,9375700
v1_scalar_F3R_Q3M_C4M_P2,9397200
v1_scalar_F3R_Q3M_C4M_P2,9137200
v1_scalar_F3R_Q3M_C4M_P2,10047400
v1_scalar_F3R_Q3M_C4M_P2,9857600
v1_scalar_F3R_Q3M_C4M_P2,9024000
v1_scalar_F3R_Q3M_C4M_P2,9419200
v1_scalar_F3R_Q3M_C4M_P2,9177900
v1_scalar_F3R_Q3M_C4M_P2,9558000
v1_scalar_F3R_Q3M_C4M_P2,9007100
v1_scalar_F3R_Q3M_C4M_P2,9004700
v1_scalar_F3R_Q3M_C4M_P2,9059000
v1_scalar_F3R_Q3M_C4M_P2,8956300
v1_scalar_F3R_Q3M_C4M_P2,10278500
v1_scalar_F3R_Q3M_C4M_P2,9121600
v1_scalar_F3R_Q3M_C4M_P2,8864600
v1_scalar_F3R_Q3M_C4M_P2,9016800
v1_scalar_F3R_Q3M_C4M_P2,9134600
v1_scalar_F3R_Q3M_C4M_P2,9178300
v1_scalar_F3R_Q3M_C4M_P2,9152600
v1_scalar_F3R_Q3M_C4M_P2,8957400
v1_scalar_F3R_Q3M_C4M_P2,9346100
v1_scalar_F3R_Q3M_C4M_P2,9675300
v1_scalar_F3R_Q3M_C4M_P2,9132400
v1_scalar_F3R_Q3M_C4M_P2,9275800
v1_scalar_F3R_Q3M_C4M_P2,9000700
v1_scalar_F3R_Q3M_C4M_P2,9140000
v1_scalar_F3R_Q3M_C4M_P2,9141800
v1_scalar_F3R_Q3M_C4M_P2,9080700
v1_scalar_F3R_Q3M_C4M_P2,9035200
v1_scalar_F3R_Q3M_C4M_P2,10332200
v1_scalar_F3R_Q3M_C4M_P2,10153800
v1_scalar_F3R_Q3M_C4M_P2,8935800
v1_scalar_F3R_Q3M_C4M_P2,9548800
v1_scalar_F3R_Q3M_C4M_P2,9101900
v1_scalar_F3R_Q3M_C4M_P2,9027500
v1_scalar_F3R_Q3M_C4M_P2,9129500
v1_scalar_F3R_Q3M_C4M_P2,9359200
v1_scalar_F3R_Q3M_C4M_P2,9865000
v1_scalar_F3R_Q3M_C4M_P2,8945100
v1_scalar_F3R_Q3M_C4M_P2,8845100
v1_scalar_F3R_Q3M_C4M_P2,9185500
v1_scalar_F3R_Q3M_C4M_P2,8729900
v1_scalar_F3R_Q3M_C4M_P2,8909500
v1_scalar_F3R_Q3M_C4M_P2,9097900
v1_scalar_F3R_Q3M_C4M_P2,9456900
v1_scalar_F3R_Q3M_C4M_P2,10021700
v1_scalar_F3R_Q3M_C4M_P2,9405600
v1_scalar_F3R_Q3M_C4M_P2,9681300
v1_scalar_F3R_Q3M_C4M_P2,9417700
v1_scalar_F3R_Q3M_C4M_P2,9357900
v1_scalar_F3R_Q3M_C4M_P2,9223500
v1_scalar_F3R_Q3M_C4M_P2,9382100
v1_scalar_F3R_Q3M_C4M_P2,9346100
v1_scalar_F3R_Q3M_C4M_P2,9138200
v1_scalar_F3R_Q3M_C4M_P2,9319900
v1_scalar_F3R_Q3M_C4M_P2,9260000
v1_scalar_F3R_Q3M_C4M_P2,9988200
v1_scalar_F3R_Q3M_C4M_P2,9078400
v1_scalar_F3R_Q3M_C4M_P2,9409600
v1_scalar_F3R_Q3M_C4M_P2,9159900
v1_scalar_F3R_Q3M_C4M_P2,8944700
v1_scalar_F3R_Q3M_C4M_P2,8881900
v1_scalar_F3R_Q3M_C4M_P2,9246200
v1_scalar_F3R_Q3M_C4M_P2,9064200
v1_scalar_F3R_Q3M_C4M_P2,9037500
v1_scalar_F3R_Q3M_C4M_P2,8937300
v1_scalar_F3R_Q3M_C4M_P2,8917700
v1_scalar_F3R_Q3M_C4M_P2,10127500
v1_scalar_F3R_Q3M_C4M_P2,9077200
v1_scalar_F3R_Q3M_C4M_P2,9076200
v1_scalar_F3R_Q3M_C4M_P2,9323800
v1_scalar_F3R_Q3M_C4M_P2,9026900
v1_scalar_F3R_Q3M_C4M_P2,9063400
v1_scalar_F3R_Q3M_C4M_P2,9114700
v1_scalar_F3R_Q3M_C4M_P2,9746000
v1_scalar_F3R_Q3M_C4M_P2,8938300
v1_scalar_F3R_Q3M_C4M_P2,9378400
v1_scalar_F3R_Q3M_C4M_P2,8996600
v1_scalar_F3R_Q3M_C4M_P2,9314900
v1_scalar_F3R_Q3M_C4M_P2,9138800
v1_scalar_F3R_Q3M_C4M_P2,9497200
v1_scalar_F3R_Q3M_C4M_P2,9010200
v1_scalar_F3R_Q3M_C4M_P2,8917400
v1_scalar_F3R_Q3M_C4M_P2,9306100
v1_scalar_F3R_Q3M_C4M_P2,9382000
v1_scalar_F3R_Q3M_C4M_P2,9639400
v1_scalar_F3R_Q3M_C4M_P2,9640000
v1_scalar_F3R_Q3M_C4M_P2,9406300
v1_scalar_F3R_Q3M_C4M_P2,8918900
v1_scalar_F3R_Q3M_C4M_P2,8990700
v1_scalar_F3R_Q3M_C4M_P2,8889300
v1_scalar_F3R_Q3M_C4M_P2,8779000
v1_scalar_F3R_Q3M_C4M_P2,9000000
v1_scalar_F3R_Q3M_C4M_P2,8958200
v1_scalar_F3R_Q3M_C4M_P2,8955100
v1_scalar_F3R_Q3M_C4M_P2,8879100
v1_scalar_F3R_Q3M_C4M_P2,9308500
v1_scalar_F3R_Q3M_C4M_P2,8799400
v1_scalar_F3R_Q3M_C4M_P2,8994600
v1_scalar_F3R_Q3M_C4M_P2,9012700
v1_scalar_F3R_Q3M_C4M_P2,9557500
v1_scalar_F3R_Q3M_C4M_P2,9166300
v1_scalar_F3R_Q3M_C4M_P2,9612700
v1_scalar_F3R_Q3M_C4M_P2,9692600
v1_scalar_F3R_Q3M_C4M_P2,9377400
v1_scalar_F3R_Q3M_C4M_P2,9310800
v1_scalar_F3R_Q3M_C4M_P2,9018500
v1_scalar_F3R_Q3M_C4M_P2,9283600
v1_scalar_F3R_Q3M_C4M_P2,9099900
v1_scalar_F3R_Q3M_C4M_P2,9055700
v1_scalar_F3R_Q3M_C4M_P2,9044200
v1_scalar_F3R_Q3M_C4M_P2,9008800
v1_scalar_F3R_Q3M_C4M_P2,9557200
v1_scalar_F3R_Q3M_C4M_P2,8960200
v1_scalar_F3R_Q3M_C4M_P2,9047800
v1_scalar_F3R_Q3M_C4M_P2,9321000
v1_scalar_F3R_Q4F_C1R_P2,93909900
v1_scalar_F3R_Q4F_C1R_P2,93336900
v1_scalar_F3R_Q4F_C1R_P2,92281900
v1_scalar_F3R_Q4F_C1R_P2,94370900
v1_scalar_F3R_Q4F_C1R_P2,94144700
v1_scalar_F3R_Q4F_C1R_P2,96535800
v1_scalar_F3R_Q4F_C1R_P2,94918000
v1_scalar_F3R_Q4F_C1R_P2,95402900
v1_scalar_F3R_Q4F_C1R_P2,94393600
v1_scalar_F3R_Q4F_C1R_P2,96368200
v1_scalar_F3R_Q4F_C1R_P2,94002100
v1_scalar_F3R_Q4F_C1R_P2,96463300
v1_scalar_F3R_Q4F_C1R_P2,94778900
v1_scalar_F3R_Q4F_C1R_P2,93476900
v1_scalar_F3R_Q4F_C1R_P2,92992100
v1_scalar_F3R_Q4F_C1R_P2,95268300
v1_scalar_F3R_Q4F_C1R_P2,94046300
v1_scalar_F3R_Q4F_C1R_P2,95976000
v1_scalar_F3R_Q4F_C1R_P2,95905200
v1_scalar_F3R_Q4F_C1R_P2,94411600
v1_scalar_F3R_Q4F_C1R_P2,96160000
v1_scalar_F3R_Q4F_C1R_P2,93383400
v1_scalar_F3R_Q4F_C1X_P2,60293100
v1_scalar_F3R_Q4F_C1X_P2,60644300
v1_scalar_F3R_Q4F_C1X_P2,59764400
v1_scalar_F3R_Q4F_C1X_P2,59646100
v1_scalar_F3R_Q4F_C1X_P2,60959300
v1_scalar_F3R_Q4F_C1X_P2,60235300
v1_scalar_F3R_Q4F_C1X_P2,66348400
v1_scalar_F3R_Q4F_C1X_P2,60797600
v1_scalar_F3R_Q4F_C1X_P2,60205300
v1_scalar_F3R_Q4F_C1X_P2,59519200
v1_scalar_F3R_Q4F_C1X_P2,61073900
v1_scalar_F3R_Q4F_C1X_P2,59644900
v1_scalar_F3R_Q4F_C1X_P2,59400900
v1_scalar_F3R_Q4F_C1X_P2,60689900
v1_scalar_F3R_Q4F_C1X_P2,60219000
v1_scalar_F3R_Q4F_C1X_P2,59969100
v1_scalar_F3R_Q4F_C1X_P2,59900000
v1_scalar_F3R_Q4F_C1X_P2,59357300
v1_scalar_F3R_Q4F_C1X_P2,59744400
v1_scalar_F3R_Q4F_C1X_P2,58371300
v1_scalar_F3R_Q4F_C1X_P2,59249900
v1_scalar_F3R_Q4F_C1X_P2,60359100
v1_scalar_F3R_Q4F_C1X_P2,60479200
v1_scalar_F3R_Q4F_C1X_P2,59992300
v1_scalar_F3R_Q4F_C1X_P2,60685200
v1_scalar_F3R_Q4F_C1X_P2,60531100
v1_scalar_F3R_Q4F_C1X_P2,61159100
v1_scalar_F3R_Q4F_C1X_P2,60501100
v1_scalar_F3R_Q4F_C1X_P2,61358700
v1_scalar_F3R_Q4F_C1X_P2,59994100
v1_scalar_F3R_Q4F_C1X_P2,59539900
v1_scalar_F3R_Q4F_C1X_P2,60485800
v1_scalar_F3R_Q4F_C1X_P2,60167700
v1_scalar_F3R_Q4F_C1X_P2,61012900
v1_scalar_F3R_Q4F_C2R_P2,79926000
v1_scalar_F3R_Q4F_C2R_P2,77937600
v1_scalar_F3R_Q4F_C2R_P2,78493300
v1_scalar_F3R_Q4F_C2R_P2,80498600
v1_scalar_F3R_Q4F_C2R_P2,77043400
v1_scalar_F3R_Q4F_C2R_P2,78997800
v1_scalar_F3R_Q4F_C2R_P2,79686900
v1_scalar_F3R_Q4F_C2R_P2,79801800
v1_scalar_F3R_Q4F_C2R_P2,77676700
v1_scalar_F3R_Q4F_C2R_P2,78868100
v1_scalar_F3R_Q4F_C2R_P2,77378900
v1_scalar_F3R_Q4F_C2R_P2,80691400
v1_scalar_F3R_Q4F_C2R_P2,80777200
v1_scalar_F3R_Q4F_C2R_P2,79324500
v1_scalar_F3R_Q4F_C2R_P2,76704000
v1_scalar_F3R_Q4F_C2R_P2,78911600
v1_scalar_F3R_Q4F_C2R_P2,78615700
v1_scalar_F3R_Q4F_C2R_P2,80762200
v1_scalar_F3R_Q4F_C2R_P2,78993000
v1_scalar_F3R_Q4F_C2R_P2,78119400
v1_scalar_F3R_Q4F_C2R_P2,83601100
v1_scalar_F3R_Q4F_C2R_P2,78042500
v1_scalar_F3R_Q4F_C2R_P2,79520500
v1_scalar_F3R_Q4F_C2R_P2,79174500
v1_scalar_F3R_Q4F_C2R_P2,77585700
v1_scalar_F3R_Q4F_C2R_P2,80772000
v1_scalar_F3R_Q4F_C2X_P2,54508300
v1_scalar_F3R_Q4F_C2X_P2,51656900
v1_scalar_F3R_Q4F_C2X_P2,53784900
v1_scalar_F3R_Q4F_C2X_P2,52651300
v1_scalar_F3R_Q4F_C2X_P2,51442300
v1_scalar_F3R_Q4F_C2X_P2,52076400
v1_scalar_F3R_Q4F_C2X_P2,52478700
v1_scalar_F3R_Q4F_C2X_P2,52110200
v1_scalar_F3R_Q4F_C2X_P2,51975300
v1_scalar_F3R_Q4F_C2X_P2,52411400
v1_scalar_F3R_Q4F_C2X_P2,51227200
v1_scalar_F3R_Q4F_C2X_P2,51545400
v1_scalar_F3R_Q4F_C2X_P2,51636500
v1_scalar_F3R_Q4F_C2X_P2,52150500
v1_scalar_F3R_Q4F_C2X_P2,52936700
v1_scalar_F3R_Q4F_C2X_P2,51982500
v1_scalar_F3R_Q4F_C2X_P2,51856400
v1_scalar_F3R_Q4F_C2X_P2,51365400
v1_scalar_F3R_Q4F_C2X_P2,51831500
v1_scalar_F3R_Q4F_C2X_P2,52444700
v1_scalar_F3R_Q4F_C2X_P2,52198800
v1_scalar_F3R_Q4F_C2X_P2,53938800
v1_scalar_F3R_Q4F_C2X_P2,52751300
v1_scalar_F3R_Q4F_C2X_P2,51801200
v1_scalar_F3R_Q4F_C2X_P2,52042200
v1_scalar_F3R_Q4F_C2X_P2,52178600
v1_scalar_F3R_Q4F_C2X_P2,51696100
v1_scalar_F3R_Q4F_C2X_P2,51584600
v1_scalar_F3R_Q4F_C2X_P2,51582300
v1_scalar_F3R_Q4F_C2X_P2,51619200
v1_scalar_F3R_Q4F_C2X_P2,51788500
v1_scalar_F3R_Q4F_C2X_P2,52677000
v1_scalar_F3R_Q4F_C2X_P2,55731900
v1_scalar_F3R_Q4F_C2X_P2,52369800
v1_scalar_F3R_Q4F_C2X_P2,51227100
v1_scalar_F3R_Q4F_C2X_P2,51048000
v1_scalar_F3R_Q4F_C2X_P2,51969100
v1_scalar_F3R_Q4F_C2X_P2,52995600
v1_scalar_F3R_Q4F_C2X_P2,51271500
v1_scalar_F3R_Q4F_C3_P2,40203700
v1_scalar_F3R_Q4F_C3_P2,40796900
v1_scalar_F3R_Q4F_C3_P2,39407900
v1_scalar_F3R_Q4F_C3_P2,39825000
v1_scalar_F3R_Q4F_C3_P2,39774700
v1_scalar_F3R_Q4F_C3_P2,39701300
v1_scalar_F3R_Q4F_C3_P2,40514700
v1_scalar_F3R_Q4F_C3_P2,39882900
v1_scalar_F3R_Q4F_C3_P2,42890100
v1_scalar_F3R_Q4F_C3_P2,39799900
v1_scalar_F3R_Q4F_C3_P2,39480900
v1_scalar_F3R_Q4F_C3_P2,40499500
v1_scalar_F3R_Q4F_C3_P2,39141400
v1_scalar_F3R_Q4F_C3_P2,39603900
v1_scalar_F3R_Q4F_C3_P2,40847600
v1_scalar_F3R_Q4F_C3_P2,39929300
v1_scalar_F3R_Q4F_C3_P2,41445400
v1_scalar_F3R_Q4F_C3_P2,39758200
v1_scalar_F3R_Q4F_C3_P2,40874600
v1_scalar_F3R_Q4F_C3_P2,39160200
v1_scalar_F3R_Q4F_C3_P2,39939700
v1_scalar_F3R_Q4F_C3_P2,39211600
v1_scalar_F3R_Q4F_C3_P2,39545000
v1_scalar_F3R_Q4F_C3_P2,39296200
v1_scalar_F3R_Q4F_C3_P2,40626700
v1_scalar_F3R_Q4F_C3_P2,40404900
v1_scalar_F3R_Q4F_C3_P2,39812900
v1_scalar_F3R_Q4F_C3_P2,41628500
v1_scalar_F3R_Q4F_C3_P2,39547900
v1_scalar_F3R_Q4F_C3_P2,40351800
v1_scalar_F3R_Q4F_C3_P2,39848500
v1_scalar_F3R_Q4F_C3_P2,39905300
v1_scalar_F3R_Q4F_C3_P2,39309200
v1_scalar_F3R_Q4F_C3_P2,39848700
v1_scalar_F3R_Q4F_C3_P2,40477600
v1_scalar_F3R_Q4F_C3_P2,39560900
v1_scalar_F3R_Q4F_C3_P2,39062200
v1_scalar_F3R_Q4F_C3_P2,39200300
v1_scalar_F3R_Q4F_C3_P2,39786000
v1_scalar_F3R_Q4F_C3_P2,39804200
v1_scalar_F3R_Q4F_C3_P2,39503900
v1_scalar_F3R_Q4F_C3_P2,40438000
v1_scalar_F3R_Q4F_C3_P2,39985000
v1_scalar_F3R_Q4F_C3_P2,39559400
v1_scalar_F3R_Q4F_C3_P2,38896100
v1_scalar_F3R_Q4F_C3_P2,39696900
v1_scalar_F3R_Q4F_C3_P2,40359300
v1_scalar_F3R_Q4F_C3_P2,39324800
v1_scalar_F3R_Q4F_C3_P2,39974700
v1_scalar_F3R_Q4F_C3_P2,39671000
v1_scalar_F3R_Q4F_C4F_P2,40128600
v1_scalar_F3R_Q4F_C4F_P2,41319300
v1_scalar_F3R_Q4F_C4F_P2,39646500
v1_scalar_F3R_Q4F_C4F_P2,40375200
v1_scalar_F3R_Q4F_C4F_P2,41393300
v1_scalar_F3R_Q4F_C4F_P2,40473300
v1_scalar_F3R_Q4F_C4F_P2,40018100
v1_scalar_F3R_Q4F_C4F_P2,41774200
v1_scalar_F3R_Q4F_C4F_P2,39788600
v1_scalar_F3R_Q4F_C4F_P2,40281100
v1_scalar_F3R_Q4F_C4F_P2,41225100
v1_scalar_F3R_Q4F_C4F_P2,40344800
v1_scalar_F3R_Q4F_C4F_P2,40499000
v1_scalar_F3R_Q4F_C4F_P2,40469500
v1_scalar_F3R_Q4F_C4F_P2,40814000
v1_scalar_F3R_Q4F_C4F_P2,40548300
v1_scalar_F3R_Q4F_C4F_P2,42502400
v1_scalar_F3R_Q4F_C4F_P2,43122100
v1_scalar_F3R_Q4F_C4F_P2,41129300
v1_scalar_F3R_Q4F_C4F_P2,40319000
v1_scalar_F3R_Q4F_C4F_P2,39573600
v1_scalar_F3R_Q4F_C4F_P2,40357700
v1_scalar_F3R_Q4F_C4F_P2,39880000
v1_scalar_F3R_Q4F_C4F_P2,41026700
v1_scalar_F3R_Q4F_C4F_P2,41024200
v1_scalar_F3R_Q4F_C4F_P2,41588900
v1_scalar_F3R_Q4F_C4F_P2,41070700
v1_scalar_F3R_Q4F_C4F_P2,44444800
v1_scalar_F3R_Q4F_C4F_P2,39823100
v1_scalar_F3R_Q4F_C4F_P2,39815100
v1_scalar_F3R_Q4F_C4F_P2,41761400
v1_scalar_F3R_Q4F_C4F_P2,40931000
v1_scalar_F3R_Q4F_C4F_P2,40103200
v1_scalar_F3R_Q4F_C4F_P2,40540800
v1_scalar_F3R_Q4F_C4F_P2,40370300
v1_scalar_F3R_Q4F_C4F_P2,40543700
v1_scalar_F3R_Q4F_C4F_P2,40126500
v1_scalar_F3R_Q4F_C4F_P2,40758400
v1_scalar_F3R_Q4F_C4F_P2,40759000
v1_scalar_F3R_Q4F_C4F_P2,40818000
v1_scalar_F3R_Q4F_C4F_P2,40178400
v1_scalar_F3R_Q4F_C4F_P2,41351400
v1_scalar_F3R_Q4F_C4F_P2,39991200
v1_scalar_F3R_Q4F_C4F_P2,41867700
v1_scalar_F3R_Q4F_C4F_P2,40627400
v1_scalar_F3R_Q4F_C4F_P2,40405900
v1_scalar_F3R_Q4F_C4F_P2,40676300
v1_scalar_F3R_Q4F_C4F_P2,39919500
v1_scalar_F3R_Q4F_C4F_P2,40236700
v1_scalar_F3R_Q4F_C4F_P2,40470800
v1_scalar_F3R_Q4F_C4M_P2,42061000
v1_scalar_F3R_Q4F_C4M_P2,42684300
v1_scalar_F3R_Q4F_C4M_P2,42196300
v1_scalar_F3R_Q4F_C4M_P2,42057900
v1_scalar_F3R_Q4F_C4M_P2,42983600
v1_scalar_F3R_Q4F_C4M_P2,43788900
v1_scalar_F3R_Q4F_C4M_P2,42611800
v1_scalar_F3R_Q4F_C4M_P2,41456200
v1_scalar_F3R_Q4F_C4M_P2,44020600
v1_scalar_F3R_Q4F_C4M_P2,41419400
v1_scalar_F3R_Q4F_C4M_P2,42479900
v1_scalar_F3R_Q4F_C4M_P2,42665800
v1_scalar_F3R_Q4F_C4M_P2,42153900
v1_scalar_F3R_Q4F_C4M_P2,44601700
v1_scalar_F3R_Q4F_C4M_P2,42109500
v1_scalar_F3R_Q4F_C4M_P2,43251700
v1_scalar_F3R_Q4F_C4M_P2,42006100
v1_scalar_F3R_Q4F_C4M_P2,42688100
v1_scalar_F3R_Q4F_C4M_P2,43178600
v1_scalar_F3R_Q4F_C4M_P2,41530600
v1_scalar_F3R_Q4F_C4M_P2,44416100
v1_scalar_F3R_Q4F_C4M_P2,43762500
v1_scalar_F3R_Q4F_C4M_P2,43042200
v1_scalar_F3R_Q4F_C4M_P2,42457700
v1_scalar_F3R_Q4F_C4M_P2,41955400
v1_scalar_F3R_Q4F_C4M_P2,42099000
v1_scalar_F3R_Q4F_C4M_P2,41640200
v1_scalar_F3R_Q4F_C4M_P2,42487700
v1_scalar_F3R_Q4F_C4M_P2,42709600
v1_scalar_F3R_Q4F_C4M_P2,42286600
v1_scalar_F3R_Q4F_C4M_P2,41805700
v1_scalar_F3R_Q4F_C4M_P2,43580800
v1_scalar_F3R_Q4F_C4M_P2,43199200
v1_scalar_F3R_Q4F_C4M_P2,41826300
v1_scalar_F3R_Q4F_C4M_P2,42232700
v1_scalar_F3R_Q4F_C4M_P2,42332200
v1_scalar_F3R_Q4F_C4M_P2,44253700
v1_scalar_F3R_Q4F_C4M_P2,42149900
v1_scalar_F3R_Q4F_C4M_P2,42129600
v1_scalar_F3R_Q4F_C4M_P2,42669900
v1_scalar_F3R_Q4F_C4M_P2,43034000
v1_scalar_F3R_Q4F_C4M_P2,43622100
v1_scalar_F3R_Q4F_C4M_P2,44859000
v1_scalar_F3R_Q4F_C4M_P2,41865900
v1_scalar_F3R_Q4F_C4M_P2,42896700
v1_scalar_F3R_Q4F_C4M_P2,42227200
v1_scalar_F3R_Q4F_C4M_P2,41844900
v1_scalar_F3R_Q4M_C1R_P2,103311400
v1_scalar_F3R_Q4M_C1R_P2,101009200
v1_scalar_F3R_Q4M_C1R_P2,99421100
v1_scalar_F3R_Q4M_C1R_P2,100451100
v1_scalar_F3R_Q4M_C1R_P2,101076600
v1_scalar_F3R_Q4M_C1R_P2,99961600
v1_scalar_F3R_Q4M_C1R_P2,100794900
v1_scalar_F3R_Q4M_C1R_P2,100184500
v1_scalar_F3R_Q4M_C1R_P2,102761600
v1_scalar_F3R_Q4M_C1R_P2,98902100
v1_scalar_F3R_Q4M_C1R_P2,100133600
v1_scalar_F3R_Q4M_C1R_P2,103414600
v1_scalar_F3R_Q4M_C1R_P2,100680900
v1_scalar_F3R_Q4M_C1R_P2,100640800
v1_scalar_F3R_Q4M_C1R_P2,98859700
v1_scalar_F3R_Q4M_C1R_P2,101676200
v1_scalar_F3R_Q4M_C1R_P2,103274200
v1_scalar_F3R_Q4M_C1R_P2,101056100
v1_scalar_F3R_Q4M_C1R_P2,101599100
v1_scalar_F3R_Q4M_C1R_P2,100748000
v1_scalar_F3R_Q4M_C1R_P2,103473600
v1_scalar_F3R_Q4M_C1X_P2,66881200
v1_scalar_F3R_Q4M_C1X_P2,67399700
v1_scalar_F3R_Q4M_C1X_P2,66302600
v1_scalar_F3R_Q4M_C1X_P2,65842800
v1_scalar_F3R_Q4M_C1X_P2,67860000
v1_scalar_F3R_Q4M_C1X_P2,67015500
v1_scalar_F3R_Q4M_C1X_P2,68695400
v1_scalar_F3R_Q4M_C1X_P2,68680400
v1_scalar_F3R_Q4M_C1X_P2,67994500
v1_scalar_F3R_Q4M_C1X_P2,68039200
v1_scalar_F3R_Q4M_C1X_P2,67620200
v1_scalar_F3R_Q4M_C1X_P2,66123900
v1_scalar_F3R_Q4M_C1X_P2,69718200
v1_scalar_F3R_Q4M_C1X_P2,67823500
v1_scalar_F3R_Q4M_C1X_P2,68956600
v1_scalar_F3R_Q4M_C1X_P2,67397300
v1_scalar_F3R_Q4M_C1X_P2,66360500
v1_scalar_F3R_Q4M_C1X_P2,65637400
v1_scalar_F3R_Q4M_C1X_P2,66751100
v1_scalar_F3R_Q4M_C1X_P2,66618600
v1_scalar_F3R_Q4M_C1X_P2,67895700
v1_scalar_F3R_Q4M_C1X_P2,66309800
v1_scalar_F3R_Q4M_C1X_P2,65436500
v1_scalar_F3R_Q4M_C1X_P2,67222900
v1_scalar_F3R_Q4M_C1X_P2,67056100
v1_scalar_F3R_Q4M_C1X_P2,66594300
v1_scalar_F3R_Q4M_C1X_P2,67756200
v1_scalar_F3R_Q4M_C1X_P2,66076600
v1_scalar_F3R_Q4M_C1X_P2,66608300
v1_scalar_F3R_Q4M_C1X_P2,66407600
v1_scalar_F3R_Q4M_C1X_P2,66483200
v1_scalar_F3R_Q4M_C2R_P2,86684100
v1_scalar_F3R_Q4M_C2R_P2,84318400
v1_scalar_F3R_Q4M_C2R_P2,83445900
v1_scalar_F3R_Q4M_C2R_P2,83704500
v1_scalar_F3R_Q4M_C2R_P2,84572000
v1_scalar_F3R_Q4M_C2R_P2,84642800
v1_scalar_F3R_Q4M_C2R_P2,83223800
v1_scalar_F3R_Q4M_C2R_P2,84699500
v1_scalar_F3R_Q4M_C2R_P2,82504200
v1_scalar_F3R_Q4M_C2R_P2,84265500
v1_scalar_F3R_Q4M_C2R_P2,84381800
v1_scalar_F3R_Q4M_C2R_P2,83195400
v1_scalar_F3R_Q4M_C2R_P2,82620100
v1_scalar_F3R_Q4M_C2R_P2,85446000
v1_scalar_F3R_Q4M_C2R_P2,86893800
v1_scalar_F3R_Q4M_C2R_P2,86124500
v1_scalar_F3R_Q4M_C2R_P2,84314300
v1_scalar_F3R_Q4M_C2R_P2,85270800
v1_scalar_F3R_Q4M_C2R_P2,86036000
v1_scalar_F3R_Q4M_C2R_P2,84863200
v1_scalar_F3R_Q4M_C2R_P2,85055800
v1_scalar_F3R_Q4M_C2R_P2,83232100
v1_scalar_F3R_Q4M_C2R_P2,84356600
v1_scalar_F3R_Q4M_C2R_P2,85646000
v1_scalar_F3R_Q4M_C2R_P2,82759100
v1_scalar_F3R_Q4M_C2X_P2,60792700
v1_scalar_F3R_Q4M_C2X_P2,59628000
v1_scalar_F3R_Q4M_C2X_P2,58983200
v1_scalar_F3R_Q4M_C2X_P2,58373900
v1_scalar_F3R_Q4M_C2X_P2,58591800
v1_scalar_F3R_Q4M_C2X_P2,59536000
v1_scalar_F3R_Q4M_C2X_P2,58792100
v1_scalar_F3R_Q4M_C2X_P2,60177000
v1_scalar_F3R_Q4M_C2X_P2,59609500
v1_scalar_F3R_Q4M_C2X_P2,60380200
v1_scalar_F3R_Q4M_C2X_P2,58387600
v1_scalar_F3R_Q4M_C2X_P2,58670200
v1_scalar_F3R_Q4M_C2X_P2,59190500
v1_scalar_F3R_Q4M_C2X_P2,57926300
v1_scalar_F3R_Q4M_C2X_P2,57874700
v1_scalar_F3R_Q4M_C2X_P2,58780400
v1_scalar_F3R_Q4M_C2X_P2,60481500
v1_scalar_F3R_Q4M_C2X_P2,58779500
v1_scalar_F3R_Q4M_C2X_P2,58192400
v1_scalar_F3R_Q4M_C2X_P2,59177300
v1_scalar_F3R_Q4M_C2X_P2,58364000
v1_scalar_F3R_Q4M_C2X_P2,58743100
v1_scalar_F3R_Q4M_C2X_P2,58532400
v1_scalar_F3R_Q4M_C2X_P2,60120900
v1_scalar_F3R_Q4M_C2X_P2,58382800
v1_scalar_F3R_Q4M_C2X_P2,58810200
v1_scalar_F3R_Q4M_C2X_P2,58028200
v1_scalar_F3R_Q4M_C2X_P2,58374200
v1_scalar_F3R_Q4M_C2X_P2,60971700
v1_scalar_F3R_Q4M_C2X_P2,61229800
v1_scalar_F3R_Q4M_C2X_P2,58976800
v1_scalar_F3R_Q4M_C2X_P2,59202900
v1_scalar_F3R_Q4M_C2X_P2,59164100
v1_scalar_F3R_Q4M_C2X_P2,58843200
v1_scalar_F3R_Q4M_C2X_P2,57830400
v1_scalar_F3R_Q4M_C3_P2,49090500
v1_scalar_F3R_Q4M_C3_P2,47099500
v1_scalar_F3R_Q4M_C3_P2,48242600
v1_scalar_F3R_Q4M_C3_P2,47174100
v1_scalar_F3R_Q4M_C3_P2,48283900
v1_scalar_F3R_Q4M_C3_P2,47657900
v1_scalar_F3R_Q4M_C3_P2,47485000
v1_scalar_F3R_Q4M_C3_P2,47665800
v1_scalar_F3R_Q4M_C3_P2,48120000
v1_scalar_F3R_Q4M_C3_P2,47566300
v1_scalar_F3R_Q4M_C3_P2,46830300
v1_scalar_F3R_Q4M_C3_P2,47394300
v1_scalar_F3R_Q4M_C3_P2,48089500
v1_scalar_F3R_Q4M_C3_P2,48542400
v1_scalar_F3R_Q4M_C3_P2,49047200
v1_scalar_F3R_Q4M_C3_P2,48624600
v1_scalar_F3R_Q4M_C3_P2,52472400
v1_scalar_F3R_Q4M_C3_P2,48946000
v1_scalar_F3R_Q4M_C3_P2,47689900
v1_scalar_F3R_Q4M_C3_P2,48161900
v1_scalar_F3R_Q4M_C3_P2,48932400
v1_scalar_F3R_Q4M_C3_P2,56867100
v1_scalar_F3R_Q4M_C3_P2,47911500
v1_scalar_F3R_Q4M_C3_P2,48277000
v1_scalar_F3R_Q4M_C3_P2,48251400
v1_scalar_F3R_Q4M_C3_P2,49563000
v1_scalar_F3R_Q4M_C3_P2,47731800
v1_scalar_F3R_Q4M_C3_P2,47157500
v1_scalar_F3R_Q4M_C3_P2,47854900
v1_scalar_F3R_Q4M_C3_P2,47438500
v1_scalar_F3R_Q4M_C3_P2,48033600
v1_scalar_F3R_Q4M_C3_P2,48021700
v1_scalar_F3R_Q4M_C3_P2,47963700
v1_scalar_F3R_Q4M_C3_P2,48293000
v1_scalar_F3R_Q4M_C3_P2,47940500
v1_scalar_F3R_Q4M_C3_P2,47206300
v1_scalar_F3R_Q4M_C3_P2,50036400
v1_scalar_F3R_Q4M_C3_P2,48997100
v1_scalar_F3R_Q4M_C3_P2,47606300
v1_scalar_F3R_Q4M_C3_P2,47934500
v1_scalar_F3R_Q4M_C3_P2,48437700
v1_scalar_F3R_Q4M_C3_P2,48552700
v1_scalar_F3R_Q4M_C4F_P2,49353800
v1_scalar_F3R_Q4M_C4F_P2,48283600
v1_scalar_F3R_Q4M_C4F_P2,49263800
v1_scalar_F3R_Q4M_C4F_P2,47436000
v1_scalar_F3R_Q4M_C4F_P2,47587800
v1_scalar_F3R_Q4M_C4F_P2,47773600
v1_scalar_F3R_Q4M_C4F_P2,48344800
v1_scalar_F3R_Q4M_C4F_P2,49056300
v1_scalar_F3R_Q4M_C4F_P2,55923500
v1_scalar_F3R_Q4M_C4F_P2,47958900
v1_scalar_F3R_Q4M_C4F_P2,50201200
v1_scalar_F3R_Q4M_C4F_P2,51799700
v1_scalar_F3R_Q4M_C4F_P2,48458300
v1_scalar_F3R_Q4M_C4F_P2,51967800
v1_scalar_F3R_Q4M_C4F_P2,49390500
v1_scalar_F3R_Q4M_C4F_P2,48036300
v1_scalar_F3R_Q4M_C4F_P2,48389800
v1_scalar_F3R_Q4M_C4F_P2,47860700
v1_scalar_F3R_Q4M_C4F_P2,47813300
v1_scalar_F3R_Q4M_C4F_P2,47712500
v1_scalar_F3R_Q4M_C4F_P2,47888500
v1_scalar_F3R_Q4M_C4F_P2,47764600
v1_scalar_F3R_Q4M_C4F_P2,47850200
v1_scalar_F3R_Q4M_C4F_P2,48263300
v1_scalar_F3R_Q4M_C4F_P2,48403400
v1_scalar_F3R_Q4M_C4F_P2,48061000
v1_scalar_F3R_Q4M_C4F_P2,47331800
v1_scalar_F3R_Q4M_C4F_P2,48117700
v1_scalar_F3R_Q4M_C4F_P2,47812400
v1_scalar_F3R_Q4M_C4F_P2,48407400
v1_scalar_F3R_Q4M_C4F_P2,48110600
v1_scalar_F3R_Q4M_C4F_P2,47156200
v1_scalar_F3R_Q4M_C4F_P2,47019600
v1_scalar_F3R_Q4M_C4F_P2,65716000
v1_scalar_F3R_Q4M_C4F_P2,55938100
v1_scalar_F3R_Q4M_C4F_P2,48884400
v1_scalar_F3R_Q4M_C4F_P2,47881900
v1_scalar_F3R_Q4M_C4F_P2,50947700
v1_scalar_F3R_Q4M_C4F_P2,47945600
v1_scalar_F3R_Q4M_C4F_P2,48504900
v1_scalar_F3R_Q4M_C4F_P2,48253900
v1_scalar_F3R_Q4M_C4M_P2,50376700
v1_scalar_F3R_Q4M_C4M_P2,50407400
v1_scalar_F3R_Q4M_C4M_P2,49722000
v1_scalar_F3R_Q4M_C4M_P2,51543900
v1_scalar_F3R_Q4M_C4M_P2,49842800
v1_scalar_F3R_Q4M_C4M_P2,49529300
v1_scalar_F3R_Q4M_C4M_P2,50054000
v1_scalar_F3R_Q4M_C4M_P2,49590200
v1_scalar_F3R_Q4M_C4M_P2,49868500
v1_scalar_F3R_Q4M_C4M_P2,50212700
v1_scalar_F3R_Q4M_C4M_P2,50346900
v1_scalar_F3R_Q4M_C4M_P2,50069800
v1_scalar_F3R_Q4M_C4M_P2,50226400
v1_scalar_F3R_Q4M_C4M_P2,49898800
v1_scalar_F3R_Q4M_C4M_P2,50118600
v1_scalar_F3R_Q4M_C4M_P2,50161400
v1_scalar_F3R_Q4M_C4M_P2,49714000
v1_scalar_F3R_Q4M_C4M_P2,50116800
v1_scalar_F3R_Q4M_C4M_P2,50011200
v1_scalar_F3R_Q4M_C4M_P2,49517200
v1_scalar_F3R_Q4M_C4M_P2,50299300
v1_scalar_F3R_Q4M_C4M_P2,49758400
v1_scalar_F3R_Q4M_C4M_P2,49740300
v1_scalar_F3R_Q4M_C4M_P2,50244500
v1_scalar_F3R_Q4M_C4M_P2,50309500
v1_scalar_F3R_Q4M_C4M_P2,49909100
v1_scalar_F3R_Q4M_C4M_P2,49584800
v1_scalar_F3R_Q4M_C4M_P2,49741000
v1_scalar_F3R_Q4M_C4M_P2,50786600
v1_scalar_F3R_Q4M_C4M_P2,49806100
v1_scalar_F3R_Q4M_C4M_P2,50051100
v1_scalar_F3R_Q4M_C4M_P2,50522600
v1_scalar_F3R_Q4M_C4M_P2,50416300
v1_scalar_F3R_Q4M_C4M_P2,52567800
v1_scalar_F3R_Q4M_C4M_P2,51451200
v1_scalar_F3R_Q4M_C4M_P2,50954000
v1_scalar_F3R_Q4M_C4M_P2,49742300
v1_scalar_F3R_Q4M_C4M_P2,60696700
v1_scalar_F3R_Q4M_C4M_P2,50064200
v1_scalar_F3R_Q4M_C4M_P2,53890900
v1_scalar_F3X_Q1_C1R_P2,115571100
v1_scalar_F3X_Q1_C1R_P2,109738900
v1_scalar_F3X_Q1_C1R_P2,109181000
v1_scalar_F3X_Q1_C1R_P2,111727700
v1_scalar_F3X_Q1_C1R_P2,111712400
v1_scalar_F3X_Q1_C1R_P2,126071500
v1_scalar_F3X_Q1_C1R_P2,111888400
v1_scalar_F3X_Q1_C1R_P2,109709100
v1_scalar_F3X_Q1_C1R_P2,113731500
v1_scalar_F3X_Q1_C1R_P2,109148600
v1_scalar_F3X_Q1_C1R_P2,107621800
v1_scalar_F3X_Q1_C1R_P2,114387800
v1_scalar_F3X_Q1_C1R_P2,110680200
v1_scalar_F3X_Q1_C1R_P2,110085800
v1_scalar_F3X_Q1_C1R_P2,108645000
v1_scalar_F3X_Q1_C1R_P2,110376500
v1_scalar_F3X_Q1_C1R_P2,111143900
v1_scalar_F3X_Q1_C1R_P2,109960700
v1_scalar_F3X_Q1_C1R_P2,108672200
v1_scalar_F3X_Q1_C1X_P2,49764900
v1_scalar_F3X_Q1_C1X_P2,52446000
v1_scalar_F3X_Q1_C1X_P2,50113000
v1_scalar_F3X_Q1_C1X_P2,49924600
v1_scalar_F3X_Q1_C1X_P2,50080100
v1_scalar_F3X_Q1_C1X_P2,50004900
v1_scalar_F3X_Q1_C1X_P2,49446500
v1_scalar_F3X_Q1_C1X_P2,49116900
v1_scalar_F3X_Q1_C1X_P2,50744400
v1_scalar_F3X_Q1_C1X_P2,50669000
v1_scalar_F3X_Q1_C1X_P2,50038500
v1_scalar_F3X_Q1_C1X_P2,49515400
v1_scalar_F3X_Q1_C1X_P2,49865500
v1_scalar_F3X_Q1_C1X_P2,50839700
v1_scalar_F3X_Q1_C1X_P2,49574400
v1_scalar_F3X_Q1_C1X_P2,49491000
v1_scalar_F3X_Q1_C1X_P2,49684100
v1_scalar_F3X_Q1_C1X_P2,53361500
v1_scalar_F3X_Q1_C1X_P2,49435200
v1_scalar_F3X_Q1_C1X_P2,50247100
v1_scalar_F3X_Q1_C1X_P2,49127900
v1_scalar_F3X_Q1_C1X_P2,51308400
v1_scalar_F3X_Q1_C1X_P2,50148700
v1_scalar_F3X_Q1_C1X_P2,52860900
v1_scalar_F3X_Q1_C1X_P2,49006700
v1_scalar_F3X_Q1_C1X_P2,49115500
v1_scalar_F3X_Q1_C1X_P2,49382600
v1_scalar_F3X_Q1_C1X_P2,50448500
v1_scalar_F3X_Q1_C1X_P2,51436800
v1_scalar_F3X_Q1_C1X_P2,49579900
v1_scalar_F3X_Q1_C1X_P2,53767200
v1_scalar_F3X_Q1_C1X_P2,52043400
v1_scalar_F3X_Q1_C1X_P2,50172900
v1_scalar_F3X_Q1_C1X_P2,49087800
v1_scalar_F3X_Q1_C1X_P2,49281800
v1_scalar_F3X_Q1_C1X_P2,50853500
v1_scalar_F3X_Q1_C1X_P2,49938700
v1_scalar_F3X_Q1_C1X_P2,50031300
v1_scalar_F3X_Q1_C1X_P2,51869200
v1_scalar_F3X_Q1_C1X_P2,50706500
v1_scalar_F3X_Q1_C1X_P2,51904000
v1_scalar_F3X_Q1_C2R_P2,93395900
v1_scalar_F3X_Q1_C2R_P2,94304000
v1_scalar_F3X_Q1_C2R_P2,95109400
v1_scalar_F3X_Q1_C2R_P2,96522800
v1_scalar_F3X_Q1_C2R_P2,96799800
v1_scalar_F3X_Q1_C2R_P2,96646700
v1_scalar_F3X_Q1_C2R_P2,96061900
v1_scalar_F3X_Q1_C2R_P2,96202600
v1_scalar_F3X_Q1_C2R_P2,94888600
v1_scalar_F3X_Q1_C2R_P2,95396900
v1_scalar_F3X_Q1_C2R_P2,95242700
v1_scalar_F3X_Q1_C2R_P2,93263700
v1_scalar_F3X_Q1_C2R_P2,93405300
v1_scalar_F3X_Q1_C2R_P2,94348600
v1_scalar_F3X_Q1_C2R_P2,97570500
v1_scalar_F3X_Q1_C2R_P2,96764400
v1_scalar_F3X_Q1_C2R_P2,100162500
v1_scalar_F3X_Q1_C2R_P2,95944400
v1_scalar_F3X_Q1_C2R_P2,97089300
v1_scalar_F3X_Q1_C2R_P2,96309700
v1_scalar_F3X_Q1_C2R_P2,95041700
v1_scalar_F3X_Q1_C2R_P2,93832800
v1_scalar_F3X_Q1_C2X_P2,42883000
v1_scalar_F3X_Q1_C2X_P2,43193100
v1_scalar_F3X_Q1_C2X_P2,42777900
v1_scalar_F3X_Q1_C2X_P2,42882200
v1_scalar_F3X_Q1_C2X_P2,43363100
v1_scalar_F3X_Q1_C2X_P2,42010100
v1_scalar_F3X_Q1_C2X_P2,42418600
v1_scalar_F3X_Q1_C2X_P2,41784500
v1_scalar_F3X_Q1_C2X_P2,43209300
v1_scalar_F3X_Q1_C2X_P2,43591000
v1_scalar_F3X_Q1_C2X_P2,42551700
v1_scalar_F3X_Q1_C2X_P2,43699900
v1_scalar_F3X_Q1_C2X_P2,41787500
v1_scalar_F3X_Q1_C2X_P2,42383200
v1_scalar_F3X_Q1_C2X_P2,43931900
v1_scalar_F3X_Q1_C2X_P2,42817700
v1_scalar_F3X_Q1_C2X_P2,42379600
v1_scalar_F3X_Q1_C2X_P2,41702200
v1_scalar_F3X_Q1_C2X_P2,42022300
v1_scalar_F3X_Q1_C2X_P2,42515300
v1_scalar_F3X_Q1_C2X_P2,42890200
v1_scalar_F3X_Q1_C2X_P2,42192400
v1_scalar_F3X_Q1_C2X_P2,41807500
v1_scalar_F3X_Q1_C2X_P2,41728900
v1_scalar_F3X_Q1_C2X_P2,42704800
v1_scalar_F3X_Q1_C2X_P2,42685100
v1_scalar_F3X_Q1_C2X_P2,42336700
v1_scalar_F3X_Q1_C2X_P2,42688700
v1_scalar_F3X_Q1_C2X_P2,42891800
v1_scalar_F3X_Q1_C2X_P2,42828300
v1_scalar_F3X_Q1_C2X_P2,42679500
v1_scalar_F3X_Q1_C2X_P2,43679800
v1_scalar_F3X_Q1_C2X_P2,43740000
v1_scalar_F3X_Q1_C2X_P2,42168300
v1_scalar_F3X_Q1_C2X_P2,43223000
v1_scalar_F3X_Q1_C2X_P2,43589600
v1_scalar_F3X_Q1_C2X_P2,42456700
v1_scalar_F3X_Q1_C2X_P2,41948800
v1_scalar_F3X_Q1_C2X_P2,42241800
v1_scalar_F3X_Q1_C2X_P2,42115700
v1_scalar_F3X_Q1_C2X_P2,42796500
v1_scalar_F3X_Q1_C2X_P2,42976400
v1_scalar_F3X_Q1_C2X_P2,42527700
v1_scalar_F3X_Q1_C2X_P2,42337200
v1_scalar_F3X_Q1_C2X_P2,42401600
v1_scalar_F3X_Q1_C2X_P2,41927600
v1_scalar_F3X_Q1_C2X_P2,45054800
v1_scalar_F3X_Q1_C3_P2,31520300
v1_scalar_F3X_Q1_C3_P2,30776600
v1_scalar_F3X_Q1_C3_P2,32086600
v1_scalar_F3X_Q1_C3_P2,31307300
v1_scalar_F3X_Q1_C3_P2,31627900
v1_scalar_F3X_Q1_C3_P2,31612400
v1_scalar_F3X_Q1_C3_P2,31779700
v1_scalar_F3X_Q1_C3_P2,31692900
v1_scalar_F3X_Q1_C3_P2,31370400
v1_scalar_F3X_Q1_C3_P2,30612500
v1_scalar_F3X_Q1_C3_P2,32162900
v1_scalar_F3X_Q1_C3_P2,32419900
v1_scalar_F3X_Q1_C3_P2,31419800
v1_scalar_F3X_Q1_C3_P2,31361800
v1_scalar_F3X_Q1_C3_P2,31172100
v1_scalar_F3X_Q1_C3_P2,31935800
v1_scalar_F3X_Q1_C3_P2,32107700
v1_scalar_F3X_Q1_C3_P2,30985400
v1_scalar_F3X_Q1_C3_P2,30583300
v1_scalar_F3X_Q1_C3_P2,31717800
v1_scalar_F3X_Q1_C3_P2,31494700
v1_scalar_F3X_Q1_C3_P2,30699900
v1_scalar_F3X_Q1_C3_P2,31782800
v1_scalar_F3X_Q1_C3_P2,31867700
v1_scalar_F3X_Q1_C3_P2,31822000
v1_scalar_F3X_Q1_C3_P2,31345100
v1_scalar_F3X_Q1_C3_P2,31120900
v1_scalar_F3X_Q1_C3_P2,31009300
v1_scalar_F3X_Q1_C3_P2,31306300
v1_scalar_F3X_Q1_C3_P2,30961100
v1_scalar_F3X_Q1_C3_P2,31484700
v1_scalar_F3X_Q1_C3_P2,31663800
v1_scalar_F3X_Q1_C3_P2,30835400
v1_scalar_F3X_Q1_C3_P2,30783900
v1_scalar_F3X_Q1_C3_P2,32071200
v1_scalar_F3X_Q1_C3_P2,32767800
v1_scalar_F3X_Q1_C3_P2,30763800
v1_scalar_F3X_Q1_C3_P2,31776300
v1_scalar_F3X_Q1_C3_P2,31836400
v1_scalar_F3X_Q1_C3_P2,31936300
v1_scalar_F3X_Q1_C3_P2,32509600
v1_scalar_F3X_Q1_C3_P2,31375000
v1_scalar_F3X_Q1_C3_P2,32152000
v1_scalar_F3X_Q1_C3_P2,30849700
v1_scalar_F3X_Q1_C3_P2,32321900
v1_scalar_F3X_Q1_C3_P2,32068300
v1_scalar_F3X_Q1_C3_P2,32309600
v1_scalar_F3X_Q1_C3_P2,31225100
v1_scalar_F3X_Q1_C3_P2,30833400
v1_scalar_F3X_Q1_C3_P2,30547900
v1_scalar_F3X_Q1_C3_P2,30809500
v1_scalar_F3X_Q1_C3_P2,30553200
v1_scalar_F3X_Q1_C3_P2,31559600
v1_scalar_F3X_Q1_C3_P2,30633300
v1_scalar_F3X_Q1_C3_P2,31759300
v1_scalar_F3X_Q1_C3_P2,31620600
v1_scalar_F3X_Q1_C3_P2,30721000
v1_scalar_F3X_Q1_C3_P2,32047200
v1_scalar_F3X_Q1_C3_P2,32395900
v1_scalar_F3X_Q1_C3_P2,31619500
v1_scalar_F3X_Q1_C3_P2,32017100
v1_scalar_F3X_Q1_C3_P2,30935300
v1_scalar_F3X_Q1_C3_P2,30758000
v1_scalar_F3X_Q1_C4F_P2,31610700
v1_scalar_F3X_Q1_C4F_P2,31500400
v1_scalar_F3X_Q1_C4F_P2,31418400
v1_scalar_F3X_Q1_C4F_P2,31628200
v1_scalar_F3X_Q1_C4F_P2,31890600
v1_scalar_F3X_Q1_C4F_P2,32082800
v1_scalar_F3X_Q1_C4F_P2,31050800
v1_scalar_F3X_Q1_C4F_P2,30650000
v1_scalar_F3X_Q1_C4F_P2,30641800
v1_scalar_F3X_Q1_C4F_P2,31265100
v1_scalar_F3X_Q1_C4F_P2,31499000
v1_scalar_F3X_Q1_C4F_P2,31745500
v1_scalar_F3X_Q1_C4F_P2,32521000
v1_scalar_F3X_Q1_C4F_P2,31986500
v1_scalar_F3X_Q1_C4F_P2,31097400
v1_scalar_F3X_Q1_C4F_P2,31554000
v1_scalar_F3X_Q1_C4F_P2,31450700
v1_scalar_F3X_Q1_C4F_P2,31746500
v1_scalar_F3X_Q1_C4F_P2,32237400
v1_scalar_F3X_Q1_C4F_P2,31330300
v1_scalar_F3X_Q1_C4F_P2,32392400
v1_scalar_F3X_Q1_C4F_P2,30887600
v1_scalar_F3X_Q1_C4F_P2,31697600
v1_scalar_F3X_Q1_C4F_P2,31355300
v1_scalar_F3X_Q1_C4F_P2,31041700
v1_scalar_F3X_Q1_C4F_P2,32446500
v1_scalar_F3X_Q1_C4F_P2,31220100
v1_scalar_F3X_Q1_C4F_P2,32100600
v1_scalar_F3X_Q1_C4F_P2,31521600
v1_scalar_F3X_Q1_C4F_P2,31302200
v1_scalar_F3X_Q1_C4F_P2,31304200
v1_scalar_F3X_Q1_C4F_P2,32080600
v1_scalar_F3X_Q1_C4F_P2,31440500
v1_scalar_F3X_Q1_C4F_P2,31172400
v1_scalar_F3X_Q1_C4F_P2,31201700
v1_scalar_F3X_Q1_C4F_P2,31581900
v1_scalar_F3X_Q1_C4F_P2,31700900
v1_scalar_F3X_Q1_C4F_P2,31936100
v1_scalar_F3X_Q1_C4F_P2,31019600
v1_scalar_F3X_Q1_C4F_P2,30701500
v1_scalar_F3X_Q1_C4F_P2,30812500
v1_scalar_F3X_Q1_C4F_P2,31493100
v1_scalar_F3X_Q1_C4F_P2,31594200
v1_scalar_F3X_Q1_C4F_P2,31903700
v1_scalar_F3X_Q1_C4F_P2,31217500
v1_scalar_F3X_Q1_C4F_P2,30861200
v1_scalar_F3X_Q1_C4F_P2,30678100
v1_scalar_F3X_Q1_C4F_P2,30610400
v1_scalar_F3X_Q1_C4F_P2,31656900
v1_scalar_F3X_Q1_C4F_P2,33882000
v1_scalar_F3X_Q1_C4F_P2,31285100
v1_scalar_F3X_Q1_C4F_P2,32450000
v1_scalar_F3X_Q1_C4F_P2,31939700
v1_scalar_F3X_Q1_C4F_P2,30935300
v1_scalar_F3X_Q1_C4F_P2,31419400
v1_scalar_F3X_Q1_C4F_P2,31528200
v1_scalar_F3X_Q1_C4F_P2,31413300
v1_scalar_F3X_Q1_C4F_P2,31719700
v1_scalar_F3X_Q1_C4F_P2,32232000
v1_scalar_F3X_Q1_C4F_P2,30737500
v1_scalar_F3X_Q1_C4F_P2,31187900
v1_scalar_F3X_Q1_C4F_P2,31790600
v1_scalar_F3X_Q1_C4F_P2,31206300
v1_scalar_F3X_Q1_C4M_P2,34346400
v1_scalar_F3X_Q1_C4M_P2,35418300
v1_scalar_F3X_Q1_C4M_P2,34630100
v1_scalar_F3X_Q1_C4M_P2,34202100
v1_scalar_F3X_Q1_C4M_P2,35167500
v1_scalar_F3X_Q1_C4M_P2,34938200
v1_scalar_F3X_Q1_C4M_P2,34001300
v1_scalar_F3X_Q1_C4M_P2,34143500
v1_scalar_F3X_Q1_C4M_P2,34021700
v1_scalar_F3X_Q1_C4M_P2,34086000
v1_scalar_F3X_Q1_C4M_P2,34910300
v1_scalar_F3X_Q1_C4M_P2,34951000
v1_scalar_F3X_Q1_C4M_P2,34950500
v1_scalar_F3X_Q1_C4M_P2,35378700
v1_scalar_F3X_Q1_C4M_P2,37343700
v1_scalar_F3X_Q1_C4M_P2,35386700
v1_scalar_F3X_Q1_C4M_P2,33963300
v1_scalar_F3X_Q1_C4M_P2,35339100
v1_scalar_F3X_Q1_C4M_P2,35136800
v1_scalar_F3X_Q1_C4M_P2,35149900
v1_scalar_F3X_Q1_C4M_P2,34890400
v1_scalar_F3X_Q1_C4M_P2,35594700
v1_scalar_F3X_Q1_C4M_P2,35348900
v1_scalar_F3X_Q1_C4M_P2,34858800
v1_scalar_F3X_Q1_C4M_P2,34645100
v1_scalar_F3X_Q1_C4M_P2,41766900
v1_scalar_F3X_Q1_C4M_P2,34955300
v1_scalar_F3X_Q1_C4M_P2,34241500
v1_scalar_F3X_Q1_C4M_P2,34407900
v1_scalar_F3X_Q1_C4M_P2,34312400
v1_scalar_F3X_Q1_C4M_P2,35174600
v1_scalar_F3X_Q1_C4M_P2,34434200
v1_scalar_F3X_Q1_C4M_P2,34524000
v1_scalar_F3X_Q1_C4M_P2,34619700
v1_scalar_F3X_Q1_C4M_P2,35367900
v1_scalar_F3X_Q1_C4M_P2,34015600
v1_scalar_F3X_Q1_C4M_P2,34710900
v1_scalar_F3X_Q1_C4M_P2,35620600
v1_scalar_F3X_Q1_C4M_P2,35109400
v1_scalar_F3X_Q1_C4M_P2,34320400
v1_scalar_F3X_Q1_C4M_P2,34258700
v1_scalar_F3X_Q1_C4M_P2,33873500
v1_scalar_F3X_Q1_C4M_P2,34839300
v1_scalar_F3X_Q1_C4M_P2,34837600
v1_scalar_F3X_Q1_C4M_P2,35035400
v1_scalar_F3X_Q1_C4M_P2,34379200
v1_scalar_F3X_Q1_C4M_P2,34983000
v1_scalar_F3X_Q1_C4M_P2,34173800
v1_scalar_F3X_Q1_C4M_P2,34302800
v1_scalar_F3X_Q1_C4M_P2,34485000
v1_scalar_F3X_Q1_C4M_P2,35004700
v1_scalar_F3X_Q1_C4M_P2,35623200
v1_scalar_F3X_Q1_C4M_P2,34690600
v1_scalar_F3X_Q1_C4M_P2,35136400
v1_scalar_F3X_Q1_C4M_P2,34165900
v1_scalar_F3X_Q1_C4M_P2,34323200
v1_scalar_F3X_Q1_C4M_P2,34287200
v1_scalar_F3X_Q2R_C1R_P2,173908900
v1_scalar_F3X_Q2R_C1R_P2,173690800
v1_scalar_F3X_Q2R_C1R_P2,171557100
v1_scalar_F3X_Q2R_C1R_P2,170958000
v1_scalar_F3X_Q2R_C1R_P2,170446500
v1_scalar_F3X_Q2R_C1R_P2,168188600
v1_scalar_F3X_Q2R_C1R_P2,171014200
v1_scalar_F3X_Q2R_C1R_P2,171439500
v1_scalar_F3X_Q2R_C1R_P2,170498400
v1_scalar_F3X_Q2R_C1R_P2,171053300
v1_scalar_F3X_Q2R_C1R_P2,171784800
v1_scalar_F3X_Q2R_C1R_P2,170592400
v1_scalar_F3X_Q2R_C1R_P2,172460600
v1_scalar_F3X_Q2R_C1X_P2,131290800
v1_scalar_F3X_Q2R_C1X_P2,128071400
v1_scalar_F3X_Q2R_C1X_P2,128339600
v1_scalar_F3X_Q2R_C1X_P2,129788700
v1_scalar_F3X_Q2R_C1X_P2,129404400
v1_scalar_F3X_Q2R_C1X_P2,130371100
v1_scalar_F3X_Q2R_C1X_P2,128531300
v1_scalar_F3X_Q2R_C1X_P2,127693900
v1_scalar_F3X_Q2R_C1X_P2,129863400
v1_scalar_F3X_Q2R_C1X_P2,127242500
v1_scalar_F3X_Q2R_C1X_P2,128139300
v1_scalar_F3X_Q2R_C1X_P2,128903000
v1_scalar_F3X_Q2R_C1X_P2,130789700
v1_scalar_F3X_Q2R_C1X_P2,127716000
v1_scalar_F3X_Q2R_C1X_P2,131120200
v1_scalar_F3X_Q2R_C1X_P2,129244300
v1_scalar_F3X_Q2R_C1X_P2,128993800
v1_scalar_F3X_Q2R_C2R_P2,157381200
v1_scalar_F3X_Q2R_C2R_P2,158841200
v1_scalar_F3X_Q2R_C2R_P2,157867200
v1_scalar_F3X_Q2R_C2R_P2,156240100
v1_scalar_F3X_Q2R_C2R_P2,158917400
v1_scalar_F3X_Q2R_C2R_P2,155902100
v1_scalar_F3X_Q2R_C2R_P2,158642000
v1_scalar_F3X_Q2R_C2R_P2,155887900
v1_scalar_F3X_Q2R_C2R_P2,152856400
v1_scalar_F3X_Q2R_C2R_P2,155034500
v1_scalar_F3X_Q2R_C2R_P2,158373800
v1_scalar_F3X_Q2R_C2R_P2,153755200
v1_scalar_F3X_Q2R_C2R_P2,155566800
v1_scalar_F3X_Q2R_C2R_P2,153143600
v1_scalar_F3X_Q2R_C2X_P2,119489800
v1_scalar_F3X_Q2R_C2X_P2,121726100
v1_scalar_F3X_Q2R_C2X_P2,121427500
v1_scalar_F3X_Q2R_C2X_P2,120976900
v1_scalar_F3X_Q2R_C2X_P2,121334800
v1_scalar_F3X_Q2R_C2X_P2,122566200
v1_scalar_F3X_Q2R_C2X_P2,121375900
v1_scalar_F3X_Q2R_C2X_P2,122851400
v1_scalar_F3X_Q2R_C2X_P2,121144600
v1_scalar_F3X_Q2R_C2X_P2,122001800
v1_scalar_F3X_Q2R_C2X_P2,122991100
v1_scalar_F3X_Q2R_C2X_P2,123723700
v1_scalar_F3X_Q2R_C2X_P2,122251600
v1_scalar_F3X_Q2R_C2X_P2,119929800
v1_scalar_F3X_Q2R_C2X_P2,121687300
v1_scalar_F3X_Q2R_C2X_P2,120505100
v1_scalar_F3X_Q2R_C2X_P2,122357700
v1_scalar_F3X_Q2R_C3_P2,110583100
v1_scalar_F3X_Q2R_C3_P2,113505600
v1_scalar_F3X_Q2R_C3_P2,111853500
v1_scalar_F3X_Q2R_C3_P2,108595700
v1_scalar_F3X_Q2R_C3_P2,113277000
v1_scalar_F3X_Q2R_C3_P2,113532400
v1_scalar_F3X_Q2R_C3_P2,111627900
v1_scalar_F3X_Q2R_C3_P2,111336400
v1_scalar_F3X_Q2R_C3_P2,109707300
v1_scalar_F3X_Q2R_C3_P2,108407800
v1_scalar_F3X_Q2R_C3_P2,129781700
v1_scalar_F3X_Q2R_C3_P2,110210600
v1_scalar_F3X_Q2R_C3_P2,108286400
v1_scalar_F3X_Q2R_C3_P2,110372300
v1_scalar_F3X_Q2R_C3_P2,109612500
v1_scalar_F3X_Q2R_C3_P2,110959600
v1_scalar_F3X_Q2R_C3_P2,112588800
v1_scalar_F3X_Q2R_C3_P2,111227000
v1_scalar_F3X_Q2R_C3_P2,114115300
v1_scalar_F3X_Q2R_C4F_P2,110443400
v1_scalar_F3X_Q2R_C4F_P2,110893400
v1_scalar_F3X_Q2R_C4F_P2,111051600
v1_scalar_F3X_Q2R_C4F_P2,112899200
v1_scalar_F3X_Q2R_C4F_P2,110741700
v1_scalar_F3X_Q2R_C4F_P2,109551100
v1_scalar_F3X_Q2R_C4F_P2,112352700
v1_scalar_F3X_Q2R_C4F_P2,114975900
v1_scalar_F3X_Q2R_C4F_P2,112870000
v1_scalar_F3X_Q2R_C4F_P2,111385300
v1_scalar_F3X_Q2R_C4F_P2,111221700
v1_scalar_F3X_Q2R_C4F_P2,111638200
v1_scalar_F3X_Q2R_C4F_P2,108398900
v1_scalar_F3X_Q2R_C4F_P2,110380200
v1_scalar_F3X_Q2R_C4F_P2,110782000
v1_scalar_F3X_Q2R_C4F_P2,111653200
v1_scalar_F3X_Q2R_C4F_P2,112929200
v1_scalar_F3X_Q2R_C4F_P2,110410300
v1_scalar_F3X_Q2R_C4F_P2,111108400
v1_scalar_F3X_Q2R_C4M_P2,113696900
v1_scalar_F3X_Q2R_C4M_P2,111826100
v1_scalar_F3X_Q2R_C4M_P2,111244900
v1_scalar_F3X_Q2R_C4M_P2,112456700
v1_scalar_F3X_Q2R_C4M_P2,110273300
v1_scalar_F3X_Q2R_C4M_P2,111450600
v1_scalar_F3X_Q2R_C4M_P2,113369000
v1_scalar_F3X_Q2R_C4M_P2,113590100
v1_scalar_F3X_Q2R_C4M_P2,113894300
v1_scalar_F3X_Q2R_C4M_P2,112076200
v1_scalar_F3X_Q2R_C4M_P2,111734500
v1_scalar_F3X_Q2R_C4M_P2,118416800
v1_scalar_F3X_Q2R_C4M_P2,113120600
v1_scalar_F3X_Q2R_C4M_P2,115062000
v1_scalar_F3X_Q2R_C4M_P2,112872500
v1_scalar_F3X_Q2R_C4M_P2,112782600
v1_scalar_F3X_Q2R_C4M_P2,112228500
v1_scalar_F3X_Q2R_C4M_P2,111846000
v1_scalar_F3X_Q2R_C4M_P2,112645900
v1_scalar_F3X_Q2X_C1R_P2,124667000
v1_scalar_F3X_Q2X_C1R_P2,123726400
v1_scalar_F3X_Q2X_C1R_P2,122859300
v1_scalar_F3X_Q2X_C1R_P2,121657100
v1_scalar_F3X_Q2X_C1R_P2,121191800
v1_scalar_F3X_Q2X_C1R_P2,120026900
v1_scalar_F3X_Q2X_C1R_P2,124285200
v1_scalar_F3X_Q2X_C1R_P2,123766900
v1_scalar_F3X_Q2X_C1R_P2,125309100
v1_scalar_F3X_Q2X_C1R_P2,122499600
v1_scalar_F3X_Q2X_C1R_P2,123050600
v1_scalar_F3X_Q2X_C1R_P2,122029900
v1_scalar_F3X_Q2X_C1R_P2,121982100
v1_scalar_F3X_Q2X_C1R_P2,121281000
v1_scalar_F3X_Q2X_C1R_P2,121304800
v1_scalar_F3X_Q2X_C1R_P2,121824600
v1_scalar_F3X_Q2X_C1R_P2,122031900
v1_scalar_F3X_Q2X_C1X_P2,79452300
v1_scalar_F3X_Q2X_C1X_P2,79701300
v1_scalar_F3X_Q2X_C1X_P2,79688700
v1_scalar_F3X_Q2X_C1X_P2,79369600
v1_scalar_F3X_Q2X_C1X_P2,79810000
v1_scalar_F3X_Q2X_C1X_P2,80018100
v1_scalar_F3X_Q2X_C1X_P2,79013100
v1_scalar_F3X_Q2X_C1X_P2,76622300
v1_scalar_F3X_Q2X_C1X_P2,78647700
v1_scalar_F3X_Q2X_C1X_P2,77404700
v1_scalar_F3X_Q2X_C1X_P2,78647600
v1_scalar_F3X_Q2X_C1X_P2,78725200
v1_scalar_F3X_Q2X_C1X_P2,78897900
v1_scalar_F3X_Q2X_C1X_P2,79457900
v1_scalar_F3X_Q2X_C1X_P2,79732400
v1_scalar_F3X_Q2X_C1X_P2,81141800
v1_scalar_F3X_Q2X_C1X_P2,81378900
v1_scalar_F3X_Q2X_C1X_P2,78309400
v1_scalar_F3X_Q2X_C1X_P2,78919300
v1_scalar_F3X_Q2X_C1X_P2,79409800
v1_scalar_F3X_Q2X_C1X_P2,79330100
v1_scalar_F3X_Q2X_C1X_P2,78507300
v1_scalar_F3X_Q2X_C1X_P2,78703000
v1_scalar_F3X_Q2X_C1X_P2,79369300
v1_scalar_F3X_Q2X_C1X_P2,79811600
v1_scalar_F3X_Q2X_C1X_P2,79058300
v1_scalar_F3X_Q2X_C2R_P2,107791500
v1_scalar_F3X_Q2X_C2R_P2,107421400
v1_scalar_F3X_Q2X_C2R_P2,106065600
v1_scalar_F3X_Q2X_C2R_P2,112661800
v1_scalar_F3X_Q2X_C2R_P2,107835600
v1_scalar_F3X_Q2X_C2R_P2,107157500
v1_scalar_F3X_Q2X_C2R_P2,106316200
v1_scalar_F3X_Q2X_C2R_P2,105518400
v1_scalar_F3X_Q2X_C2R_P2,107005700
v1_scalar_F3X_Q2X_C2R_P2,105015900
v1_scalar_F3X_Q2X_C2R_P2,105975900
v1_scalar_F3X_Q2X_C2R_P2,105111600
v1_scalar_F3X_Q2X_C2R_P2,106761500
v1_scalar_F3X_Q2X_C2R_P2,106156800
v1_scalar_F3X_Q2X_C2R_P2,108996900
v1_scalar_F3X_Q2X_C2R_P2,104299300
v1_scalar_F3X_Q2X_C2R_P2,105679200
v1_scalar_F3X_Q2X_C2R_P2,106341600
v1_scalar_F3X_Q2X_C2R_P2,105848800
v1_scalar_F3X_Q2X_C2X_P2,72149600
v1_scalar_F3X_Q2X_C2X_P2,69318900
v1_scalar_F3X_Q2X_C2X_P2,68760300
v1_scalar_F3X_Q2X_C2X_P2,71491000
v1_scalar_F3X_Q2X_C2X_P2,70312700
v1_scalar_F3X_Q2X_C2X_P2,70900300
v1_scalar_F3X_Q2X_C2X_P2,69080700
v1_scalar_F3X_Q2X_C2X_P2,71014100
v1_scalar_F3X_Q2X_C2X_P2,68345500
v1_scalar_F3X_Q2X_C2X_P2,69489400
v1_scalar_F3X_Q2X_C2X_P2,68589000
v1_scalar_F3X_Q2X_C2X_P2,69678000
v1_scalar_F3X_Q2X_C2X_P2,70347100
v1_scalar_F3X_Q2X_C2X_P2,71017800
v1_scalar_F3X_Q2X_C2X_P2,69743800
v1_scalar_F3X_Q2X_C2X_P2,68921300
v1_scalar_F3X_Q2X_C2X_P2,69513400
v1_scalar_F3X_Q2X_C2X_P2,70006400
v1_scalar_F3X_Q2X_C2X_P2,71773400
v1_scalar_F3X_Q2X_C2X_P2,70466900
v1_scalar_F3X_Q2X_C2X_P2,72065500
v1_scalar_F3X_Q2X_C2X_P2,70079700
v1_scalar_F3X_Q2X_C2X_P2,71818000
v1_scalar_F3X_Q2X_C2X_P2,71109400
v1_scalar_F3X_Q2X_C2X_P2,71439400
v1_scalar_F3X_Q2X_C2X_P2,71582800
v1_scalar_F3X_Q2X_C2X_P2,70960500
v1_scalar_F3X_Q2X_C2X_P2,69289900
v1_scalar_F3X_Q2X_C2X_P2,70216700
v1_scalar_F3X_Q2X_C3_P2,59817600
v1_scalar_F3X_Q2X_C3_P2,59963400
v1_scalar_F3X_Q2X_C3_P2,59866900
v1_scalar_F3X_Q2X_C3_P2,59602400
v1_scalar_F3X_Q2X_C3_P2,60487400
v1_scalar_F3X_Q2X_C3_P2,60302700
v1_scalar_F3X_Q2X_C3_P2,60117700
v1_scalar_F3X_Q2X_C3_P2,59320700
v1_scalar_F3X_Q2X_C3_P2,59888300
v1_scalar_F3X_Q2X_C3_P2,60541400
v1_scalar_F3X_Q2X_C3_P2,61041200
v1_scalar_F3X_Q2X_C3_P2,60934100
v1_scalar_F3X_Q2X_C3_P2,60687300
v1_scalar_F3X_Q2X_C3_P2,60205900
v1_scalar_F3X_Q2X_C3_P2,59824600
v1_scalar_F3X_Q2X_C3_P2,59463200
v1_scalar_F3X_Q2X_C3_P2,61792200
v1_scalar_F3X_Q2X_C3_P2,59988700
v1_scalar_F3X_Q2X_C3_P2,60934800
v1_scalar_F3X_Q2X_C3_P2,62008100
v1_scalar_F3X_Q2X_C3_P2,60552200
v1_scalar_F3X_Q2X_C3_P2,59480000
v1_scalar_F3X_Q2X_C3_P2,59918900
v1_scalar_F3X_Q2X_C3_P2,59273900
v1_scalar_F3X_Q2X_C3_P2,61777500
v1_scalar_F3X_Q2X_C3_P2,61486600
v1_scalar_F3X_Q2X_C3_P2,60782000
v1_scalar_F3X_Q2X_C3_P2,59866900
v1_scalar_F3X_Q2X_C3_P2,60311800
v1_scalar_F3X_Q2X_C3_P2,61332400
v1_scalar_F3X_Q2X_C3_P2,60215900
v1_scalar_F3X_Q2X_C3_P2,60979500
v1_scalar_F3X_Q2X_C3_P2,60004200
v1_scalar_F3X_Q2X_C3_P2,61478900
v1_scalar_F3X_Q2X_C4F_P2,60855900
v1_scalar_F3X_Q2X_C4F_P2,67642700
v1_scalar_F3X_Q2X_C4F_P2,61939800
v1_scalar_F3X_Q2X_C4F_P2,61179600
v1_scalar_F3X_Q2X_C4F_P2,60768200
v1_scalar_F3X_Q2X_C4F_P2,60389600
v1_scalar_F3X_Q2X_C4F_P2,63529000
v1_scalar_F3X_Q2X_C4F_P2,62292800
v1_scalar_F3X_Q2X_C4F_P2,61673300
v1_scalar_F3X_Q2X_C4F_P2,61127600
v1_scalar_F3X_Q2X_C4F_P2,60253700
v1_scalar_F3X_Q2X_C4F_P2,61437900
v1_scalar_F3X_Q2X_C4F_P2,61744400
v1_scalar_F3X_Q2X_C4F_P2,61375100
v1_scalar_F3X_Q2X_C4F_P2,60361900
v1_scalar_F3X_Q2X_C4F_P2,61384000
v1_scalar_F3X_Q2X_C4F_P2,61435300
v1_scalar_F3X_Q2X_C4F_P2,61242400
v1_scalar_F3X_Q2X_C4F_P2,62168400
v1_scalar_F3X_Q2X_C4F_P2,60658000
v1_scalar_F3X_Q2X_C4F_P2,61955300
v1_scalar_F3X_Q2X_C4F_P2,61509600
v1_scalar_F3X_Q2X_C4F_P2,61956000
v1_scalar_F3X_Q2X_C4F_P2,61546000
v1_scalar_F3X_Q2X_C4F_P2,60685600
v1_scalar_F3X_Q2X_C4F_P2,61473000
v1_scalar_F3X_Q2X_C4F_P2,61195100
v1_scalar_F3X_Q2X_C4F_P2,61036700
v1_scalar_F3X_Q2X_C4F_P2,61798400
v1_scalar_F3X_Q2X_C4F_P2,61851200
v1_scalar_F3X_Q2X_C4F_P2,60715900
v1_scalar_F3X_Q2X_C4F_P2,60241700
v1_scalar_F3X_Q2X_C4F_P2,61711200
v1_scalar_F3X_Q2X_C4M_P2,62266100
v1_scalar_F3X_Q2X_C4M_P2,63273100
v1_scalar_F3X_Q2X_C4M_P2,62768800
v1_scalar_F3X_Q2X_C4M_P2,63150700
v1_scalar_F3X_Q2X_C4M_P2,62876600
v1_scalar_F3X_Q2X_C4M_P2,64457700
v1_scalar_F3X_Q2X_C4M_P2,63886500
v1_scalar_F3X_Q2X_C4M_P2,62960100
v1_scalar_F3X_Q2X_C4M_P2,62935500
v1_scalar_F3X_Q2X_C4M_P2,62380700
v1_scalar_F3X_Q2X_C4M_P2,62937400
v1_scalar_F3X_Q2X_C4M_P2,62778600
v1_scalar_F3X_Q2X_C4M_P2,63542400
v1_scalar_F3X_Q2X_C4M_P2,63739900
v1_scalar_F3X_Q2X_C4M_P2,63214900
v1_scalar_F3X_Q2X_C4M_P2,64307900
v1_scalar_F3X_Q2X_C4M_P2,63442000
v1_scalar_F3X_Q2X_C4M_P2,62993900
v1_scalar_F3X_Q2X_C4M_P2,62715400
v1_scalar_F3X_Q2X_C4M_P2,62756100
v1_scalar_F3X_Q2X_C4M_P2,62569400
v1_scalar_F3X_Q2X_C4M_P2,63765900
v1_scalar_F3X_Q2X_C4M_P2,62355100
v1_scalar_F3X_Q2X_C4M_P2,63603700
v1_scalar_F3X_Q2X_C4M_P2,62376200
v1_scalar_F3X_Q2X_C4M_P2,63972400
v1_scalar_F3X_Q2X_C4M_P2,66776800
v1_scalar_F3X_Q2X_C4M_P2,63833000
v1_scalar_F3X_Q2X_C4M_P2,63183400
v1_scalar_F3X_Q2X_C4M_P2,62501300
v1_scalar_F3X_Q2X_C4M_P2,63402800
v1_scalar_F3X_Q2X_C4M_P2,62446500
v1_scalar_F3X_Q3M_C1R_P2,17897900
v1_scalar_F3X_Q3M_C1R_P2,18347300
v1_scalar_F3X_Q3M_C1R_P2,18056300
v1_scalar_F3X_Q3M_C1R_P2,18511800
v1_scalar_F3X_Q3M_C1R_P2,18063400
v1_scalar_F3X_Q3M_C1R_P2,18001800
v1_scalar_F3X_Q3M_C1R_P2,19531000
v1_scalar_F3X_Q3M_C1R_P2,18747500
v1_scalar_F3X_Q3M_C1R_P2,18188100
v1_scalar_F3X_Q3M_C1R_P2,18393500
v1_scalar_F3X_Q3M_C1R_P2,18091700
v1_scalar_F3X_Q3M_C1R_P2,18431300
v1_scalar_F3X_Q3M_C1R_P2,18821200
v1_scalar_F3X_Q3M_C1R_P2,17985400
v1_scalar_F3X_Q3M_C1R_P2,17951600
v1_scalar_F3X_Q3M_C1R_P2,18123300
v1_scalar_F3X_Q3M_C1R_P2,17952000
v1_scalar_F3X_Q3M_C1R_P2,18060800
v1_scalar_F3X_Q3M_C1R_P2,18099800
v1_scalar_F3X_Q3M_C1R_P2,17952900
v1_scalar_F3X_Q3M_C1R_P2,17867300
v1_scalar_F3X_Q3M_C1R_P2,17837100
v1_scalar_F3X_Q3M_C1R_P2,17911600
v1_scalar_F3X_Q3M_C1R_P2,18130300
v1_scalar_F3X_Q3M_C1R_P2,18903100
v1_scalar_F3X_Q3M_C1R_P2,18461400
v1_scalar_F3X_Q3M_C1R_P2,18723500
v1_scalar_F3X_Q3M_C1R_P2,18581600
v1_scalar_F3X_Q3M_C1R_P2,18544600
v1_scalar_F3X_Q3M_C1R_P2,18232800
v1_scalar_F3X_Q3M_C1R_P2,18484700
v1_scalar_F3X_Q3M_C1R_P2,18149100
v1_scalar_F3X_Q3M_C1R_P2,18049200
v1_scalar_F3X_Q3M_C1R_P2,18347900
v1_scalar_F3X_Q3M_C1R_P2,18091900
v1_scalar_F3X_Q3M_C1R_P2,17811600
v1_scalar_F3X_Q3M_C1R_P2,17797500
v1_scalar_F3X_Q3M_C1R_P2,17894900
v1_scalar_F3X_Q3M_C1R_P2,18332000
v1_scalar_F3X_Q3M_C1R_P2,18273500
v1_scalar_F3X_Q3M_C1R_P2,18975300
v1_scalar_F3X_Q3M_C1R_P2,18570000
v1_scalar_F3X_Q3M_C1R_P2,18004700
v1_scalar_F3X_Q3M_C1R_P2,17954800
v1_scalar_F3X_Q3M_C1R_P2,18281300
v1_scalar_F3X_Q3M_C1R_P2,17903100
v1_scalar_F3X_Q3M_C1R_P2,17819200
v1_scalar_F3X_Q3M_C1R_P2,18855100
v1_scalar_F3X_Q3M_C1R_P2,18095200
v1_scalar_F3X_Q3M_C1R_P2,17809500
v1_scalar_F3X_Q3M_C1R_P2,18415300
v1_scalar_F3X_Q3M_C1R_P2,18511200
v1_scalar_F3X_Q3M_C1R_P2,18709900
v1_scalar_F3X_Q3M_C1R_P2,18713200
v1_scalar_F3X_Q3M_C1R_P2,18498800
v1_scalar_F3X_Q3M_C1R_P2,18308300
v1_scalar_F3X_Q3M_C1R_P2,18708600
v1_scalar_F3X_Q3M_C1R_P2,18640600
v1_scalar_F3X_Q3M_C1R_P2,19000400
v1_scalar_F3X_Q3M_C1R_P2,18183000
v1_scalar_F3X_Q3M_C1R_P2,18860500
v1_scalar_F3X_Q3M_C1R_P2,18690500
v1_scalar_F3X_Q3M_C1R_P2,18014100
v1_scalar_F3X_Q3M_C1R_P2,18073100
v1_scalar_F3X_Q3M_C1R_P2,17903500
v1_scalar_F3X_Q3M_C1R_P2,17868300
v1_scalar_F3X_Q3M_C1R_P2,18074100
v1_scalar_F3X_Q3M_C1R_P2,18122900
v1_scalar_F3X_Q3M_C1R_P2,18159000
v1_scalar_F3X_Q3M_C1R_P2,18650600
v1_scalar_F3X_Q3M_C1R_P2,18148000
v1_scalar_F3X_Q3M_C1R_P2,18677300
v1_scalar_F3X_Q3M_C1R_P2,18128900
v1_scalar_F3X_Q3M_C1R_P2,18270200
v1_scalar_F3X_Q3M_C1R_P2,18724600
v1_scalar_F3X_Q3M_C1R_P2,18526700
v1_scalar_F3X_Q3M_C1R_P2,18075100
v1_scalar_F3X_Q3M_C1R_P2,17981800
v1_scalar_F3X_Q3M_C1R_P2,18508600
v1_scalar_F3X_Q3M_C1R_P2,18635000
v1_scalar_F3X_Q3M_C1R_P2,18399400
v1_scalar_F3X_Q3M_C1R_P2,18049200
v1_scalar_F3X_Q3M_C1R_P2,17950500
v1_scalar_F3X_Q3M_C1R_P2,18114000
v1_scalar_F3X_Q3M_C1R_P2,17862600
v1_scalar_F3X_Q3M_C1R_P2,18337700
v1_scalar_F3X_Q3M_C1R_P2,18360300
v1_scalar_F3X_Q3M_C1R_P2,18576300
v1_scalar_F3X_Q3M_C1R_P2,18797000
v1_scalar_F3X_Q3M_C1R_P2,18095600
v1_scalar_F3X_Q3M_C1R_P2,17946000
v1_scalar_F3X_Q3M_C1R_P2,18032800
v1_scalar_F3X_Q3M_C1R_P2,18001700
v1_scalar_F3X_Q3M_C1R_P2,17825400
v1_scalar_F3X_Q3M_C1R_P2,17873900
v1_scalar_F3X_Q3M_C1R_P2,18181900
v1_scalar_F3X_Q3M_C1R_P2,19115300
v1_scalar_F3X_Q3M_C1R_P2,18383400
v1_scalar_F3X_Q3M_C1R_P2,17887100
v1_scalar_F3X_Q3M_C1R_P2,17960500
v1_scalar_F3X_Q3M_C1R_P2,18041900
v1_scalar_F3X_Q3M_C1R_P2,18011900
v1_scalar_F3X_Q3M_C1R_P2,18024000
v1_scalar_F3X_Q3M_C1R_P2,18652500
v1_scalar_F3X_Q3M_C1R_P2,18535000
v1_scalar_F3X_Q3M_C1R_P2,19302700
v1_scalar_F3X_Q3M_C1R_P2,18033900
v1_scalar_F3X_Q3M_C1R_P2,18721700
v1_scalar_F3X_Q3M_C1R_P2,18860200
v1_scalar_F3X_Q3M_C1X_P2,8712200
v1_scalar_F3X_Q3M_C1X_P2,9022400
v1_scalar_F3X_Q3M_C1X_P2,8886200
v1_scalar_F3X_Q3M_C1X_P2,9118400
v1_scalar_F3X_Q3M_C1X_P2,9076100
v1_scalar_F3X_Q3M_C1X_P2,9300600
v1_scalar_F3X_Q3M_C1X_P2,9131800
v1_scalar_F3X_Q3M_C1X_P2,8752600
v1_scalar_F3X_Q3M_C1X_P2,9053400
v1_scalar_F3X_Q3M_C1X_P2,9235800
v1_scalar_F3X_Q3M_C1X_P2,9146300
v1_scalar_F3X_Q3M_C1X_P2,9098600
v1_scalar_F3X_Q3M_C1X_P2,8689800
v1_scalar_F3X_Q3M_C1X_P2,8670100
v1_scalar_F3X_Q3M_C1X_P2,8792900
v1_scalar_F3X_Q3M_C1X_P2,8667500
v1_scalar_F3X_Q3M_C1X_P2,8841300
v1_scalar_F3X_Q3M_C1X_P2,8726700
v1_scalar_F3X_Q3M_C1X_P2,8948500
v1_scalar_F3X_Q3M_C1X_P2,8718900
v1_scalar_F3X_Q3M_C1X_P2,8953900
v1_scalar_F3X_Q3M_C1X_P2,8966300
v1_scalar_F3X_Q3M_C1X_P2,9086600
v1_scalar_F3X_Q3M_C1X_P2,9214500
v1_scalar_F3X_Q3M_C1X_P2,8720500
v1_scalar_F3X_Q3M_C1X_P2,9372900
v1_scalar_F3X_Q3M_C1X_P2,8740500
v1_scalar_F3X_Q3M_C1X_P2,8739000
v1_scalar_F3X_Q3M_C1X_P2,9068200
v1_scalar_F3X_Q3M_C1X_P2,8828400
v1_scalar_F3X_Q3M_C1X_P2,9294800
v1_scalar_F3X_Q3M_C1X_P2,8691500
v1_scalar_F3X_Q3M_C1X_P2,8718200
v1_scalar_F3X_Q3M_C1X_P2,8740000
v1_scalar_F3X_Q3M_C1X_P2,8667800
v1_scalar_F3X_Q3M_C1X_P2,8700700
v1_scalar_F3X_Q3M_C1X_P2,9430600
v1_scalar_F3X_Q3M_C1X_P2,8890200
v1_scalar_F3X_Q3M_C1X_P2,8974000
v1_scalar_F3X_Q3M_C1X_P2,8802700
v1_scalar_F3X_Q3M_C1X_P2,8896100
v1_scalar_F3X_Q3M_C1X_P2,9450000
v1_scalar_F3X_Q3M_C1X_P2,8999600
v1_scalar_F3X_Q3M_C1X_P2,9143000
v1_scalar_F3X_Q3M_C1X_P2,8697600
v1_scalar_F3X_Q3M_C1X_P2,8786900
v1_scalar_F3X_Q3M_C1X_P2,8698300
v1_scalar_F3X_Q3M_C1X_P2,8779500
v1_scalar_F3X_Q3M_C1X_P2,8774000
v1_scalar_F3X_Q3M_C1X_P2,9137500
v1_scalar_F3X_Q3M_C1X_P2,9438300
v1_scalar_F3X_Q3M_C1X_P2,8948600
v1_scalar_F3X_Q3M_C1X_P2,8883700
v1_scalar_F3X_Q3M_C1X_P2,8700200
v1_scalar_F3X_Q3M_C1X_P2,9341500
v1_scalar_F3X_Q3M_C1X_P2,9100800
v1_scalar_F3X_Q3M_C1X_P2,8744300
v1_scalar_F3X_Q3M_C1X_P2,8704500
v1_scalar_F3X_Q3M_C1X_P2,8728600
v1_scalar_F3X_Q3M_C1X_P2,8881700
v1_scalar_F3X_Q3M_C1X_P2,8807700
v1_scalar_F3X_Q3M_C1X_P2,8728000
v1_scalar_F3X_Q3M_C1X_P2,8646100
v1_scalar_F3X_Q3M_C1X_P2,8570400
v1_scalar_F3X_Q3M_C1X_P2,8741800
v1_scalar_F3X_Q3M_C1X_P2,8598800
v1_scalar_F3X_Q3M_C1X_P2,9325000
v1_scalar_F3X_Q3M_C1X_P2,8989500
v1_scalar_F3X_Q3M_C1X_P2,9117100
v1_scalar_F3X_Q3M_C1X_P2,9300100
v1_scalar_F3X_Q3M_C1X_P2,8681500
v1_scalar_F3X_Q3M_C1X_P2,9342300
v1_scalar_F3X_Q3M_C1X_P2,8671800
v1_scalar_F3X_Q3M_C1X_P2,8659200
v1_scalar_F3X_Q3M_C1X_P2,8765900
v1_scalar_F3X_Q3M_C1X_P2,9103700
v1_scalar_F3X_Q3M_C1X_P2,8911900
v1_scalar_F3X_Q3M_C1X_P2,8662600
v1_scalar_F3X_Q3M_C1X_P2,8683400
v1_scalar_F3X_Q3M_C1X_P2,8759500
v1_scalar_F3X_Q3M_C1X_P2,8706100
v1_scalar_F3X_Q3M_C1X_P2,8656300
v1_scalar_F3X_Q3M_C1X_P2,8715700
v1_scalar_F3X_Q3M_C1X_P2,8666600
v1_scalar_F3X_Q3M_C1X_P2,8598300
v1_scalar_F3X_Q3M_C1X_P2,8749600
v1_scalar_F3X_Q3M_C1X_P2,9296300
v1_scalar_F3X_Q3M_C1X_P2,9339800
v1_scalar_F3X_Q3M_C1X_P2,9169800
v1_scalar_F3X_Q3M_C1X_P2,8782700
v1_scalar_F3X_Q3M_C1X_P2,9121200
v1_scalar_F3X_Q3M_C1X_P2,8594600
v1_scalar_F3X_Q3M_C1X_P2,8638600
v1_scalar_F3X_Q3M_C1X_P2,8737400
v1_scalar_F3X_Q3M_C1X_P2,8610100
v1_scalar_F3X_Q3M_C1X_P2,8578000
v1_scalar_F3X_Q3M_C1X_P2,8542500
v1_scalar_F3X_Q3M_C1X_P2,8672500
v1_scalar_F3X_Q3M_C1X_P2,8603000
v1_scalar_F3X_Q3M_C1X_P2,8651200
v1_scalar_F3X_Q3M_C1X_P2,8767700
v1_scalar_F3X_Q3M_C1X_P2,8843700
v1_scalar_F3X_Q3M_C1X_P2,9069900
v1_scalar_F3X_Q3M_C1X_P2,9058300
v1_scalar_F3X_Q3M_C1X_P2,8823400
v1_scalar_F3X_Q3M_C1X_P2,8821200
v1_scalar_F3X_Q3M_C1X_P2,8584500
v1_scalar_F3X_Q3M_C1X_P2,9149700
v1_scalar_F3X_Q3M_C1X_P2,9140100
v1_scalar_F3X_Q3M_C1X_P2,8945400
v1_scalar_F3X_Q3M_C1X_P2,9549200
v1_scalar_F3X_Q3M_C1X_P2,8680000
v1_scalar_F3X_Q3M_C1X_P2,9113800
v1_scalar_F3X_Q3M_C1X_P2,9106900
v1_scalar_F3X_Q3M_C1X_P2,9355000
v1_scalar_F3X_Q3M_C1X_P2,9161700
v1_scalar_F3X_Q3M_C1X_P2,9031000
v1_scalar_F3X_Q3M_C1X_P2,9250100
v1_scalar_F3X_Q3M_C1X_P2,9088700
v1_scalar_F3X_Q3M_C1X_P2,9115800
v1_scalar_F3X_Q3M_C1X_P2,8768400
v1_scalar_F3X_Q3M_C1X_P2,8712400
v1_scalar_F3X_Q3M_C1X_P2,8706800
v1_scalar_F3X_Q3M_C1X_P2,10241500
v1_scalar_F3X_Q3M_C1X_P2,9385800
v1_scalar_F3X_Q3M_C1X_P2,9070800
v1_scalar_F3X_Q3M_C1X_P2,9377600
v1_scalar_F3X_Q3M_C1X_P2,9219500
v1_scalar_F3X_Q3M_C1X_P2,8729300
v1_scalar_F3X_Q3M_C1X_P2,8715600
v1_scalar_F3X_Q3M_C1X_P2,8783000
v1_scalar_F3X_Q3M_C1X_P2,8682200
v1_scalar_F3X_Q3M_C1X_P2,8646200
v1_scalar_F3X_Q3M_C1X_P2,8582700
v1_scalar_F3X_Q3M_C1X_P2,9205300
v1_scalar_F3X_Q3M_C1X_P2,8906300
v1_scalar_F3X_Q3M_C1X_P2,9045800
v1_scalar_F3X_Q3M_C1X_P2,9129400
v1_scalar_F3X_Q3M_C1X_P2,8694400
v1_scalar_F3X_Q3M_C1X_P2,8736100
v1_scalar_F3X_Q3M_C1X_P2,8652900
v1_scalar_F3X_Q3M_C1X_P2,8716300
v1_scalar_F3X_Q3M_C1X_P2,8639300
v1_scalar_F3X_Q3M_C1X_P2,8679800
v1_scalar_F3X_Q3M_C1X_P2,8818400
v1_scalar_F3X_Q3M_C1X_P2,8779400
v1_scalar_F3X_Q3M_C1X_P2,8906100
v1_scalar_F3X_Q3M_C1X_P2,8720800
v1_scalar_F3X_Q3M_C1X_P2,9585400
v1_scalar_F3X_Q3M_C1X_P2,9128000
v1_scalar_F3X_Q3M_C1X_P2,8686900
v1_scalar_F3X_Q3M_C1X_P2,9373600
v1_scalar_F3X_Q3M_C1X_P2,9475300
v1_scalar_F3X_Q3M_C1X_P2,8994300
v1_scalar_F3X_Q3M_C1X_P2,9485300
v1_scalar_F3X_Q3M_C1X_P2,8679800
v1_scalar_F3X_Q3M_C1X_P2,8781100
v1_scalar_F3X_Q3M_C1X_P2,8749600
v1_scalar_F3X_Q3M_C1X_P2,9066200
v1_scalar_F3X_Q3M_C1X_P2,8743600
v1_scalar_F3X_Q3M_C1X_P2,9184900
v1_scalar_F3X_Q3M_C1X_P2,8770500
v1_scalar_F3X_Q3M_C1X_P2,8657000
v1_scalar_F3X_Q3M_C1X_P2,8746500
v1_scalar_F3X_Q3M_C1X_P2,8744300
v1_scalar_F3X_Q3M_C1X_P2,8752700
v1_scalar_F3X_Q3M_C1X_P2,8813900
v1_scalar_F3X_Q3M_C1X_P2,8758100
v1_scalar_F3X_Q3M_C1X_P2,8669400
v1_scalar_F3X_Q3M_C1X_P2,8644100
v1_scalar_F3X_Q3M_C1X_P2,8820100
v1_scalar_F3X_Q3M_C1X_P2,8745200
v1_scalar_F3X_Q3M_C1X_P2,8582000
v1_scalar_F3X_Q3M_C1X_P2,8640200
v1_scalar_F3X_Q3M_C1X_P2,9521400
v1_scalar_F3X_Q3M_C1X_P2,9113900
v1_scalar_F3X_Q3M_C1X_P2,9289000
v1_scalar_F3X_Q3M_C1X_P2,8751000
v1_scalar_F3X_Q3M_C1X_P2,8690000
v1_scalar_F3X_Q3M_C1X_P2,8666200
v1_scalar_F3X_Q3M_C1X_P2,9224300
v1_scalar_F3X_Q3M_C1X_P2,9476500
v1_scalar_F3X_Q3M_C1X_P2,9389000
v1_scalar_F3X_Q3M_C1X_P2,9295600
v1_scalar_F3X_Q3M_C1X_P2,8655700
v1_scalar_F3X_Q3M_C1X_P2,9126900
v1_scalar_F3X_Q3M_C1X_P2,8939700
v1_scalar_F3X_Q3M_C1X_P2,8983100
v1_scalar_F3X_Q3M_C1X_P2,9306800
v1_scalar_F3X_Q3M_C1X_P2,8747900
v1_scalar_F3X_Q3M_C1X_P2,8659400
v1_scalar_F3X_Q3M_C1X_P2,8718100
v1_scalar_F3X_Q3M_C1X_P2,9565300
v1_scalar_F3X_Q3M_C1X_P2,9033300
v1_scalar_F3X_Q3M_C1X_P2,8890300
v1_scalar_F3X_Q3M_C1X_P2,8828100
v1_scalar_F3X_Q3M_C1X_P2,8732400
v1_scalar_F3X_Q3M_C1X_P2,8725400
v1_scalar_F3X_Q3M_C1X_P2,8834300
v1_scalar_F3X_Q3M_C1X_P2,8657100
v1_scalar_F3X_Q3M_C1X_P2,8798400
v1_scalar_F3X_Q3M_C1X_P2,8653200
v1_scalar_F3X_Q3M_C1X_P2,8937800
v1_scalar_F3X_Q3M_C1X_P2,9602800
v1_scalar_F3X_Q3M_C1X_P2,8728400
v1_scalar_F3X_Q3M_C1X_P2,8735000
v1_scalar_F3X_Q3M_C1X_P2,8842600
v1_scalar_F3X_Q3M_C1X_P2,9095100
v1_scalar_F3X_Q3M_C1X_P2,8666800
v1_scalar_F3X_Q3M_C1X_P2,8742700
v1_scalar_F3X_Q3M_C1X_P2,8705000
v1_scalar_F3X_Q3M_C1X_P2,8723200
v1_scalar_F3X_Q3M_C1X_P2,8889800
v1_scalar_F3X_Q3M_C1X_P2,8717800
v1_scalar_F3X_Q3M_C1X_P2,10088400
v1_scalar_F3X_Q3M_C1X_P2,9040100
v1_scalar_F3X_Q3M_C1X_P2,8841600
v1_scalar_F3X_Q3M_C1X_P2,8840300
v1_scalar_F3X_Q3M_C1X_P2,8775600
v1_scalar_F3X_Q3M_C2R_P2,15110700
v1_scalar_F3X_Q3M_C2R_P2,15108700
v1_scalar_F3X_Q3M_C2R_P2,15032900
v1_scalar_F3X_Q3M_C2R_P2,15003500
v1_scalar_F3X_Q3M_C2R_P2,14925400
v1_scalar_F3X_Q3M_C2R_P2,15047800
v1_scalar_F3X_Q3M_C2R_P2,14920800
v1_scalar_F3X_Q3M_C2R_P2,14867200
v1_scalar_F3X_Q3M_C2R_P2,15693400
v1_scalar_F3X_Q3M_C2R_P2,15310600
v1_scalar_F3X_Q3M_C2R_P2,14977800
v1_scalar_F3X_Q3M_C2R_P2,14717400
v1_scalar_F3X_Q3M_C2R_P2,14537600
v1_scalar_F3X_Q3M_C2R_P2,14854300
v1_scalar_F3X_Q3M_C2R_P2,14802100
v1_scalar_F3X_Q3M_C2R_P2,14960300
v1_scalar_F3X_Q3M_C2R_P2,14849300
v1_scalar_F3X_Q3M_C2R_P2,14778900
v1_scalar_F3X_Q3M_C2R_P2,14880800
v1_scalar_F3X_Q3M_C2R_P2,14750100
v1_scalar_F3X_Q3M_C2R_P2,15031700
v1_scalar_F3X_Q3M_C2R_P2,15543200
v1_scalar_F3X_Q3M_C2R_P2,15283100
v1_scalar_F3X_Q3M_C2R_P2,15401800
v1_scalar_F3X_Q3M_C2R_P2,14693200
v1_scalar_F3X_Q3M_C2R_P2,15595000
v1_scalar_F3X_Q3M_C2R_P2,15216000
v1_scalar_F3X_Q3M_C2R_P2,14788300
v1_scalar_F3X_Q3M_C2R_P2,14850800
v1_scalar_F3X_Q3M_C2R_P2,14611700
v1_scalar_F3X_Q3M_C2R_P2,14883500
v1_scalar_F3X_Q3M_C2R_P2,15480700
v1_scalar_F3X_Q3M_C2R_P2,15526300
v1_scalar_F3X_Q3M_C2R_P2,14673900
v1_scalar_F3X_Q3M_C2R_P2,17056700
v1_scalar_F3X_Q3M_C2R_P2,15982700
v1_scalar_F3X_Q3M_C2R_P2,15028100
v1_scalar_F3X_Q3M_C2R_P2,14608400
v1_scalar_F3X_Q3M_C2R_P2,14873900
v1_scalar_F3X_Q3M_C2R_P2,14728600
v1_scalar_F3X_Q3M_C2R_P2,14797200
v1_scalar_F3X_Q3M_C2R_P2,14721900
v1_scalar_F3X_Q3M_C2R_P2,14908400
v1_scalar_F3X_Q3M_C2R_P2,14703400
v1_scalar_F3X_Q3M_C2R_P2,14718300
v1_scalar_F3X_Q3M_C2R_P2,15362100
v1_scalar_F3X_Q3M_C2R_P2,14992500
v1_scalar_F3X_Q3M_C2R_P2,15594900
v1_scalar_F3X_Q3M_C2R_P2,15375100
v1_scalar_F3X_Q3M_C2R_P2,15755200
v1_scalar_F3X_Q3M_C2R_P2,14886000
v1_scalar_F3X_Q3M_C2R_P2,14933000
v1_scalar_F3X_Q3M_C2R_P2,15551900
v1_scalar_F3X_Q3M_C2R_P2,15703800
v1_scalar_F3X_Q3M_C2R_P2,14907800
v1_scalar_F3X_Q3M_C2R_P2,14770600
v1_scalar_F3X_Q3M_C2R_P2,14992200
v1_scalar_F3X_Q3M_C2R_P2,15308900
v1_scalar_F3X_Q3M_C2R_P2,15067500
v1_scalar_F3X_Q3M_C2R_P2,14742400
v1_scalar_F3X_Q3M_C2R_P2,14925500
v1_scalar_F3X_Q3M_C2R_P2,14937600
v1_scalar_F3X_Q3M_C2R_P2,15658500
v1_scalar_F3X_Q3M_C2R_P2,15057500
v1_scalar_F3X_Q3M_C2R_P2,15715000
v1_scalar_F3X_Q3M_C2R_P2,15240900
v1_scalar_F3X_Q3M_C2R_P2,14906200
v1_scalar_F3X_Q3M_C2R_P2,14836400
v1_scalar_F3X_Q3M_C2R_P2,14720400
v1_scalar_F3X_Q3M_C2R_P2,14760400
v1_scalar_F3X_Q3M_C2R_P2,14949400
v1_scalar_F3X_Q3M_C2R_P2,15175200
v1_scalar_F3X_Q3M_C2R_P2,14783300
v1_scalar_F3X_Q3M_C2R_P2,14956600
v1_scalar_F3X_Q3M_C2R_P2,15175900
v1_scalar_F3X_Q3M_C2R_P2,15293400
v1_scalar_F3X_Q3M_C2R_P2,14713000
v1_scalar_F3X_Q3M_C2R_P2,15612200
v1_scalar_F3X_Q3M_C2R_P2,14822000
v1_scalar_F3X_Q3M_C2R_P2,14814300
v1_scalar_F3X_Q3M_C2R_P2,15394300
v1_scalar_F3X_Q3M_C2R_P2,14867800
v1_scalar_F3X_Q3M_C2R_P2,14635600
v1_scalar_F3X_Q3M_C2R_P2,14833300
v1_scalar_F3X_Q3M_C2R_P2,15476000
v1_scalar_F3X_Q3M_C2R_P2,15414300
v1_scalar_F3X_Q3M_C2R_P2,14774800
v1_scalar_F3X_Q3M_C2R_P2,14927400
v1_scalar_F3X_Q3M_C2R_P2,15571300
v1_scalar_F3X_Q3M_C2R_P2,15031500
v1_scalar_F3X_Q3M_C2R_P2,15574000
v1_scalar_F3X_Q3M_C2R_P2,15331200
v1_scalar_F3X_Q3M_C2R_P2,15727000
v1_scalar_F3X_Q3M_C2R_P2,15212700
v1_scalar_F3X_Q3M_C2R_P2,14732400
v1_scalar_F3X_Q3M_C2R_P2,14806500
v1_scalar_F3X_Q3M_C2R_P2,14966600
v1_scalar_F3X_Q3M_C2R_P2,15195400
v1_scalar_F3X_Q3M_C2R_P2,15582300
v1_scalar_F3X_Q3M_C2R_P2,15085600
v1_scalar_F3X_Q3M_C2R_P2,16112900
v1_scalar_F3X_Q3M_C2R_P2,14966300
v1_scalar_F3X_Q3M_C2R_P2,14699300
v1_scalar_F3X_Q3M_C2R_P2,14937100
v1_scalar_F3X_Q3M_C2R_P2,15112300
v1_scalar_F3X_Q3M_C2R_P2,14842700
v1_scalar_F3X_Q3M_C2R_P2,14761400
v1_scalar_F3X_Q3M_C2R_P2,15102600
v1_scalar_F3X_Q3M_C2R_P2,15262400
v1_scalar_F3X_Q3M_C2R_P2,15287600
v1_scalar_F3X_Q3M_C2R_P2,15103700
v1_scalar_F3X_Q3M_C2R_P2,14781200
v1_scalar_F3X_Q3M_C2R_P2,14867000
v1_scalar_F3X_Q3M_C2R_P2,15654000
v1_scalar_F3X_Q3M_C2R_P2,14851500
v1_scalar_F3X_Q3M_C2R_P2,14974000
v1_scalar_F3X_Q3M_C2R_P2,15649400
v1_scalar_F3X_Q3M_C2R_P2,15139700
v1_scalar_F3X_Q3M_C2R_P2,15405600
v1_scalar_F3X_Q3M_C2R_P2,15339200
v1_scalar_F3X_Q3M_C2R_P2,15155700
v1_scalar_F3X_Q3M_C2R_P2,15440300
v1_scalar_F3X_Q3M_C2R_P2,14803000
v1_scalar_F3X_Q3M_C2R_P2,14806000
v1_scalar_F3X_Q3M_C2R_P2,15198200
v1_scalar_F3X_Q3M_C2R_P2,15405500
v1_scalar_F3X_Q3M_C2R_P2,15438300
v1_scalar_F3X_Q3M_C2R_P2,15420900
v1_scalar_F3X_Q3M_C2R_P2,15587000
v1_scalar_F3X_Q3M_C2R_P2,15111900
v1_scalar_F3X_Q3M_C2X_P2,7857700
v1_scalar_F3X_Q3M_C2X_P2,7909600
v1_scalar_F3X_Q3M_C2X_P2,8313300
v1_scalar_F3X_Q3M_C2X_P2,8175300
v1_scalar_F3X_Q3M_C2X_P2,8647100
v1_scalar_F3X_Q3M_C2X_P2,8491600
v1_scalar_F3X_Q3M_C2X_P2,8913600
v1_scalar_F3X_Q3M_C2X_P2,8476700
v1_scalar_F3X_Q3M_C2X_P2,8442300
v1_scalar_F3X_Q3M_C2X_P2,8000400
v1_scalar_F3X_Q3M_C2X_P2,7938000
v1_scalar_F3X_Q3M_C2X_P2,9000600
v1_scalar_F3X_Q3M_C2X_P2,8146100
v1_scalar_F3X_Q3M_C2X_P2,8007600
v1_scalar_F3X_Q3M_C2X_P2,8409400
v1_scalar_F3X_Q3M_C2X_P2,8390400
v1_scalar_F3X_Q3M_C2X_P2,8284800
v1_scalar_F3X_Q3M_C2X_P2,8635500
v1_scalar_F3X_Q3M_C2X_P2,8017100
v1_scalar_F3X_Q3M_C2X_P2,8550100
v1_scalar_F3X_Q3M_C2X_P2,7987900
v1_scalar_F3X_Q3M_C2X_P2,8256900
v1_scalar_F3X_Q3M_C2X_P2,7992500
v1_scalar_F3X_Q3M_C2X_P2,8315300
v1_scalar_F3X_Q3M_C2X_P2,8275700
v1_scalar_F3X_Q3M_C2X_P2,8079500
v1_scalar_F3X_Q3M_C2X_P2,7964600
v1_scalar_F3X_Q3M_C2X_P2,7962100
v1_scalar_F3X_Q3M_C2X_P2,8064800
v1_scalar_F3X_Q3M_C2X_P2,8588400
v1_scalar_F3X_Q3M_C2X_P2,8593100
v1_scalar_F3X_Q3M_C2X_P2,8331600
v1_scalar_F3X_Q3M_C2X_P2,8496500
v1_scalar_F3X_Q3M_C2X_P2,8556400
v1_scalar_F3X_Q3M_C2X_P2,8594500
v1_scalar_F3X_Q3M_C2X_P2,8393000
v1_scalar_F3X_Q3M_C2X_P2,8626800
v1_scalar_F3X_Q3M_C2X_P2,8344700
v1_scalar_F3X_Q3M_C2X_P2,8276500
v1_scalar_F3X_Q3M_C2X_P2,8454800
v1_scalar_F3X_Q3M_C2X_P2,8560300
v1_scalar_F3X_Q3M_C2X_P2,8611800
v1_scalar_F3X_Q3M_C2X_P2,8312300
v1_scalar_F3X_Q3M_C2X_P2,8223900
v1_scalar_F3X_Q3M_C2X_P2,7965200
v1_scalar_F3X_Q3M_C2X_P2,8760000
v1_scalar_F3X_Q3M_C2X_P2,8432100
v1_scalar_F3X_Q3M_C2X_P2,8034700
v1_scalar_F3X_Q3M_C2X_P2,8357200
v1_scalar_F3X_Q3M_C2X_P2,8211100
v1_scalar_F3X_Q3M_C2X_P2,8453800
v1_scalar_F3X_Q3M_C2X_P2,7962500
v1_scalar_F3X_Q3M_C2X_P2,7982800
v1_scalar_F3X_Q3M_C2X_P2,8104300
v1_scalar_F3X_Q3M_C2X_P2,7991300
v1_scalar_F3X_Q3M_C2X_P2,8018400
v1_scalar_F3X_Q3M_C2X_P2,7954100
v1_scalar_F3X_Q3M_C2X_P2,8045500
v1_scalar_F3X_Q3M_C2X_P2,8067800
v1_scalar_F3X_Q3M_C2X_P2,8024000
v1_scalar_F3X_Q3M_C2X_P2,8607500
v1_scalar_F3X_Q3M_C2X_P2,8334200
v1_scalar_F3X_Q3M_C2X_P2,8311800
v1_scalar_F3X_Q3M_C2X_P2,8110500
v1_scalar_F3X_Q3M_C2X_P2,8133500
v1_scalar_F3X_Q3M_C2X_P2,7995100
v1_scalar_F3X_Q3M_C2X_P2,8425200
v1_scalar_F3X_Q3M_C2X_P2,8505600
v1_scalar_F3X_Q3M_C2X_P2,8024700
v1_scalar_F3X_Q3M_C2X_P2,8106700
v1_scalar_F3X_Q3M_C2X_P2,8311500
v1_scalar_F3X_Q3M_C2X_P2,7996200
v1_scalar_F3X_Q3M_C2X_P2,8536900
v1_scalar_F3X_Q3M_C2X_P2,8475100
v1_scalar_F3X_Q3M_C2X_P2,8034200
v1_scalar_F3X_Q3M_C2X_P2,8056500
v1_scalar_F3X_Q3M_C2X_P2,7995500
v1_scalar_F3X_Q3M_C2X_P2,7937000
v1_scalar_F3X_Q3M_C2X_P2,7900600
v1_scalar_F3X_Q3M_C2X_P2,8296700
v1_scalar_F3X_Q3M_C2X_P2,8456900
v1_scalar_F3X_Q3M_C2X_P2,8361400
v1_scalar_F3X_Q3M_C2X_P2,8093800
v1_scalar_F3X_Q3M_C2X_P2,8031900
v1_scalar_F3X_Q3M_C2X_P2,7933600
v1_scalar_F3X_Q3M_C2X_P2,7918500
v1_scalar_F3X_Q3M_C2X_P2,8246200
v1_scalar_F3X_Q3M_C2X_P2,8124800
v1_scalar_F3X_Q3M_C2X_P2,8117900
v1_scalar_F3X_Q3M_C2X_P2,7890100
v1_scalar_F3X_Q3M_C2X_P2,7919400
v1_scalar_F3X_Q3M_C2X_P2,8062000
v1_scalar_F3X_Q3M_C2X_P2,7918500
v1_scalar_F3X_Q3M_C2X_P2,7904000
v1_scalar_F3X_Q3M_C2X_P2,7917500
v1_scalar_F3X_Q3M_C2X_P2,7960400
v1_scalar_F3X_Q3M_C2X_P2,8029800
v1_scalar_F3X_Q3M_C2X_P2,7968800
v1_scalar_F3X_Q3M_C2X_P2,8702000
v1_scalar_F3X_Q3M_C2X_P2,8040500
v1_scalar_F3X_Q3M_C2X_P2,7931100
v1_scalar_F3X_Q3M_C2X_P2,7998700
v1_scalar_F3X_Q3M_C2X_P2,7946800
v1_scalar_F3X_Q3M_C2X_P2,8004800
v1_scalar_F3X_Q3M_C2X_P2,7938500
v1_scalar_F3X_Q3M_C2X_P2,8005700
v1_scalar_F3X_Q3M_C2X_P2,7949200
v1_scalar_F3X_Q3M_C2X_P2,8071400
v1_scalar_F3X_Q3M_C2X_P2,8138200
v1_scalar_F3X_Q3M_C2X_P2,7914100
v1_scalar_F3X_Q3M_C2X_P2,7981400
v1_scalar_F3X_Q3M_C2X_P2,8015600
v1_scalar_F3X_Q3M_C2X_P2,7980600
v1_scalar_F3X_Q3M_C2X_P2,7967500
v1_scalar_F3X_Q3M_C2X_P2,7939900
v1_scalar_F3X_Q3M_C2X_P2,7932700
v1_scalar_F3X_Q3M_C2X_P2,7903700
v1_scalar_F3X_Q3M_C2X_P2,7894400
v1_scalar_F3X_Q3M_C2X_P2,7895800
v1_scalar_F3X_Q3M_C2X_P2,7940300
v1_scalar_F3X_Q3M_C2X_P2,8117700
v1_scalar_F3X_Q3M_C2X_P2,7934200
v1_scalar_F3X_Q3M_C2X_P2,8272100
v1_scalar_F3X_Q3M_C2X_P2,8559800
v1_scalar_F3X_Q3M_C2X_P2,8412600
v1_scalar_F3X_Q3M_C2X_P2,8577400
v1_scalar_F3X_Q3M_C2X_P2,7942700
v1_scalar_F3X_Q3M_C2X_P2,7968500
v1_scalar_F3X_Q3M_C2X_P2,7886000
v1_scalar_F3X_Q3M_C2X_P2,7985600
v1_scalar_F3X_Q3M_C2X_P2,7874300
v1_scalar_F3X_Q3M_C2X_P2,9324800
v1_scalar_F3X_Q3M_C2X_P2,8044400
v1_scalar_F3X_Q3M_C2X_P2,8274100
v1_scalar_F3X_Q3M_C2X_P2,8378800
v1_scalar_F3X_Q3M_C2X_P2,8598800
v1_scalar_F3X_Q3M_C2X_P2,8538500
v1_scalar_F3X_Q3M_C2X_P2,7923900
v1_scalar_F3X_Q3M_C2X_P2,7946000
v1_scalar_F3X_Q3M_C2X_P2,7930400
v1_scalar_F3X_Q3M_C2X_P2,8123200
v1_scalar_F3X_Q3M_C2X_P2,8144100
v1_scalar_F3X_Q3M_C2X_P2,8301800
v1_scalar_F3X_Q3M_C2X_P2,7950000
v1_scalar_F3X_Q3M_C2X_P2,7978400
v1_scalar_F3X_Q3M_C2X_P2,7932500
v1_scalar_F3X_Q3M_C2X_P2,8061100
v1_scalar_F3X_Q3M_C2X_P2,8098000
v1_scalar_F3X_Q3M_C2X_P2,8467100
v1_scalar_F3X_Q3M_C2X_P2,8538100
v1_scalar_F3X_Q3M_C2X_P2,8472300
v1_scalar_F3X_Q3M_C2X_P2,8420400
v1_scalar_F3X_Q3M_C2X_P2,8958600
v1_scalar_F3X_Q3M_C2X_P2,8382400
v1_scalar_F3X_Q3M_C2X_P2,8558500
v1_scalar_F3X_Q3M_C2X_P2,8082800
v1_scalar_F3X_Q3M_C2X_P2,7925300
v1_scalar_F3X_Q3M_C2X_P2,8012400
v1_scalar_F3X_Q3M_C2X_P2,8074500
v1_scalar_F3X_Q3M_C2X_P2,8002700
v1_scalar_F3X_Q3M_C2X_P2,8122000
v1_scalar_F3X_Q3M_C2X_P2,8338200
v1_scalar_F3X_Q3M_C2X_P2,8465400
v1_scalar_F3X_Q3M_C2X_P2,7967400
v1_scalar_F3X_Q3M_C2X_P2,8003400
v1_scalar_F3X_Q3M_C2X_P2,8041000
v1_scalar_F3X_Q3M_C2X_P2,8202300
v1_scalar_F3X_Q3M_C2X_P2,8015000
v1_scalar_F3X_Q3M_C2X_P2,8040500
v1_scalar_F3X_Q3M_C2X_P2,8003500
v1_scalar_F3X_Q3M_C2X_P2,8737800
v1_scalar_F3X_Q3M_C2X_P2,8372000
v1_scalar_F3X_Q3M_C2X_P2,8063700
v1_scalar_F3X_Q3M_C2X_P2,7973700
v1_scalar_F3X_Q3M_C2X_P2,8266700
v1_scalar_F3X_Q3M_C2X_P2,8140600
v1_scalar_F3X_Q3M_C2X_P2,8039600
v1_scalar_F3X_Q3M_C2X_P2,8027100
v1_scalar_F3X_Q3M_C2X_P2,8585600
v1_scalar_F3X_Q3M_C2X_P2,8490600
v1_scalar_F3X_Q3M_C2X_P2,8208900
v1_scalar_F3X_Q3M_C2X_P2,8431700
v1_scalar_F3X_Q3M_C2X_P2,8565900
v1_scalar_F3X_Q3M_C2X_P2,7998700
v1_scalar_F3X_Q3M_C2X_P2,8129300
v1_scalar_F3X_Q3M_C2X_P2,7994200
v1_scalar_F3X_Q3M_C2X_P2,8787800
v1_scalar_F3X_Q3M_C2X_P2,8337400
v1_scalar_F3X_Q3M_C2X_P2,8079500
v1_scalar_F3X_Q3M_C2X_P2,7970500
v1_scalar_F3X_Q3M_C2X_P2,8404200
v1_scalar_F3X_Q3M_C2X_P2,8406300
v1_scalar_F3X_Q3M_C2X_P2,8325600
v1_scalar_F3X_Q3M_C2X_P2,8626100
v1_scalar_F3X_Q3M_C2X_P2,8006200
v1_scalar_F3X_Q3M_C2X_P2,7952400
v1_scalar_F3X_Q3M_C2X_P2,8007400
v1_scalar_F3X_Q3M_C2X_P2,8786500
v1_scalar_F3X_Q3M_C2X_P2,8268300
v1_scalar_F3X_Q3M_C2X_P2,8069500
v1_scalar_F3X_Q3M_C2X_P2,8039200
v1_scalar_F3X_Q3M_C2X_P2,8047800
v1_scalar_F3X_Q3M_C2X_P2,7967800
v1_scalar_F3X_Q3M_C2X_P2,7946100
v1_scalar_F3X_Q3M_C2X_P2,8009700
v1_scalar_F3X_Q3M_C2X_P2,8707400
v1_scalar_F3X_Q3M_C2X_P2,8373300
v1_scalar_F3X_Q3M_C2X_P2,8189200
v1_scalar_F3X_Q3M_C2X_P2,8019000
v1_scalar_F3X_Q3M_C2X_P2,7935500
v1_scalar_F3X_Q3M_C2X_P2,8098500
v1_scalar_F3X_Q3M_C2X_P2,8028700
v1_scalar_F3X_Q3M_C2X_P2,8647600
v1_scalar_F3X_Q3M_C2X_P2,8628000
v1_scalar_F3X_Q3M_C2X_P2,8502700
v1_scalar_F3X_Q3M_C2X_P2,8573300
v1_scalar_F3X_Q3M_C2X_P2,8629600
v1_scalar_F3X_Q3M_C2X_P2,8223900
v1_scalar_F3X_Q3M_C2X_P2,8182200
v1_scalar_F3X_Q3M_C2X_P2,8076800
v1_scalar_F3X_Q3M_C2X_P2,8032600
v1_scalar_F3X_Q3M_C2X_P2,7932900
v1_scalar_F3X_Q3M_C2X_P2,7986700
v1_scalar_F3X_Q3M_C2X_P2,7882900
v1_scalar_F3X_Q3M_C2X_P2,8010500
v1_scalar_F3X_Q3M_C2X_P2,7881400
v1_scalar_F3X_Q3M_C2X_P2,8200700
v1_scalar_F3X_Q3M_C2X_P2,8441700
v1_scalar_F3X_Q3M_C2X_P2,8392300
v1_scalar_F3X_Q3M_C2X_P2,8656600
v1_scalar_F3X_Q3M_C2X_P2,9441100
v1_scalar_F3X_Q3M_C2X_P2,8058700
v1_scalar_F3X_Q3M_C2X_P2,8613300
v1_scalar_F3X_Q3M_C2X_P2,8371400
v1_scalar_F3X_Q3M_C2X_P2,8354600
v1_scalar_F3X_Q3M_C3_P2,6855100
v1_scalar_F3X_Q3M_C3_P2,6683100
v1_scalar_F3X_Q3M_C3_P2,6894300
v1_scalar_F3X_Q3M_C3_P2,6673200
v1_scalar_F3X_Q3M_C3_P2,6698900
v1_scalar_F3X_Q3M_C3_P2,6674100
v1_scalar_F3X_Q3M_C3_P2,6762800
v1_scalar_F3X_Q3M_C3_P2,6713100
v1_scalar_F3X_Q3M_C3_P2,6659800
v1_scalar_F3X_Q3M_C3_P2,6736400
v1_scalar_F3X_Q3M_C3_P2,6750700
v1_scalar_F3X_Q3M_C3_P2,7218100
v1_scalar_F3X_Q3M_C3_P2,7193800
v1_scalar_F3X_Q3M_C3_P2,6949500
v1_scalar_F3X_Q3M_C3_P2,6705400
v1_scalar_F3X_Q3M_C3_P2,6832700
v1_scalar_F3X_Q3M_C3_P2,7469900
v1_scalar_F3X_Q3M_C3_P2,7006400
v1_scalar_F3X_Q3M_C3_P2,6933700
v1_scalar_F3X_Q3M_C3_P2,6982000
v1_scalar_F3X_Q3M_C3_P2,7264100
v1_scalar_F3X_Q3M_C3_P2,6628600
v1_scalar_F3X_Q3M_C3_P2,6683000
v1_scalar_F3X_Q3M_C3_P2,6694700
v1_scalar_F3X_Q3M_C3_P2,7181300
v1_scalar_F3X_Q3M_C3_P2,6650100
v1_scalar_F3X_Q3M_C3_P2,6736900
v1_scalar_F3X_Q3M_C3_P2,6671700
v1_scalar_F3X_Q3M_C3_P2,6699000
v1_scalar_F3X_Q3M_C3_P2,6628800
v1_scalar_F3X_Q3M_C3_P2,6665500
v1_scalar_F3X_Q3M_C3_P2,6651500
v1_scalar_F3X_Q3M_C3_P2,6983000
v1_scalar_F3X_Q3M_C3_P2,7060000
v1_scalar_F3X_Q3M_C3_P2,6729600
v1_scalar_F3X_Q3M_C3_P2,7143800
v1_scalar_F3X_Q3M_C3_P2,6987300
v1_scalar_F3X_Q3M_C3_P2,7229800
v1_scalar_F3X_Q3M_C3_P2,6695200
v1_scalar_F3X_Q3M_C3_P2,6678500
v1_scalar_F3X_Q3M_C3_P2,6633000
v1_scalar_F3X_Q3M_C3_P2,6745800
v1_scalar_F3X_Q3M_C3_P2,6711100
v1_scalar_F3X_Q3M_C3_P2,6714200
v1_scalar_F3X_Q3M_C3_P2,6714700
v1_scalar_F3X_Q3M_C3_P2,6708800
v1_scalar_F3X_Q3M_C3_P2,6689500
v1_scalar_F3X_Q3M_C3_P2,6633300
v1_scalar_F3X_Q3M_C3_P2,6933500
v1_scalar_F3X_Q3M_C3_P2,6751800
v1_scalar_F3X_Q3M_C3_P2,6708400
v1_scalar_F3X_Q3M_C3_P2,6695400
v1_scalar_F3X_Q3M_C3_P2,7000600
v1_scalar_F3X_Q3M_C3_P2,7114400
v1_scalar_F3X_Q3M_C3_P2,7123000
v1_scalar_F3X_Q3M_C3_P2,7231900
v1_scalar_F3X_Q3M_C3_P2,6914900
v1_scalar_F3X_Q3M_C3_P2,6959000
v1_scalar_F3X_Q3M_C3_P2,7183400
v1_scalar_F3X_Q3M_C3_P2,6710900
v1_scalar_F3X_Q3M_C3_P2,6653800
v1_scalar_F3X_Q3M_C3_P2,6682800
v1_scalar_F3X_Q3M_C3_P2,6696700
v1_scalar_F3X_Q3M_C3_P2,6707000
v1_scalar_F3X_Q3M_C3_P2,6618000
v1_scalar_F3X_Q3M_C3_P2,6918600
v1_scalar_F3X_Q3M_C3_P2,6943800
v1_scalar_F3X_Q3M_C3_P2,7371700
v1_scalar_F3X_Q3M_C3_P2,6969000
v1_scalar_F3X_Q3M_C3_P2,7032500
v1_scalar_F3X_Q3M_C3_P2,6705700
v1_scalar_F3X_Q3M_C3_P2,6726100
v1_scalar_F3X_Q3M_C3_P2,7288200
v1_scalar_F3X_Q3M_C3_P2,6948900
v1_scalar_F3X_Q3M_C3_P2,6824100
v1_scalar_F3X_Q3M_C3_P2,6640000
v1_scalar_F3X_Q3M_C3_P2,7219500
v1_scalar_F3X_Q3M_C3_P2,7120300
v1_scalar_F3X_Q3M_C3_P2,6957800
v1_scalar_F3X_Q3M_C3_P2,6937500
v1_scalar_F3X_Q3M_C3_P2,7434600
v1_scalar_F3X_Q3M_C3_P2,7096300
v1_scalar_F3X_Q3M_C3_P2,7069900
v1_scalar_F3X_Q3M_C3_P2,6715300
v1_scalar_F3X_Q3M_C3_P2,6666700
v1_scalar_F3X_Q3M_C3_P2,6662200
v1_scalar_F3X_Q3M_C3_P2,7008900
v1_scalar_F3X_Q3M_C3_P2,6872200
v1_scalar_F3X_Q3M_C3_P2,6923800
v1_scalar_F3X_Q3M_C3_P2,6948300
v1_scalar_F3X_Q3M_C3_P2,6689300
v1_scalar_F3X_Q3M_C3_P2,6865500
v1_scalar_F3X_Q3M_C3_P2,6974200
v1_scalar_F3X_Q3M_C3_P2,6967800
v1_scalar_F3X_Q3M_C3_P2,6672100
v1_scalar_F3X_Q3M_C3_P2,6832900
v1_scalar_F3X_Q3M_C3_P2,7108600
v1_scalar_F3X_Q3M_C3_P2,6992900
v1_scalar_F3X_Q3M_C3_P2,6981000
v1_scalar_F3X_Q3M_C3_P2,7296100
v1_scalar_F3X_Q3M_C3_P2,6659500
v1_scalar_F3X_Q3M_C3_P2,6630200
v1_scalar_F3X_Q3M_C3_P2,6958500
v1_scalar_F3X_Q3M_C3_P2,6972200
v1_scalar_F3X_Q3M_C3_P2,7166800
v1_scalar_F3X_Q3M_C3_P2,6949700
v1_scalar_F3X_Q3M_C3_P2,6839100
v1_scalar_F3X_Q3M_C3_P2,7473600
v1_scalar_F3X_Q3M_C3_P2,7168600
v1_scalar_F3X_Q3M_C3_P2,7506700
v1_scalar_F3X_Q3M_C3_P2,7057200
v1_scalar_F3X_Q3M_C3_P2,6700100
v1_scalar_F3X_Q3M_C3_P2,6751900
v1_scalar_F3X_Q3M_C3_P2,7038600
v1_scalar_F3X_Q3M_C3_P2,6986700
v1_scalar_F3X_Q3M_C3_P2,6710800
v1_scalar_F3X_Q3M_C3_P2,6655400
v1_scalar_F3X_Q3M_C3_P2,6779700
v1_scalar_F3X_Q3M_C3_P2,6627400
v1_scalar_F3X_Q3M_C3_P2,6786300
v1_scalar_F3X_Q3M_C3_P2,6644800
v1_scalar_F3X_Q3M_C3_P2,6695400
v1_scalar_F3X_Q3M_C3_P2,6746000
v1_scalar_F3X_Q3M_C3_P2,7007900
v1_scalar_F3X_Q3M_C3_P2,6934800
v1_scalar_F3X_Q3M_C3_P2,7005100
v1_scalar_F3X_Q3M_C3_P2,6668900
v1_scalar_F3X_Q3M_C3_P2,6672000
v1_scalar_F3X_Q3M_C3_P2,6720000
v1_scalar_F3X_Q3M_C3_P2,6627900
v1_scalar_F3X_Q3M_C3_P2,6655700
v1_scalar_F3X_Q3M_C3_P2,6664500
v1_scalar_F3X_Q3M_C3_P2,6862800
v1_scalar_F3X_Q3M_C3_P2,6956100
v1_scalar_F3X_Q3M_C3_P2,6711400
v1_scalar_F3X_Q3M_C3_P2,6925300
v1_scalar_F3X_Q3M_C3_P2,6952900
v1_scalar_F3X_Q3M_C3_P2,7385500
v1_scalar_F3X_Q3M_C3_P2,7080700
v1_scalar_F3X_Q3M_C3_P2,7117000
v1_scalar_F3X_Q3M_C3_P2,7243200
v1_scalar_F3X_Q3M_C3_P2,6750900
v1_scalar_F3X_Q3M_C3_P2,6707300
v1_scalar_F3X_Q3M_C3_P2,7035300
v1_scalar_F3X_Q3M_C3_P2,6771300
v1_scalar_F3X_Q3M_C3_P2,6688900
v1_scalar_F3X_Q3M_C3_P2,6606500
v1_scalar_F3X_Q3M_C3_P2,6714800
v1_scalar_F3X_Q3M_C3_P2,6646100
v1_scalar_F3X_Q3M_C3_P2,6741900
v1_scalar_F3X_Q3M_C3_P2,6641400
v1_scalar_F3X_Q3M_C3_P2,6667100
v1_scalar_F3X_Q3M_C3_P2,7125500
v1_scalar_F3X_Q3M_C3_P2,6664800
v1_scalar_F3X_Q3M_C3_P2,6713600
v1_scalar_F3X_Q3M_C3_P2,6930100
v1_scalar_F3X_Q3M_C3_P2,6784300
v1_scalar_F3X_Q3M_C3_P2,6632500
v1_scalar_F3X_Q3M_C3_P2,6635000
v1_scalar_F3X_Q3M_C3_P2,6664900
v1_scalar_F3X_Q3M_C3_P2,6827600
v1_scalar_F3X_Q3M_C3_P2,6602500
v1_scalar_F3X_Q3M_C3_P2,6666700
v1_scalar_F3X_Q3M_C3_P2,6704600
v1_scalar_F3X_Q3M_C3_P2,6616100
v1_scalar_F3X_Q3M_C3_P2,6721600
v1_scalar_F3X_Q3M_C3_P2,6597000
v1_scalar_F3X_Q3M_C3_P2,6685300
v1_scalar_F3X_Q3M_C3_P2,7126300
v1_scalar_F3X_Q3M_C3_P2,6681500
v1_scalar_F3X_Q3M_C3_P2,6625300
v1_scalar_F3X_Q3M_C3_P2,6592600
v1_scalar_F3X_Q3M_C3_P2,6657700
v1_scalar_F3X_Q3M_C3_P2,6655600
v1_scalar_F3X_Q3M_C3_P2,6697400
v1_scalar_F3X_Q3M_C3_P2,6760200
v1_scalar_F3X_Q3M_C3_P2,6961800
v1_scalar_F3X_Q3M_C3_P2,6706400
v1_scalar_F3X_Q3M_C3_P2,6696500
v1_scalar_F3X_Q3M_C3_P2,6726500
v1_scalar_F3X_Q3M_C3_P2,6662200
v1_scalar_F3X_Q3M_C3_P2,6596700
v1_scalar_F3X_Q3M_C3_P2,6864800
v1_scalar_F3X_Q3M_C3_P2,6633100
v1_scalar_F3X_Q3M_C3_P2,6592400
v1_scalar_F3X_Q3M_C3_P2,6751000
v1_scalar_F3X_Q3M_C3_P2,6672400
v1_scalar_F3X_Q3M_C3_P2,6805900
v1_scalar_F3X_Q3M_C3_P2,6660700
v1_scalar_F3X_Q3M_C3_P2,6839200
v1_scalar_F3X_Q3M_C3_P2,6681100
v1_scalar_F3X_Q3M_C3_P2,6711000
v1_scalar_F3X_Q3M_C3_P2,6718100
v1_scalar_F3X_Q3M_C3_P2,7302800
v1_scalar_F3X_Q3M_C3_P2,7180700
v1_scalar_F3X_Q3M_C3_P2,6833300
v1_scalar_F3X_Q3M_C3_P2,6672700
v1_scalar_F3X_Q3M_C3_P2,6730400
v1_scalar_F3X_Q3M_C3_P2,6688400
v1_scalar_F3X_Q3M_C3_P2,6716900
v1_scalar_F3X_Q3M_C3_P2,6736600
v1_scalar_F3X_Q3M_C3_P2,6615400
v1_scalar_F3X_Q3M_C3_P2,6650200
v1_scalar_F3X_Q3M_C3_P2,6720500
v1_scalar_F3X_Q3M_C3_P2,6652300
v1_scalar_F3X_Q3M_C3_P2,6732300
v1_scalar_F3X_Q3M_C3_P2,6728000
v1_scalar_F3X_Q3M_C3_P2,6757600
v1_scalar_F3X_Q3M_C3_P2,6678000
v1_scalar_F3X_Q3M_C3_P2,6634200
v1_scalar_F3X_Q3M_C3_P2,6677500
v1_scalar_F3X_Q3M_C3_P2,6642100
v1_scalar_F3X_Q3M_C3_P2,7682700
v1_scalar_F3X_Q3M_C3_P2,6919500
v1_scalar_F3X_Q3M_C3_P2,7065100
v1_scalar_F3X_Q3M_C3_P2,6796600
v1_scalar_F3X_Q3M_C3_P2,7306400
v1_scalar_F3X_Q3M_C3_P2,6992400
v1_scalar_F3X_Q3M_C3_P2,7070800
v1_scalar_F3X_Q3M_C3_P2,6644800
v1_scalar_F3X_Q3M_C3_P2,7070800
v1_scalar_F3X_Q3M_C3_P2,6699500
v1_scalar_F3X_Q3M_C3_P2,6677700
v1_scalar_F3X_Q3M_C3_P2,6671300
v1_scalar_F3X_Q3M_C3_P2,6767400
v1_scalar_F3X_Q3M_C3_P2,6722400
v1_scalar_F3X_Q3M_C3_P2,7141300
v1_scalar_F3X_Q3M_C3_P2,7084900
v1_scalar_F3X_Q3M_C3_P2,7055000
v1_scalar_F3X_Q3M_C3_P2,6727600
v1_scalar_F3X_Q3M_C3_P2,6724900
v1_scalar_F3X_Q3M_C3_P2,6851200
v1_scalar_F3X_Q3M_C3_P2,6852500
v1_scalar_F3X_Q3M_C3_P2,6637300
v1_scalar_F3X_Q3M_C3_P2,6670500
v1_scalar_F3X_Q3M_C3_P2,7315100
v1_scalar_F3X_Q3M_C3_P2,7142500
v1_scalar_F3X_Q3M_C3_P2,7793300
v1_scalar_F3X_Q3M_C3_P2,6824300
v1_scalar_F3X_Q3M_C3_P2,7080000
v1_scalar_F3X_Q3M_C3_P2,6993200
v1_scalar_F3X_Q3M_C3_P2,6910100
v1_scalar_F3X_Q3M_C3_P2,6647200
v1_scalar_F3X_Q3M_C3_P2,6703900
v1_scalar_F3X_Q3M_C3_P2,7139700
v1_scalar_F3X_Q3M_C3_P2,6907100
v1_scalar_F3X_Q3M_C3_P2,7204600
v1_scalar_F3X_Q3M_C3_P2,7178300
v1_scalar_F3X_Q3M_C3_P2,7269100
v1_scalar_F3X_Q3M_C3_P2,6691900
v1_scalar_F3X_Q3M_C3_P2,7046400
v1_scalar_F3X_Q3M_C3_P2,7147200
v1_scalar_F3X_Q3M_C3_P2,6957300
v1_scalar_F3X_Q3M_C3_P2,7175400
v1_scalar_F3X_Q3M_C3_P2,7129800
v1_scalar_F3X_Q3M_C3_P2,6661000
v1_scalar_F3X_Q3M_C3_P2,6767800
v1_scalar_F3X_Q3M_C3_P2,7337100
v1_scalar_F3X_Q3M_C3_P2,7010900
v1_scalar_F3X_Q3M_C3_P2,6769100
v1_scalar_F3X_Q3M_C3_P2,7022500
v1_scalar_F3X_Q3M_C3_P2,7186600
v1_scalar_F3X_Q3M_C3_P2,7338900
v1_scalar_F3X_Q3M_C3_P2,7028000
v1_scalar_F3X_Q3M_C3_P2,6670300
v1_scalar_F3X_Q3M_C3_P2,6932500
v1_scalar_F3X_Q3M_C3_P2,7008400
v1_scalar_F3X_Q3M_C3_P2,7008800
v1_scalar_F3X_Q3M_C3_P2,6674000
v1_scalar_F3X_Q3M_C3_P2,6845700
v1_scalar_F3X_Q3M_C3_P2,6907500
v1_scalar_F3X_Q3M_C3_P2,7224100
v1_scalar_F3X_Q3M_C3_P2,6639700
v1_scalar_F3X_Q3M_C3_P2,6802100
v1_scalar_F3X_Q3M_C3_P2,6651400
v1_scalar_F3X_Q3M_C3_P2,6668000
v1_scalar_F3X_Q3M_C3_P2,7226500
v1_scalar_F3X_Q3M_C3_P2,6927900
v1_scalar_F3X_Q3M_C3_P2,6823900
v1_scalar_F3X_Q3M_C3_P2,6671400
v1_scalar_F3X_Q3M_C4F_P2,7019600
v1_scalar_F3X_Q3M_C4F_P2,7082500
v1_scalar_F3X_Q3M_C4F_P2,7025000
v1_scalar_F3X_Q3M_C4F_P2,7141000
v1_scalar_F3X_Q3M_C4F_P2,7020200
v1_scalar_F3X_Q3M_C4F_P2,7670100
v1_scalar_F3X_Q3M_C4F_P2,7086300
v1_scalar_F3X_Q3M_C4F_P2,7390800
v1_scalar_F3X_Q3M_C4F_P2,7075300
v1_scalar_F3X_Q3M_C4F_P2,7219000
v1_scalar_F3X_Q3M_C4F_P2,7054900
v1_scalar_F3X_Q3M_C4F_P2,7048300
v1_scalar_F3X_Q3M_C4F_P2,6963100
v1_scalar_F3X_Q3M_C4F_P2,7437500
v1_scalar_F3X_Q3M_C4F_P2,7088900
v1_scalar_F3X_Q3M_C4F_P2,7235600
v1_scalar_F3X_Q3M_C4F_P2,7058700
v1_scalar_F3X_Q3M_C4F_P2,8192800
v1_scalar_F3X_Q3M_C4F_P2,7526800
v1_scalar_F3X_Q3M_C4F_P2,7304500
v1_scalar_F3X_Q3M_C4F_P2,7226000
v1_scalar_F3X_Q3M_C4F_P2,7218500
v1_scalar_F3X_Q3M_C4F_P2,7097500
v1_scalar_F3X_Q3M_C4F_P2,7285300
v1_scalar_F3X_Q3M_C4F_P2,7051500
v1_scalar_F3X_Q3M_C4F_P2,7102500
v1_scalar_F3X_Q3M_C4F_P2,7025300
v1_scalar_F3X_Q3M_C4F_P2,7036500
v1_scalar_F3X_Q3M_C4F_P2,7051000
v1_scalar_F3X_Q3M_C4F_P2,7057300
v1_scalar_F3X_Q3M_C4F_P2,6989800
v1_scalar_F3X_Q3M_C4F_P2,7049700
v1_scalar_F3X_Q3M_C4F_P2,7089300
v1_scalar_F3X_Q3M_C4F_P2,7038500
v1_scalar_F3X_Q3M_C4F_P2,7084500
v1_scalar_F3X_Q3M_C4F_P2,7498300
v1_scalar_F3X_Q3M_C4F_P2,7524100
v1_scalar_F3X_Q3M_C4F_P2,7051200
v1_scalar_F3X_Q3M_C4F_P2,7322100
v1_scalar_F3X_Q3M_C4F_P2,7030100
v1_scalar_F3X_Q3M_C4F_P2,7143800
v1_scalar_F3X_Q3M_C4F_P2,6965000
v1_scalar_F3X_Q3M_C4F_P2,6975000
v1_scalar_F3X_Q3M_C4F_P2,7053700
v1_scalar_F3X_Q3M_C4F_P2,7018100
v1_scalar_F3X_Q3M_C4F_P2,7024200
v1_scalar_F3X_Q3M_C4F_P2,7111000
v1_scalar_F3X_Q3M_C4F_P2,7615800
v1_scalar_F3X_Q3M_C4F_P2,7328700
v1_scalar_F3X_Q3M_C4F_P2,7402400
v1_scalar_F3X_Q3M_C4F_P2,7647700
v1_scalar_F3X_Q3M_C4F_P2,7030400
v1_scalar_F3X_Q3M_C4F_P2,7212700
v1_scalar_F3X_Q3M_C4F_P2,7045600
v1_scalar_F3X_Q3M_C4F_P2,7105900
v1_scalar_F3X_Q3M_C4F_P2,7485900
v1_scalar_F3X_Q3M_C4F_P2,7364200
v1_scalar_F3X_Q3M_C4F_P2,7103700
v1_scalar_F3X_Q3M_C4F_P2,7051300
v1_scalar_F3X_Q3M_C4F_P2,7731800
v1_scalar_F3X_Q3M_C4F_P2,7025900
v1_scalar_F3X_Q3M_C4F_P2,7552100
v1_scalar_F3X_Q3M_C4F_P2,7308700
v1_scalar_F3X_Q3M_C4F_P2,7620200
v1_scalar_F3X_Q3M_C4F_P2,7659800
v1_scalar_F3X_Q3M_C4F_P2,8175700
v1_scalar_F3X_Q3M_C4F_P2,7528700
v1_scalar_F3X_Q3M_C4F_P2,7264000
v1_scalar_F3X_Q3M_C4F_P2,7129300
v1_scalar_F3X_Q3M_C4F_P2,7068900
v1_scalar_F3X_Q3M_C4F_P2,7025300
v1_scalar_F3X_Q3M_C4F_P2,7159900
v1_scalar_F3X_Q3M_C4F_P2,7035000
v1_scalar_F3X_Q3M_C4F_P2,7350100
v1_scalar_F3X_Q3M_C4F_P2,7001000
v1_scalar_F3X_Q3M_C4F_P2,7091100
v1_scalar_F3X_Q3M_C4F_P2,7096500
v1_scalar_F3X_Q3M_C4F_P2,7132900
v1_scalar_F3X_Q3M_C4F_P2,7094400
v1_scalar_F3X_Q3M_C4F_P2,7647300
v1_scalar_F3X_Q3M_C4F_P2,7571400
v1_scalar_F3X_Q3M_C4F_P2,7334800
v1_scalar_F3X_Q3M_C4F_P2,7268100
v1_scalar_F3X_Q3M_C4F_P2,7338900
v1_scalar_F3X_Q3M_C4F_P2,7058300
v1_scalar_F3X_Q3M_C4F_P2,7106700
v1_scalar_F3X_Q3M_C4F_P2,7017400
v1_scalar_F3X_Q3M_C4F_P2,7170300
v1_scalar_F3X_Q3M_C4F_P2,7187800
v1_scalar_F3X_Q3M_C4F_P2,7428600
v1_scalar_F3X_Q3M_C4F_P2,7239700
v1_scalar_F3X_Q3M_C4F_P2,7358400
v1_scalar_F3X_Q3M_C4F_P2,7059500
v1_scalar_F3X_Q3M_C4F_P2,7131900
v1_scalar_F3X_Q3M_C4F_P2,7055300
v1_scalar_F3X_Q3M_C4F_P2,7056300
v1_scalar_F3X_Q3M_C4F_P2,7270700
v1_scalar_F3X_Q3M_C4F_P2,7294500
v1_scalar_F3X_Q3M_C4F_P2,7238400
v1_scalar_F3X_Q3M_C4F_P2,7049400
v1_scalar_F3X_Q3M_C4F_P2,7158300
v1_scalar_F3X_Q3M_C4F_P2,7088800
v1_scalar_F3X_Q3M_C4F_P2,7531900
v1_scalar_F3X_Q3M_C4F_P2,7130000
v1_scalar_F3X_Q3M_C4F_P2,7095400
v1_scalar_F3X_Q3M_C4F_P2,7056200
v1_scalar_F3X_Q3M_C4F_P2,7270800
v1_scalar_F3X_Q3M_C4F_P2,7450600
v1_scalar_F3X_Q3M_C4F_P2,7354100
v1_scalar_F3X_Q3M_C4F_P2,7059100
v1_scalar_F3X_Q3M_C4F_P2,7282300
v1_scalar_F3X_Q3M_C4F_P2,7668000
v1_scalar_F3X_Q3M_C4F_P2,7470900
v1_scalar_F3X_Q3M_C4F_P2,7087600
v1_scalar_F3X_Q3M_C4F_P2,7093000
v1_scalar_F3X_Q3M_C4F_P2,7083900
v1_scalar_F3X_Q3M_C4F_P2,7151600
v1_scalar_F3X_Q3M_C4F_P2,7095000
v1_scalar_F3X_Q3M_C4F_P2,7171700
v1_scalar_F3X_Q3M_C4F_P2,7360600
v1_scalar_F3X_Q3M_C4F_P2,7649400
v1_scalar_F3X_Q3M_C4F_P2,7554200
v1_scalar_F3X_Q3M_C4F_P2,7297900
v1_scalar_F3X_Q3M_C4F_P2,7442900
v1_scalar_F3X_Q3M_C4F_P2,7989700
v1_scalar_F3X_Q3M_C4F_P2,7180300
v1_scalar_F3X_Q3M_C4F_P2,7460400
v1_scalar_F3X_Q3M_C4F_P2,7796800
v1_scalar_F3X_Q3M_C4F_P2,7283100
v1_scalar_F3X_Q3M_C4F_P2,7114300
v1_scalar_F3X_Q3M_C4F_P2,7172600
v1_scalar_F3X_Q3M_C4F_P2,7024100
v1_scalar_F3X_Q3M_C4F_P2,7512900
v1_scalar_F3X_Q3M_C4F_P2,7214500
v1_scalar_F3X_Q3M_C4F_P2,7222700
v1_scalar_F3X_Q3M_C4F_P2,7324900
v1_scalar_F3X_Q3M_C4F_P2,7547100
v1_scalar_F3X_Q3M_C4F_P2,7671000
v1_scalar_F3X_Q3M_C4F_P2,7501400
v1_scalar_F3X_Q3M_C4F_P2,7105800
v1_scalar_F3X_Q3M_C4F_P2,7237400
v1_scalar_F3X_Q3M_C4F_P2,7415100
v1_scalar_F3X_Q3M_C4F_P2,7301200
v1_scalar_F3X_Q3M_C4F_P2,7102700
v1_scalar_F3X_Q3M_C4F_P2,7042800
v1_scalar_F3X_Q3M_C4F_P2,7113200
v1_scalar_F3X_Q3M_C4F_P2,7206000
v1_scalar_F3X_Q3M_C4F_P2,7121000
v1_scalar_F3X_Q3M_C4F_P2,7119800
v1_scalar_F3X_Q3M_C4F_P2,7140200
v1_scalar_F3X_Q3M_C4F_P2,7028000
v1_scalar_F3X_Q3M_C4F_P2,7368200
v1_scalar_F3X_Q3M_C4F_P2,7264100
v1_scalar_F3X_Q3M_C4F_P2,7363400
v1_scalar_F3X_Q3M_C4F_P2,7296600
v1_scalar_F3X_Q3M_C4F_P2,7408800
v1_scalar_F3X_Q3M_C4F_P2,7321000
v1_scalar_F3X_Q3M_C4F_P2,7474200
v1_scalar_F3X_Q3M_C4F_P2,7073400
v1_scalar_F3X_Q3M_C4F_P2,7563100
v1_scalar_F3X_Q3M_C4F_P2,7277700
v1_scalar_F3X_Q3M_C4F_P2,7272200
v1_scalar_F3X_Q3M_C4F_P2,7352900
v1_scalar_F3X_Q3M_C4F_P2,7637100
v1_scalar_F3X_Q3M_C4F_P2,7379200
v1_scalar_F3X_Q3M_C4F_P2,7236000
v1_scalar_F3X_Q3M_C4F_P2,7320300
v1_scalar_F3X_Q3M_C4F_P2,7270900
v1_scalar_F3X_Q3M_C4F_P2,7359600
v1_scalar_F3X_Q3M_C4F_P2,7455300
v1_scalar_F3X_Q3M_C4F_P2,7127700
v1_scalar_F3X_Q3M_C4F_P2,7340200
v1_scalar_F3X_Q3M_C4F_P2,7242300
v1_scalar_F3X_Q3M_C4F_P2,7058300
v1_scalar_F3X_Q3M_C4F_P2,7109400
v1_scalar_F3X_Q3M_C4F_P2,7490000
v1_scalar_F3X_Q3M_C4F_P2,7066300
v1_scalar_F3X_Q3M_C4F_P2,7153600
v1_scalar_F3X_Q3M_C4F_P2,7023900
v1_scalar_F3X_Q3M_C4F_P2,7034600
v1_scalar_F3X_Q3M_C4F_P2,7078600
v1_scalar_F3X_Q3M_C4F_P2,7062400
v1_scalar_F3X_Q3M_C4F_P2,7053300
v1_scalar_F3X_Q3M_C4F_P2,7328600
v1_scalar_F3X_Q3M_C4F_P2,7445200
v1_scalar_F3X_Q3M_C4F_P2,7457500
v1_scalar_F3X_Q3M_C4F_P2,7199900
v1_scalar_F3X_Q3M_C4F_P2,7110700
v1_scalar_F3X_Q3M_C4F_P2,7084100
v1_scalar_F3X_Q3M_C4F_P2,7306000
v1_scalar_F3X_Q3M_C4F_P2,7518900
v1_scalar_F3X_Q3M_C4F_P2,7081400
v1_scalar_F3X_Q3M_C4F_P2,7279400
v1_scalar_F3X_Q3M_C4F_P2,7379200
v1_scalar_F3X_Q3M_C4F_P2,7381500
v1_scalar_F3X_Q3M_C4F_P2,7131700
v1_scalar_F3X_Q3M_C4F_P2,7250900
v1_scalar_F3X_Q3M_C4F_P2,7074700
v1_scalar_F3X_Q3M_C4F_P2,7081100
v1_scalar_F3X_Q3M_C4F_P2,7170400
v1_scalar_F3X_Q3M_C4F_P2,7424000
v1_scalar_F3X_Q3M_C4F_P2,7379500
v1_scalar_F3X_Q3M_C4F_P2,7299700
v1_scalar_F3X_Q3M_C4F_P2,7568000
v1_scalar_F3X_Q3M_C4F_P2,7475400
v1_scalar_F3X_Q3M_C4F_P2,7088500
v1_scalar_F3X_Q3M_C4F_P2,7443400
v1_scalar_F3X_Q3M_C4F_P2,7133700
v1_scalar_F3X_Q3M_C4F_P2,7301800
v1_scalar_F3X_Q3M_C4F_P2,7221400
v1_scalar_F3X_Q3M_C4F_P2,7360100
v1_scalar_F3X_Q3M_C4F_P2,7122300
v1_scalar_F3X_Q3M_C4F_P2,7206100
v1_scalar_F3X_Q3M_C4F_P2,7338700
v1_scalar_F3X_Q3M_C4F_P2,7370300
v1_scalar_F3X_Q3M_C4F_P2,7256500
v1_scalar_F3X_Q3M_C4F_P2,7608400
v1_scalar_F3X_Q3M_C4F_P2,7452100
v1_scalar_F3X_Q3M_C4F_P2,7316600
v1_scalar_F3X_Q3M_C4F_P2,7226300
v1_scalar_F3X_Q3M_C4F_P2,7261900
v1_scalar_F3X_Q3M_C4F_P2,7110300
v1_scalar_F3X_Q3M_C4F_P2,7269000
v1_scalar_F3X_Q3M_C4F_P2,7249800
v1_scalar_F3X_Q3M_C4F_P2,7338000
v1_scalar_F3X_Q3M_C4F_P2,7045800
v1_scalar_F3X_Q3M_C4F_P2,7188900
v1_scalar_F3X_Q3M_C4F_P2,7331600
v1_scalar_F3X_Q3M_C4F_P2,7344100
v1_scalar_F3X_Q3M_C4F_P2,7267600
v1_scalar_F3X_Q3M_C4F_P2,7107500
v1_scalar_F3X_Q3M_C4F_P2,7282200
v1_scalar_F3X_Q3M_C4F_P2,7383400
v1_scalar_F3X_Q3M_C4F_P2,7036600
v1_scalar_F3X_Q3M_C4F_P2,7089600
v1_scalar_F3X_Q3M_C4F_P2,7119800
v1_scalar_F3X_Q3M_C4F_P2,7032000
v1_scalar_F3X_Q3M_C4F_P2,7118000
v1_scalar_F3X_Q3M_C4F_P2,7119200
v1_scalar_F3X_Q3M_C4F_P2,7115000
v1_scalar_F3X_Q3M_C4F_P2,7069500
v1_scalar_F3X_Q3M_C4F_P2,7441200
v1_scalar_F3X_Q3M_C4F_P2,7071100
v1_scalar_F3X_Q3M_C4F_P2,7399100
v1_scalar_F3X_Q3M_C4F_P2,7321900
v1_scalar_F3X_Q3M_C4F_P2,7399600
v1_scalar_F3X_Q3M_C4F_P2,7075000
v1_scalar_F3X_Q3M_C4F_P2,7236200
v1_scalar_F3X_Q3M_C4F_P2,7314000
v1_scalar_F3X_Q3M_C4F_P2,7040000
v1_scalar_F3X_Q3M_C4F_P2,7100400
v1_scalar_F3X_Q3M_C4F_P2,7058700
v1_scalar_F3X_Q3M_C4F_P2,7099600
v1_scalar_F3X_Q3M_C4F_P2,7398200
v1_scalar_F3X_Q3M_C4F_P2,7270800
v1_scalar_F3X_Q3M_C4F_P2,7524000
v1_scalar_F3X_Q3M_C4F_P2,7653500
v1_scalar_F3X_Q3M_C4F_P2,7470100
v1_scalar_F3X_Q3M_C4F_P2,7045100
v1_scalar_F3X_Q3M_C4F_P2,7225100
v1_scalar_F3X_Q3M_C4F_P2,7085800
v1_scalar_F3X_Q3M_C4F_P2,7047400
v1_scalar_F3X_Q3M_C4F_P2,7085600
v1_scalar_F3X_Q3M_C4F_P2,7157600
v1_scalar_F3X_Q3M_C4F_P2,7172300
v1_scalar_F3X_Q3M_C4M_P2,7088600
v1_scalar_F3X_Q3M_C4M_P2,7309300
v1_scalar_F3X_Q3M_C4M_P2,7957700
v1_scalar_F3X_Q3M_C4M_P2,7324100
v1_scalar_F3X_Q3M_C4M_P2,8916700
v1_scalar_F3X_Q3M_C4M_P2,7032300
v1_scalar_F3X_Q3M_C4M_P2,7099400
v1_scalar_F3X_Q3M_C4M_P2,6987300
v1_scalar_F3X_Q3M_C4M_P2,6999000
v1_scalar_F3X_Q3M_C4M_P2,7089000
v1_scalar_F3X_Q3M_C4M_P2,7126500
v1_scalar_F3X_Q3M_C4M_P2,7031300
v1_scalar_F3X_Q3M_C4M_P2,7012400
v1_scalar_F3X_Q3M_C4M_P2,7033400
v1_scalar_F3X_Q3M_C4M_P2,7009300
v1_scalar_F3X_Q3M_C4M_P2,7247600
v1_scalar_F3X_Q3M_C4M_P2,6956000
v1_scalar_F3X_Q3M_C4M_P2,7449400
v1_scalar_F3X_Q3M_C4M_P2,6998500
v1_scalar_F3X_Q3M_C4M_P2,7092300
v1_scalar_F3X_Q3M_C4M_P2,7008300
v1_scalar_F3X_Q3M_C4M_P2,6919900
v1_scalar_F3X_Q3M_C4M_P2,6943000
v1_scalar_F3X_Q3M_C4M_P2,6965800
v1_scalar_F3X_Q3M_C4M_P2,6951800
v1_scalar_F3X_Q3M_C4M_P2,6923600
v1_scalar_F3X_Q3M_C4M_P2,7039800
v1_scalar_F3X_Q3M_C4M_P2,6919200
v1_scalar_F3X_Q3M_C4M_P2,7209000
v1_scalar_F3X_Q3M_C4M_P2,6985600
v1_scalar_F3X_Q3M_C4M_P2,7209100
v1_scalar_F3X_Q3M_C4M_P2,7102300
v1_scalar_F3X_Q3M_C4M_P2,7056700
v1_scalar_F3X_Q3M_C4M_P2,6946500
v1_scalar_F3X_Q3M_C4M_P2,7028800
v1_scalar_F3X_Q3M_C4M_P2,7257900
v1_scalar_F3X_Q3M_C4M_P2,7191100
v1_scalar_F3X_Q3M_C4M_P2,6963700
v1_scalar_F3X_Q3M_C4M_P2,7110600
v1_scalar_F3X_Q3M_C4M_P2,7019700
v1_scalar_F3X_Q3M_C4M_P2,7217600
v1_scalar_F3X_Q3M_C4M_P2,7046700
v1_scalar_F3X_Q3M_C4M_P2,7084200
v1_scalar_F3X_Q3M_C4M_P2,7264000
v1_scalar_F3X_Q3M_C4M_P2,7056600
v1_scalar_F3X_Q3M_C4M_P2,7153200
v1_scalar_F3X_Q3M_C4M_P2,7015600
v1_scalar_F3X_Q3M_C4M_P2,7012400
v1_scalar_F3X_Q3M_C4M_P2,7032700
v1_scalar_F3X_Q3M_C4M_P2,7308300
v1_scalar_F3X_Q3M_C4M_P2,7190400
v1_scalar_F3X_Q3M_C4M_P2,7515300
v1_scalar_F3X_Q3M_C4M_P2,7180200
v1_scalar_F3X_Q3M_C4M_P2,8053400
v1_scalar_F3X_Q3M_C4M_P2,7169000
v1_scalar_F3X_Q3M_C4M_P2,7123400
v1_scalar_F3X_Q3M_C4M_P2,7157300
v1_scalar_F3X_Q3M_C4M_P2,7138000
v1_scalar_F3X_Q3M_C4M_P2,7119200
v1_scalar_F3X_Q3M_C4M_P2,7438900
v1_scalar_F3X_Q3M_C4M_P2,7058300
v1_scalar_F3X_Q3M_C4M_P2,7188800
v1_scalar_F3X_Q3M_C4M_P2,7063000
v1_scalar_F3X_Q3M_C4M_P2,7075600
v1_scalar_F3X_Q3M_C4M_P2,7075900
v1_scalar_F3X_Q3M_C4M_P2,6969400
v1_scalar_F3X_Q3M_C4M_P2,7009700
v1_scalar_F3X_Q3M_C4M_P2,7342100
v1_scalar_F3X_Q3M_C4M_P2,16190300
v1_scalar_F3X_Q3M_C4M_P2,14076500
v1_scalar_F3X_Q3M_C4M_P2,11716400
v1_scalar_F3X_Q3M_C4M_P2,14543400
v1_scalar_F3X_Q3M_C4M_P2,7755500
v1_scalar_F3X_Q3M_C4M_P2,7217400
v1_scalar_F3X_Q3M_C4M_P2,13168500
v1_scalar_F3X_Q3M_C4M_P2,7871700
v1_scalar_F3X_Q3M_C4M_P2,7179400
v1_scalar_F3X_Q3M_C4M_P2,7117400
v1_scalar_F3X_Q3M_C4M_P2,7082900
v1_scalar_F3X_Q3M_C4M_P2,7029400
v1_scalar_F3X_Q3M_C4M_P2,7081200
v1_scalar_F3X_Q3M_C4M_P2,7153600
v1_scalar_F3X_Q3M_C4M_P2,7119900
v1_scalar_F3X_Q3M_C4M_P2,7015900
v1_scalar_F3X_Q3M_C4M_P2,7028200
v1_scalar_F3X_Q3M_C4M_P2,7059900
v1_scalar_F3X_Q3M_C4M_P2,7284300
v1_scalar_F3X_Q3M_C4M_P2,7402100
v1_scalar_F3X_Q3M_C4M_P2,7765500
v1_scalar_F3X_Q3M_C4M_P2,7194200
v1_scalar_F3X_Q3M_C4M_P2,7039300
v1_scalar_F3X_Q3M_C4M_P2,7001600
v1_scalar_F3X_Q3M_C4M_P2,6963500
v1_scalar_F3X_Q3M_C4M_P2,6958900
v1_scalar_F3X_Q3M_C4M_P2,7518700
v1_scalar_F3X_Q3M_C4M_P2,7129300
v1_scalar_F3X_Q3M_C4M_P2,7196200
v1_scalar_F3X_Q3M_C4M_P2,7059200
v1_scalar_F3X_Q3M_C4M_P2,7107900
v1_scalar_F3X_Q3M_C4M_P2,6992400
v1_scalar_F3X_Q3M_C4M_P2,7070600
v1_scalar_F3X_Q3M_C4M_P2,7071200
v1_scalar_F3X_Q3M_C4M_P2,7008400
v1_scalar_F3X_Q3M_C4M_P2,7000000
v1_scalar_F3X_Q3M_C4M_P2,7011600
v1_scalar_F3X_Q3M_C4M_P2,6963200
v1_scalar_F3X_Q3M_C4M_P2,6941700
v1_scalar_F3X_Q3M_C4M_P2,6955100
v1_scalar_F3X_Q3M_C4M_P2,6922900
v1_scalar_F3X_Q3M_C4M_P2,7142600
v1_scalar_F3X_Q3M_C4M_P2,7011400
v1_scalar_F3X_Q3M_C4M_P2,7042300
v1_scalar_F3X_Q3M_C4M_P2,7455500
v1_scalar_F3X_Q3M_C4M_P2,7177600
v1_scalar_F3X_Q3M_C4M_P2,7022600
v1_scalar_F3X_Q3M_C4M_P2,7009400
v1_scalar_F3X_Q3M_C4M_P2,7091500
v1_scalar_F3X_Q3M_C4M_P2,16188100
v1_scalar_F3X_Q3M_C4M_P2,10848600
v1_scalar_F3X_Q3M_C4M_P2,7655700
v1_scalar_F3X_Q3M_C4M_P2,8720600
v1_scalar_F3X_Q3M_C4M_P2,6994900
v1_scalar_F3X_Q3M_C4M_P2,7041000
v1_scalar_F3X_Q3M_C4M_P2,7048100
v1_scalar_F3X_Q3M_C4M_P2,6992100
v1_scalar_F3X_Q3M_C4M_P2,7072700
v1_scalar_F3X_Q3M_C4M_P2,7099800
v1_scalar_F3X_Q3M_C4M_P2,6983200
v1_scalar_F3X_Q3M_C4M_P2,7077400
v1_scalar_F3X_Q3M_C4M_P2,7027300
v1_scalar_F3X_Q3M_C4M_P2,7022000
v1_scalar_F3X_Q3M_C4M_P2,7037200
v1_scalar_F3X_Q3M_C4M_P2,7629500
v1_scalar_F3X_Q3M_C4M_P2,7010200
v1_scalar_F3X_Q3M_C4M_P2,7436100
v1_scalar_F3X_Q3M_C4M_P2,7011400
v1_scalar_F3X_Q3M_C4M_P2,7067400
v1_scalar_F3X_Q3M_C4M_P2,7090400
v1_scalar_F3X_Q3M_C4M_P2,7065600
v1_scalar_F3X_Q3M_C4M_P2,6961800
v1_scalar_F3X_Q3M_C4M_P2,7043500
v1_scalar_F3X_Q3M_C4M_P2,7654400
v1_scalar_F3X_Q3M_C4M_P2,7370100
v1_scalar_F3X_Q3M_C4M_P2,7278900
v1_scalar_F3X_Q3M_C4M_P2,7282500
v1_scalar_F3X_Q3M_C4M_P2,7041500
v1_scalar_F3X_Q3M_C4M_P2,7072200
v1_scalar_F3X_Q3M_C4M_P2,7104100
v1_scalar_F3X_Q3M_C4M_P2,6998300
v1_scalar_F3X_Q3M_C4M_P2,7140100
v1_scalar_F3X_Q3M_C4M_P2,7620500
v1_scalar_F3X_Q3M_C4M_P2,7299900
v1_scalar_F3X_Q3M_C4M_P2,7418100
v1_scalar_F3X_Q3M_C4M_P2,7736000
v1_scalar_F3X_Q3M_C4M_P2,7251400
v1_scalar_F3X_Q3M_C4M_P2,6991900
v1_scalar_F3X_Q3M_C4M_P2,6941500
v1_scalar_F3X_Q3M_C4M_P2,7512900
v1_scalar_F3X_Q3M_C4M_P2,7006500
v1_scalar_F3X_Q3M_C4M_P2,6996500
v1_scalar_F3X_Q3M_C4M_P2,6988800
v1_scalar_F3X_Q3M_C4M_P2,7101800
v1_scalar_F3X_Q3M_C4M_P2,7592400
v1_scalar_F3X_Q3M_C4M_P2,7071800
v1_scalar_F3X_Q3M_C4M_P2,7065600
v1_scalar_F3X_Q3M_C4M_P2,7034700
v1_scalar_F3X_Q3M_C4M_P2,6996400
v1_scalar_F3X_Q3M_C4M_P2,7194000
v1_scalar_F3X_Q3M_C4M_P2,6928400
v1_scalar_F3X_Q3M_C4M_P2,6939300
v1_scalar_F3X_Q3M_C4M_P2,6929200
v1_scalar_F3X_Q3M_C4M_P2,6889600
v1_scalar_F3X_Q3M_C4M_P2,7045200
v1_scalar_F3X_Q3M_C4M_P2,6906700
v1_scalar_F3X_Q3M_C4M_P2,6978400
v1_scalar_F3X_Q3M_C4M_P2,6925500
v1_scalar_F3X_Q3M_C4M_P2,7060400
v1_scalar_F3X_Q3M_C4M_P2,7983700
v1_scalar_F3X_Q3M_C4M_P2,7128400
v1_scalar_F3X_Q3M_C4M_P2,6958100
v1_scalar_F3X_Q3M_C4M_P2,7003100
v1_scalar_F3X_Q3M_C4M_P2,7749400
v1_scalar_F3X_Q3M_C4M_P2,7014600
v1_scalar_F3X_Q3M_C4M_P2,6971200
v1_scalar_F3X_Q3M_C4M_P2,7026200
v1_scalar_F3X_Q3M_C4M_P2,6994200
v1_scalar_F3X_Q3M_C4M_P2,7860300
v1_scalar_F3X_Q3M_C4M_P2,7601700
v1_scalar_F3X_Q3M_C4M_P2,7819800
v1_scalar_F3X_Q3M_C4M_P2,7182100
v1_scalar_F3X_Q3M_C4M_P2,7189400
v1_scalar_F3X_Q3M_C4M_P2,7025000
v1_scalar_F3X_Q3M_C4M_P2,7157500
v1_scalar_F3X_Q3M_C4M_P2,7086500
v1_scalar_F3X_Q3M_C4M_P2,7790100
v1_scalar_F3X_Q3M_C4M_P2,7071500
v1_scalar_F3X_Q3M_C4M_P2,7314900
v1_scalar_F3X_Q3M_C4M_P2,7017600
v1_scalar_F3X_Q3M_C4M_P2,7071900
v1_scalar_F3X_Q3M_C4M_P2,8196500
v1_scalar_F3X_Q3M_C4M_P2,7051600
v1_scalar_F3X_Q3M_C4M_P2,6964300
v1_scalar_F3X_Q3M_C4M_P2,7067000
v1_scalar_F3X_Q3M_C4M_P2,7011800
v1_scalar_F3X_Q3M_C4M_P2,7020100
v1_scalar_F3X_Q3M_C4M_P2,7038900
v1_scalar_F3X_Q3M_C4M_P2,6982600
v1_scalar_F3X_Q3M_C4M_P2,6892500
v1_scalar_F3X_Q3M_C4M_P2,6926800
v1_scalar_F3X_Q3M_C4M_P2,6985000
v1_scalar_F3X_Q3M_C4M_P2,6974900
v1_scalar_F3X_Q3M_C4M_P2,7085700
v1_scalar_F3X_Q3M_C4M_P2,6975700
v1_scalar_F3X_Q3M_C4M_P2,7123700
v1_scalar_F3X_Q3M_C4M_P2,7091100
v1_scalar_F3X_Q3M_C4M_P2,7765600
v1_scalar_F3X_Q3M_C4M_P2,6966200
v1_scalar_F3X_Q3M_C4M_P2,7037000
v1_scalar_F3X_Q3M_C4M_P2,7000800
v1_scalar_F3X_Q3M_C4M_P2,7276300
v1_scalar_F3X_Q3M_C4M_P2,7050200
v1_scalar_F3X_Q3M_C4M_P2,7010300
v1_scalar_F3X_Q3M_C4M_P2,7101900
v1_scalar_F3X_Q3M_C4M_P2,7004700
v1_scalar_F3X_Q3M_C4M_P2,6998400
v1_scalar_F3X_Q3M_C4M_P2,7013300
v1_scalar_F3X_Q3M_C4M_P2,7055200
v1_scalar_F3X_Q3M_C4M_P2,7601300
v1_scalar_F3X_Q3M_C4M_P2,7050000
v1_scalar_F3X_Q3M_C4M_P2,7011300
v1_scalar_F3X_Q3M_C4M_P2,7528500
v1_scalar_F3X_Q3M_C4M_P2,7041100
v1_scalar_F3X_Q3M_C4M_P2,7666100
v1_scalar_F3X_Q3M_C4M_P2,7091200
v1_scalar_F3X_Q3M_C4M_P2,7057400
v1_scalar_F3X_Q3M_C4M_P2,7034600
v1_scalar_F3X_Q3M_C4M_P2,7062800
v1_scalar_F3X_Q3M_C4M_P2,7010100
v1_scalar_F3X_Q3M_C4M_P2,6989500
v1_scalar_F3X_Q3M_C4M_P2,7692000
v1_scalar_F3X_Q3M_C4M_P2,7045300
v1_scalar_F3X_Q3M_C4M_P2,7839800
v1_scalar_F3X_Q3M_C4M_P2,9295000
v1_scalar_F3X_Q3M_C4M_P2,8005700
v1_scalar_F3X_Q3M_C4M_P2,7283900
v1_scalar_F3X_Q3M_C4M_P2,7476800
v1_scalar_F3X_Q3M_C4M_P2,7122200
v1_scalar_F3X_Q3M_C4M_P2,7076300
v1_scalar_F3X_Q3M_C4M_P2,6987900
v1_scalar_F3X_Q3M_C4M_P2,6981600
v1_scalar_F3X_Q3M_C4M_P2,6992500
v1_scalar_F3X_Q3M_C4M_P2,6955800
v1_scalar_F3X_Q3M_C4M_P2,7061300
v1_scalar_F3X_Q3M_C4M_P2,6920100
v1_scalar_F3X_Q3M_C4M_P2,6982300
v1_scalar_F3X_Q3M_C4M_P2,6914200
v1_scalar_F3X_Q3M_C4M_P2,7546400
v1_scalar_F3X_Q3M_C4M_P2,7055400
v1_scalar_F3X_Q3M_C4M_P2,6935100
v1_scalar_F3X_Q3M_C4M_P2,7241000
v1_scalar_F3X_Q3M_C4M_P2,6972100
v1_scalar_F3X_Q3M_C4M_P2,7016100
v1_scalar_F3X_Q4F_C1R_P2,84128700
v1_scalar_F3X_Q4F_C1R_P2,84319700
v1_scalar_F3X_Q4F_C1R_P2,83739700
v1_scalar_F3X_Q4F_C1R_P2,83527300
v1_scalar_F3X_Q4F_C1R_P2,84802800
v1_scalar_F3X_Q4F_C1R_P2,85170100
v1_scalar_F3X_Q4F_C1R_P2,85356600
v1_scalar_F3X_Q4F_C1R_P2,85116200
v1_scalar_F3X_Q4F_C1R_P2,83715700
v1_scalar_F3X_Q4F_C1R_P2,87224300
v1_scalar_F3X_Q4F_C1R_P2,85457600
v1_scalar_F3X_Q4F_C1R_P2,86242200
v1_scalar_F3X_Q4F_C1R_P2,83568800
v1_scalar_F3X_Q4F_C1R_P2,84274600
v1_scalar_F3X_Q4F_C1R_P2,88041900
v1_scalar_F3X_Q4F_C1R_P2,84751400
v1_scalar_F3X_Q4F_C1R_P2,86837000
v1_scalar_F3X_Q4F_C1R_P2,86788900
v1_scalar_F3X_Q4F_C1R_P2,85389400
v1_scalar_F3X_Q4F_C1R_P2,83568100
v1_scalar_F3X_Q4F_C1R_P2,87048500
v1_scalar_F3X_Q4F_C1R_P2,85357700
v1_scalar_F3X_Q4F_C1R_P2,85491300
v1_scalar_F3X_Q4F_C1R_P2,86251700
v1_scalar_F3X_Q4F_C1R_P2,86179400
v1_scalar_F3X_Q4F_C1X_P2,49009700
v1_scalar_F3X_Q4F_C1X_P2,49757400
v1_scalar_F3X_Q4F_C1X_P2,49069000
v1_scalar_F3X_Q4F_C1X_P2,49740800
v1_scalar_F3X_Q4F_C1X_P2,52391900
v1_scalar_F3X_Q4F_C1X_P2,49693200
v1_scalar_F3X_Q4F_C1X_P2,48481000
v1_scalar_F3X_Q4F_C1X_P2,49633900
v1_scalar_F3X_Q4F_C1X_P2,49654000
v1_scalar_F3X_Q4F_C1X_P2,48410500
v1_scalar_F3X_Q4F_C1X_P2,48997300
v1_scalar_F3X_Q4F_C1X_P2,52822300
v1_scalar_F3X_Q4F_C1X_P2,49114000
v1_scalar_F3X_Q4F_C1X_P2,48878400
v1_scalar_F3X_Q4F_C1X_P2,49223400
v1_scalar_F3X_Q4F_C1X_P2,51353400
v1_scalar_F3X_Q4F_C1X_P2,48585600
v1_scalar_F3X_Q4F_C1X_P2,50515400
v1_scalar_F3X_Q4F_C1X_P2,49503700
v1_scalar_F3X_Q4F_C1X_P2,48165300
v1_scalar_F3X_Q4F_C1X_P2,48120700
v1_scalar_F3X_Q4F_C1X_P2,48762000
v1_scalar_F3X_Q4F_C1X_P2,50963400
v1_scalar_F3X_Q4F_C1X_P2,48718400
v1_scalar_F3X_Q4F_C1X_P2,49651400
v1_scalar_F3X_Q4F_C1X_P2,48759600
v1_scalar_F3X_Q4F_C1X_P2,51440300
v1_scalar_F3X_Q4F_C1X_P2,48500700
v1_scalar_F3X_Q4F_C1X_P2,48434600
v1_scalar_F3X_Q4F_C1X_P2,48945300
v1_scalar_F3X_Q4F_C1X_P2,76725100
v1_scalar_F3X_Q4F_C1X_P2,49194500
v1_scalar_F3X_Q4F_C1X_P2,47968700
v1_scalar_F3X_Q4F_C1X_P2,50475900
v1_scalar_F3X_Q4F_C1X_P2,50524800
v1_scalar_F3X_Q4F_C1X_P2,50530700
v1_scalar_F3X_Q4F_C1X_P2,48988900
v1_scalar_F3X_Q4F_C1X_P2,49270200
v1_scalar_F3X_Q4F_C1X_P2,48614700
v1_scalar_F3X_Q4F_C1X_P2,48515400
v1_scalar_F3X_Q4F_C2R_P2,68659300
v1_scalar_F3X_Q4F_C2R_P2,67783800
v1_scalar_F3X_Q4F_C2R_P2,68297000
v1_scalar_F3X_Q4F_C2R_P2,70354900
v1_scalar_F3X_Q4F_C2R_P2,67984800
v1_scalar_F3X_Q4F_C2R_P2,68162800
v1_scalar_F3X_Q4F_C2R_P2,67897400
v1_scalar_F3X_Q4F_C2R_P2,67791900
v1_scalar_F3X_Q4F_C2R_P2,68411000
v1_scalar_F3X_Q4F_C2R_P2,68143600
v1_scalar_F3X_Q4F_C2R_P2,69010600
v1_scalar_F3X_Q4F_C2R_P2,67896500
v1_scalar_F3X_Q4F_C2R_P2,69376800
v1_scalar_F3X_Q4F_C2R_P2,70125800
v1_scalar_F3X_Q4F_C2R_P2,69709300
v1_scalar_F3X_Q4F_C2R_P2,69013700
v1_scalar_F3X_Q4F_C2R_P2,69515300
v1_scalar_F3X_Q4F_C2R_P2,82055700
v1_scalar_F3X_Q4F_C2R_P2,73645800
v1_scalar_F3X_Q4F_C2R_P2,75979400
v1_scalar_F3X_Q4F_C2R_P2,69438900
v1_scalar_F3X_Q4F_C2R_P2,68262600
v1_scalar_F3X_Q4F_C2R_P2,72125000
v1_scalar_F3X_Q4F_C2R_P2,72667900
v1_scalar_F3X_Q4F_C2R_P2,69886100
v1_scalar_F3X_Q4F_C2R_P2,71715200
v1_scalar_F3X_Q4F_C2R_P2,69212800
v1_scalar_F3X_Q4F_C2R_P2,68781700
v1_scalar_F3X_Q4F_C2R_P2,68026000
v1_scalar_F3X_Q4F_C2X_P2,42219900
v1_scalar_F3X_Q4F_C2X_P2,42237500
v1_scalar_F3X_Q4F_C2X_P2,42464400
v1_scalar_F3X_Q4F_C2X_P2,43027900
v1_scalar_F3X_Q4F_C2X_P2,41096500
v1_scalar_F3X_Q4F_C2X_P2,41434700
v1_scalar_F3X_Q4F_C2X_P2,42015800
v1_scalar_F3X_Q4F_C2X_P2,41283700
v1_scalar_F3X_Q4F_C2X_P2,41754500
v1_scalar_F3X_Q4F_C2X_P2,41840000
v1_scalar_F3X_Q4F_C2X_P2,41985700
v1_scalar_F3X_Q4F_C2X_P2,43728000
v1_scalar_F3X_Q4F_C2X_P2,43899000
v1_scalar_F3X_Q4F_C2X_P2,41611600
v1_scalar_F3X_Q4F_C2X_P2,42691500
v1_scalar_F3X_Q4F_C2X_P2,41079000
v1_scalar_F3X_Q4F_C2X_P2,41052700
v1_scalar_F3X_Q4F_C2X_P2,42759100
v1_scalar_F3X_Q4F_C2X_P2,42182000
v1_scalar_F3X_Q4F_C2X_P2,41086600
v1_scalar_F3X_Q4F_C2X_P2,41765800
v1_scalar_F3X_Q4F_C2X_P2,40953100
v1_scalar_F3X_Q4F_C2X_P2,41518100
v1_scalar_F3X_Q4F_C2X_P2,42215700
v1_scalar_F3X_Q4F_C2X_P2,42690300
v1_scalar_F3X_Q4F_C2X_P2,41856900
v1_scalar_F3X_Q4F_C2X_P2,42068300
v1_scalar_F3X_Q4F_C2X_P2,40865200
v1_scalar_F3X_Q4F_C2X_P2,41634200
v1_scalar_F3X_Q4F_C2X_P2,41613500
v1_scalar_F3X_Q4F_C2X_P2,42189100
v1_scalar_F3X_Q4F_C2X_P2,41159600
v1_scalar_F3X_Q4F_C2X_P2,41763600
v1_scalar_F3X_Q4F_C2X_P2,41820300
v1_scalar_F3X_Q4F_C2X_P2,41463000
v1_scalar_F3X_Q4F_C2X_P2,41361700
v1_scalar_F3X_Q4F_C2X_P2,41210800
v1_scalar_F3X_Q4F_C2X_P2,41048600
v1_scalar_F3X_Q4F_C2X_P2,42165000
v1_scalar_F3X_Q4F_C2X_P2,41270400
v1_scalar_F3X_Q4F_C2X_P2,41654500
v1_scalar_F3X_Q4F_C2X_P2,41618500
v1_scalar_F3X_Q4F_C2X_P2,41297200
v1_scalar_F3X_Q4F_C2X_P2,43041200
v1_scalar_F3X_Q4F_C2X_P2,42456500
v1_scalar_F3X_Q4F_C2X_P2,41541100
v1_scalar_F3X_Q4F_C2X_P2,41786600
v1_scalar_F3X_Q4F_C2X_P2,42175000
v1_scalar_F3X_Q4F_C3_P2,30660300
v1_scalar_F3X_Q4F_C3_P2,29940500
v1_scalar_F3X_Q4F_C3_P2,29986300
v1_scalar_F3X_Q4F_C3_P2,30462300
v1_scalar_F3X_Q4F_C3_P2,29895800
v1_scalar_F3X_Q4F_C3_P2,30224700
v1_scalar_F3X_Q4F_C3_P2,31439300
v1_scalar_F3X_Q4F_C3_P2,30683200
v1_scalar_F3X_Q4F_C3_P2,30990400
v1_scalar_F3X_Q4F_C3_P2,30936900
v1_scalar_F3X_Q4F_C3_P2,30085300
v1_scalar_F3X_Q4F_C3_P2,31198400
v1_scalar_F3X_Q4F_C3_P2,30817200
v1_scalar_F3X_Q4F_C3_P2,30468500
v1_scalar_F3X_Q4F_C3_P2,30627700
v1_scalar_F3X_Q4F_C3_P2,30894200
v1_scalar_F3X_Q4F_C3_P2,31048300
v1_scalar_F3X_Q4F_C3_P2,31034100
v1_scalar_F3X_Q4F_C3_P2,31137400
v1_scalar_F3X_Q4F_C3_P2,30059700
v1_scalar_F3X_Q4F_C3_P2,30632900
v1_scalar_F3X_Q4F_C3_P2,30387400
v1_scalar_F3X_Q4F_C3_P2,30495600
v1_scalar_F3X_Q4F_C3_P2,31133200
v1_scalar_F3X_Q4F_C3_P2,30504300
v1_scalar_F3X_Q4F_C3_P2,30659500
v1_scalar_F3X_Q4F_C3_P2,30347000
v1_scalar_F3X_Q4F_C3_P2,30809100
v1_scalar_F3X_Q4F_C3_P2,32012700
v1_scalar_F3X_Q4F_C3_P2,30113700
v1_scalar_F3X_Q4F_C3_P2,30048600
v1_scalar_F3X_Q4F_C3_P2,52870600
v1_scalar_F3X_Q4F_C3_P2,31117600
v1_scalar_F3X_Q4F_C3_P2,30943500
v1_scalar_F3X_Q4F_C3_P2,31390200
v1_scalar_F3X_Q4F_C3_P2,30573800
v1_scalar_F3X_Q4F_C3_P2,29934600
v1_scalar_F3X_Q4F_C3_P2,29904900
v1_scalar_F3X_Q4F_C3_P2,30730000
v1_scalar_F3X_Q4F_C3_P2,30862600
v1_scalar_F3X_Q4F_C3_P2,30783400
v1_scalar_F3X_Q4F_C3_P2,30523000
v1_scalar_F3X_Q4F_C3_P2,30094400
v1_scalar_F3X_Q4F_C3_P2,30170900
v1_scalar_F3X_Q4F_C3_P2,32435700
v1_scalar_F3X_Q4F_C3_P2,29900900
v1_scalar_F3X_Q4F_C3_P2,31042200
v1_scalar_F3X_Q4F_C3_P2,30978800
v1_scalar_F3X_Q4F_C3_P2,30431600
v1_scalar_F3X_Q4F_C3_P2,31047400
v1_scalar_F3X_Q4F_C3_P2,31216900
v1_scalar_F3X_Q4F_C3_P2,30719300
v1_scalar_F3X_Q4F_C3_P2,30300900
v1_scalar_F3X_Q4F_C3_P2,30313200
v1_scalar_F3X_Q4F_C3_P2,31160200
v1_scalar_F3X_Q4F_C3_P2,30042100
v1_scalar_F3X_Q4F_C3_P2,32586700
v1_scalar_F3X_Q4F_C3_P2,30930500
v1_scalar_F3X_Q4F_C3_P2,30565500
v1_scalar_F3X_Q4F_C3_P2,30892800
v1_scalar_F3X_Q4F_C3_P2,29991900
v1_scalar_F3X_Q4F_C3_P2,29994600
v1_scalar_F3X_Q4F_C3_P2,31794900
v1_scalar_F3X_Q4F_C4F_P2,30822600
v1_scalar_F3X_Q4F_C4F_P2,30790200
v1_scalar_F3X_Q4F_C4F_P2,31744800
v1_scalar_F3X_Q4F_C4F_P2,32129100
v1_scalar_F3X_Q4F_C4F_P2,31425900
v1_scalar_F3X_Q4F_C4F_P2,30641400
v1_scalar_F3X_Q4F_C4F_P2,30774200
v1_scalar_F3X_Q4F_C4F_P2,31260100
v1_scalar_F3X_Q4F_C4F_P2,30955200
v1_scalar_F3X_Q4F_C4F_P2,30771600
v1_scalar_F3X_Q4F_C4F_P2,31118200
v1_scalar_F3X_Q4F_C4F_P2,30530200
v1_scalar_F3X_Q4F_C4F_P2,30848700
v1_scalar_F3X_Q4F_C4F_P2,31401000
v1_scalar_F3X_Q4F_C4F_P2,31054100
v1_scalar_F3X_Q4F_C4F_P2,31147700
v1_scalar_F3X_Q4F_C4F_P2,30681800
v1_scalar_F3X_Q4F_C4F_P2,31109400
v1_scalar_F3X_Q4F_C4F_P2,32102100
v1_scalar_F3X_Q4F_C4F_P2,30896100
v1_scalar_F3X_Q4F_C4F_P2,31927100
v1_scalar_F3X_Q4F_C4F_P2,31024400
v1_scalar_F3X_Q4F_C4F_P2,31747000
v1_scalar_F3X_Q4F_C4F_P2,30751500
v1_scalar_F3X_Q4F_C4F_P2,31905000
v1_scalar_F3X_Q4F_C4F_P2,31537900
v1_scalar_F3X_Q4F_C4F_P2,31764800
v1_scalar_F3X_Q4F_C4F_P2,31339700
v1_scalar_F3X_Q4F_C4F_P2,32193800
v1_scalar_F3X_Q4F_C4F_P2,31441200
v1_scalar_F3X_Q4F_C4F_P2,31350900
v1_scalar_F3X_Q4F_C4F_P2,30837000
v1_scalar_F3X_Q4F_C4F_P2,32866100
v1_scalar_F3X_Q4F_C4F_P2,32019600
v1_scalar_F3X_Q4F_C4F_P2,31606800
v1_scalar_F3X_Q4F_C4F_P2,31688100
v1_scalar_F3X_Q4F_C4F_P2,31012300
v1_scalar_F3X_Q4F_C4F_P2,32185100
v1_scalar_F3X_Q4F_C4F_P2,32000400
v1_scalar_F3X_Q4F_C4F_P2,31829900
v1_scalar_F3X_Q4F_C4F_P2,31155500
v1_scalar_F3X_Q4F_C4F_P2,32881200
v1_scalar_F3X_Q4F_C4F_P2,32550500
v1_scalar_F3X_Q4F_C4F_P2,31004900
v1_scalar_F3X_Q4F_C4F_P2,30749400
v1_scalar_F3X_Q4F_C4F_P2,31196400
v1_scalar_F3X_Q4F_C4F_P2,31177100
v1_scalar_F3X_Q4F_C4F_P2,31493200
v1_scalar_F3X_Q4F_C4F_P2,31630600
v1_scalar_F3X_Q4F_C4F_P2,31499200
v1_scalar_F3X_Q4F_C4F_P2,30753800
v1_scalar_F3X_Q4F_C4F_P2,30710200
v1_scalar_F3X_Q4F_C4F_P2,30596200
v1_scalar_F3X_Q4F_C4F_P2,31244200
v1_scalar_F3X_Q4F_C4F_P2,30459700
v1_scalar_F3X_Q4F_C4F_P2,31059900
v1_scalar_F3X_Q4F_C4F_P2,30802300
v1_scalar_F3X_Q4F_C4F_P2,31129200
v1_scalar_F3X_Q4F_C4F_P2,30985100
v1_scalar_F3X_Q4F_C4F_P2,31302800
v1_scalar_F3X_Q4F_C4F_P2,30882400
v1_scalar_F3X_Q4F_C4F_P2,31684300
v1_scalar_F3X_Q4F_C4F_P2,31651300
v1_scalar_F3X_Q4F_C4F_P2,31123700
v1_scalar_F3X_Q4F_C4M_P2,32792000
v1_scalar_F3X_Q4F_C4M_P2,32704300
v1_scalar_F3X_Q4F_C4M_P2,33155300
v1_scalar_F3X_Q4F_C4M_P2,32840900
v1_scalar_F3X_Q4F_C4M_P2,32927100
v1_scalar_F3X_Q4F_C4M_P2,32883900
v1_scalar_F3X_Q4F_C4M_P2,32952600
v1_scalar_F3X_Q4F_C4M_P2,34009400
v1_scalar_F3X_Q4F_C4M_P2,34377400
v1_scalar_F3X_Q4F_C4M_P2,34918700
v1_scalar_F3X_Q4F_C4M_P2,33071900
v1_scalar_F3X_Q4F_C4M_P2,33075900
v1_scalar_F3X_Q4F_C4M_P2,33084200
v1_scalar_F3X_Q4F_C4M_P2,33914800
v1_scalar_F3X_Q4F_C4M_P2,35637600
v1_scalar_F3X_Q4F_C4M_P2,33268400
v1_scalar_F3X_Q4F_C4M_P2,33438200
v1_scalar_F3X_Q4F_C4M_P2,32844700
v1_scalar_F3X_Q4F_C4M_P2,33982700
v1_scalar_F3X_Q4F_C4M_P2,33412300
v1_scalar_F3X_Q4F_C4M_P2,33218900
v1_scalar_F3X_Q4F_C4M_P2,33101300
v1_scalar_F3X_Q4F_C4M_P2,33105000
v1_scalar_F3X_Q4F_C4M_P2,33148500
v1_scalar_F3X_Q4F_C4M_P2,33061500
v1_scalar_F3X_Q4F_C4M_P2,33538800
v1_scalar_F3X_Q4F_C4M_P2,33210600
v1_scalar_F3X_Q4F_C4M_P2,36551000
v1_scalar_F3X_Q4F_C4M_P2,34541400
v1_scalar_F3X_Q4F_C4M_P2,33828300
v1_scalar_F3X_Q4F_C4M_P2,33730900
v1_scalar_F3X_Q4F_C4M_P2,33866000
v1_scalar_F3X_Q4F_C4M_P2,33810500
v1_scalar_F3X_Q4F_C4M_P2,34112700
v1_scalar_F3X_Q4F_C4M_P2,34068900
v1_scalar_F3X_Q4F_C4M_P2,33553300
v1_scalar_F3X_Q4F_C4M_P2,33918400
v1_scalar_F3X_Q4F_C4M_P2,33741600
v1_scalar_F3X_Q4F_C4M_P2,33539000
v1_scalar_F3X_Q4F_C4M_P2,32930900
v1_scalar_F3X_Q4F_C4M_P2,33781800
v1_scalar_F3X_Q4F_C4M_P2,34054000
v1_scalar_F3X_Q4F_C4M_P2,33499400
v1_scalar_F3X_Q4F_C4M_P2,32982500
v1_scalar_F3X_Q4F_C4M_P2,33008700
v1_scalar_F3X_Q4F_C4M_P2,33627600
v1_scalar_F3X_Q4F_C4M_P2,32908000
v1_scalar_F3X_Q4F_C4M_P2,32983500
v1_scalar_F3X_Q4F_C4M_P2,34318600
v1_scalar_F3X_Q4F_C4M_P2,33756700
v1_scalar_F3X_Q4F_C4M_P2,32658300
v1_scalar_F3X_Q4F_C4M_P2,33406700
v1_scalar_F3X_Q4F_C4M_P2,33236600
v1_scalar_F3X_Q4F_C4M_P2,33676700
v1_scalar_F3X_Q4F_C4M_P2,34170500
v1_scalar_F3X_Q4F_C4M_P2,34857200
v1_scalar_F3X_Q4F_C4M_P2,33037200
v1_scalar_F3X_Q4F_C4M_P2,33080300
v1_scalar_F3X_Q4F_C4M_P2,33910000
v1_scalar_F3X_Q4M_C1R_P2,91516400
v1_scalar_F3X_Q4M_C1R_P2,89986000
v1_scalar_F3X_Q4M_C1R_P2,117940700
v1_scalar_F3X_Q4M_C1R_P2,93089000
v1_scalar_F3X_Q4M_C1R_P2,94207600
v1_scalar_F3X_Q4M_C1R_P2,90535700
v1_scalar_F3X_Q4M_C1R_P2,90070800
v1_scalar_F3X_Q4M_C1R_P2,90860400
v1_scalar_F3X_Q4M_C1R_P2,93088100
v1_scalar_F3X_Q4M_C1R_P2,118313300
v1_scalar_F3X_Q4M_C1R_P2,94391000
v1_scalar_F3X_Q4M_C1R_P2,93277300
v1_scalar_F3X_Q4M_C1R_P2,89619200
v1_scalar_F3X_Q4M_C1R_P2,91718500
v1_scalar_F3X_Q4M_C1R_P2,90906100
v1_scalar_F3X_Q4M_C1R_P2,93266100
v1_scalar_F3X_Q4M_C1R_P2,91429000
v1_scalar_F3X_Q4M_C1R_P2,90866300
v1_scalar_F3X_Q4M_C1R_P2,91423800
v1_scalar_F3X_Q4M_C1R_P2,91395000
v1_scalar_F3X_Q4M_C1R_P2,91062600
v1_scalar_F3X_Q4M_C1R_P2,91387500
v1_scalar_F3X_Q4M_C1R_P2,90424500
v1_scalar_F3X_Q4M_C1X_P2,55692500
v1_scalar_F3X_Q4M_C1X_P2,56780200
v1_scalar_F3X_Q4M_C1X_P2,55888000
v1_scalar_F3X_Q4M_C1X_P2,56173200
v1_scalar_F3X_Q4M_C1X_P2,56714800
v1_scalar_F3X_Q4M_C1X_P2,56231700
v1_scalar_F3X_Q4M_C1X_P2,57230500
v1_scalar_F3X_Q4M_C1X_P2,56123700
v1_scalar_F3X_Q4M_C1X_P2,57252000
v1_scalar_F3X_Q4M_C1X_P2,57524800
v1_scalar_F3X_Q4M_C1X_P2,57953000
v1_scalar_F3X_Q4M_C1X_P2,59826400
v1_scalar_F3X_Q4M_C1X_P2,56810200
v1_scalar_F3X_Q4M_C1X_P2,57428100
v1_scalar_F3X_Q4M_C1X_P2,56228100
v1_scalar_F3X_Q4M_C1X_P2,56630100
v1_scalar_F3X_Q4M_C1X_P2,55829300
v1_scalar_F3X_Q4M_C1X_P2,55821900
v1_scalar_F3X_Q4M_C1X_P2,57135100
v1_scalar_F3X_Q4M_C1X_P2,57032400
v1_scalar_F3X_Q4M_C1X_P2,56190100
v1_scalar_F3X_Q4M_C1X_P2,56138600
v1_scalar_F3X_Q4M_C1X_P2,56568700
v1_scalar_F3X_Q4M_C1X_P2,56769800
v1_scalar_F3X_Q4M_C1X_P2,55926500
v1_scalar_F3X_Q4M_C1X_P2,57572200
v1_scalar_F3X_Q4M_C1X_P2,56046300
v1_scalar_F3X_Q4M_C1X_P2,56474000
v1_scalar_F3X_Q4M_C1X_P2,56633100
v1_scalar_F3X_Q4M_C1X_P2,56069200
v1_scalar_F3X_Q4M_C1X_P2,56109300
v1_scalar_F3X_Q4M_C1X_P2,57123300
v1_scalar_F3X_Q4M_C1X_P2,56001800
v1_scalar_F3X_Q4M_C1X_P2,57473500
v1_scalar_F3X_Q4M_C1X_P2,56210900
v1_scalar_F3X_Q4M_C1X_P2,56346000
v1_scalar_F3X_Q4M_C2R_P2,75654900
v1_scalar_F3X_Q4M_C2R_P2,75823100
v1_scalar_F3X_Q4M_C2R_P2,76168000
v1_scalar_F3X_Q4M_C2R_P2,73911000
v1_scalar_F3X_Q4M_C2R_P2,75802300
v1_scalar_F3X_Q4M_C2R_P2,75452700
v1_scalar_F3X_Q4M_C2R_P2,74608500
v1_scalar_F3X_Q4M_C2R_P2,76361300
v1_scalar_F3X_Q4M_C2R_P2,76876100
v1_scalar_F3X_Q4M_C2R_P2,76702200
v1_scalar_F3X_Q4M_C2R_P2,76780100
v1_scalar_F3X_Q4M_C2R_P2,77542000
v1_scalar_F3X_Q4M_C2R_P2,76892900
v1_scalar_F3X_Q4M_C2R_P2,78820600
v1_scalar_F3X_Q4M_C2R_P2,75975700
v1_scalar_F3X_Q4M_C2R_P2,74050100
v1_scalar_F3X_Q4M_C2R_P2,73998400
v1_scalar_F3X_Q4M_C2R_P2,75902700
v1_scalar_F3X_Q4M_C2R_P2,74497900
v1_scalar_F3X_Q4M_C2R_P2,74960700
v1_scalar_F3X_Q4M_C2R_P2,75033500
v1_scalar_F3X_Q4M_C2R_P2,75185700
v1_scalar_F3X_Q4M_C2R_P2,74987800
v1_scalar_F3X_Q4M_C2R_P2,76807300
v1_scalar_F3X_Q4M_C2R_P2,75576900
v1_scalar_F3X_Q4M_C2R_P2,75004900
v1_scalar_F3X_Q4M_C2R_P2,74053500
v1_scalar_F3X_Q4M_C2X_P2,48469900
v1_scalar_F3X_Q4M_C2X_P2,48038300
v1_scalar_F3X_Q4M_C2X_P2,49200300
v1_scalar_F3X_Q4M_C2X_P2,48143100
v1_scalar_F3X_Q4M_C2X_P2,48210700
v1_scalar_F3X_Q4M_C2X_P2,48409500
v1_scalar_F3X_Q4M_C2X_P2,48821100
v1_scalar_F3X_Q4M_C2X_P2,48297300
v1_scalar_F3X_Q4M_C2X_P2,48709000
v1_scalar_F3X_Q4M_C2X_P2,49323100
v1_scalar_F3X_Q4M_C2X_P2,48199500
v1_scalar_F3X_Q4M_C2X_P2,51538600
v1_scalar_F3X_Q4M_C2X_P2,49419800
v1_scalar_F3X_Q4M_C2X_P2,49435700
v1_scalar_F3X_Q4M_C2X_P2,49158300
v1_scalar_F3X_Q4M_C2X_P2,50643600
v1_scalar_F3X_Q4M_C2X_P2,48013700
v1_scalar_F3X_Q4M_C2X_P2,47631300
v1_scalar_F3X_Q4M_C2X_P2,48044700
v1_scalar_F3X_Q4M_C2X_P2,49332500
v1_scalar_F3X_Q4M_C2X_P2,48685000
v1_scalar_F3X_Q4M_C2X_P2,48621200
v1_scalar_F3X_Q4M_C2X_P2,48369000
v1_scalar_F3X_Q4M_C2X_P2,49308200
v1_scalar_F3X_Q4M_C2X_P2,49114900
v1_scalar_F3X_Q4M_C2X_P2,48624200
v1_scalar_F3X_Q4M_C2X_P2,48881200
v1_scalar_F3X_Q4M_C2X_P2,49001800
v1_scalar_F3X_Q4M_C2X_P2,48470600
v1_scalar_F3X_Q4M_C2X_P2,48879300
v1_scalar_F3X_Q4M_C2X_P2,48541600
v1_scalar_F3X_Q4M_C2X_P2,48127300
v1_scalar_F3X_Q4M_C2X_P2,49104200
v1_scalar_F3X_Q4M_C2X_P2,49003500
v1_scalar_F3X_Q4M_C2X_P2,48775300
v1_scalar_F3X_Q4M_C2X_P2,47915300
v1_scalar_F3X_Q4M_C2X_P2,48570300
v1_scalar_F3X_Q4M_C2X_P2,48063300
v1_scalar_F3X_Q4M_C2X_P2,47861400
v1_scalar_F3X_Q4M_C2X_P2,48858400
v1_scalar_F3X_Q4M_C2X_P2,49250400
v1_scalar_F3X_Q4M_C3_P2,38229200
v1_scalar_F3X_Q4M_C3_P2,38192400
v1_scalar_F3X_Q4M_C3_P2,38397800
v1_scalar_F3X_Q4M_C3_P2,38545800
v1_scalar_F3X_Q4M_C3_P2,40033900
v1_scalar_F3X_Q4M_C3_P2,38280000
v1_scalar_F3X_Q4M_C3_P2,37953100
v1_scalar_F3X_Q4M_C3_P2,39707500
v1_scalar_F3X_Q4M_C3_P2,38150700
v1_scalar_F3X_Q4M_C3_P2,38466800
v1_scalar_F3X_Q4M_C3_P2,38983600
v1_scalar_F3X_Q4M_C3_P2,38363500
v1_scalar_F3X_Q4M_C3_P2,38116300
v1_scalar_F3X_Q4M_C3_P2,38444200
v1_scalar_F3X_Q4M_C3_P2,38175400
v1_scalar_F3X_Q4M_C3_P2,38698400
v1_scalar_F3X_Q4M_C3_P2,39444500
v1_scalar_F3X_Q4M_C3_P2,40053100
v1_scalar_F3X_Q4M_C3_P2,37820700
v1_scalar_F3X_Q4M_C3_P2,38599500
v1_scalar_F3X_Q4M_C3_P2,38967200
v1_scalar_F3X_Q4M_C3_P2,38983100
v1_scalar_F3X_Q4M_C3_P2,38990500
v1_scalar_F3X_Q4M_C3_P2,38598300
v1_scalar_F3X_Q4M_C3_P2,37752900
v1_scalar_F3X_Q4M_C3_P2,37984900
v1_scalar_F3X_Q4M_C3_P2,38666800
v1_scalar_F3X_Q4M_C3_P2,37926400
v1_scalar_F3X_Q4M_C3_P2,37645100
v1_scalar_F3X_Q4M_C3_P2,37829700
v1_scalar_F3X_Q4M_C3_P2,38123400
v1_scalar_F3X_Q4M_C3_P2,37632400
v1_scalar_F3X_Q4M_C3_P2,37823600
v1_scalar_F3X_Q4M_C3_P2,37979300
v1_scalar_F3X_Q4M_C3_P2,37728500
v1_scalar_F3X_Q4M_C3_P2,37441200
v1_scalar_F3X_Q4M_C3_P2,37562000
v1_scalar_F3X_Q4M_C3_P2,38079300
v1_scalar_F3X_Q4M_C3_P2,38396400
v1_scalar_F3X_Q4M_C3_P2,38121300
v1_scalar_F3X_Q4M_C3_P2,38392100
v1_scalar_F3X_Q4M_C3_P2,37766400
v1_scalar_F3X_Q4M_C3_P2,38949100
v1_scalar_F3X_Q4M_C3_P2,38076200
v1_scalar_F3X_Q4M_C3_P2,37805700
v1_scalar_F3X_Q4M_C3_P2,39222700
v1_scalar_F3X_Q4M_C3_P2,38039000
v1_scalar_F3X_Q4M_C3_P2,38629000
v1_scalar_F3X_Q4M_C3_P2,42762200
v1_scalar_F3X_Q4M_C3_P2,40014700
v1_scalar_F3X_Q4M_C3_P2,37849500
v1_scalar_F3X_Q4M_C3_P2,38493700
v1_scalar_F3X_Q4M_C4F_P2,39198400
v1_scalar_F3X_Q4M_C4F_P2,39703800
v1_scalar_F3X_Q4M_C4F_P2,39233700
v1_scalar_F3X_Q4M_C4F_P2,39602800
v1_scalar_F3X_Q4M_C4F_P2,38365200
v1_scalar_F3X_Q4M_C4F_P2,38442100
v1_scalar_F3X_Q4M_C4F_P2,39414300
v1_scalar_F3X_Q4M_C4F_P2,38408600
v1_scalar_F3X_Q4M_C4F_P2,38857300
v1_scalar_F3X_Q4M_C4F_P2,38184000
v1_scalar_F3X_Q4M_C4F_P2,39513600
v1_scalar_F3X_Q4M_C4F_P2,39454900
v1_scalar_F3X_Q4M_C4F_P2,38988200
v1_scalar_F3X_Q4M_C4F_P2,39800400
v1_scalar_F3X_Q4M_C4F_P2,40141200
v1_scalar_F3X_Q4M_C4F_P2,38400700
v1_scalar_F3X_Q4M_C4F_P2,40216800
v1_scalar_F3X_Q4M_C4F_P2,38819900
v1_scalar_F3X_Q4M_C4F_P2,38260700
v1_scalar_F3X_Q4M_C4F_P2,38813800
v1_scalar_F3X_Q4M_C4F_P2,38258700
v1_scalar_F3X_Q4M_C4F_P2,38574300
v1_scalar_F3X_Q4M_C4F_P2,40355900
v1_scalar_F3X_Q4M_C4F_P2,38390200
v1_scalar_F3X_Q4M_C4F_P2,38730900
v1_scalar_F3X_Q4M_C4F_P2,39252200
v1_scalar_F3X_Q4M_C4F_P2,38732900
v1_scalar_F3X_Q4M_C4F_P2,39858000
v1_scalar_F3X_Q4M_C4F_P2,38860200
v1_scalar_F3X_Q4M_C4F_P2,40818600
v1_scalar_F3X_Q4M_C4F_P2,39463300
v1_scalar_F3X_Q4M_C4F_P2,38807700
v1_scalar_F3X_Q4M_C4F_P2,39061000
v1_scalar_F3X_Q4M_C4F_P2,39816100
v1_scalar_F3X_Q4M_C4F_P2,40459700
v1_scalar_F3X_Q4M_C4F_P2,38896600
v1_scalar_F3X_Q4M_C4F_P2,38293700
v1_scalar_F3X_Q4M_C4F_P2,39015900
v1_scalar_F3X_Q4M_C4F_P2,38378500
v1_scalar_F3X_Q4M_C4F_P2,38245600
v1_scalar_F3X_Q4M_C4F_P2,38132800
v1_scalar_F3X_Q4M_C4F_P2,38717800
v1_scalar_F3X_Q4M_C4F_P2,40567200
v1_scalar_F3X_Q4M_C4F_P2,40219700
v1_scalar_F3X_Q4M_C4F_P2,39497100
v1_scalar_F3X_Q4M_C4F_P2,38993300
v1_scalar_F3X_Q4M_C4F_P2,38915100
v1_scalar_F3X_Q4M_C4F_P2,38367900
v1_scalar_F3X_Q4M_C4F_P2,38475100
v1_scalar_F3X_Q4M_C4F_P2,38496200
v1_scalar_F3X_Q4M_C4F_P2,38994100
v1_scalar_F3X_Q4M_C4M_P2,42342600
v1_scalar_F3X_Q4M_C4M_P2,41585400
v1_scalar_F3X_Q4M_C4M_P2,41858200
v1_scalar_F3X_Q4M_C4M_P2,40501900
v1_scalar_F3X_Q4M_C4M_P2,43803500
v1_scalar_F3X_Q4M_C4M_P2,42649800
v1_scalar_F3X_Q4M_C4M_P2,42500100
v1_scalar_F3X_Q4M_C4M_P2,40754300
v1_scalar_F3X_Q4M_C4M_P2,40425200
v1_scalar_F3X_Q4M_C4M_P2,41035000
v1_scalar_F3X_Q4M_C4M_P2,41691400
v1_scalar_F3X_Q4M_C4M_P2,41469100
v1_scalar_F3X_Q4M_C4M_P2,41580800
v1_scalar_F3X_Q4M_C4M_P2,41029200
v1_scalar_F3X_Q4M_C4M_P2,42411300
v1_scalar_F3X_Q4M_C4M_P2,42096200
v1_scalar_F3X_Q4M_C4M_P2,41395300
v1_scalar_F3X_Q4M_C4M_P2,42266800
v1_scalar_F3X_Q4M_C4M_P2,40660900
v1_scalar_F3X_Q4M_C4M_P2,41515400
v1_scalar_F3X_Q4M_C4M_P2,41842500
v1_scalar_F3X_Q4M_C4M_P2,42569100
v1_scalar_F3X_Q4M_C4M_P2,41685200
v1_scalar_F3X_Q4M_C4M_P2,41946500
v1_scalar_F3X_Q4M_C4M_P2,42269800
v1_scalar_F3X_Q4M_C4M_P2,41387400
v1_scalar_F3X_Q4M_C4M_P2,42064300
v1_scalar_F3X_Q4M_C4M_P2,41425200
v1_scalar_F3X_Q4M_C4M_P2,40963100
v1_scalar_F3X_Q4M_C4M_P2,41670200
v1_scalar_F3X_Q4M_C4M_P2,41108800
v1_scalar_F3X_Q4M_C4M_P2,42118000
v1_scalar_F3X_Q4M_C4M_P2,40569900
v1_scalar_F3X_Q4M_C4M_P2,40588000
v1_scalar_F3X_Q4M_C4M_P2,42676400
v1_scalar_F3X_Q4M_C4M_P2,40541200
v1_scalar_F3X_Q4M_C4M_P2,41194800
v1_scalar_F3X_Q4M_C4M_P2,41122500
v1_scalar_F3X_Q4M_C4M_P2,40797900
v1_scalar_F3X_Q4M_C4M_P2,41492200
v1_scalar_F3X_Q4M_C4M_P2,41332300
v1_scalar_F3X_Q4M_C4M_P2,41355500
v1_scalar_F3X_Q4M_C4M_P2,41796400
v1_scalar_F3X_Q4M_C4M_P2,41718000
v1_scalar_F3X_Q4M_C4M_P2,40758300
v1_scalar_F3X_Q4M_C4M_P2,41014600
v1_scalar_F3X_Q4M_C4M_P2,40921000
v1_scalar_F3X_Q4M_C4M_P2,40553100
v1_scalar_F3X_Q4M_C4M_P2,41452500
v1_scalar_F4_Q1_C1R_P2,98736500
v1_scalar_F4_Q1_C1R_P2,98337900
v1_scalar_F4_Q1_C1R_P2,99359400
v1_scalar_F4_Q1_C1R_P2,99630800
v1_scalar_F4_Q1_C1R_P2,100624000
v1_scalar_F4_Q1_C1R_P2,99563800
v1_scalar_F4_Q1_C1R_P2,98065200
v1_scalar_F4_Q1_C1R_P2,99702700
v1_scalar_F4_Q1_C1R_P2,100093100
v1_scalar_F4_Q1_C1R_P2,103212500
v1_scalar_F4_Q1_C1R_P2,101504900
v1_scalar_F4_Q1_C1R_P2,99862000
v1_scalar_F4_Q1_C1R_P2,100458500
v1_scalar_F4_Q1_C1R_P2,101015000
v1_scalar_F4_Q1_C1R_P2,98755300
v1_scalar_F4_Q1_C1R_P2,98811300
v1_scalar_F4_Q1_C1R_P2,101691600
v1_scalar_F4_Q1_C1R_P2,100545700
v1_scalar_F4_Q1_C1R_P2,97927200
v1_scalar_F4_Q1_C1R_P2,100737600
v1_scalar_F4_Q1_C1R_P2,101479700
v1_scalar_F4_Q1_C1X_P2,45013900
v1_scalar_F4_Q1_C1X_P2,43537000
v1_scalar_F4_Q1_C1X_P2,43932300
v1_scalar_F4_Q1_C1X_P2,44558900
v1_scalar_F4_Q1_C1X_P2,44683000
v1_scalar_F4_Q1_C1X_P2,44341800
v1_scalar_F4_Q1_C1X_P2,46853500
v1_scalar_F4_Q1_C1X_P2,43996900
v1_scalar_F4_Q1_C1X_P2,43515500
v1_scalar_F4_Q1_C1X_P2,44190100
v1_scalar_F4_Q1_C1X_P2,45825200
v1_scalar_F4_Q1_C1X_P2,43864800
v1_scalar_F4_Q1_C1X_P2,43449700
v1_scalar_F4_Q1_C1X_P2,46740600
v1_scalar_F4_Q1_C1X_P2,43408800
v1_scalar_F4_Q1_C1X_P2,43406200
v1_scalar_F4_Q1_C1X_P2,45119100
v1_scalar_F4_Q1_C1X_P2,44633700
v1_scalar_F4_Q1_C1X_P2,43378200
v1_scalar_F4_Q1_C1X_P2,44605400
v1_scalar_F4_Q1_C1X_P2,44124900
v1_scalar_F4_Q1_C1X_P2,44209800
v1_scalar_F4_Q1_C1X_P2,44060500
v1_scalar_F4_Q1_C1X_P2,44036000
v1_scalar_F4_Q1_C1X_P2,44631900
v1_scalar_F4_Q1_C1X_P2,44219700
v1_scalar_F4_Q1_C1X_P2,44770200
v1_scalar_F4_Q1_C1X_P2,43792500
v1_scalar_F4_Q1_C1X_P2,43806200
v1_scalar_F4_Q1_C1X_P2,44257700
v1_scalar_F4_Q1_C1X_P2,43740400
v1_scalar_F4_Q1_C1X_P2,43723400
v1_scalar_F4_Q1_C1X_P2,44218500
v1_scalar_F4_Q1_C1X_P2,44897000
v1_scalar_F4_Q1_C1X_P2,45095200
v1_scalar_F4_Q1_C1X_P2,44971900
v1_scalar_F4_Q1_C1X_P2,44457700
v1_scalar_F4_Q1_C1X_P2,43941700
v1_scalar_F4_Q1_C1X_P2,44146500
v1_scalar_F4_Q1_C1X_P2,44182100
v1_scalar_F4_Q1_C1X_P2,44309600
v1_scalar_F4_Q1_C1X_P2,44954400
v1_scalar_F4_Q1_C1X_P2,45565900
v1_scalar_F4_Q1_C1X_P2,43651700
v1_scalar_F4_Q1_C1X_P2,44007800
v1_scalar_F4_Q1_C1X_P2,44310300
v1_scalar_F4_Q1_C2R_P2,84703400
v1_scalar_F4_Q1_C2R_P2,85511400
v1_scalar_F4_Q1_C2R_P2,86170600
v1_scalar_F4_Q1_C2R_P2,85954700
v1_scalar_F4_Q1_C2R_P2,85836800
v1_scalar_F4_Q1_C2R_P2,85714000
v1_scalar_F4_Q1_C2R_P2,86438000
v1_scalar_F4_Q1_C2R_P2,84281900
v1_scalar_F4_Q1_C2R_P2,85997200
v1_scalar_F4_Q1_C2R_P2,85428800
v1_scalar_F4_Q1_C2R_P2,86410100
v1_scalar_F4_Q1_C2R_P2,87859100
v1_scalar_F4_Q1_C2R_P2,86384000
v1_scalar_F4_Q1_C2R_P2,86136000
v1_scalar_F4_Q1_C2R_P2,85452800
v1_scalar_F4_Q1_C2R_P2,86831400
v1_scalar_F4_Q1_C2R_P2,86155400
v1_scalar_F4_Q1_C2R_P2,86633800
v1_scalar_F4_Q1_C2R_P2,86799200
v1_scalar_F4_Q1_C2R_P2,83813700
v1_scalar_F4_Q1_C2R_P2,87591800
v1_scalar_F4_Q1_C2R_P2,85623100
v1_scalar_F4_Q1_C2R_P2,86185000
v1_scalar_F4_Q1_C2R_P2,85568100
v1_scalar_F4_Q1_C2X_P2,39229700
v1_scalar_F4_Q1_C2X_P2,40680200
v1_scalar_F4_Q1_C2X_P2,37834700
v1_scalar_F4_Q1_C2X_P2,38978900
v1_scalar_F4_Q1_C2X_P2,37576800
v1_scalar_F4_Q1_C2X_P2,37533200
v1_scalar_F4_Q1_C2X_P2,37412200
v1_scalar_F4_Q1_C2X_P2,37765700
v1_scalar_F4_Q1_C2X_P2,37247000
v1_scalar_F4_Q1_C2X_P2,37169100
v1_scalar_F4_Q1_C2X_P2,37611400
v1_scalar_F4_Q1_C2X_P2,38356300
v1_scalar_F4_Q1_C2X_P2,38525200
v1_scalar_F4_Q1_C2X_P2,37416100
v1_scalar_F4_Q1_C2X_P2,37570800
v1_scalar_F4_Q1_C2X_P2,38115500
v1_scalar_F4_Q1_C2X_P2,38535300
v1_scalar_F4_Q1_C2X_P2,37554900
v1_scalar_F4_Q1_C2X_P2,37906100
v1_scalar_F4_Q1_C2X_P2,37953200
v1_scalar_F4_Q1_C2X_P2,37528100
v1_scalar_F4_Q1_C2X_P2,39789200
v1_scalar_F4_Q1_C2X_P2,38911800
v1_scalar_F4_Q1_C2X_P2,38777300
v1_scalar_F4_Q1_C2X_P2,37394900
v1_scalar_F4_Q1_C2X_P2,38309000
v1_scalar_F4_Q1_C2X_P2,38245700
v1_scalar_F4_Q1_C2X_P2,37506800
v1_scalar_F4_Q1_C2X_P2,37109900
v1_scalar_F4_Q1_C2X_P2,37371600
v1_scalar_F4_Q1_C2X_P2,38134400
v1_scalar_F4_Q1_C2X_P2,37726500
v1_scalar_F4_Q1_C2X_P2,38082800
v1_scalar_F4_Q1_C2X_P2,37233000
v1_scalar_F4_Q1_C2X_P2,37682700
v1_scalar_F4_Q1_C2X_P2,39263500
v1_scalar_F4_Q1_C2X_P2,38638700
v1_scalar_F4_Q1_C2X_P2,37272500
v1_scalar_F4_Q1_C2X_P2,38242200
v1_scalar_F4_Q1_C2X_P2,37969500
v1_scalar_F4_Q1_C2X_P2,38616500
v1_scalar_F4_Q1_C2X_P2,37534300
v1_scalar_F4_Q1_C2X_P2,38478200
v1_scalar_F4_Q1_C2X_P2,38466400
v1_scalar_F4_Q1_C2X_P2,39186200
v1_scalar_F4_Q1_C2X_P2,38250200
v1_scalar_F4_Q1_C2X_P2,38439200
v1_scalar_F4_Q1_C2X_P2,38371100
v1_scalar_F4_Q1_C2X_P2,38168600
v1_scalar_F4_Q1_C2X_P2,38534500
v1_scalar_F4_Q1_C2X_P2,37959200
v1_scalar_F4_Q1_C2X_P2,38140500
v1_scalar_F4_Q1_C2X_P2,38457600
v1_scalar_F4_Q1_C3_P2,28123300
v1_scalar_F4_Q1_C3_P2,28874500
v1_scalar_F4_Q1_C3_P2,28181400
v1_scalar_F4_Q1_C3_P2,27884700
v1_scalar_F4_Q1_C3_P2,28848300
v1_scalar_F4_Q1_C3_P2,28213900
v1_scalar_F4_Q1_C3_P2,28275700
v1_scalar_F4_Q1_C3_P2,28267000
v1_scalar_F4_Q1_C3_P2,28475600
v1_scalar_F4_Q1_C3_P2,28451300
v1_scalar_F4_Q1_C3_P2,28110200
v1_scalar_F4_Q1_C3_P2,28945900
v1_scalar_F4_Q1_C3_P2,29409500
v1_scalar_F4_Q1_C3_P2,30283300
v1_scalar_F4_Q1_C3_P2,30714000
v1_scalar_F4_Q1_C3_P2,28837800
v1_scalar_F4_Q1_C3_P2,27778200
v1_scalar_F4_Q1_C3_P2,27986000
v1_scalar_F4_Q1_C3_P2,29306700
v1_scalar_F4_Q1_C3_P2,28184600
v1_scalar_F4_Q1_C3_P2,29617500
v1_scalar_F4_Q1_C3_P2,28360000
v1_scalar_F4_Q1_C3_P2,29041000
v1_scalar_F4_Q1_C3_P2,29136100
v1_scalar_F4_Q1_C3_P2,28484200
v1_scalar_F4_Q1_C3_P2,28698900
v1_scalar_F4_Q1_C3_P2,28103900
v1_scalar_F4_Q1_C3_P2,27857400
v1_scalar_F4_Q1_C3_P2,28845300
v1_scalar_F4_Q1_C3_P2,28281600
v1_scalar_F4_Q1_C3_P2,28649200
v1_scalar_F4_Q1_C3_P2,28902000
v1_scalar_F4_Q1_C3_P2,28764600
v1_scalar_F4_Q1_C3_P2,29308300
v1_scalar_F4_Q1_C3_P2,28080000
v1_scalar_F4_Q1_C3_P2,28688500
v1_scalar_F4_Q1_C3_P2,27894300
v1_scalar_F4_Q1_C3_P2,27793100
v1_scalar_F4_Q1_C3_P2,28723500
v1_scalar_F4_Q1_C3_P2,28323400
v1_scalar_F4_Q1_C3_P2,27772000
v1_scalar_F4_Q1_C3_P2,28635800
v1_scalar_F4_Q1_C3_P2,27831700
v1_scalar_F4_Q1_C3_P2,28665600
v1_scalar_F4_Q1_C3_P2,27932500
v1_scalar_F4_Q1_C3_P2,27865900
v1_scalar_F4_Q1_C3_P2,29289600
v1_scalar_F4_Q1_C3_P2,28286700
v1_scalar_F4_Q1_C3_P2,27896000
v1_scalar_F4_Q1_C3_P2,27982600
v1_scalar_F4_Q1_C3_P2,29346600
v1_scalar_F4_Q1_C3_P2,30326100
v1_scalar_F4_Q1_C3_P2,29219600
v1_scalar_F4_Q1_C3_P2,29172300
v1_scalar_F4_Q1_C3_P2,28876400
v1_scalar_F4_Q1_C3_P2,28224900
v1_scalar_F4_Q1_C3_P2,27931500
v1_scalar_F4_Q1_C3_P2,29151100
v1_scalar_F4_Q1_C3_P2,28149100
v1_scalar_F4_Q1_C3_P2,29170200
v1_scalar_F4_Q1_C3_P2,29367200
v1_scalar_F4_Q1_C3_P2,29225800
v1_scalar_F4_Q1_C3_P2,28017300
v1_scalar_F4_Q1_C3_P2,28493800
v1_scalar_F4_Q1_C3_P2,28994900
v1_scalar_F4_Q1_C3_P2,28878000
v1_scalar_F4_Q1_C3_P2,29257400
v1_scalar_F4_Q1_C3_P2,28170800
v1_scalar_F4_Q1_C3_P2,29533300
v1_scalar_F4_Q1_C4F_P2,27086000
v1_scalar_F4_Q1_C4F_P2,27335300
v1_scalar_F4_Q1_C4F_P2,27632600
v1_scalar_F4_Q1_C4F_P2,27691500
v1_scalar_F4_Q1_C4F_P2,27855700
v1_scalar_F4_Q1_C4F_P2,28180100
v1_scalar_F4_Q1_C4F_P2,28440200
v1_scalar_F4_Q1_C4F_P2,28608700
v1_scalar_F4_Q1_C4F_P2,28331500
v1_scalar_F4_Q1_C4F_P2,28259900
v1_scalar_F4_Q1_C4F_P2,28542600
v1_scalar_F4_Q1_C4F_P2,28655300
v1_scalar_F4_Q1_C4F_P2,29247400
v1_scalar_F4_Q1_C4F_P2,28973100
v1_scalar_F4_Q1_C4F_P2,28636600
v1_scalar_F4_Q1_C4F_P2,28974100
v1_scalar_F4_Q1_C4F_P2,28709500
v1_scalar_F4_Q1_C4F_P2,29315300
v1_scalar_F4_Q1_C4F_P2,28536700
v1_scalar_F4_Q1_C4F_P2,27841700
v1_scalar_F4_Q1_C4F_P2,28320100
v1_scalar_F4_Q1_C4F_P2,28380100
v1_scalar_F4_Q1_C4F_P2,27764900
v1_scalar_F4_Q1_C4F_P2,27940600
v1_scalar_F4_Q1_C4F_P2,27386700
v1_scalar_F4_Q1_C4F_P2,27321300
v1_scalar_F4_Q1_C4F_P2,27203400
v1_scalar_F4_Q1_C4F_P2,27649700
v1_scalar_F4_Q1_C4F_P2,27476300
v1_scalar_F4_Q1_C4F_P2,27318200
v1_scalar_F4_Q1_C4F_P2,27547000
v1_scalar_F4_Q1_C4F_P2,27959400
v1_scalar_F4_Q1_C4F_P2,27838600
v1_scalar_F4_Q1_C4F_P2,28204700
v1_scalar_F4_Q1_C4F_P2,28426900
v1_scalar_F4_Q1_C4F_P2,28185900
v1_scalar_F4_Q1_C4F_P2,27858700
v1_scalar_F4_Q1_C4F_P2,28011800
v1_scalar_F4_Q1_C4F_P2,27411400
v1_scalar_F4_Q1_C4F_P2,28203100
v1_scalar_F4_Q1_C4F_P2,27145800
v1_scalar_F4_Q1_C4F_P2,27564200
v1_scalar_F4_Q1_C4F_P2,27228000
v1_scalar_F4_Q1_C4F_P2,27373100
v1_scalar_F4_Q1_C4F_P2,27276200
v1_scalar_F4_Q1_C4F_P2,27842500
v1_scalar_F4_Q1_C4F_P2,27367500
v1_scalar_F4_Q1_C4F_P2,27853000
v1_scalar_F4_Q1_C4F_P2,28481400
v1_scalar_F4_Q1_C4F_P2,27529800
v1_scalar_F4_Q1_C4F_P2,29290900
v1_scalar_F4_Q1_C4F_P2,28285800
v1_scalar_F4_Q1_C4F_P2,27946500
v1_scalar_F4_Q1_C4F_P2,28455200
v1_scalar_F4_Q1_C4F_P2,27063200
v1_scalar_F4_Q1_C4F_P2,27900300
v1_scalar_F4_Q1_C4F_P2,28517400
v1_scalar_F4_Q1_C4F_P2,27345100
v1_scalar_F4_Q1_C4F_P2,27698700
v1_scalar_F4_Q1_C4F_P2,28447100
v1_scalar_F4_Q1_C4F_P2,27471500
v1_scalar_F4_Q1_C4F_P2,27577400
v1_scalar_F4_Q1_C4F_P2,27176700
v1_scalar_F4_Q1_C4F_P2,27391200
v1_scalar_F4_Q1_C4F_P2,28907400
v1_scalar_F4_Q1_C4F_P2,27692500
v1_scalar_F4_Q1_C4F_P2,27709900
v1_scalar_F4_Q1_C4F_P2,28009700
v1_scalar_F4_Q1_C4F_P2,28229900
v1_scalar_F4_Q1_C4F_P2,27865600
v1_scalar_F4_Q1_C4F_P2,27308300
v1_scalar_F4_Q1_C4M_P2,31869600
v1_scalar_F4_Q1_C4M_P2,31667200
v1_scalar_F4_Q1_C4M_P2,32665100
v1_scalar_F4_Q1_C4M_P2,32654000
v1_scalar_F4_Q1_C4M_P2,31754800
v1_scalar_F4_Q1_C4M_P2,31532400
v1_scalar_F4_Q1_C4M_P2,30820400
v1_scalar_F4_Q1_C4M_P2,30559100
v1_scalar_F4_Q1_C4M_P2,30528200
v1_scalar_F4_Q1_C4M_P2,30387100
v1_scalar_F4_Q1_C4M_P2,31104500
v1_scalar_F4_Q1_C4M_P2,31162000
v1_scalar_F4_Q1_C4M_P2,30761100
v1_scalar_F4_Q1_C4M_P2,31270900
v1_scalar_F4_Q1_C4M_P2,31804900
v1_scalar_F4_Q1_C4M_P2,31056200
v1_scalar_F4_Q1_C4M_P2,32058500
v1_scalar_F4_Q1_C4M_P2,31557200
v1_scalar_F4_Q1_C4M_P2,30932200
v1_scalar_F4_Q1_C4M_P2,31808200
v1_scalar_F4_Q1_C4M_P2,30894700
v1_scalar_F4_Q1_C4M_P2,30734100
v1_scalar_F4_Q1_C4M_P2,31033000
v1_scalar_F4_Q1_C4M_P2,31704000
v1_scalar_F4_Q1_C4M_P2,31441400
v1_scalar_F4_Q1_C4M_P2,31322500
v1_scalar_F4_Q1_C4M_P2,30882900
v1_scalar_F4_Q1_C4M_P2,31535900
v1_scalar_F4_Q1_C4M_P2,30503200
v1_scalar_F4_Q1_C4M_P2,30848600
v1_scalar_F4_Q1_C4M_P2,31270100
v1_scalar_F4_Q1_C4M_P2,30915300
v1_scalar_F4_Q1_C4M_P2,30760600
v1_scalar_F4_Q1_C4M_P2,30730400
v1_scalar_F4_Q1_C4M_P2,30563000
v1_scalar_F4_Q1_C4M_P2,31260800
v1_scalar_F4_Q1_C4M_P2,31619100
v1_scalar_F4_Q1_C4M_P2,30543900
v1_scalar_F4_Q1_C4M_P2,30689600
v1_scalar_F4_Q1_C4M_P2,31276100
v1_scalar_F4_Q1_C4M_P2,31182200
v1_scalar_F4_Q1_C4M_P2,30416400
v1_scalar_F4_Q1_C4M_P2,31087700
v1_scalar_F4_Q1_C4M_P2,31297500
v1_scalar_F4_Q1_C4M_P2,30743200
v1_scalar_F4_Q1_C4M_P2,31273600
v1_scalar_F4_Q1_C4M_P2,30533300
v1_scalar_F4_Q1_C4M_P2,31518800
v1_scalar_F4_Q1_C4M_P2,30913300
v1_scalar_F4_Q1_C4M_P2,31899000
v1_scalar_F4_Q1_C4M_P2,33659500
v1_scalar_F4_Q1_C4M_P2,30928000
v1_scalar_F4_Q1_C4M_P2,30972400
v1_scalar_F4_Q1_C4M_P2,31426800
v1_scalar_F4_Q1_C4M_P2,33470100
v1_scalar_F4_Q1_C4M_P2,31716000
v1_scalar_F4_Q1_C4M_P2,30773200
v1_scalar_F4_Q1_C4M_P2,30471700
v1_scalar_F4_Q1_C4M_P2,31886600
v1_scalar_F4_Q1_C4M_P2,31535800
v1_scalar_F4_Q1_C4M_P2,30767500
v1_scalar_F4_Q1_C4M_P2,31322200
v1_scalar_F4_Q1_C4M_P2,31292000
v1_scalar_F4_Q1_C4M_P2,30599700
v1_scalar_F4_Q2R_C1R_P2,160012800
v1_scalar_F4_Q2R_C1R_P2,158818300
v1_scalar_F4_Q2R_C1R_P2,159342800
v1_scalar_F4_Q2R_C1R_P2,160358100
v1_scalar_F4_Q2R_C1R_P2,158451500
v1_scalar_F4_Q2R_C1R_P2,159683500
v1_scalar_F4_Q2R_C1R_P2,159644000
v1_scalar_F4_Q2R_C1R_P2,160245100
v1_scalar_F4_Q2R_C1R_P2,161245000
v1_scalar_F4_Q2R_C1R_P2,161818500
v1_scalar_F4_Q2R_C1R_P2,161158100
v1_scalar_F4_Q2R_C1R_P2,162082600
v1_scalar_F4_Q2R_C1R_P2,164202500
v1_scalar_F4_Q2R_C1X_P2,125317300
v1_scalar_F4_Q2R_C1X_P2,123007700
v1_scalar_F4_Q2R_C1X_P2,122440100
v1_scalar_F4_Q2R_C1X_P2,122602500
v1_scalar_F4_Q2R_C1X_P2,122967200
v1_scalar_F4_Q2R_C1X_P2,122016000
v1_scalar_F4_Q2R_C1X_P2,120310000
v1_scalar_F4_Q2R_C1X_P2,121609700
v1_scalar_F4_Q2R_C1X_P2,125413200
v1_scalar_F4_Q2R_C1X_P2,123442700
v1_scalar_F4_Q2R_C1X_P2,128112700
v1_scalar_F4_Q2R_C1X_P2,127317100
v1_scalar_F4_Q2R_C1X_P2,122979100
v1_scalar_F4_Q2R_C1X_P2,122891200
v1_scalar_F4_Q2R_C1X_P2,124530200
v1_scalar_F4_Q2R_C1X_P2,121718200
v1_scalar_F4_Q2R_C1X_P2,123150600
v1_scalar_F4_Q2R_C1X_P2,121102100
v1_scalar_F4_Q2R_C2R_P2,146841600
v1_scalar_F4_Q2R_C2R_P2,143547500
v1_scalar_F4_Q2R_C2R_P2,143633600
v1_scalar_F4_Q2R_C2R_P2,145051200
v1_scalar_F4_Q2R_C2R_P2,146318600
v1_scalar_F4_Q2R_C2R_P2,144317100
v1_scalar_F4_Q2R_C2R_P2,144989900
v1_scalar_F4_Q2R_C2R_P2,144556900
v1_scalar_F4_Q2R_C2R_P2,148800800
v1_scalar_F4_Q2R_C2R_P2,145746200
v1_scalar_F4_Q2R_C2R_P2,143883200
v1_scalar_F4_Q2R_C2R_P2,143229200
v1_scalar_F4_Q2R_C2R_P2,143361400
v1_scalar_F4_Q2R_C2R_P2,145269000
v1_scalar_F4_Q2R_C2R_P2,143583800
v1_scalar_F4_Q2R_C2X_P2,113852200
v1_scalar_F4_Q2R_C2X_P2,120214400
v1_scalar_F4_Q2R_C2X_P2,115020300
v1_scalar_F4_Q2R_C2X_P2,116300700
v1_scalar_F4_Q2R_C2X_P2,114619800
v1_scalar_F4_Q2R_C2X_P2,115925400
v1_scalar_F4_Q2R_C2X_P2,115453200
v1_scalar_F4_Q2R_C2X_P2,114214600
v1_scalar_F4_Q2R_C2X_P2,115386900
v1_scalar_F4_Q2R_C2X_P2,118145900
v1_scalar_F4_Q2R_C2X_P2,117915700
v1_scalar_F4_Q2R_C2X_P2,117849900
v1_scalar_F4_Q2R_C2X_P2,116789600
v1_scalar_F4_Q2R_C2X_P2,115131800
v1_scalar_F4_Q2R_C2X_P2,116409500
v1_scalar_F4_Q2R_C2X_P2,116084700
v1_scalar_F4_Q2R_C2X_P2,115373100
v1_scalar_F4_Q2R_C2X_P2,115780800
v1_scalar_F4_Q2R_C3_P2,104075100
v1_scalar_F4_Q2R_C3_P2,103525900
v1_scalar_F4_Q2R_C3_P2,104175100
v1_scalar_F4_Q2R_C3_P2,105746200
v1_scalar_F4_Q2R_C3_P2,103555600
v1_scalar_F4_Q2R_C3_P2,104714100
v1_scalar_F4_Q2R_C3_P2,105876600
v1_scalar_F4_Q2R_C3_P2,103604100
v1_scalar_F4_Q2R_C3_P2,105260600
v1_scalar_F4_Q2R_C3_P2,104074000
v1_scalar_F4_Q2R_C3_P2,105937600
v1_scalar_F4_Q2R_C3_P2,105855200
v1_scalar_F4_Q2R_C3_P2,104235300
v1_scalar_F4_Q2R_C3_P2,106366400
v1_scalar_F4_Q2R_C3_P2,105249800
v1_scalar_F4_Q2R_C3_P2,104907600
v1_scalar_F4_Q2R_C3_P2,107913900
v1_scalar_F4_Q2R_C3_P2,104918300
v1_scalar_F4_Q2R_C3_P2,106718600
v1_scalar_F4_Q2R_C3_P2,107426700
v1_scalar_F4_Q2R_C4F_P2,104644800
v1_scalar_F4_Q2R_C4F_P2,104462700
v1_scalar_F4_Q2R_C4F_P2,105768500
v1_scalar_F4_Q2R_C4F_P2,107388000
v1_scalar_F4_Q2R_C4F_P2,106854600
v1_scalar_F4_Q2R_C4F_P2,106834200
v1_scalar_F4_Q2R_C4F_P2,105954100
v1_scalar_F4_Q2R_C4F_P2,105438100
v1_scalar_F4_Q2R_C4F_P2,104163300
v1_scalar_F4_Q2R_C4F_P2,105172700
v1_scalar_F4_Q2R_C4F_P2,105025900
v1_scalar_F4_Q2R_C4F_P2,104592000
v1_scalar_F4_Q2R_C4F_P2,104713700
v1_scalar_F4_Q2R_C4F_P2,105695200
v1_scalar_F4_Q2R_C4F_P2,106966100
v1_scalar_F4_Q2R_C4F_P2,106090500
v1_scalar_F4_Q2R_C4F_P2,110940700
v1_scalar_F4_Q2R_C4F_P2,106891100
v1_scalar_F4_Q2R_C4F_P2,106382400
v1_scalar_F4_Q2R_C4F_P2,104576000
v1_scalar_F4_Q2R_C4M_P2,105583700
v1_scalar_F4_Q2R_C4M_P2,106015900
v1_scalar_F4_Q2R_C4M_P2,107026800
v1_scalar_F4_Q2R_C4M_P2,106326500
v1_scalar_F4_Q2R_C4M_P2,108890800
v1_scalar_F4_Q2R_C4M_P2,108493300
v1_scalar_F4_Q2R_C4M_P2,107091200
v1_scalar_F4_Q2R_C4M_P2,104013800
v1_scalar_F4_Q2R_C4M_P2,106731600
v1_scalar_F4_Q2R_C4M_P2,105737600
v1_scalar_F4_Q2R_C4M_P2,106659400
v1_scalar_F4_Q2R_C4M_P2,106953800
v1_scalar_F4_Q2R_C4M_P2,106096000
v1_scalar_F4_Q2R_C4M_P2,104613000
v1_scalar_F4_Q2R_C4M_P2,108246500
v1_scalar_F4_Q2R_C4M_P2,107453800
v1_scalar_F4_Q2R_C4M_P2,105734100
v1_scalar_F4_Q2R_C4M_P2,106915300
v1_scalar_F4_Q2R_C4M_P2,107631100
v1_scalar_F4_Q2X_C1R_P2,113004600
v1_scalar_F4_Q2X_C1R_P2,111270600
v1_scalar_F4_Q2X_C1R_P2,112489200
v1_scalar_F4_Q2X_C1R_P2,111992700
v1_scalar_F4_Q2X_C1R_P2,112130700
v1_scalar_F4_Q2X_C1R_P2,111329600
v1_scalar_F4_Q2X_C1R_P2,112953600
v1_scalar_F4_Q2X_C1R_P2,111396000
v1_scalar_F4_Q2X_C1R_P2,115019400
v1_scalar_F4_Q2X_C1R_P2,116513300
v1_scalar_F4_Q2X_C1R_P2,111978900
v1_scalar_F4_Q2X_C1R_P2,112171300
v1_scalar_F4_Q2X_C1R_P2,111973200
v1_scalar_F4_Q2X_C1R_P2,113319100
v1_scalar_F4_Q2X_C1R_P2,112179300
v1_scalar_F4_Q2X_C1R_P2,112312800
v1_scalar_F4_Q2X_C1R_P2,112357200
v1_scalar_F4_Q2X_C1R_P2,114536300
v1_scalar_F4_Q2X_C1R_P2,112741600
v1_scalar_F4_Q2X_C1X_P2,71331200
v1_scalar_F4_Q2X_C1X_P2,73355300
v1_scalar_F4_Q2X_C1X_P2,72625800
v1_scalar_F4_Q2X_C1X_P2,72785800
v1_scalar_F4_Q2X_C1X_P2,72109900
v1_scalar_F4_Q2X_C1X_P2,72860700
v1_scalar_F4_Q2X_C1X_P2,73064100
v1_scalar_F4_Q2X_C1X_P2,71788200
v1_scalar_F4_Q2X_C1X_P2,73451400
v1_scalar_F4_Q2X_C1X_P2,73411400
v1_scalar_F4_Q2X_C1X_P2,73904400
v1_scalar_F4_Q2X_C1X_P2,73066900
v1_scalar_F4_Q2X_C1X_P2,73165400
v1_scalar_F4_Q2X_C1X_P2,72995200
v1_scalar_F4_Q2X_C1X_P2,73276200
v1_scalar_F4_Q2X_C1X_P2,73606200
v1_scalar_F4_Q2X_C1X_P2,71701900
v1_scalar_F4_Q2X_C1X_P2,71984500
v1_scalar_F4_Q2X_C1X_P2,75410400
v1_scalar_F4_Q2X_C1X_P2,71830200
v1_scalar_F4_Q2X_C1X_P2,75171800
v1_scalar_F4_Q2X_C1X_P2,72289600
v1_scalar_F4_Q2X_C1X_P2,73269800
v1_scalar_F4_Q2X_C1X_P2,71718700
v1_scalar_F4_Q2X_C1X_P2,72056500
v1_scalar_F4_Q2X_C1X_P2,72667400
v1_scalar_F4_Q2X_C1X_P2,72643400
v1_scalar_F4_Q2X_C1X_P2,72370100
v1_scalar_F4_Q2X_C2R_P2,96716200
v1_scalar_F4_Q2X_C2R_P2,94805100
v1_scalar_F4_Q2X_C2R_P2,95207200
v1_scalar_F4_Q2X_C2R_P2,93937700
v1_scalar_F4_Q2X_C2R_P2,95624400
v1_scalar_F4_Q2X_C2R_P2,95198300
v1_scalar_F4_Q2X_C2R_P2,93530100
v1_scalar_F4_Q2X_C2R_P2,97167800
v1_scalar_F4_Q2X_C2R_P2,94798800
v1_scalar_F4_Q2X_C2R_P2,96711100
v1_scalar_F4_Q2X_C2R_P2,99114000
v1_scalar_F4_Q2X_C2R_P2,93578200
v1_scalar_F4_Q2X_C2R_P2,95279100
v1_scalar_F4_Q2X_C2R_P2,95560100
v1_scalar_F4_Q2X_C2R_P2,97464800
v1_scalar_F4_Q2X_C2R_P2,95701100
v1_scalar_F4_Q2X_C2R_P2,96407600
v1_scalar_F4_Q2X_C2R_P2,95343700
v1_scalar_F4_Q2X_C2R_P2,95474600
v1_scalar_F4_Q2X_C2R_P2,95398000
v1_scalar_F4_Q2X_C2R_P2,94828000
v1_scalar_F4_Q2X_C2R_P2,96246100
v1_scalar_F4_Q2X_C2X_P2,65174100
v1_scalar_F4_Q2X_C2X_P2,63847400
v1_scalar_F4_Q2X_C2X_P2,64687100
v1_scalar_F4_Q2X_C2X_P2,64470000
v1_scalar_F4_Q2X_C2X_P2,65170500
v1_scalar_F4_Q2X_C2X_P2,62864300
v1_scalar_F4_Q2X_C2X_P2,63634500
v1_scalar_F4_Q2X_C2X_P2,65091100
v1_scalar_F4_Q2X_C2X_P2,64942000
v1_scalar_F4_Q2X_C2X_P2,64112800
v1_scalar_F4_Q2X_C2X_P2,64340900
v1_scalar_F4_Q2X_C2X_P2,65205200
v1_scalar_F4_Q2X_C2X_P2,65310800
v1_scalar_F4_Q2X_C2X_P2,63903300
v1_scalar_F4_Q2X_C2X_P2,65506000
v1_scalar_F4_Q2X_C2X_P2,67689600
v1_scalar_F4_Q2X_C2X_P2,63386000
v1_scalar_F4_Q2X_C2X_P2,66530400
v1_scalar_F4_Q2X_C2X_P2,64818700
v1_scalar_F4_Q2X_C2X_P2,63260700
v1_scalar_F4_Q2X_C2X_P2,63020300
v1_scalar_F4_Q2X_C2X_P2,66174700
v1_scalar_F4_Q2X_C2X_P2,64787900
v1_scalar_F4_Q2X_C2X_P2,62506800
v1_scalar_F4_Q2X_C2X_P2,63712400
v1_scalar_F4_Q2X_C2X_P2,63740300
v1_scalar_F4_Q2X_C2X_P2,65938300
v1_scalar_F4_Q2X_C2X_P2,63284600
v1_scalar_F4_Q2X_C2X_P2,65085900
v1_scalar_F4_Q2X_C2X_P2,66345300
v1_scalar_F4_Q2X_C2X_P2,64025800
v1_scalar_F4_Q2X_C3_P2,55464000
v1_scalar_F4_Q2X_C3_P2,55430100
v1_scalar_F4_Q2X_C3_P2,55551500
v1_scalar_F4_Q2X_C3_P2,54786300
v1_scalar_F4_Q2X_C3_P2,55875700
v1_scalar_F4_Q2X_C3_P2,56552600
v1_scalar_F4_Q2X_C3_P2,55080200
v1_scalar_F4_Q2X_C3_P2,56161000
v1_scalar_F4_Q2X_C3_P2,54836100
v1_scalar_F4_Q2X_C3_P2,56053600
v1_scalar_F4_Q2X_C3_P2,55453900
v1_scalar_F4_Q2X_C3_P2,55691400
v1_scalar_F4_Q2X_C3_P2,55994800
v1_scalar_F4_Q2X_C3_P2,55965200
v1_scalar_F4_Q2X_C3_P2,56407700
v1_scalar_F4_Q2X_C3_P2,55456300
v1_scalar_F4_Q2X_C3_P2,55800700
v1_scalar_F4_Q2X_C3_P2,55744500
v1_scalar_F4_Q2X_C3_P2,56482600
v1_scalar_F4_Q2X_C3_P2,56818100
v1_scalar_F4_Q2X_C3_P2,54698800
v1_scalar_F4_Q2X_C3_P2,55711400
v1_scalar_F4_Q2X_C3_P2,56527000
v1_scalar_F4_Q2X_C3_P2,55945600
v1_scalar_F4_Q2X_C3_P2,55547300
v1_scalar_F4_Q2X_C3_P2,55374000
v1_scalar_F4_Q2X_C3_P2,55502000
v1_scalar_F4_Q2X_C3_P2,56905100
v1_scalar_F4_Q2X_C3_P2,55575900
v1_scalar_F4_Q2X_C3_P2,55958100
v1_scalar_F4_Q2X_C3_P2,54693200
v1_scalar_F4_Q2X_C3_P2,56684300
v1_scalar_F4_Q2X_C3_P2,56815000
v1_scalar_F4_Q2X_C3_P2,55626600
v1_scalar_F4_Q2X_C3_P2,56150100
v1_scalar_F4_Q2X_C3_P2,55876300
v1_scalar_F4_Q2X_C3_P2,56657700
v1_scalar_F4_Q2X_C4F_P2,55354800
v1_scalar_F4_Q2X_C4F_P2,57384200
v1_scalar_F4_Q2X_C4F_P2,55726100
v1_scalar_F4_Q2X_C4F_P2,55360500
v1_scalar_F4_Q2X_C4F_P2,58679900
v1_scalar_F4_Q2X_C4F_P2,56344400
v1_scalar_F4_Q2X_C4F_P2,56127600
v1_scalar_F4_Q2X_C4F_P2,56029000
v1_scalar_F4_Q2X_C4F_P2,55922200
v1_scalar_F4_Q2X_C4F_P2,56502000
v1_scalar_F4_Q2X_C4F_P2,54929100
v1_scalar_F4_Q2X_C4F_P2,56120200
v1_scalar_F4_Q2X_C4F_P2,56552400
v1_scalar_F4_Q2X_C4F_P2,56469300
v1_scalar_F4_Q2X_C4F_P2,56004900
v1_scalar_F4_Q2X_C4F_P2,56832900
v1_scalar_F4_Q2X_C4F_P2,54873800
v1_scalar_F4_Q2X_C4F_P2,55216600
v1_scalar_F4_Q2X_C4F_P2,56743700
v1_scalar_F4_Q2X_C4F_P2,56321200
v1_scalar_F4_Q2X_C4F_P2,57217900
v1_scalar_F4_Q2X_C4F_P2,55785900
v1_scalar_F4_Q2X_C4F_P2,56523000
v1_scalar_F4_Q2X_C4F_P2,55006400
v1_scalar_F4_Q2X_C4F_P2,57814800
v1_scalar_F4_Q2X_C4F_P2,55893300
v1_scalar_F4_Q2X_C4F_P2,56334300
v1_scalar_F4_Q2X_C4F_P2,55275100
v1_scalar_F4_Q2X_C4F_P2,55270600
v1_scalar_F4_Q2X_C4F_P2,55878200
v1_scalar_F4_Q2X_C4F_P2,58078500
v1_scalar_F4_Q2X_C4F_P2,55355500
v1_scalar_F4_Q2X_C4F_P2,56918500
v1_scalar_F4_Q2X_C4F_P2,55462300
v1_scalar_F4_Q2X_C4F_P2,56980300
v1_scalar_F4_Q2X_C4F_P2,54924800
v1_scalar_F4_Q2X_C4M_P2,57870300
v1_scalar_F4_Q2X_C4M_P2,56951200
v1_scalar_F4_Q2X_C4M_P2,58176800
v1_scalar_F4_Q2X_C4M_P2,57449300
v1_scalar_F4_Q2X_C4M_P2,57428200
v1_scalar_F4_Q2X_C4M_P2,58096000
v1_scalar_F4_Q2X_C4M_P2,58954800
v1_scalar_F4_Q2X_C4M_P2,57579500
v1_scalar_F4_Q2X_C4M_P2,57575800
v1_scalar_F4_Q2X_C4M_P2,57084400
v1_scalar_F4_Q2X_C4M_P2,60945800
v1_scalar_F4_Q2X_C4M_P2,57080100
v1_scalar_F4_Q2X_C4M_P2,57058400
v1_scalar_F4_Q2X_C4M_P2,57799200
v1_scalar_F4_Q2X_C4M_P2,72555000
v1_scalar_F4_Q2X_C4M_P2,71986500
v1_scalar_F4_Q2X_C4M_P2,57490100
v1_scalar_F4_Q2X_C4M_P2,58622400
v1_scalar_F4_Q2X_C4M_P2,62968600
v1_scalar_F4_Q2X_C4M_P2,58223900
v1_scalar_F4_Q2X_C4M_P2,58171000
v1_scalar_F4_Q2X_C4M_P2,58347600
v1_scalar_F4_Q2X_C4M_P2,59239100
v1_scalar_F4_Q2X_C4M_P2,57918400
v1_scalar_F4_Q2X_C4M_P2,58234000
v1_scalar_F4_Q2X_C4M_P2,57932900
v1_scalar_F4_Q2X_C4M_P2,57739000
v1_scalar_F4_Q2X_C4M_P2,59693000
v1_scalar_F4_Q2X_C4M_P2,57666800
v1_scalar_F4_Q2X_C4M_P2,58021200
v1_scalar_F4_Q2X_C4M_P2,58082500
v1_scalar_F4_Q2X_C4M_P2,57934300
v1_scalar_F4_Q2X_C4M_P2,56782400
v1_scalar_F4_Q2X_C4M_P2,57083600
v1_scalar_F4_Q2X_C4M_P2,58252300
v1_scalar_F4_Q3M_C1R_P2,12421000
v1_scalar_F4_Q3M_C1R_P2,12737900
v1_scalar_F4_Q3M_C1R_P2,12401600
v1_scalar_F4_Q3M_C1R_P2,12231000
v1_scalar_F4_Q3M_C1R_P2,13000300
v1_scalar_F4_Q3M_C1R_P2,12727700
v1_scalar_F4_Q3M_C1R_P2,13081400
v1_scalar_F4_Q3M_C1R_P2,12390500
v1_scalar_F4_Q3M_C1R_P2,12361300
v1_scalar_F4_Q3M_C1R_P2,11898000
v1_scalar_F4_Q3M_C1R_P2,12076900
v1_scalar_F4_Q3M_C1R_P2,12828200
v1_scalar_F4_Q3M_C1R_P2,12436100
v1_scalar_F4_Q3M_C1R_P2,12627100
v1_scalar_F4_Q3M_C1R_P2,13382300
v1_scalar_F4_Q3M_C1R_P2,12075900
v1_scalar_F4_Q3M_C1R_P2,13538800
v1_scalar_F4_Q3M_C1R_P2,12566600
v1_scalar_F4_Q3M_C1R_P2,12813300
v1_scalar_F4_Q3M_C1R_P2,12193100
v1_scalar_F4_Q3M_C1R_P2,12234900
v1_scalar_F4_Q3M_C1R_P2,12157800
v1_scalar_F4_Q3M_C1R_P2,11944000
v1_scalar_F4_Q3M_C1R_P2,11804700
v1_scalar_F4_Q3M_C1R_P2,12177500
v1_scalar_F4_Q3M_C1R_P2,12467200
v1_scalar_F4_Q3M_C1R_P2,12814400
v1_scalar_F4_Q3M_C1R_P2,12026000
v1_scalar_F4_Q3M_C1R_P2,11981500
v1_scalar_F4_Q3M_C1R_P2,12695400
v1_scalar_F4_Q3M_C1R_P2,12435900
v1_scalar_F4_Q3M_C1R_P2,11954400
v1_scalar_F4_Q3M_C1R_P2,13240700
v1_scalar_F4_Q3M_C1R_P2,11948100
v1_scalar_F4_Q3M_C1R_P2,11697000
v1_scalar_F4_Q3M_C1R_P2,11825200
v1_scalar_F4_Q3M_C1R_P2,12022200
v1_scalar_F4_Q3M_C1R_P2,11979700
v1_scalar_F4_Q3M_C1R_P2,12299900
v1_scalar_F4_Q3M_C1R_P2,12517600
v1_scalar_F4_Q3M_C1R_P2,12889600
v1_scalar_F4_Q3M_C1R_P2,11853000
v1_scalar_F4_Q3M_C1R_P2,11816800
v1_scalar_F4_Q3M_C1R_P2,11802800
v1_scalar_F4_Q3M_C1R_P2,11890900
v1_scalar_F4_Q3M_C1R_P2,11829600
v1_scalar_F4_Q3M_C1R_P2,11794600
v1_scalar_F4_Q3M_C1R_P2,12000700
v1_scalar_F4_Q3M_C1R_P2,12380900
v1_scalar_F4_Q3M_C1R_P2,12841700
v1_scalar_F4_Q3M_C1R_P2,13224300
v1_scalar_F4_Q3M_C1R_P2,12392000
v1_scalar_F4_Q3M_C1R_P2,12136400
v1_scalar_F4_Q3M_C1R_P2,12223200
v1_scalar_F4_Q3M_C1R_P2,11900700
v1_scalar_F4_Q3M_C1R_P2,11926600
v1_scalar_F4_Q3M_C1R_P2,12238400
v1_scalar_F4_Q3M_C1R_P2,12054400
v1_scalar_F4_Q3M_C1R_P2,11842500
v1_scalar_F4_Q3M_C1R_P2,12360600
v1_scalar_F4_Q3M_C1R_P2,12014700
v1_scalar_F4_Q3M_C1R_P2,11830700
v1_scalar_F4_Q3M_C1R_P2,11985600
v1_scalar_F4_Q3M_C1R_P2,12023200
v1_scalar_F4_Q3M_C1R_P2,12080300
v1_scalar_F4_Q3M_C1R_P2,12202800
v1_scalar_F4_Q3M_C1R_P2,11980500
v1_scalar_F4_Q3M_C1R_P2,11897200
v1_scalar_F4_Q3M_C1R_P2,11727200
v1_scalar_F4_Q3M_C1R_P2,11803000
v1_scalar_F4_Q3M_C1R_P2,11906700
v1_scalar_F4_Q3M_C1R_P2,11783400
v1_scalar_F4_Q3M_C1R_P2,11965300
v1_scalar_F4_Q3M_C1R_P2,11923600
v1_scalar_F4_Q3M_C1R_P2,11989900
v1_scalar_F4_Q3M_C1R_P2,12003300
v1_scalar_F4_Q3M_C1R_P2,12253700
v1_scalar_F4_Q3M_C1R_P2,12318800
v1_scalar_F4_Q3M_C1R_P2,11724200
v1_scalar_F4_Q3M_C1R_P2,12320900
v1_scalar_F4_Q3M_C1R_P2,12083100
v1_scalar_F4_Q3M_C1R_P2,12064900
v1_scalar_F4_Q3M_C1R_P2,12060100
v1_scalar_F4_Q3M_C1R_P2,12723200
v1_scalar_F4_Q3M_C1R_P2,12397800
v1_scalar_F4_Q3M_C1R_P2,12496800
v1_scalar_F4_Q3M_C1R_P2,12273500
v1_scalar_F4_Q3M_C1R_P2,12739100
v1_scalar_F4_Q3M_C1R_P2,12648500
v1_scalar_F4_Q3M_C1R_P2,12431300
v1_scalar_F4_Q3M_C1R_P2,12661700
v1_scalar_F4_Q3M_C1R_P2,12986100
v1_scalar_F4_Q3M_C1R_P2,12377100
v1_scalar_F4_Q3M_C1R_P2,12062000
v1_scalar_F4_Q3M_C1R_P2,11760900
v1_scalar_F4_Q3M_C1R_P2,11879800
v1_scalar_F4_Q3M_C1R_P2,12031300
v1_scalar_F4_Q3M_C1R_P2,12227200
v1_scalar_F4_Q3M_C1R_P2,12193300
v1_scalar_F4_Q3M_C1R_P2,12166300
v1_scalar_F4_Q3M_C1R_P2,12150900
v1_scalar_F4_Q3M_C1R_P2,12130100
v1_scalar_F4_Q3M_C1R_P2,11957000
v1_scalar_F4_Q3M_C1R_P2,12441800
v1_scalar_F4_Q3M_C1R_P2,11965700
v1_scalar_F4_Q3M_C1R_P2,12175800
v1_scalar_F4_Q3M_C1R_P2,12109400
v1_scalar_F4_Q3M_C1R_P2,12098500
v1_scalar_F4_Q3M_C1R_P2,11867000
v1_scalar_F4_Q3M_C1R_P2,11874500
v1_scalar_F4_Q3M_C1R_P2,12502000
v1_scalar_F4_Q3M_C1R_P2,12322500
v1_scalar_F4_Q3M_C1R_P2,11906200
v1_scalar_F4_Q3M_C1R_P2,12874000
v1_scalar_F4_Q3M_C1R_P2,12203900
v1_scalar_F4_Q3M_C1R_P2,12050500
v1_scalar_F4_Q3M_C1R_P2,11893900
v1_scalar_F4_Q3M_C1R_P2,11887400
v1_scalar_F4_Q3M_C1R_P2,11845100
v1_scalar_F4_Q3M_C1R_P2,11882100
v1_scalar_F4_Q3M_C1R_P2,11799200
v1_scalar_F4_Q3M_C1R_P2,11739600
v1_scalar_F4_Q3M_C1R_P2,12256300
v1_scalar_F4_Q3M_C1R_P2,12609100
v1_scalar_F4_Q3M_C1R_P2,11958000
v1_scalar_F4_Q3M_C1R_P2,12004300
v1_scalar_F4_Q3M_C1R_P2,11905600
v1_scalar_F4_Q3M_C1R_P2,12603400
v1_scalar_F4_Q3M_C1R_P2,12129000
v1_scalar_F4_Q3M_C1R_P2,12037000
v1_scalar_F4_Q3M_C1R_P2,12321500
v1_scalar_F4_Q3M_C1R_P2,12280800
v1_scalar_F4_Q3M_C1R_P2,12454400
v1_scalar_F4_Q3M_C1R_P2,12359400
v1_scalar_F4_Q3M_C1R_P2,11903000
v1_scalar_F4_Q3M_C1R_P2,11783100
v1_scalar_F4_Q3M_C1R_P2,11862300
v1_scalar_F4_Q3M_C1R_P2,12825600
v1_scalar_F4_Q3M_C1R_P2,12192700
v1_scalar_F4_Q3M_C1R_P2,11892800
v1_scalar_F4_Q3M_C1R_P2,12816300
v1_scalar_F4_Q3M_C1R_P2,12111900
v1_scalar_F4_Q3M_C1R_P2,11992000
v1_scalar_F4_Q3M_C1R_P2,12012900
v1_scalar_F4_Q3M_C1R_P2,11833200
v1_scalar_F4_Q3M_C1R_P2,11926300
v1_scalar_F4_Q3M_C1R_P2,11893600
v1_scalar_F4_Q3M_C1R_P2,11894000
v1_scalar_F4_Q3M_C1R_P2,12315300
v1_scalar_F4_Q3M_C1R_P2,12271800
v1_scalar_F4_Q3M_C1R_P2,11700200
v1_scalar_F4_Q3M_C1R_P2,11924200
v1_scalar_F4_Q3M_C1R_P2,11805100
v1_scalar_F4_Q3M_C1R_P2,12813900
v1_scalar_F4_Q3M_C1R_P2,12182800
v1_scalar_F4_Q3M_C1R_P2,11905200
v1_scalar_F4_Q3M_C1R_P2,13121900
v1_scalar_F4_Q3M_C1R_P2,12064300
v1_scalar_F4_Q3M_C1R_P2,11848400
v1_scalar_F4_Q3M_C1R_P2,11938300
v1_scalar_F4_Q3M_C1R_P2,12822400
v1_scalar_F4_Q3M_C1R_P2,12129300
v1_scalar_F4_Q3M_C1R_P2,11870100
v1_scalar_F4_Q3M_C1X_P2,6047800
v1_scalar_F4_Q3M_C1X_P2,6376700
v1_scalar_F4_Q3M_C1X_P2,6134800
v1_scalar_F4_Q3M_C1X_P2,6042100
v1_scalar_F4_Q3M_C1X_P2,6045500
v1_scalar_F4_Q3M_C1X_P2,6012400
v1_scalar_F4_Q3M_C1X_P2,6199100
v1_scalar_F4_Q3M_C1X_P2,6002300
v1_scalar_F4_Q3M_C1X_P2,6075000
v1_scalar_F4_Q3M_C1X_P2,6036700
v1_scalar_F4_Q3M_C1X_P2,6007400
v1_scalar_F4_Q3M_C1X_P2,6021300
v1_scalar_F4_Q3M_C1X_P2,5960000
v1_scalar_F4_Q3M_C1X_P2,5998200
v1_scalar_F4_Q3M_C1X_P2,5988800
v1_scalar_F4_Q3M_C1X_P2,6586500
v1_scalar_F4_Q3M_C1X_P2,6373600
v1_scalar_F4_Q3M_C1X_P2,6131300
v1_scalar_F4_Q3M_C1X_P2,6395700
v1_scalar_F4_Q3M_C1X_P2,7143200
v1_scalar_F4_Q3M_C1X_P2,6655900
v1_scalar_F4_Q3M_C1X_P2,6144000
v1_scalar_F4_Q3M_C1X_P2,5962400
v1_scalar_F4_Q3M_C1X_P2,6360600
v1_scalar_F4_Q3M_C1X_P2,6591300
v1_scalar_F4_Q3M_C1X_P2,6565500
v1_scalar_F4_Q3M_C1X_P2,6305100
v1_scalar_F4_Q3M_C1X_P2,6352000
v1_scalar_F4_Q3M_C1X_P2,6097100
v1_scalar_F4_Q3M_C1X_P2,5998600
v1_scalar_F4_Q3M_C1X_P2,6408700
v1_scalar_F4_Q3M_C1X_P2,6335700
v1_scalar_F4_Q3M_C1X_P2,5990900
v1_scalar_F4_Q3M_C1X_P2,5985800
v1_scalar_F4_Q3M_C1X_P2,5967600
v1_scalar_F4_Q3M_C1X_P2,6062500
v1_scalar_F4_Q3M_C1X_P2,5948100
v1_scalar_F4_Q3M_C1X_P2,6471500
v1_scalar_F4_Q3M_C1X_P2,6084000
v1_scalar_F4_Q3M_C1X_P2,6023800
v1_scalar_F4_Q3M_C1X_P2,5987800
v1_scalar_F4_Q3M_C1X_P2,5982200
v1_scalar_F4_Q3M_C1X_P2,5985400
v1_scalar_F4_Q3M_C1X_P2,6367500
v1_scalar_F4_Q3M_C1X_P2,6094600
v1_scalar_F4_Q3M_C1X_P2,6225100
v1_scalar_F4_Q3M_C1X_P2,5949800
v1_scalar_F4_Q3M_C1X_P2,6000200
v1_scalar_F4_Q3M_C1X_P2,6578700
v1_scalar_F4_Q3M_C1X_P2,6395400
v1_scalar_F4_Q3M_C1X_P2,6435900
v1_scalar_F4_Q3M_C1X_P2,6691900
v1_scalar_F4_Q3M_C1X_P2,6464900
v1_scalar_F4_Q3M_C1X_P2,6352600
v1_scalar_F4_Q3M_C1X_P2,6322100
v1_scalar_F4_Q3M_C1X_P2,6351500
v1_scalar_F4_Q3M_C1X_P2,6069600
v1_scalar_F4_Q3M_C1X_P2,6135300
v1_scalar_F4_Q3M_C1X_P2,6063000
v1_scalar_F4_Q3M_C1X_P2,6028600
v1_scalar_F4_Q3M_C1X_P2,6353800
v1_scalar_F4_Q3M_C1X_P2,6934800
v1_scalar_F4_Q3M_C1X_P2,6109200
v1_scalar_F4_Q3M_C1X_P2,6081200
v1_scalar_F4_Q3M_C1X_P2,6021400
v1_scalar_F4_Q3M_C1X_P2,6100300
v1_scalar_F4_Q3M_C1X_P2,6072300
v1_scalar_F4_Q3M_C1X_P2,6289300
v1_scalar_F4_Q3M_C1X_P2,6068500
v1_scalar_F4_Q3M_C1X_P2,6069000
v1_scalar_F4_Q3M_C1X_P2,6143400
v1_scalar_F4_Q3M_C1X_P2,6027900
v1_scalar_F4_Q3M_C1X_P2,6166400
v1_scalar_F4_Q3M_C1X_P2,6050400
v1_scalar_F4_Q3M_C1X_P2,6062600
v1_scalar_F4_Q3M_C1X_P2,6200200
v1_scalar_F4_Q3M_C1X_P2,6014400
v1_scalar_F4_Q3M_C1X_P2,6039100
v1_scalar_F4_Q3M_C1X_P2,6040700
v1_scalar_F4_Q3M_C1X_P2,6049500
v1_scalar_F4_Q3M_C1X_P2,6579200
v1_scalar_F4_Q3M_C1X_P2,6061800
v1_scalar_F4_Q3M_C1X_P2,6335200
v1_scalar_F4_Q3M_C1X_P2,6068600
v1_scalar_F4_Q3M_C1X_P2,6140100
v1_scalar_F4_Q3M_C1X_P2,6279300
v1_scalar_F4_Q3M_C1X_P2,6716600
v1_scalar_F4_Q3M_C1X_P2,6805500
v1_scalar_F4_Q3M_C1X_P2,6410100
v1_scalar_F4_Q3M_C1X_P2,6131800
v1_scalar_F4_Q3M_C1X_P2,6348000
v1_scalar_F4_Q3M_C1X_P2,6143600
v1_scalar_F4_Q3M_C1X_P2,6892700
v1_scalar_F4_Q3M_C1X_P2,6134800
v1_scalar_F4_Q3M_C1X_P2,6261900
v1_scalar_F4_Q3M_C1X_P2,6039900
v1_scalar_F4_Q3M_C1X_P2,6067100
v1_scalar_F4_Q3M_C1X_P2,6208000
v1_scalar_F4_Q3M_C1X_P2,6853700
v1_scalar_F4_Q3M_C1X_P2,6192300
v1_scalar_F4_Q3M_C1X_P2,6134000
v1_scalar_F4_Q3M_C1X_P2,6097900
v1_scalar_F4_Q3M_C1X_P2,6710500
v1_scalar_F4_Q3M_C1X_P2,6110300
v1_scalar_F4_Q3M_C1X_P2,6371500
v1_scalar_F4_Q3M_C1X_P2,6423100
v1_scalar_F4_Q3M_C1X_P2,6219800
v1_scalar_F4_Q3M_C1X_P2,6149900
v1_scalar_F4_Q3M_C1X_P2,6098900
v1_scalar_F4_Q3M_C1X_P2,6511700
v1_scalar_F4_Q3M_C1X_P2,6357800
v1_scalar_F4_Q3M_C1X_P2,6596600
v1_scalar_F4_Q3M_C1X_P2,6367700
v1_scalar_F4_Q3M_C1X_P2,6668200
v1_scalar_F4_Q3M_C1X_P2,6301600
v1_scalar_F4_Q3M_C1X_P2,6066600
v1_scalar_F4_Q3M_C1X_P2,6034400
v1_scalar_F4_Q3M_C1X_P2,6050800
v1_scalar_F4_Q3M_C1X_P2,6078000
v1_scalar_F4_Q3M_C1X_P2,6373800
v1_scalar_F4_Q3M_C1X_P2,6326700
v1_scalar_F4_Q3M_C1X_P2,6682000
v1_scalar_F4_Q3M_C1X_P2,6415300
v1_scalar_F4_Q3M_C1X_P2,6157600
v1_scalar_F4_Q3M_C1X_P2,6049500
v1_scalar_F4_Q3M_C1X_P2,6035400
v1_scalar_F4_Q3M_C1X_P2,6100500
v1_scalar_F4_Q3M_C1X_P2,6020200
v1_scalar_F4_Q3M_C1X_P2,6496900
v1_scalar_F4_Q3M_C1X_P2,6107700
v1_scalar_F4_Q3M_C1X_P2,6023800
v1_scalar_F4_Q3M_C1X_P2,6198100
v1_scalar_F4_Q3M_C1X_P2,6046500
v1_scalar_F4_Q3M_C1X_P2,6430100
v1_scalar_F4_Q3M_C1X_P2,6078700
v1_scalar_F4_Q3M_C1X_P2,6052900
v1_scalar_F4_Q3M_C1X_P2,6295700
v1_scalar_F4_Q3M_C1X_P2,6061400
v1_scalar_F4_Q3M_C1X_P2,6032000
v1_scalar_F4_Q3M_C1X_P2,6076100
v1_scalar_F4_Q3M_C1X_P2,6056400
v1_scalar_F4_Q3M_C1X_P2,6032800
v1_scalar_F4_Q3M_C1X_P2,6024700
v1_scalar_F4_Q3M_C1X_P2,6045900
v1_scalar_F4_Q3M_C1X_P2,6070600
v1_scalar_F4_Q3M_C1X_P2,6064500
v1_scalar_F4_Q3M_C1X_P2,6267400
v1_scalar_F4_Q3M_C1X_P2,6130200
v1_scalar_F4_Q3M_C1X_P2,6138600
v1_scalar_F4_Q3M_C1X_P2,6294300
v1_scalar_F4_Q3M_C1X_P2,6388100
v1_scalar_F4_Q3M_C1X_P2,6268600
v1_scalar_F4_Q3M_C1X_P2,6195500
v1_scalar_F4_Q3M_C1X_P2,5981300
v1_scalar_F4_Q3M_C1X_P2,6374000
v1_scalar_F4_Q3M_C1X_P2,6341200
v1_scalar_F4_Q3M_C1X_P2,6950700
v1_scalar_F4_Q3M_C1X_P2,6494400
v1_scalar_F4_Q3M_C1X_P2,6331500
v1_scalar_F4_Q3M_C1X_P2,6297100
v1_scalar_F4_Q3M_C1X_P2,6315800
v1_scalar_F4_Q3M_C1X_P2,6220000
v1_scalar_F4_Q3M_C1X_P2,6131500
v1_scalar_F4_Q3M_C1X_P2,6192300
v1_scalar_F4_Q3M_C1X_P2,6213400
v1_scalar_F4_Q3M_C1X_P2,6215800
v1_scalar_F4_Q3M_C1X_P2,6835800
v1_scalar_F4_Q3M_C1X_P2,6313200
v1_scalar_F4_Q3M_C1X_P2,6120300
v1_scalar_F4_Q3M_C1X_P2,6308200
v1_scalar_F4_Q3M_C1X_P2,6190700
v1_scalar_F4_Q3M_C1X_P2,6725500
v1_scalar_F4_Q3M_C1X_P2,6176800
v1_scalar_F4_Q3M_C1X_P2,6273300
v1_scalar_F4_Q3M_C1X_P2,5994100
v1_scalar_F4_Q3M_C1X_P2,6137100
v1_scalar_F4_Q3M_C1X_P2,6006900
v1_scalar_F4_Q3M_C1X_P2,5984700
v1_scalar_F4_Q3M_C1X_P2,6176400
v1_scalar_F4_Q3M_C1X_P2,6010700
v1_scalar_F4_Q3M_C1X_P2,6064600
v1_scalar_F4_Q3M_C1X_P2,6654200
v1_scalar_F4_Q3M_C1X_P2,6580400
v1_scalar_F4_Q3M_C1X_P2,6650300
v1_scalar_F4_Q3M_C1X_P2,6197000
v1_scalar_F4_Q3M_C1X_P2,6644100
v1_scalar_F4_Q3M_C1X_P2,6684900
v1_scalar_F4_Q3M_C1X_P2,6170800
v1_scalar_F4_Q3M_C1X_P2,6086100
v1_scalar_F4_Q3M_C1X_P2,6016700
v1_scalar_F4_Q3M_C1X_P2,6059000
v1_scalar_F4_Q3M_C1X_P2,6067300
v1_scalar_F4_Q3M_C1X_P2,6134400
v1_scalar_F4_Q3M_C1X_P2,6039100
v1_scalar_F4_Q3M_C1X_P2,6055000
v1_scalar_F4_Q3M_C1X_P2,6135400
v1_scalar_F4_Q3M_C1X_P2,6076100
v1_scalar_F4_Q3M_C1X_P2,6110100
v1_scalar_F4_Q3M_C1X_P2,6062000
v1_scalar_F4_Q3M_C1X_P2,6058900
v1_scalar_F4_Q3M_C1X_P2,6171000
v1_scalar_F4_Q3M_C1X_P2,6055200
v1_scalar_F4_Q3M_C1X_P2,6088300
v1_scalar_F4_Q3M_C1X_P2,6171400
v1_scalar_F4_Q3M_C1X_P2,6081400
v1_scalar_F4_Q3M_C1X_P2,6148000
v1_scalar_F4_Q3M_C1X_P2,6060900
v1_scalar_F4_Q3M_C1X_P2,6112300
v1_scalar_F4_Q3M_C1X_P2,6855700
v1_scalar_F4_Q3M_C1X_P2,6076200
v1_scalar_F4_Q3M_C1X_P2,6080500
v1_scalar_F4_Q3M_C1X_P2,6119700
v1_scalar_F4_Q3M_C1X_P2,6223500
v1_scalar_F4_Q3M_C1X_P2,6079600
v1_scalar_F4_Q3M_C1X_P2,6079800
v1_scalar_F4_Q3M_C1X_P2,6087300
v1_scalar_F4_Q3M_C1X_P2,6078200
v1_scalar_F4_Q3M_C1X_P2,6123200
v1_scalar_F4_Q3M_C1X_P2,6074000
v1_scalar_F4_Q3M_C1X_P2,6052600
v1_scalar_F4_Q3M_C1X_P2,5977800
v1_scalar_F4_Q3M_C1X_P2,5995800
v1_scalar_F4_Q3M_C1X_P2,6045900
v1_scalar_F4_Q3M_C1X_P2,6425500
v1_scalar_F4_Q3M_C1X_P2,6074400
v1_scalar_F4_Q3M_C1X_P2,6330500
v1_scalar_F4_Q3M_C1X_P2,6346300
v1_scalar_F4_Q3M_C1X_P2,6104000
v1_scalar_F4_Q3M_C1X_P2,6347200
v1_scalar_F4_Q3M_C1X_P2,6547000
v1_scalar_F4_Q3M_C1X_P2,6357700
v1_scalar_F4_Q3M_C1X_P2,6520000
v1_scalar_F4_Q3M_C1X_P2,6254100
v1_scalar_F4_Q3M_C1X_P2,5983200
v1_scalar_F4_Q3M_C1X_P2,6030200
v1_scalar_F4_Q3M_C1X_P2,6053700
v1_scalar_F4_Q3M_C1X_P2,6034500
v1_scalar_F4_Q3M_C1X_P2,6067300
v1_scalar_F4_Q3M_C1X_P2,5970000
v1_scalar_F4_Q3M_C1X_P2,6007300
v1_scalar_F4_Q3M_C1X_P2,6025100
v1_scalar_F4_Q3M_C1X_P2,5978000
v1_scalar_F4_Q3M_C1X_P2,6317400
v1_scalar_F4_Q3M_C1X_P2,6330000
v1_scalar_F4_Q3M_C1X_P2,6416900
v1_scalar_F4_Q3M_C1X_P2,6691600
v1_scalar_F4_Q3M_C1X_P2,5999000
v1_scalar_F4_Q3M_C1X_P2,5981000
v1_scalar_F4_Q3M_C1X_P2,5996700
v1_scalar_F4_Q3M_C1X_P2,5969500
v1_scalar_F4_Q3M_C1X_P2,6184100
v1_scalar_F4_Q3M_C1X_P2,5977600
v1_scalar_F4_Q3M_C1X_P2,6426300
v1_scalar_F4_Q3M_C1X_P2,6381700
v1_scalar_F4_Q3M_C1X_P2,6614800
v1_scalar_F4_Q3M_C1X_P2,6044800
v1_scalar_F4_Q3M_C1X_P2,5994700
v1_scalar_F4_Q3M_C1X_P2,6015700
v1_scalar_F4_Q3M_C1X_P2,5938700
v1_scalar_F4_Q3M_C1X_P2,6122200
v1_scalar_F4_Q3M_C1X_P2,6065500
v1_scalar_F4_Q3M_C1X_P2,6072800
v1_scalar_F4_Q3M_C1X_P2,6364900
v1_scalar_F4_Q3M_C1X_P2,6424000
v1_scalar_F4_Q3M_C1X_P2,6332100
v1_scalar_F4_Q3M_C1X_P2,6080600
v1_scalar_F4_Q3M_C1X_P2,6053200
v1_scalar_F4_Q3M_C1X_P2,6045500
v1_scalar_F4_Q3M_C1X_P2,6019900
v1_scalar_F4_Q3M_C1X_P2,6184300
v1_scalar_F4_Q3M_C1X_P2,6396400
v1_scalar_F4_Q3M_C1X_P2,7155800
v1_scalar_F4_Q3M_C1X_P2,8470800
v1_scalar_F4_Q3M_C1X_P2,6272700
v1_scalar_F4_Q3M_C1X_P2,6264300
v1_scalar_F4_Q3M_C1X_P2,6070400
v1_scalar_F4_Q3M_C1X_P2,6364600
v1_scalar_F4_Q3M_C1X_P2,6188000
v1_scalar_F4_Q3M_C1X_P2,6201600
v1_scalar_F4_Q3M_C1X_P2,6139400
v1_scalar_F4_Q3M_C1X_P2,6095100
v1_scalar_F4_Q3M_C1X_P2,6281600
v1_scalar_F4_Q3M_C1X_P2,6052100
v1_scalar_F4_Q3M_C1X_P2,6098800
v1_scalar_F4_Q3M_C1X_P2,6034400
v1_scalar_F4_Q3M_C1X_P2,6025200
v1_scalar_F4_Q3M_C1X_P2,6232400
v1_scalar_F4_Q3M_C1X_P2,6834700
v1_scalar_F4_Q3M_C1X_P2,6078800
v1_scalar_F4_Q3M_C1X_P2,6080600
v1_scalar_F4_Q3M_C1X_P2,6035800
v1_scalar_F4_Q3M_C1X_P2,6093000
v1_scalar_F4_Q3M_C1X_P2,6093200
v1_scalar_F4_Q3M_C1X_P2,6093700
v1_scalar_F4_Q3M_C1X_P2,6468600
v1_scalar_F4_Q3M_C1X_P2,6059700
v1_scalar_F4_Q3M_C1X_P2,6103500
v1_scalar_F4_Q3M_C1X_P2,6653000
v1_scalar_F4_Q3M_C1X_P2,6136600
v1_scalar_F4_Q3M_C1X_P2,6081800
v1_scalar_F4_Q3M_C1X_P2,6056100
v1_scalar_F4_Q3M_C1X_P2,6112100
v1_scalar_F4_Q3M_C1X_P2,6054300
v1_scalar_F4_Q3M_C1X_P2,6110800
v1_scalar_F4_Q3M_C1X_P2,6066600
v1_scalar_F4_Q3M_C1X_P2,6127100
v1_scalar_F4_Q3M_C1X_P2,6065000
v1_scalar_F4_Q3M_C1X_P2,6050600
v1_scalar_F4_Q3M_C1X_P2,6459800
v1_scalar_F4_Q3M_C1X_P2,6402300
v1_scalar_F4_Q3M_C1X_P2,6138900
v1_scalar_F4_Q3M_C1X_P2,6093600
v1_scalar_F4_Q3M_C1X_P2,6069900
v1_scalar_F4_Q3M_C1X_P2,6474300
v1_scalar_F4_Q3M_C1X_P2,6026300
v1_scalar_F4_Q3M_C1X_P2,6188500
v1_scalar_F4_Q3M_C2R_P2,10344800
v1_scalar_F4_Q3M_C2R_P2,10850000
v1_scalar_F4_Q3M_C2R_P2,9883700
v1_scalar_F4_Q3M_C2R_P2,9553600
v1_scalar_F4_Q3M_C2R_P2,10369500
v1_scalar_F4_Q3M_C2R_P2,9552300
v1_scalar_F4_Q3M_C2R_P2,9699600
v1_scalar_F4_Q3M_C2R_P2,9599200
v1_scalar_F4_Q3M_C2R_P2,9582900
v1_scalar_F4_Q3M_C2R_P2,9943000
v1_scalar_F4_Q3M_C2R_P2,9650200
v1_scalar_F4_Q3M_C2R_P2,9676400
v1_scalar_F4_Q3M_C2R_P2,9838400
v1_scalar_F4_Q3M_C2R_P2,10265900
v1_scalar_F4_Q3M_C2R_P2,9905700
v1_scalar_F4_Q3M_C2R_P2,9730200
v1_scalar_F4_Q3M_C2R_P2,9595500
v1_scalar_F4_Q3M_C2R_P2,10069600
v1_scalar_F4_Q3M_C2R_P2,10271300
v1_scalar_F4_Q3M_C2R_P2,10251100
v1_scalar_F4_Q3M_C2R_P2,10257000
v1_scalar_F4_Q3M_C2R_P2,10533100
v1_scalar_F4_Q3M_C2R_P2,10029700
v1_scalar_F4_Q3M_C2R_P2,10136000
v1_scalar_F4_Q3M_C2R_P2,10204600
v1_scalar_F4_Q3M_C2R_P2,10554800
v1_scalar_F4_Q3M_C2R_P2,9824700
v1_scalar_F4_Q3M_C2R_P2,9994300
v1_scalar_F4_Q3M_C2R_P2,9519200
v1_scalar_F4_Q3M_C2R_P2,10225800
v1_scalar_F4_Q3M_C2R_P2,10704800
v1_scalar_F4_Q3M_C2R_P2,9834200
v1_scalar_F4_Q3M_C2R_P2,9819100
v1_scalar_F4_Q3M_C2R_P2,9719100
v1_scalar_F4_Q3M_C2R_P2,9687900
v1_scalar_F4_Q3M_C2R_P2,9551000
v1_scalar_F4_Q3M_C2R_P2,9656000
v1_scalar_F4_Q3M_C2R_P2,9819800
v1_scalar_F4_Q3M_C2R_P2,9680400
v1_scalar_F4_Q3M_C2R_P2,9629400
v1_scalar_F4_Q3M_C2R_P2,9669900
v1_scalar_F4_Q3M_C2R_P2,9808400
v1_scalar_F4_Q3M_C2R_P2,10189000
v1_scalar_F4_Q3M_C2R_P2,9756600
v1_scalar_F4_Q3M_C2R_P2,9952700
v1_scalar_F4_Q3M_C2R_P2,9738100
v1_scalar_F4_Q3M_C2R_P2,9708100
v1_scalar_F4_Q3M_C2R_P2,9453000
v1_scalar_F4_Q3M_C2R_P2,10056100
v1_scalar_F4_Q3M_C2R_P2,10493600
v1_scalar_F4_Q3M_C2R_P2,9582700
v1_scalar_F4_Q3M_C2R_P2,10418700
v1_scalar_F4_Q3M_C2R_P2,10018400
v1_scalar_F4_Q3M_C2R_P2,9816600
v1_scalar_F4_Q3M_C2R_P2,9602400
v1_scalar_F4_Q3M_C2R_P2,10133500
v1_scalar_F4_Q3M_C2R_P2,9616700
v1_scalar_F4_Q3M_C2R_P2,9575400
v1_scalar_F4_Q3M_C2R_P2,9567100
v1_scalar_F4_Q3M_C2R_P2,9644600
v1_scalar_F4_Q3M_C2R_P2,9601800
v1_scalar_F4_Q3M_C2R_P2,9976600
v1_scalar_F4_Q3M_C2R_P2,9884800
v1_scalar_F4_Q3M_C2R_P2,9949700
v1_scalar_F4_Q3M_C2R_P2,9675100
v1_scalar_F4_Q3M_C2R_P2,9661500
v1_scalar_F4_Q3M_C2R_P2,9544800
v1_scalar_F4_Q3M_C2R_P2,9582700
v1_scalar_F4_Q3M_C2R_P2,10393800
v1_scalar_F4_Q3M_C2R_P2,10243400
v1_scalar_F4_Q3M_C2R_P2,10159000
v1_scalar_F4_Q3M_C2R_P2,9550900
v1_scalar_F4_Q3M_C2R_P2,9633100
v1_scalar_F4_Q3M_C2R_P2,10223600
v1_scalar_F4_Q3M_C2R_P2,9675600
v1_scalar_F4_Q3M_C2R_P2,10021900
v1_scalar_F4_Q3M_C2R_P2,10393400
v1_scalar_F4_Q3M_C2R_P2,9755300
v1_scalar_F4_Q3M_C2R_P2,9921400
v1_scalar_F4_Q3M_C2R_P2,10203300
v1_scalar_F4_Q3M_C2R_P2,10021900
v1_scalar_F4_Q3M_C2R_P2,10259200
v1_scalar_F4_Q3M_C2R_P2,10017900
v1_scalar_F4_Q3M_C2R_P2,9935900
v1_scalar_F4_Q3M_C2R_P2,10283800
v1_scalar_F4_Q3M_C2R_P2,9897800
v1_scalar_F4_Q3M_C2R_P2,9980000
v1_scalar_F4_Q3M_C2R_P2,9607200
v1_scalar_F4_Q3M_C2R_P2,9610200
v1_scalar_F4_Q3M_C2R_P2,9757700
v1_scalar_F4_Q3M_C2R_P2,9710000
v1_scalar_F4_Q3M_C2R_P2,10185300
v1_scalar_F4_Q3M_C2R_P2,9721900
v1_scalar_F4_Q3M_C2R_P2,9558700
v1_scalar_F4_Q3M_C2R_P2,9553900
v1_scalar_F4_Q3M_C2R_P2,9725900
v1_scalar_F4_Q3M_C2R_P2,9669200
v1_scalar_F4_Q3M_C2R_P2,10051400
v1_scalar_F4_Q3M_C2R_P2,10180000
v1_scalar_F4_Q3M_C2R_P2,10115500
v1_scalar_F4_Q3M_C2R_P2,10047400
v1_scalar_F4_Q3M_C2R_P2,10374400
v1_scalar_F4_Q3M_C2R_P2,10012400
v1_scalar_F4_Q3M_C2R_P2,10024300
v1_scalar_F4_Q3M_C2R_P2,9715500
v1_scalar_F4_Q3M_C2R_P2,9657300
v1_scalar_F4_Q3M_C2R_P2,9605900
v1_scalar_F4_Q3M_C2R_P2,9872000
v1_scalar_F4_Q3M_C2R_P2,9757400
v1_scalar_F4_Q3M_C2R_P2,9930100
v1_scalar_F4_Q3M_C2R_P2,9816800
v1_scalar_F4_Q3M_C2R_P2,9737300
v1_scalar_F4_Q3M_C2R_P2,10033700
v1_scalar_F4_Q3M_C2R_P2,10125300
v1_scalar_F4_Q3M_C2R_P2,9797800
v1_scalar_F4_Q3M_C2R_P2,9759100
v1_scalar_F4_Q3M_C2R_P2,9628800
v1_scalar_F4_Q3M_C2R_P2,10628500
v1_scalar_F4_Q3M_C2R_P2,10091200
v1_scalar_F4_Q3M_C2R_P2,9690200
v1_scalar_F4_Q3M_C2R_P2,9703200
v1_scalar_F4_Q3M_C2R_P2,9678200
v1_scalar_F4_Q3M_C2R_P2,9770300
v1_scalar_F4_Q3M_C2R_P2,9811900
v1_scalar_F4_Q3M_C2R_P2,9670500
v1_scalar_F4_Q3M_C2R_P2,10771100
v1_scalar_F4_Q3M_C2R_P2,10424700
v1_scalar_F4_Q3M_C2R_P2,11108200
v1_scalar_F4_Q3M_C2R_P2,9818600
v1_scalar_F4_Q3M_C2R_P2,9644000
v1_scalar_F4_Q3M_C2R_P2,9752500
v1_scalar_F4_Q3M_C2R_P2,9758900
v1_scalar_F4_Q3M_C2R_P2,9880600
v1_scalar_F4_Q3M_C2R_P2,9556600
v1_scalar_F4_Q3M_C2R_P2,9553300
v1_scalar_F4_Q3M_C2R_P2,9746900
v1_scalar_F4_Q3M_C2R_P2,9601400
v1_scalar_F4_Q3M_C2R_P2,9945100
v1_scalar_F4_Q3M_C2R_P2,9613100
v1_scalar_F4_Q3M_C2R_P2,9658000
v1_scalar_F4_Q3M_C2R_P2,9721100
v1_scalar_F4_Q3M_C2R_P2,9547500
v1_scalar_F4_Q3M_C2R_P2,9649400
v1_scalar_F4_Q3M_C2R_P2,10370800
v1_scalar_F4_Q3M_C2R_P2,10218800
v1_scalar_F4_Q3M_C2R_P2,10170600
v1_scalar_F4_Q3M_C2R_P2,9600200
v1_scalar_F4_Q3M_C2R_P2,9560800
v1_scalar_F4_Q3M_C2R_P2,9599700
v1_scalar_F4_Q3M_C2R_P2,10085700
v1_scalar_F4_Q3M_C2R_P2,9620900
v1_scalar_F4_Q3M_C2R_P2,9429500
v1_scalar_F4_Q3M_C2R_P2,9495200
v1_scalar_F4_Q3M_C2R_P2,9906500
v1_scalar_F4_Q3M_C2R_P2,10064500
v1_scalar_F4_Q3M_C2R_P2,10304400
v1_scalar_F4_Q3M_C2R_P2,10534700
v1_scalar_F4_Q3M_C2R_P2,10198900
v1_scalar_F4_Q3M_C2R_P2,10349900
v1_scalar_F4_Q3M_C2R_P2,10373000
v1_scalar_F4_Q3M_C2R_P2,9722400
v1_scalar_F4_Q3M_C2R_P2,9509500
v1_scalar_F4_Q3M_C2R_P2,9561500
v1_scalar_F4_Q3M_C2R_P2,9570800
v1_scalar_F4_Q3M_C2R_P2,10030300
v1_scalar_F4_Q3M_C2R_P2,10082600
v1_scalar_F4_Q3M_C2R_P2,9559000
v1_scalar_F4_Q3M_C2R_P2,9847100
v1_scalar_F4_Q3M_C2R_P2,10066200
v1_scalar_F4_Q3M_C2R_P2,10410700
v1_scalar_F4_Q3M_C2R_P2,10079400
v1_scalar_F4_Q3M_C2R_P2,9530000
v1_scalar_F4_Q3M_C2R_P2,10074200
v1_scalar_F4_Q3M_C2R_P2,10202200
v1_scalar_F4_Q3M_C2R_P2,10119000
v1_scalar_F4_Q3M_C2R_P2,10032500
v1_scalar_F4_Q3M_C2R_P2,10455300
v1_scalar_F4_Q3M_C2R_P2,9661800
v1_scalar_F4_Q3M_C2R_P2,9970400
v1_scalar_F4_Q3M_C2R_P2,9599900
v1_scalar_F4_Q3M_C2R_P2,9610900
v1_scalar_F4_Q3M_C2R_P2,9571500
v1_scalar_F4_Q3M_C2R_P2,9766700
v1_scalar_F4_Q3M_C2R_P2,9961800
v1_scalar_F4_Q3M_C2R_P2,9905500
v1_scalar_F4_Q3M_C2R_P2,9637400
v1_scalar_F4_Q3M_C2R_P2,9660000
v1_scalar_F4_Q3M_C2R_P2,9641100
v1_scalar_F4_Q3M_C2R_P2,9604000
v1_scalar_F4_Q3M_C2R_P2,9611200
v1_scalar_F4_Q3M_C2R_P2,9626000
v1_scalar_F4_Q3M_C2R_P2,9486800
v1_scalar_F4_Q3M_C2R_P2,9778800
v1_scalar_F4_Q3M_C2R_P2,9585900
v1_scalar_F4_Q3M_C2R_P2,9364100
v1_scalar_F4_Q3M_C2R_P2,9552800
v1_scalar_F4_Q3M_C2R_P2,11010900
v1_scalar_F4_Q3M_C2R_P2,10494600
v1_scalar_F4_Q3M_C2X_P2,5507100
v1_scalar_F4_Q3M_C2X_P2,5401200
v1_scalar_F4_Q3M_C2X_P2,5328600
v1_scalar_F4_Q3M_C2X_P2,5332800
v1_scalar_F4_Q3M_C2X_P2,5688600
v1_scalar_F4_Q3M_C2X_P2,5300100
v1_scalar_F4_Q3M_C2X_P2,5496100
v1_scalar_F4_Q3M_C2X_P2,5804800
v1_scalar_F4_Q3M_C2X_P2,5408500
v1_scalar_F4_Q3M_C2X_P2,5496600
v1_scalar_F4_Q3M_C2X_P2,5938400
v1_scalar_F4_Q3M_C2X_P2,5515100
v1_scalar_F4_Q3M_C2X_P2,5516700
v1_scalar_F4_Q3M_C2X_P2,5364900
v1_scalar_F4_Q3M_C2X_P2,5321200
v1_scalar_F4_Q3M_C2X_P2,5316900
v1_scalar_F4_Q3M_C2X_P2,5340200
v1_scalar_F4_Q3M_C2X_P2,5836400
v1_scalar_F4_Q3M_C2X_P2,5905700
v1_scalar_F4_Q3M_C2X_P2,5342900
v1_scalar_F4_Q3M_C2X_P2,5451600
v1_scalar_F4_Q3M_C2X_P2,5430700
v1_scalar_F4_Q3M_C2X_P2,5509800
v1_scalar_F4_Q3M_C2X_P2,6168300
v1_scalar_F4_Q3M_C2X_P2,5330300
v1_scalar_F4_Q3M_C2X_P2,6193100
v1_scalar_F4_Q3M_C2X_P2,5591600
v1_scalar_F4_Q3M_C2X_P2,5302800
v1_scalar_F4_Q3M_C2X_P2,5317300
v1_scalar_F4_Q3M_C2X_P2,6136000
v1_scalar_F4_Q3M_C2X_P2,5702400
v1_scalar_F4_Q3M_C2X_P2,5914200
v1_scalar_F4_Q3M_C2X_P2,5335600
v1_scalar_F4_Q3M_C2X_P2,5412300
v1_scalar_F4_Q3M_C2X_P2,5809500
v1_scalar_F4_Q3M_C2X_P2,5532100
v1_scalar_F4_Q3M_C2X_P2,6433500
v1_scalar_F4_Q3M_C2X_P2,5343600
v1_scalar_F4_Q3M_C2X_P2,5320700
v1_scalar_F4_Q3M_C2X_P2,5322100
v1_scalar_F4_Q3M_C2X_P2,5294100
v1_scalar_F4_Q3M_C2X_P2,5437100
v1_scalar_F4_Q3M_C2X_P2,5293500
v1_scalar_F4_Q3M_C2X_P2,6061500
v1_scalar_F4_Q3M_C2X_P2,5453300
v1_scalar_F4_Q3M_C2X_P2,5303800
v1_scalar_F4_Q3M_C2X_P2,5878100
v1_scalar_F4_Q3M_C2X_P2,5340900
v1_scalar_F4_Q3M_C2X_P2,5564900
v1_scalar_F4_Q3M_C2X_P2,5812000
v1_scalar_F4_Q3M_C2X_P2,5519100
v1_scalar_F4_Q3M_C2X_P2,5307300
v1_scalar_F4_Q3M_C2X_P2,5384800
v1_scalar_F4_Q3M_C2X_P2,5453800
v1_scalar_F4_Q3M_C2X_P2,5402900
v1_scalar_F4_Q3M_C2X_P2,5546200
v1_scalar_F4_Q3M_C2X_P2,5637500
v1_scalar_F4_Q3M_C2X_P2,5365000
v1_scalar_F4_Q3M_C2X_P2,5396100
v1_scalar_F4_Q3M_C2X_P2,5578300
v1_scalar_F4_Q3M_C2X_P2,5414900
v1_scalar_F4_Q3M_C2X_P2,5339000
v1_scalar_F4_Q3M_C2X_P2,5304600
v1_scalar_F4_Q3M_C2X_P2,5999600
v1_scalar_F4_Q3M_C2X_P2,5908400
v1_scalar_F4_Q3M_C2X_P2,6063400
v1_scalar_F4_Q3M_C2X_P2,5513100
v1_scalar_F4_Q3M_C2X_P2,5342400
v1_scalar_F4_Q3M_C2X_P2,6077100
v1_scalar_F4_Q3M_C2X_P2,5733600
v1_scalar_F4_Q3M_C2X_P2,6019400
v1_scalar_F4_Q3M_C2X_P2,6333700
v1_scalar_F4_Q3M_C2X_P2,5594100
v1_scalar_F4_Q3M_C2X_P2,5617700
v1_scalar_F4_Q3M_C2X_P2,5333600
v1_scalar_F4_Q3M_C2X_P2,5940200
v1_scalar_F4_Q3M_C2X_P2,5683200
v1_scalar_F4_Q3M_C2X_P2,5810100
v1_scalar_F4_Q3M_C2X_P2,5410200
v1_scalar_F4_Q3M_C2X_P2,5326200
v1_scalar_F4_Q3M_C2X_P2,5502600
v1_scalar_F4_Q3M_C2X_P2,5849000
v1_scalar_F4_Q3M_C2X_P2,5381400
v1_scalar_F4_Q3M_C2X_P2,5342500
v1_scalar_F4_Q3M_C2X_P2,6276000
v1_scalar_F4_Q3M_C2X_P2,5504300
v1_scalar_F4_Q3M_C2X_P2,5388600
v1_scalar_F4_Q3M_C2X_P2,6228000
v1_scalar_F4_Q3M_C2X_P2,6071400
v1_scalar_F4_Q3M_C2X_P2,6041500
v1_scalar_F4_Q3M_C2X_P2,5540500
v1_scalar_F4_Q3M_C2X_P2,5357700
v1_scalar_F4_Q3M_C2X_P2,5863000
v1_scalar_F4_Q3M_C2X_P2,5467700
v1_scalar_F4_Q3M_C2X_P2,5541800
v1_scalar_F4_Q3M_C2X_P2,5640500
v1_scalar_F4_Q3M_C2X_P2,5309400
v1_scalar_F4_Q3M_C2X_P2,6060900
v1_scalar_F4_Q3M_C2X_P2,5377400
v1_scalar_F4_Q3M_C2X_P2,6174100
v1_scalar_F4_Q3M_C2X_P2,6015000
v1_scalar_F4_Q3M_C2X_P2,5920900
v1_scalar_F4_Q3M_C2X_P2,5959900
v1_scalar_F4_Q3M_C2X_P2,5744300
v1_scalar_F4_Q3M_C2X_P2,5349800
v1_scalar_F4_Q3M_C2X_P2,6000300
v1_scalar_F4_Q3M_C2X_P2,5362400
v1_scalar_F4_Q3M_C2X_P2,5722200
v1_scalar_F4_Q3M_C2X_P2,5355100
v1_scalar_F4_Q3M_C2X_P2,5321500
v1_scalar_F4_Q3M_C2X_P2,5804300
v1_scalar_F4_Q3M_C2X_P2,5708600
v1_scalar_F4_Q3M_C2X_P2,5534500
v1_scalar_F4_Q3M_C2X_P2,5853000
v1_scalar_F4_Q3M_C2X_P2,5510900
v1_scalar_F4_Q3M_C2X_P2,5782300
v1_scalar_F4_Q3M_C2X_P2,5354700
v1_scalar_F4_Q3M_C2X_P2,5380900
v1_scalar_F4_Q3M_C2X_P2,5425200
v1_scalar_F4_Q3M_C2X_P2,5418900
v1_scalar_F4_Q3M_C2X_P2,5788300
v1_scalar_F4_Q3M_C2X_P2,5471800
v1_scalar_F4_Q3M_C2X_P2,5358300
v1_scalar_F4_Q3M_C2X_P2,6332900
v1_scalar_F4_Q3M_C2X_P2,5790900
v1_scalar_F4_Q3M_C2X_P2,5517100
v1_scalar_F4_Q3M_C2X_P2,5872100
v1_scalar_F4_Q3M_C2X_P2,5491200
v1_scalar_F4_Q3M_C2X_P2,5468300
v1_scalar_F4_Q3M_C2X_P2,5411300
v1_scalar_F4_Q3M_C2X_P2,5415400
v1_scalar_F4_Q3M_C2X_P2,5391000
v1_scalar_F4_Q3M_C2X_P2,5425100
v1_scalar_F4_Q3M_C2X_P2,5366100
v1_scalar_F4_Q3M_C2X_P2,5344700
v1_scalar_F4_Q3M_C2X_P2,5485800
v1_scalar_F4_Q3M_C2X_P2,5420800
v1_scalar_F4_Q3M_C2X_P2,5466600
v1_scalar_F4_Q3M_C2X_P2,5401000
v1_scalar_F4_Q3M_C2X_P2,5350200
v1_scalar_F4_Q3M_C2X_P2,5412600
v1_scalar_F4_Q3M_C2X_P2,5372400
v1_scalar_F4_Q3M_C2X_P2,5362100
v1_scalar_F4_Q3M_C2X_P2,5555100
v1_scalar_F4_Q3M_C2X_P2,5404200
v1_scalar_F4_Q3M_C2X_P2,5317800
v1_scalar_F4_Q3M_C2X_P2,5376300
v1_scalar_F4_Q3M_C2X_P2,5657000
v1_scalar_F4_Q3M_C2X_P2,6149800
v1_scalar_F4_Q3M_C2X_P2,5725200
v1_scalar_F4_Q3M_C2X_P2,5530400
v1_scalar_F4_Q3M_C2X_P2,5535500
v1_scalar_F4_Q3M_C2X_P2,5414400
v1_scalar_F4_Q3M_C2X_P2,5947900
v1_scalar_F4_Q3M_C2X_P2,5575800
v1_scalar_F4_Q3M_C2X_P2,5580800
v1_scalar_F4_Q3M_C2X_P2,5601500
v1_scalar_F4_Q3M_C2X_P2,5366800
v1_scalar_F4_Q3M_C2X_P2,5369100
v1_scalar_F4_Q3M_C2X_P2,5896900
v1_scalar_F4_Q3M_C2X_P2,5615300
v1_scalar_F4_Q3M_C2X_P2,5666500
v1_scalar_F4_Q3M_C2X_P2,6524400
v1_scalar_F4_Q3M_C2X_P2,5621700
v1_scalar_F4_Q3M_C2X_P2,5849100
v1_scalar_F4_Q3M_C2X_P2,6383200
v1_scalar_F4_Q3M_C2X_P2,5380700
v1_scalar_F4_Q3M_C2X_P2,5657700
v1_scalar_F4_Q3M_C2X_P2,6107300
v1_scalar_F4_Q3M_C2X_P2,5948000
v1_scalar_F4_Q3M_C2X_P2,5467400
v1_scalar_F4_Q3M_C2X_P2,5439200
v1_scalar_F4_Q3M_C2X_P2,5438800
v1_scalar_F4_Q3M_C2X_P2,5340100
v1_scalar_F4_Q3M_C2X_P2,5422800
v1_scalar_F4_Q3M_C2X_P2,5384100
v1_scalar_F4_Q3M_C2X_P2,5323700
v1_scalar_F4_Q3M_C2X_P2,5339400
v1_scalar_F4_Q3M_C2X_P2,5339800
v1_scalar_F4_Q3M_C2X_P2,5338500
v1_scalar_F4_Q3M_C2X_P2,5415500
v1_scalar_F4_Q3M_C2X_P2,5346900
v1_scalar_F4_Q3M_C2X_P2,5453800
v1_scalar_F4_Q3M_C2X_P2,5720900
v1_scalar_F4_Q3M_C2X_P2,5356700
v1_scalar_F4_Q3M_C2X_P2,5342000
v1_scalar_F4_Q3M_C2X_P2,5376200
v1_scalar_F4_Q3M_C2X_P2,5325800
v1_scalar_F4_Q3M_C2X_P2,5440500
v1_scalar_F4_Q3M_C2X_P2,5450700
v1_scalar_F4_Q3M_C2X_P2,5384500
v1_scalar_F4_Q3M_C2X_P2,5513200
v1_scalar_F4_Q3M_C2X_P2,5397400
v1_scalar_F4_Q3M_C2X_P2,6056800
v1_scalar_F4_Q3M_C2X_P2,5774500
v1_scalar_F4_Q3M_C2X_P2,5498000
v1_scalar_F4_Q3M_C2X_P2,5780700
v1_scalar_F4_Q3M_C2X_P2,5343700
v1_scalar_F4_Q3M_C2X_P2,5431800
v1_scalar_F4_Q3M_C2X_P2,5447900
v1_scalar_F4_Q3M_C2X_P2,5451600
v1_scalar_F4_Q3M_C2X_P2,5359900
v1_scalar_F4_Q3M_C2X_P2,6072100
v1_scalar_F4_Q3M_C2X_P2,6004200
v1_scalar_F4_Q3M_C2X_P2,5365800
v1_scalar_F4_Q3M_C2X_P2,5712200
v1_scalar_F4_Q3M_C2X_P2,5788400
v1_scalar_F4_Q3M_C2X_P2,5535100
v1_scalar_F4_Q3M_C2X_P2,6104200
v1_scalar_F4_Q3M_C2X_P2,5697500
v1_scalar_F4_Q3M_C2X_P2,5613300
v1_scalar_F4_Q3M_C2X_P2,5733800
v1_scalar_F4_Q3M_C2X_P2,5390500
v1_scalar_F4_Q3M_C2X_P2,5676200
v1_scalar_F4_Q3M_C2X_P2,5348200
v1_scalar_F4_Q3M_C2X_P2,5748600
v1_scalar_F4_Q3M_C2X_P2,5723600
v1_scalar_F4_Q3M_C2X_P2,5705400
v1_scalar_F4_Q3M_C2X_P2,5732900
v1_scalar_F4_Q3M_C2X_P2,5345000
v1_scalar_F4_Q3M_C2X_P2,5380100
v1_scalar_F4_Q3M_C2X_P2,5384100
v1_scalar_F4_Q3M_C2X_P2,5667400
v1_scalar_F4_Q3M_C2X_P2,6000400
v1_scalar_F4_Q3M_C2X_P2,5379400
v1_scalar_F4_Q3M_C2X_P2,6029800
v1_scalar_F4_Q3M_C2X_P2,5635400
v1_scalar_F4_Q3M_C2X_P2,5427000
v1_scalar_F4_Q3M_C2X_P2,6077400
v1_scalar_F4_Q3M_C2X_P2,5421900
v1_scalar_F4_Q3M_C2X_P2,5588600
v1_scalar_F4_Q3M_C2X_P2,5431500
v1_scalar_F4_Q3M_C2X_P2,5396300
v1_scalar_F4_Q3M_C2X_P2,5377800
v1_scalar_F4_Q3M_C2X_P2,5734800
v1_scalar_F4_Q3M_C2X_P2,5427800
v1_scalar_F4_Q3M_C2X_P2,5949000
v1_scalar_F4_Q3M_C2X_P2,6214700
v1_scalar_F4_Q3M_C2X_P2,6053700
v1_scalar_F4_Q3M_C2X_P2,5651500
v1_scalar_F4_Q3M_C2X_P2,5482600
v1_scalar_F4_Q3M_C2X_P2,5671500
v1_scalar_F4_Q3M_C2X_P2,6025300
v1_scalar_F4_Q3M_C2X_P2,5362900
v1_scalar_F4_Q3M_C2X_P2,6039000
v1_scalar_F4_Q3M_C2X_P2,5328000
v1_scalar_F4_Q3M_C2X_P2,5620800
v1_scalar_F4_Q3M_C2X_P2,5551400
v1_scalar_F4_Q3M_C2X_P2,5682800
v1_scalar_F4_Q3M_C2X_P2,5654600
v1_scalar_F4_Q3M_C2X_P2,5619000
v1_scalar_F4_Q3M_C2X_P2,5638100
v1_scalar_F4_Q3M_C2X_P2,5565400
v1_scalar_F4_Q3M_C2X_P2,6143400
v1_scalar_F4_Q3M_C2X_P2,5459100
v1_scalar_F4_Q3M_C2X_P2,5649000
v1_scalar_F4_Q3M_C2X_P2,5381900
v1_scalar_F4_Q3M_C2X_P2,5719600
v1_scalar_F4_Q3M_C2X_P2,5355100
v1_scalar_F4_Q3M_C2X_P2,5345200
v1_scalar_F4_Q3M_C2X_P2,6006500
v1_scalar_F4_Q3M_C2X_P2,5537200
v1_scalar_F4_Q3M_C2X_P2,5438200
v1_scalar_F4_Q3M_C2X_P2,5788700
v1_scalar_F4_Q3M_C2X_P2,5434000
v1_scalar_F4_Q3M_C2X_P2,5409100
v1_scalar_F4_Q3M_C2X_P2,5358400
v1_scalar_F4_Q3M_C2X_P2,5341400
v1_scalar_F4_Q3M_C2X_P2,5809900
v1_scalar_F4_Q3M_C2X_P2,5483900
v1_scalar_F4_Q3M_C2X_P2,5429800
v1_scalar_F4_Q3M_C2X_P2,5591000
v1_scalar_F4_Q3M_C2X_P2,5482400
v1_scalar_F4_Q3M_C2X_P2,5313100
v1_scalar_F4_Q3M_C2X_P2,5469100
v1_scalar_F4_Q3M_C2X_P2,5371700
v1_scalar_F4_Q3M_C2X_P2,5579800
v1_scalar_F4_Q3M_C2X_P2,6564100
v1_scalar_F4_Q3M_C2X_P2,5508800
v1_scalar_F4_Q3M_C2X_P2,5488300
v1_scalar_F4_Q3M_C2X_P2,5478700
v1_scalar_F4_Q3M_C2X_P2,5398300
v1_scalar_F4_Q3M_C2X_P2,5494800
v1_scalar_F4_Q3M_C2X_P2,5392000
v1_scalar_F4_Q3M_C2X_P2,5350600
v1_scalar_F4_Q3M_C2X_P2,5371700
v1_scalar_F4_Q3M_C2X_P2,5412200
v1_scalar_F4_Q3M_C2X_P2,5392000
v1_scalar_F4_Q3M_C2X_P2,5341500
v1_scalar_F4_Q3M_C2X_P2,5345100
v1_scalar_F4_Q3M_C2X_P2,5318600
v1_scalar_F4_Q3M_C2X_P2,5404500
v1_scalar_F4_Q3M_C2X_P2,5642100
v1_scalar_F4_Q3M_C2X_P2,5859100
v1_scalar_F4_Q3M_C2X_P2,5402200
v1_scalar_F4_Q3M_C2X_P2,5941400
v1_scalar_F4_Q3M_C2X_P2,5713900
v1_scalar_F4_Q3M_C2X_P2,5375200
v1_scalar_F4_Q3M_C2X_P2,5362800
v1_scalar_F4_Q3M_C2X_P2,5571900
v1_scalar_F4_Q3M_C2X_P2,5410800
v1_scalar_F4_Q3M_C2X_P2,5411100
v1_scalar_F4_Q3M_C2X_P2,5403100
v1_scalar_F4_Q3M_C2X_P2,5826100
v1_scalar_F4_Q3M_C2X_P2,5372500
v1_scalar_F4_Q3M_C2X_P2,5460300
v1_scalar_F4_Q3M_C2X_P2,5336400
v1_scalar_F4_Q3M_C2X_P2,5343400
v1_scalar_F4_Q3M_C2X_P2,5324100
v1_scalar_F4_Q3M_C2X_P2,5432000
v1_scalar_F4_Q3M_C2X_P2,5608400
v1_scalar_F4_Q3M_C2X_P2,5646000
v1_scalar_F4_Q3M_C2X_P2,5883200
v1_scalar_F4_Q3M_C2X_P2,5791400
v1_scalar_F4_Q3M_C2X_P2,5611000
v1_scalar_F4_Q3M_C2X_P2,5520500
v1_scalar_F4_Q3M_C2X_P2,5335800
v1_scalar_F4_Q3M_C2X_P2,5836900
v1_scalar_F4_Q3M_C2X_P2,5730700
v1_scalar_F4_Q3M_C2X_P2,5392900
v1_scalar_F4_Q3M_C2X_P2,5518400
v1_scalar_F4_Q3M_C2X_P2,5548700
v1_scalar_F4_Q3M_C2X_P2,5435900
v1_scalar_F4_Q3M_C2X_P2,5373800
v1_scalar_F4_Q3M_C2X_P2,5376100
v1_scalar_F4_Q3M_C2X_P2,5421000
v1_scalar_F4_Q3M_C2X_P2,5582200
v1_scalar_F4_Q3M_C2X_P2,5378200
v1_scalar_F4_Q3M_C2X_P2,6253100
v1_scalar_F4_Q3M_C2X_P2,5421500
v1_scalar_F4_Q3M_C2X_P2,5714000
v1_scalar_F4_Q3M_C2X_P2,5447000
v1_scalar_F4_Q3M_C2X_P2,5357200
v1_scalar_F4_Q3M_C2X_P2,5350300
v1_scalar_F4_Q3M_C2X_P2,5321100
v1_scalar_F4_Q3M_C2X_P2,5346100
v1_scalar_F4_Q3M_C2X_P2,5445800
v1_scalar_F4_Q3M_C2X_P2,5335500
v1_scalar_F4_Q3M_C2X_P2,5335600
v1_scalar_F4_Q3M_C2X_P2,5696600
v1_scalar_F4_Q3M_C2X_P2,5854000
v1_scalar_F4_Q3M_C2X_P2,5345700
v1_scalar_F4_Q3M_C2X_P2,5425100
v1_scalar_F4_Q3M_C2X_P2,5343700
v1_scalar_F4_Q3M_C2X_P2,5345900
v1_scalar_F4_Q3M_C3_P2,4758800
v1_scalar_F4_Q3M_C3_P2,4866600
v1_scalar_F4_Q3M_C3_P2,5163700
v1_scalar_F4_Q3M_C3_P2,4829400
v1_scalar_F4_Q3M_C3_P2,4827100
v1_scalar_F4_Q3M_C3_P2,4809700
v1_scalar_F4_Q3M_C3_P2,4798200
v1_scalar_F4_Q3M_C3_P2,4669600
v1_scalar_F4_Q3M_C3_P2,4651000
v1_scalar_F4_Q3M_C3_P2,4813100
v1_scalar_F4_Q3M_C3_P2,4686400
v1_scalar_F4_Q3M_C3_P2,4694900
v1_scalar_F4_Q3M_C3_P2,4944000
v1_scalar_F4_Q3M_C3_P2,4847900
v1_scalar_F4_Q3M_C3_P2,4817300
v1_scalar_F4_Q3M_C3_P2,4635000
v1_scalar_F4_Q3M_C3_P2,4608900
v1_scalar_F4_Q3M_C3_P2,4924200
v1_scalar_F4_Q3M_C3_P2,4827900
v1_scalar_F4_Q3M_C3_P2,4744400
v1_scalar_F4_Q3M_C3_P2,4759100
v1_scalar_F4_Q3M_C3_P2,4638300
v1_scalar_F4_Q3M_C3_P2,6273000
v1_scalar_F4_Q3M_C3_P2,4696700
v1_scalar_F4_Q3M_C3_P2,4997800
v1_scalar_F4_Q3M_C3_P2,4706800
v1_scalar_F4_Q3M_C3_P2,4683200
v1_scalar_F4_Q3M_C3_P2,4664200
v1_scalar_F4_Q3M_C3_P2,5286800
v1_scalar_F4_Q3M_C3_P2,4671600
v1_scalar_F4_Q3M_C3_P2,4699000
v1_scalar_F4_Q3M_C3_P2,4675700
v1_scalar_F4_Q3M_C3_P2,4667500
v1_scalar_F4_Q3M_C3_P2,5004300
v1_scalar_F4_Q3M_C3_P2,4769100
v1_scalar_F4_Q3M_C3_P2,4630100
v1_scalar_F4_Q3M_C3_P2,4664300
v1_scalar_F4_Q3M_C3_P2,4625100
v1_scalar_F4_Q3M_C3_P2,4635200
v1_scalar_F4_Q3M_C3_P2,4793100
v1_scalar_F4_Q3M_C3_P2,4723700
v1_scalar_F4_Q3M_C3_P2,4645400
v1_scalar_F4_Q3M_C3_P2,4735400
v1_scalar_F4_Q3M_C3_P2,5075000
v1_scalar_F4_Q3M_C3_P2,5019300
v1_scalar_F4_Q3M_C3_P2,5117700
v1_scalar_F4_Q3M_C3_P2,4984200
v1_scalar_F4_Q3M_C3_P2,5402300
v1_scalar_F4_Q3M_C3_P2,5270200
v1_scalar_F4_Q3M_C3_P2,5319200
v1_scalar_F4_Q3M_C3_P2,5320200
v1_scalar_F4_Q3M_C3_P2,5202300
v1_scalar_F4_Q3M_C3_P2,5882400
v1_scalar_F4_Q3M_C3_P2,6629500
v1_scalar_F4_Q3M_C3_P2,6013200
v1_scalar_F4_Q3M_C3_P2,5983700
v1_scalar_F4_Q3M_C3_P2,5953000
v1_scalar_F4_Q3M_C3_P2,5975800
v1_scalar_F4_Q3M_C3_P2,5901200
v1_scalar_F4_Q3M_C3_P2,7242400
v1_scalar_F4_Q3M_C3_P2,5237900
v1_scalar_F4_Q3M_C3_P2,4794000
v1_scalar_F4_Q3M_C3_P2,4830600
v1_scalar_F4_Q3M_C3_P2,4782900
v1_scalar_F4_Q3M_C3_P2,4807300
v1_scalar_F4_Q3M_C3_P2,4807600
v1_scalar_F4_Q3M_C3_P2,4779500
v1_scalar_F4_Q3M_C3_P2,4829700
v1_scalar_F4_Q3M_C3_P2,4946900
v1_scalar_F4_Q3M_C3_P2,5045300
v1_scalar_F4_Q3M_C3_P2,4908400
v1_scalar_F4_Q3M_C3_P2,5768400
v1_scalar_F4_Q3M_C3_P2,4769700
v1_scalar_F4_Q3M_C3_P2,4742700
v1_scalar_F4_Q3M_C3_P2,4756500
v1_scalar_F4_Q3M_C3_P2,4662000
v1_scalar_F4_Q3M_C3_P2,5189700
v1_scalar_F4_Q3M_C3_P2,4947200
v1_scalar_F4_Q3M_C3_P2,5258700
v1_scalar_F4_Q3M_C3_P2,4788300
v1_scalar_F4_Q3M_C3_P2,4844400
v1_scalar_F4_Q3M_C3_P2,4609600
v1_scalar_F4_Q3M_C3_P2,4795600
v1_scalar_F4_Q3M_C3_P2,4948800
v1_scalar_F4_Q3M_C3_P2,5292700
v1_scalar_F4_Q3M_C3_P2,4867600
v1_scalar_F4_Q3M_C3_P2,5328600
v1_scalar_F4_Q3M_C3_P2,5049500
v1_scalar_F4_Q3M_C3_P2,5150900
v1_scalar_F4_Q3M_C3_P2,5056900
v1_scalar_F4_Q3M_C3_P2,6004800
v1_scalar_F4_Q3M_C3_P2,5130700
v1_scalar_F4_Q3M_C3_P2,4727100
v1_scalar_F4_Q3M_C3_P2,4714800
v1_scalar_F4_Q3M_C3_P2,4709600
v1_scalar_F4_Q3M_C3_P2,4694500
v1_scalar_F4_Q3M_C3_P2,5048700
v1_scalar_F4_Q3M_C3_P2,4906100
v1_scalar_F4_Q3M_C3_P2,4815800
v1_scalar_F4_Q3M_C3_P2,4667500
v1_scalar_F4_Q3M_C3_P2,4679000
v1_scalar_F4_Q3M_C3_P2,4635100
v1_scalar_F4_Q3M_C3_P2,4636100
v1_scalar_F4_Q3M_C3_P2,4628900
v1_scalar_F4_Q3M_C3_P2,4627200
v1_scalar_F4_Q3M_C3_P2,4636600
v1_scalar_F4_Q3M_C3_P2,4645800
v1_scalar_F4_Q3M_C3_P2,4671500
v1_scalar_F4_Q3M_C3_P2,4643000
v1_scalar_F4_Q3M_C3_P2,4610400
v1_scalar_F4_Q3M_C3_P2,5078400
v1_scalar_F4_Q3M_C3_P2,4839500
v1_scalar_F4_Q3M_C3_P2,5238700
v1_scalar_F4_Q3M_C3_P2,5409200
v1_scalar_F4_Q3M_C3_P2,4671900
v1_scalar_F4_Q3M_C3_P2,4622700
v1_scalar_F4_Q3M_C3_P2,5373700
v1_scalar_F4_Q3M_C3_P2,4648400
v1_scalar_F4_Q3M_C3_P2,4921000
v1_scalar_F4_Q3M_C3_P2,5133600
v1_scalar_F4_Q3M_C3_P2,5019600
v1_scalar_F4_Q3M_C3_P2,4815300
v1_scalar_F4_Q3M_C3_P2,4763400
v1_scalar_F4_Q3M_C3_P2,4650500
v1_scalar_F4_Q3M_C3_P2,5189400
v1_scalar_F4_Q3M_C3_P2,4867400
v1_scalar_F4_Q3M_C3_P2,5175200
v1_scalar_F4_Q3M_C3_P2,4708700
v1_scalar_F4_Q3M_C3_P2,4639300
v1_scalar_F4_Q3M_C3_P2,5774400
v1_scalar_F4_Q3M_C3_P2,4765100
v1_scalar_F4_Q3M_C3_P2,5054500
v1_scalar_F4_Q3M_C3_P2,4880700
v1_scalar_F4_Q3M_C3_P2,5114900
v1_scalar_F4_Q3M_C3_P2,4983900
v1_scalar_F4_Q3M_C3_P2,5286000
v1_scalar_F4_Q3M_C3_P2,4682600
v1_scalar_F4_Q3M_C3_P2,5239300
v1_scalar_F4_Q3M_C3_P2,4974500
v1_scalar_F4_Q3M_C3_P2,4887900
v1_scalar_F4_Q3M_C3_P2,5279300
v1_scalar_F4_Q3M_C3_P2,5230800
v1_scalar_F4_Q3M_C3_P2,5011300
v1_scalar_F4_Q3M_C3_P2,4895800
v1_scalar_F4_Q3M_C3_P2,4745200
v1_scalar_F4_Q3M_C3_P2,4697700
v1_scalar_F4_Q3M_C3_P2,5489600
v1_scalar_F4_Q3M_C3_P2,4693700
v1_scalar_F4_Q3M_C3_P2,4726800
v1_scalar_F4_Q3M_C3_P2,4897400
v1_scalar_F4_Q3M_C3_P2,4804200
v1_scalar_F4_Q3M_C3_P2,4980200
v1_scalar_F4_Q3M_C3_P2,4993000
v1_scalar_F4_Q3M_C3_P2,4648000
v1_scalar_F4_Q3M_C3_P2,4706900
v1_scalar_F4_Q3M_C3_P2,4659300
v1_scalar_F4_Q3M_C3_P2,4669900
v1_scalar_F4_Q3M_C3_P2,4625700
v1_scalar_F4_Q3M_C3_P2,4959600
v1_scalar_F4_Q3M_C3_P2,4630100
v1_scalar_F4_Q3M_C3_P2,4952600
v1_scalar_F4_Q3M_C3_P2,4666300
v1_scalar_F4_Q3M_C3_P2,4657000
v1_scalar_F4_Q3M_C3_P2,4619800
v1_scalar_F4_Q3M_C3_P2,4928100
v1_scalar_F4_Q3M_C3_P2,4645200
v1_scalar_F4_Q3M_C3_P2,5058000
v1_scalar_F4_Q3M_C3_P2,4661500
v1_scalar_F4_Q3M_C3_P2,4642100
v1_scalar_F4_Q3M_C3_P2,4653800
v1_scalar_F4_Q3M_C3_P2,4699500
v1_scalar_F4_Q3M_C3_P2,4669800
v1_scalar_F4_Q3M_C3_P2,4664600
v1_scalar_F4_Q3M_C3_P2,4939600
v1_scalar_F4_Q3M_C3_P2,4709200
v1_scalar_F4_Q3M_C3_P2,4645400
v1_scalar_F4_Q3M_C3_P2,4678400
v1_scalar_F4_Q3M_C3_P2,4645200
v1_scalar_F4_Q3M_C3_P2,4752500
v1_scalar_F4_Q3M_C3_P2,4687000
v1_scalar_F4_Q3M_C3_P2,4724100
v1_scalar_F4_Q3M_C3_P2,4696800
v1_scalar_F4_Q3M_C3_P2,4747600
v1_scalar_F4_Q3M_C3_P2,4890900
v1_scalar_F4_Q3M_C3_P2,5232600
v1_scalar_F4_Q3M_C3_P2,4705100
v1_scalar_F4_Q3M_C3_P2,4815600
v1_scalar_F4_Q3M_C3_P2,4672000
v1_scalar_F4_Q3M_C3_P2,4693700
v1_scalar_F4_Q3M_C3_P2,4687400
v1_scalar_F4_Q3M_C3_P2,4689600
v1_scalar_F4_Q3M_C3_P2,4635400
v1_scalar_F4_Q3M_C3_P2,4642600
v1_scalar_F4_Q3M_C3_P2,5110300
v1_scalar_F4_Q3M_C3_P2,4671000
v1_scalar_F4_Q3M_C3_P2,5059400
v1_scalar_F4_Q3M_C3_P2,4908000
v1_scalar_F4_Q3M_C3_P2,4670000
v1_scalar_F4_Q3M_C3_P2,4628900
v1_scalar_F4_Q3M_C3_P2,4643900
v1_scalar_F4_Q3M_C3_P2,4650600
v1_scalar_F4_Q3M_C3_P2,4703200
v1_scalar_F4_Q3M_C3_P2,5628900
v1_scalar_F4_Q3M_C3_P2,4844900
v1_scalar_F4_Q3M_C3_P2,4645400
v1_scalar_F4_Q3M_C3_P2,4625100
v1_scalar_F4_Q3M_C3_P2,4649200
v1_scalar_F4_Q3M_C3_P2,4628800
v1_scalar_F4_Q3M_C3_P2,4637100
v1_scalar_F4_Q3M_C3_P2,4657100
v1_scalar_F4_Q3M_C3_P2,4647600
v1_scalar_F4_Q3M_C3_P2,4647100
v1_scalar_F4_Q3M_C3_P2,5046500
v1_scalar_F4_Q3M_C3_P2,4674200
v1_scalar_F4_Q3M_C3_P2,4665500
v1_scalar_F4_Q3M_C3_P2,4681700
v1_scalar_F4_Q3M_C3_P2,4675700
v1_scalar_F4_Q3M_C3_P2,4624100
v1_scalar_F4_Q3M_C3_P2,4670400
v1_scalar_F4_Q3M_C3_P2,4677200
v1_scalar_F4_Q3M_C3_P2,4651900
v1_scalar_F4_Q3M_C3_P2,4668600
v1_scalar_F4_Q3M_C3_P2,4643500
v1_scalar_F4_Q3M_C3_P2,4618900
v1_scalar_F4_Q3M_C3_P2,4707400
v1_scalar_F4_Q3M_C3_P2,4656400
v1_scalar_F4_Q3M_C3_P2,4672300
v1_scalar_F4_Q3M_C3_P2,4614300
v1_scalar_F4_Q3M_C3_P2,4678600
v1_scalar_F4_Q3M_C3_P2,5265900
v1_scalar_F4_Q3M_C3_P2,4663600
v1_scalar_F4_Q3M_C3_P2,4637400
v1_scalar_F4_Q3M_C3_P2,4651200
v1_scalar_F4_Q3M_C3_P2,4654800
v1_scalar_F4_Q3M_C3_P2,4622800
v1_scalar_F4_Q3M_C3_P2,4597300
v1_scalar_F4_Q3M_C3_P2,5302400
v1_scalar_F4_Q3M_C3_P2,4809400
v1_scalar_F4_Q3M_C3_P2,4762200
v1_scalar_F4_Q3M_C3_P2,4642300
v1_scalar_F4_Q3M_C3_P2,4884700
v1_scalar_F4_Q3M_C3_P2,4653600
v1_scalar_F4_Q3M_C3_P2,4792500
v1_scalar_F4_Q3M_C3_P2,4953000
v1_scalar_F4_Q3M_C3_P2,5019800
v1_scalar_F4_Q3M_C3_P2,4899200
v1_scalar_F4_Q3M_C3_P2,4891400
v1_scalar_F4_Q3M_C3_P2,5286700
v1_scalar_F4_Q3M_C3_P2,4760200
v1_scalar_F4_Q3M_C3_P2,5105800
v1_scalar_F4_Q3M_C3_P2,4703100
v1_scalar_F4_Q3M_C3_P2,4696100
v1_scalar_F4_Q3M_C3_P2,4666800
v1_scalar_F4_Q3M_C3_P2,5045400
v1_scalar_F4_Q3M_C3_P2,4895100
v1_scalar_F4_Q3M_C3_P2,5391700
v1_scalar_F4_Q3M_C3_P2,4678300
v1_scalar_F4_Q3M_C3_P2,4765100
v1_scalar_F4_Q3M_C3_P2,5031800
v1_scalar_F4_Q3M_C3_P2,4773200
v1_scalar_F4_Q3M_C3_P2,4808300
v1_scalar_F4_Q3M_C3_P2,4844900
v1_scalar_F4_Q3M_C3_P2,5195100
v1_scalar_F4_Q3M_C3_P2,4973100
v1_scalar_F4_Q3M_C3_P2,4634300
v1_scalar_F4_Q3M_C3_P2,4848200
v1_scalar_F4_Q3M_C3_P2,4768400
v1_scalar_F4_Q3M_C3_P2,4729300
v1_scalar_F4_Q3M_C3_P2,4720200
v1_scalar_F4_Q3M_C3_P2,4653400
v1_scalar_F4_Q3M_C3_P2,4669800
v1_scalar_F4_Q3M_C3_P2,4917300
v1_scalar_F4_Q3M_C3_P2,4707000
v1_scalar_F4_Q3M_C3_P2,4784500
v1_scalar_F4_Q3M_C3_P2,4657200
v1_scalar_F4_Q3M_C3_P2,4629000
v1_scalar_F4_Q3M_C3_P2,4776200
v1_scalar_F4_Q3M_C3_P2,4775400
v1_scalar_F4_Q3M_C3_P2,4725900
v1_scalar_F4_Q3M_C3_P2,4723600
v1_scalar_F4_Q3M_C3_P2,4698700
v1_scalar_F4_Q3M_C3_P2,4743600
v1_scalar_F4_Q3M_C3_P2,5225400
v1_scalar_F4_Q3M_C3_P2,5225600
v1_scalar_F4_Q3M_C3_P2,4954100
v1_scalar_F4_Q3M_C3_P2,4814400
v1_scalar_F4_Q3M_C3_P2,4671800
v1_scalar_F4_Q3M_C3_P2,4691000
v1_scalar_F4_Q3M_C3_P2,4661000
v1_scalar_F4_Q3M_C3_P2,4802400
v1_scalar_F4_Q3M_C3_P2,5344900
v1_scalar_F4_Q3M_C3_P2,4929400
v1_scalar_F4_Q3M_C3_P2,5026000
v1_scalar_F4_Q3M_C3_P2,4633100
v1_scalar_F4_Q3M_C3_P2,4642900
v1_scalar_F4_Q3M_C3_P2,4646900
v1_scalar_F4_Q3M_C3_P2,5339400
v1_scalar_F4_Q3M_C3_P2,5008600
v1_scalar_F4_Q3M_C3_P2,4904500
v1_scalar_F4_Q3M_C3_P2,4798400
v1_scalar_F4_Q3M_C3_P2,4762100
v1_scalar_F4_Q3M_C3_P2,4645200
v1_scalar_F4_Q3M_C3_P2,4765400
v1_scalar_F4_Q3M_C3_P2,4728500
v1_scalar_F4_Q3M_C3_P2,5041500
v1_scalar_F4_Q3M_C3_P2,5099900
v1_scalar_F4_Q3M_C3_P2,4655700
v1_scalar_F4_Q3M_C3_P2,4669200
v1_scalar_F4_Q3M_C3_P2,5160100
v1_scalar_F4_Q3M_C3_P2,4923900
v1_scalar_F4_Q3M_C3_P2,4853400
v1_scalar_F4_Q3M_C3_P2,4957900
v1_scalar_F4_Q3M_C3_P2,4783300
v1_scalar_F4_Q3M_C3_P2,4665400
v1_scalar_F4_Q3M_C3_P2,4978400
v1_scalar_F4_Q3M_C3_P2,4958300
v1_scalar_F4_Q3M_C3_P2,5197500
v1_scalar_F4_Q3M_C3_P2,4714700
v1_scalar_F4_Q3M_C3_P2,4908900
v1_scalar_F4_Q3M_C3_P2,4944600
v1_scalar_F4_Q3M_C3_P2,4692500
v1_scalar_F4_Q3M_C3_P2,4763700
v1_scalar_F4_Q3M_C3_P2,5100500
v1_scalar_F4_Q3M_C3_P2,5140100
v1_scalar_F4_Q3M_C3_P2,4795100
v1_scalar_F4_Q3M_C3_P2,4795200
v1_scalar_F4_Q3M_C3_P2,6003600
v1_scalar_F4_Q3M_C3_P2,5102500
v1_scalar_F4_Q3M_C3_P2,4768900
v1_scalar_F4_Q3M_C3_P2,4763600
v1_scalar_F4_Q3M_C3_P2,4690400
v1_scalar_F4_Q3M_C3_P2,4713700
v1_scalar_F4_Q3M_C3_P2,4757400
v1_scalar_F4_Q3M_C3_P2,4932000
v1_scalar_F4_Q3M_C3_P2,4643400
v1_scalar_F4_Q3M_C3_P2,4682800
v1_scalar_F4_Q3M_C3_P2,4821700
v1_scalar_F4_Q3M_C3_P2,4728500
v1_scalar_F4_Q3M_C3_P2,4780800
v1_scalar_F4_Q3M_C3_P2,4650700
v1_scalar_F4_Q3M_C3_P2,4685300
v1_scalar_F4_Q3M_C3_P2,4668400
v1_scalar_F4_Q3M_C3_P2,4730600
v1_scalar_F4_Q3M_C3_P2,4668300
v1_scalar_F4_Q3M_C3_P2,5325800
v1_scalar_F4_Q3M_C3_P2,4671400
v1_scalar_F4_Q3M_C3_P2,4689100
v1_scalar_F4_Q3M_C3_P2,4673200
v1_scalar_F4_Q3M_C3_P2,4632800
v1_scalar_F4_Q3M_C3_P2,4645500
v1_scalar_F4_Q3M_C3_P2,4699800
v1_scalar_F4_Q3M_C3_P2,4699200
v1_scalar_F4_Q3M_C3_P2,4651200
v1_scalar_F4_Q3M_C3_P2,4645200
v1_scalar_F4_Q3M_C3_P2,4657400
v1_scalar_F4_Q3M_C3_P2,4631800
v1_scalar_F4_Q3M_C3_P2,4641400
v1_scalar_F4_Q3M_C3_P2,5049900
v1_scalar_F4_Q3M_C3_P2,4662500
v1_scalar_F4_Q3M_C3_P2,4651100
v1_scalar_F4_Q3M_C3_P2,5067300
v1_scalar_F4_Q3M_C3_P2,4816800
v1_scalar_F4_Q3M_C3_P2,4808300
v1_scalar_F4_Q3M_C3_P2,4807800
v1_scalar_F4_Q3M_C3_P2,4673600
v1_scalar_F4_Q3M_C3_P2,4645200
v1_scalar_F4_Q3M_C3_P2,4701800
v1_scalar_F4_Q3M_C3_P2,4649800
v1_scalar_F4_Q3M_C3_P2,4641400
v1_scalar_F4_Q3M_C3_P2,4752600
v1_scalar_F4_Q3M_C3_P2,5024700
v1_scalar_F4_Q3M_C3_P2,4860200
v1_scalar_F4_Q3M_C3_P2,4803000
v1_scalar_F4_Q3M_C3_P2,4838300
v1_scalar_F4_Q3M_C3_P2,4854300
v1_scalar_F4_Q3M_C3_P2,4652400
v1_scalar_F4_Q3M_C3_P2,4857100
v1_scalar_F4_Q3M_C3_P2,4657900
v1_scalar_F4_Q3M_C3_P2,4809200
v1_scalar_F4_Q3M_C3_P2,4824100
v1_scalar_F4_Q3M_C3_P2,4647000
v1_scalar_F4_Q3M_C3_P2,4667500
v1_scalar_F4_Q3M_C3_P2,4645400
v1_scalar_F4_Q3M_C3_P2,4817700
v1_scalar_F4_Q3M_C3_P2,4617900
v1_scalar_F4_Q3M_C3_P2,4653600
v1_scalar_F4_Q3M_C3_P2,4595000
v1_scalar_F4_Q3M_C3_P2,4649200
v1_scalar_F4_Q3M_C3_P2,4774600
v1_scalar_F4_Q3M_C3_P2,4674500
v1_scalar_F4_Q3M_C3_P2,4648400
v1_scalar_F4_Q3M_C3_P2,4706200
v1_scalar_F4_Q3M_C3_P2,4825700
v1_scalar_F4_Q3M_C3_P2,4636300
v1_scalar_F4_Q3M_C4F_P2,4829800
v1_scalar_F4_Q3M_C4F_P2,5314800
v1_scalar_F4_Q3M_C4F_P2,4895700
v1_scalar_F4_Q3M_C4F_P2,5197200
v1_scalar_F4_Q3M_C4F_P2,4927000
v1_scalar_F4_Q3M_C4F_P2,5564300
v1_scalar_F4_Q3M_C4F_P2,5075100
v1_scalar_F4_Q3M_C4F_P2,5436300
v1_scalar_F4_Q3M_C4F_P2,6057400
v1_scalar_F4_Q3M_C4F_P2,5538000
v1_scalar_F4_Q3M_C4F_P2,5334200
v1_scalar_F4_Q3M_C4F_P2,4846600
v1_scalar_F4_Q3M_C4F_P2,6079600
v1_scalar_F4_Q3M_C4F_P2,4843100
v1_scalar_F4_Q3M_C4F_P2,4791100
v1_scalar_F4_Q3M_C4F_P2,4782100
v1_scalar_F4_Q3M_C4F_P2,5601800
v1_scalar_F4_Q3M_C4F_P2,5100700
v1_scalar_F4_Q3M_C4F_P2,5036300
v1_scalar_F4_Q3M_C4F_P2,5425900
v1_scalar_F4_Q3M_C4F_P2,5073900
v1_scalar_F4_Q3M_C4F_P2,5116800
v1_scalar_F4_Q3M_C4F_P2,4841300
v1_scalar_F4_Q3M_C4F_P2,4999300
v1_scalar_F4_Q3M_C4F_P2,4838100
v1_scalar_F4_Q3M_C4F_P2,5298400
v1_scalar_F4_Q3M_C4F_P2,5144900
v1_scalar_F4_Q3M_C4F_P2,4916300
v1_scalar_F4_Q3M_C4F_P2,4789400
v1_scalar_F4_Q3M_C4F_P2,4899200
v1_scalar_F4_Q3M_C4F_P2,4776600
v1_scalar_F4_Q3M_C4F_P2,5250300
v1_scalar_F4_Q3M_C4F_P2,4890400
v1_scalar_F4_Q3M_C4F_P2,5333400
v1_scalar_F4_Q3M_C4F_P2,4793200
v1_scalar_F4_Q3M_C4F_P2,4798200
v1_scalar_F4_Q3M_C4F_P2,4805000
v1_scalar_F4_Q3M_C4F_P2,5188600
v1_scalar_F4_Q3M_C4F_P2,5612300
v1_scalar_F4_Q3M_C4F_P2,4884100
v1_scalar_F4_Q3M_C4F_P2,4791300
v1_scalar_F4_Q3M_C4F_P2,5581600
v1_scalar_F4_Q3M_C4F_P2,4803200
v1_scalar_F4_Q3M_C4F_P2,4755000
v1_scalar_F4_Q3M_C4F_P2,4778200
v1_scalar_F4_Q3M_C4F_P2,4765900
v1_scalar_F4_Q3M_C4F_P2,4779600
v1_scalar_F4_Q3M_C4F_P2,4780100
v1_scalar_F4_Q3M_C4F_P2,4938900
v1_scalar_F4_Q3M_C4F_P2,4800300
v1_scalar_F4_Q3M_C4F_P2,5043200
v1_scalar_F4_Q3M_C4F_P2,5270300
v1_scalar_F4_Q3M_C4F_P2,5360900
v1_scalar_F4_Q3M_C4F_P2,5547900
v1_scalar_F4_Q3M_C4F_P2,5265400
v1_scalar_F4_Q3M_C4F_P2,5484300
v1_scalar_F4_Q3M_C4F_P2,4828900
v1_scalar_F4_Q3M_C4F_P2,4894500
v1_scalar_F4_Q3M_C4F_P2,4836600
v1_scalar_F4_Q3M_C4F_P2,5149400
v1_scalar_F4_Q3M_C4F_P2,5515200
v1_scalar_F4_Q3M_C4F_P2,4867400
v1_scalar_F4_Q3M_C4F_P2,4896300
v1_scalar_F4_Q3M_C4F_P2,4806400
v1_scalar_F4_Q3M_C4F_P2,4777100
v1_scalar_F4_Q3M_C4F_P2,4940600
v1_scalar_F4_Q3M_C4F_P2,4900500
v1_scalar_F4_Q3M_C4F_P2,5315300
v1_scalar_F4_Q3M_C4F_P2,4970600
v1_scalar_F4_Q3M_C4F_P2,5250000
v1_scalar_F4_Q3M_C4F_P2,4873900
v1_scalar_F4_Q3M_C4F_P2,5217200
v1_scalar_F4_Q3M_C4F_P2,4784200
v1_scalar_F4_Q3M_C4F_P2,5123800
v1_scalar_F4_Q3M_C4F_P2,4775100
v1_scalar_F4_Q3M_C4F_P2,5255700
v1_scalar_F4_Q3M_C4F_P2,4812900
v1_scalar_F4_Q3M_C4F_P2,4983600
v1_scalar_F4_Q3M_C4F_P2,5091300
v1_scalar_F4_Q3M_C4F_P2,5061300
v1_scalar_F4_Q3M_C4F_P2,4827500
v1_scalar_F4_Q3M_C4F_P2,4758500
v1_scalar_F4_Q3M_C4F_P2,5043900
v1_scalar_F4_Q3M_C4F_P2,5170000
v1_scalar_F4_Q3M_C4F_P2,5311000
v1_scalar_F4_Q3M_C4F_P2,4912400
v1_scalar_F4_Q3M_C4F_P2,5232500
v1_scalar_F4_Q3M_C4F_P2,4807200
v1_scalar_F4_Q3M_C4F_P2,5356500
v1_scalar_F4_Q3M_C4F_P2,4864600
v1_scalar_F4_Q3M_C4F_P2,4773400
v1_scalar_F4_Q3M_C4F_P2,5394100
v1_scalar_F4_Q3M_C4F_P2,5010500
v1_scalar_F4_Q3M_C4F_P2,5231700
v1_scalar_F4_Q3M_C4F_P2,5023600
v1_scalar_F4_Q3M_C4F_P2,4948700
v1_scalar_F4_Q3M_C4F_P2,4908800
v1_scalar_F4_Q3M_C4F_P2,4840100
v1_scalar_F4_Q3M_C4F_P2,4795900
v1_scalar_F4_Q3M_C4F_P2,4846600
v1_scalar_F4_Q3M_C4F_P2,5592700
v1_scalar_F4_Q3M_C4F_P2,4806200
v1_scalar_F4_Q3M_C4F_P2,4861400
v1_scalar_F4_Q3M_C4F_P2,5208400
v1_scalar_F4_Q3M_C4F_P2,4785200
v1_scalar_F4_Q3M_C4F_P2,5148000
v1_scalar_F4_Q3M_C4F_P2,4890600
v1_scalar_F4_Q3M_C4F_P2,5084200
v1_scalar_F4_Q3M_C4F_P2,4873000
v1_scalar_F4_Q3M_C4F_P2,5530900
v1_scalar_F4_Q3M_C4F_P2,5184200
v1_scalar_F4_Q3M_C4F_P2,4963600
v1_scalar_F4_Q3M_C4F_P2,4957800
v1_scalar_F4_Q3M_C4F_P2,4758700
v1_scalar_F4_Q3M_C4F_P2,4860300
v1_scalar_F4_Q3M_C4F_P2,5293300
v1_scalar_F4_Q3M_C4F_P2,5147100
v1_scalar_F4_Q3M_C4F_P2,4944000
v1_scalar_F4_Q3M_C4F_P2,5040700
v1_scalar_F4_Q3M_C4F_P2,4853600
v1_scalar_F4_Q3M_C4F_P2,4826600
v1_scalar_F4_Q3M_C4F_P2,4956500
v1_scalar_F4_Q3M_C4F_P2,4933300
v1_scalar_F4_Q3M_C4F_P2,5293600
v1_scalar_F4_Q3M_C4F_P2,4854100
v1_scalar_F4_Q3M_C4F_P2,7690400
v1_scalar_F4_Q3M_C4F_P2,5244400
v1_scalar_F4_Q3M_C4F_P2,4985100
v1_scalar_F4_Q3M_C4F_P2,4857600
v1_scalar_F4_Q3M_C4F_P2,5462900
v1_scalar_F4_Q3M_C4F_P2,4917200
v1_scalar_F4_Q3M_C4F_P2,4808200
v1_scalar_F4_Q3M_C4F_P2,4934800
v1_scalar_F4_Q3M_C4F_P2,4813300
v1_scalar_F4_Q3M_C4F_P2,4834700
v1_scalar_F4_Q3M_C4F_P2,4777300
v1_scalar_F4_Q3M_C4F_P2,4785000
v1_scalar_F4_Q3M_C4F_P2,4778800
v1_scalar_F4_Q3M_C4F_P2,4914500
v1_scalar_F4_Q3M_C4F_P2,4818300
v1_scalar_F4_Q3M_C4F_P2,4778800
v1_scalar_F4_Q3M_C4F_P2,4972000
v1_scalar_F4_Q3M_C4F_P2,4810300
v1_scalar_F4_Q3M_C4F_P2,4792800
v1_scalar_F4_Q3M_C4F_P2,4782800
v1_scalar_F4_Q3M_C4F_P2,5424500
v1_scalar_F4_Q3M_C4F_P2,4803200
v1_scalar_F4_Q3M_C4F_P2,4897700
v1_scalar_F4_Q3M_C4F_P2,4837100
v1_scalar_F4_Q3M_C4F_P2,4759900
v1_scalar_F4_Q3M_C4F_P2,4852900
v1_scalar_F4_Q3M_C4F_P2,4788400
v1_scalar_F4_Q3M_C4F_P2,4776800
v1_scalar_F4_Q3M_C4F_P2,4812600
v1_scalar_F4_Q3M_C4F_P2,4754800
v1_scalar_F4_Q3M_C4F_P2,4746700
v1_scalar_F4_Q3M_C4F_P2,4979900
v1_scalar_F4_Q3M_C4F_P2,4827900
v1_scalar_F4_Q3M_C4F_P2,4773600
v1_scalar_F4_Q3M_C4F_P2,4892300
v1_scalar_F4_Q3M_C4F_P2,4884000
v1_scalar_F4_Q3M_C4F_P2,5207100
v1_scalar_F4_Q3M_C4F_P2,5050100
v1_scalar_F4_Q3M_C4F_P2,5010300
v1_scalar_F4_Q3M_C4F_P2,4905600
v1_scalar_F4_Q3M_C4F_P2,4949700
v1_scalar_F4_Q3M_C4F_P2,5400300
v1_scalar_F4_Q3M_C4F_P2,4803500
v1_scalar_F4_Q3M_C4F_P2,4817700
v1_scalar_F4_Q3M_C4F_P2,5134400
v1_scalar_F4_Q3M_C4F_P2,5022600
v1_scalar_F4_Q3M_C4F_P2,4778400
v1_scalar_F4_Q3M_C4F_P2,4789400
v1_scalar_F4_Q3M_C4F_P2,4810200
v1_scalar_F4_Q3M_C4F_P2,4777900
v1_scalar_F4_Q3M_C4F_P2,4795000
v1_scalar_F4_Q3M_C4F_P2,4787600
v1_scalar_F4_Q3M_C4F_P2,4749600
v1_scalar_F4_Q3M_C4F_P2,5165700
v1_scalar_F4_Q3M_C4F_P2,5266000
v1_scalar_F4_Q3M_C4F_P2,4835600
v1_scalar_F4_Q3M_C4F_P2,4916200
v1_scalar_F4_Q3M_C4F_P2,4771000
v1_scalar_F4_Q3M_C4F_P2,4756100
v1_scalar_F4_Q3M_C4F_P2,5175200
v1_scalar_F4_Q3M_C4F_P2,4925700
v1_scalar_F4_Q3M_C4F_P2,4833500
v1_scalar_F4_Q3M_C4F_P2,5427500
v1_scalar_F4_Q3M_C4F_P2,5080600
v1_scalar_F4_Q3M_C4F_P2,5123000
v1_scalar_F4_Q3M_C4F_P2,5024400
v1_scalar_F4_Q3M_C4F_P2,4798800
v1_scalar_F4_Q3M_C4F_P2,5155600
v1_scalar_F4_Q3M_C4F_P2,4787100
v1_scalar_F4_Q3M_C4F_P2,4796900
v1_scalar_F4_Q3M_C4F_P2,5164100
v1_scalar_F4_Q3M_C4F_P2,4810700
v1_scalar_F4_Q3M_C4F_P2,4784100
v1_scalar_F4_Q3M_C4F_P2,4893600
v1_scalar_F4_Q3M_C4F_P2,5109800
v1_scalar_F4_Q3M_C4F_P2,4985700
v1_scalar_F4_Q3M_C4F_P2,5064200
v1_scalar_F4_Q3M_C4F_P2,4954100
v1_scalar_F4_Q3M_C4F_P2,4772300
v1_scalar_F4_Q3M_C4F_P2,5277800
v1_scalar_F4_Q3M_C4F_P2,4825500
v1_scalar_F4_Q3M_C4F_P2,4855200
v1_scalar_F4_Q3M_C4F_P2,4763400
v1_scalar_F4_Q3M_C4F_P2,4838600
v1_scalar_F4_Q3M_C4F_P2,4766400
v1_scalar_F4_Q3M_C4F_P2,4772700
v1_scalar_F4_Q3M_C4F_P2,4799200
v1_scalar_F4_Q3M_C4F_P2,4773600
v1_scalar_F4_Q3M_C4F_P2,5018300
v1_scalar_F4_Q3M_C4F_P2,4839600
v1_scalar_F4_Q3M_C4F_P2,5003400
v1_scalar_F4_Q3M_C4F_P2,4808700
v1_scalar_F4_Q3M_C4F_P2,4808000
v1_scalar_F4_Q3M_C4F_P2,4863400
v1_scalar_F4_Q3M_C4F_P2,4787900
v1_scalar_F4_Q3M_C4F_P2,4848500
v1_scalar_F4_Q3M_C4F_P2,5274100
v1_scalar_F4_Q3M_C4F_P2,4841700
v1_scalar_F4_Q3M_C4F_P2,5135700
v1_scalar_F4_Q3M_C4F_P2,5010000
v1_scalar_F4_Q3M_C4F_P2,4879800
v1_scalar_F4_Q3M_C4F_P2,5172200
v1_scalar_F4_Q3M_C4F_P2,4967500
v1_scalar_F4_Q3M_C4F_P2,5180600
v1_scalar_F4_Q3M_C4F_P2,5515300
v1_scalar_F4_Q3M_C4F_P2,4797200
v1_scalar_F4_Q3M_C4F_P2,5389200
v1_scalar_F4_Q3M_C4F_P2,5382700
v1_scalar_F4_Q3M_C4F_P2,5478900
v1_scalar_F4_Q3M_C4F_P2,6045800
v1_scalar_F4_Q3M_C4F_P2,4860500
v1_scalar_F4_Q3M_C4F_P2,4822000
v1_scalar_F4_Q3M_C4F_P2,5163500
v1_scalar_F4_Q3M_C4F_P2,5237800
v1_scalar_F4_Q3M_C4F_P2,5612200
v1_scalar_F4_Q3M_C4F_P2,5572400
v1_scalar_F4_Q3M_C4F_P2,4792000
v1_scalar_F4_Q3M_C4F_P2,4777800
v1_scalar_F4_Q3M_C4F_P2,5065600
v1_scalar_F4_Q3M_C4F_P2,5552500
v1_scalar_F4_Q3M_C4F_P2,4807500
v1_scalar_F4_Q3M_C4F_P2,5225800
v1_scalar_F4_Q3M_C4F_P2,5420900
v1_scalar_F4_Q3M_C4F_P2,4852700
v1_scalar_F4_Q3M_C4F_P2,4781200
v1_scalar_F4_Q3M_C4F_P2,4764500
v1_scalar_F4_Q3M_C4F_P2,4768400
v1_scalar_F4_Q3M_C4F_P2,4835500
v1_scalar_F4_Q3M_C4F_P2,4742100
v1_scalar_F4_Q3M_C4F_P2,5072900
v1_scalar_F4_Q3M_C4F_P2,5322800
v1_scalar_F4_Q3M_C4F_P2,4815800
v1_scalar_F4_Q3M_C4F_P2,5228600
v1_scalar_F4_Q3M_C4F_P2,4895500
v1_scalar_F4_Q3M_C4F_P2,4928400
v1_scalar_F4_Q3M_C4F_P2,4837400
v1_scalar_F4_Q3M_C4F_P2,4797400
v1_scalar_F4_Q3M_C4F_P2,4958800
v1_scalar_F4_Q3M_C4F_P2,4826500
v1_scalar_F4_Q3M_C4F_P2,4815700
v1_scalar_F4_Q3M_C4F_P2,4799100
v1_scalar_F4_Q3M_C4F_P2,5243600
v1_scalar_F4_Q3M_C4F_P2,5379700
v1_scalar_F4_Q3M_C4F_P2,5440100
v1_scalar_F4_Q3M_C4F_P2,4908000
v1_scalar_F4_Q3M_C4F_P2,5020000
v1_scalar_F4_Q3M_C4F_P2,5194900
v1_scalar_F4_Q3M_C4F_P2,4925900
v1_scalar_F4_Q3M_C4F_P2,4832200
v1_scalar_F4_Q3M_C4F_P2,4781300
v1_scalar_F4_Q3M_C4F_P2,4803300
v1_scalar_F4_Q3M_C4F_P2,4793200
v1_scalar_F4_Q3M_C4F_P2,4761700
v1_scalar_F4_Q3M_C4F_P2,5191500
v1_scalar_F4_Q3M_C4F_P2,4744300
v1_scalar_F4_Q3M_C4F_P2,4823800
v1_scalar_F4_Q3M_C4F_P2,4945300
v1_scalar_F4_Q3M_C4F_P2,4787400
v1_scalar_F4_Q3M_C4F_P2,4948100
v1_scalar_F4_Q3M_C4F_P2,5014100
v1_scalar_F4_Q3M_C4F_P2,5453100
v1_scalar_F4_Q3M_C4F_P2,4784100
v1_scalar_F4_Q3M_C4F_P2,5506900
v1_scalar_F4_Q3M_C4F_P2,5100700
v1_scalar_F4_Q3M_C4F_P2,5104700
v1_scalar_F4_Q3M_C4F_P2,4964900
v1_scalar_F4_Q3M_C4F_P2,4858000
v1_scalar_F4_Q3M_C4F_P2,4808700
v1_scalar_F4_Q3M_C4F_P2,5029500
v1_scalar_F4_Q3M_C4F_P2,5122700
v1_scalar_F4_Q3M_C4F_P2,4783100
v1_scalar_F4_Q3M_C4F_P2,4984600
v1_scalar_F4_Q3M_C4F_P2,5431500
v1_scalar_F4_Q3M_C4F_P2,4793500
v1_scalar_F4_Q3M_C4F_P2,5173400
v1_scalar_F4_Q3M_C4F_P2,4802500
v1_scalar_F4_Q3M_C4F_P2,4836300
v1_scalar_F4_Q3M_C4F_P2,4867800
v1_scalar_F4_Q3M_C4F_P2,4780200
v1_scalar_F4_Q3M_C4F_P2,4772500
v1_scalar_F4_Q3M_C4F_P2,4878000
v1_scalar_F4_Q3M_C4F_P2,4840000
v1_scalar_F4_Q3M_C4F_P2,4737800
v1_scalar_F4_Q3M_C4F_P2,4827500
v1_scalar_F4_Q3M_C4F_P2,5130100
v1_scalar_F4_Q3M_C4F_P2,5142600
v1_scalar_F4_Q3M_C4F_P2,4882800
v1_scalar_F4_Q3M_C4F_P2,4791000
v1_scalar_F4_Q3M_C4F_P2,4995900
v1_scalar_F4_Q3M_C4F_P2,4817600
v1_scalar_F4_Q3M_C4F_P2,5294700
v1_scalar_F4_Q3M_C4F_P2,5514600
v1_scalar_F4_Q3M_C4F_P2,5142200
v1_scalar_F4_Q3M_C4F_P2,4789300
v1_scalar_F4_Q3M_C4F_P2,4773200
v1_scalar_F4_Q3M_C4F_P2,5110500
v1_scalar_F4_Q3M_C4F_P2,4780800
v1_scalar_F4_Q3M_C4F_P2,5118700
v1_scalar_F4_Q3M_C4F_P2,5064500
v1_scalar_F4_Q3M_C4F_P2,4760600
v1_scalar_F4_Q3M_C4F_P2,4753600
v1_scalar_F4_Q3M_C4F_P2,4780800
v1_scalar_F4_Q3M_C4F_P2,4770800
v1_scalar_F4_Q3M_C4F_P2,4746400
v1_scalar_F4_Q3M_C4F_P2,5093500
v1_scalar_F4_Q3M_C4F_P2,5340800
v1_scalar_F4_Q3M_C4F_P2,4807300
v1_scalar_F4_Q3M_C4F_P2,4808500
v1_scalar_F4_Q3M_C4F_P2,4843800
v1_scalar_F4_Q3M_C4F_P2,4902100
v1_scalar_F4_Q3M_C4F_P2,4836700
v1_scalar_F4_Q3M_C4F_P2,4776300
v1_scalar_F4_Q3M_C4F_P2,4721700
v1_scalar_F4_Q3M_C4F_P2,4771400
v1_scalar_F4_Q3M_C4F_P2,4734700
v1_scalar_F4_Q3M_C4F_P2,4910100
v1_scalar_F4_Q3M_C4F_P2,4765400
v1_scalar_F4_Q3M_C4F_P2,4807300
v1_scalar_F4_Q3M_C4F_P2,4755000
v1_scalar_F4_Q3M_C4F_P2,4797300
v1_scalar_F4_Q3M_C4F_P2,5235400
v1_scalar_F4_Q3M_C4F_P2,5241600
v1_scalar_F4_Q3M_C4F_P2,4810800
v1_scalar_F4_Q3M_C4F_P2,5068200
v1_scalar_F4_Q3M_C4F_P2,5080900
v1_scalar_F4_Q3M_C4F_P2,4828900
v1_scalar_F4_Q3M_C4F_P2,5187300
v1_scalar_F4_Q3M_C4F_P2,4909700
v1_scalar_F4_Q3M_C4F_P2,4780300
v1_scalar_F4_Q3M_C4F_P2,5045600
v1_scalar_F4_Q3M_C4F_P2,5319400
v1_scalar_F4_Q3M_C4F_P2,5320000
v1_scalar_F4_Q3M_C4F_P2,4811900
v1_scalar_F4_Q3M_C4F_P2,5079500
v1_scalar_F4_Q3M_C4F_P2,5241800
v1_scalar_F4_Q3M_C4F_P2,4954200
v1_scalar_F4_Q3M_C4F_P2,4753100
v1_scalar_F4_Q3M_C4F_P2,4737900
v1_scalar_F4_Q3M_C4F_P2,4877700
v1_scalar_F4_Q3M_C4F_P2,4800200
v1_scalar_F4_Q3M_C4F_P2,4746700
v1_scalar_F4_Q3M_C4F_P2,4768000
v1_scalar_F4_Q3M_C4F_P2,4741600
v1_scalar_F4_Q3M_C4F_P2,4766400
v1_scalar_F4_Q3M_C4F_P2,4886000
v1_scalar_F4_Q3M_C4F_P2,4769000
v1_scalar_F4_Q3M_C4F_P2,5444400
v1_scalar_F4_Q3M_C4F_P2,5188000
v1_scalar_F4_Q3M_C4F_P2,4866000
v1_scalar_F4_Q3M_C4F_P2,5166600
v1_scalar_F4_Q3M_C4F_P2,5345600
v1_scalar_F4_Q3M_C4F_P2,4781300
v1_scalar_F4_Q3M_C4F_P2,4747300
v1_scalar_F4_Q3M_C4F_P2,4772300
v1_scalar_F4_Q3M_C4F_P2,5406900
v1_scalar_F4_Q3M_C4F_P2,4895800
v1_scalar_F4_Q3M_C4F_P2,5270000
v1_scalar_F4_Q3M_C4M_P2,5210300
v1_scalar_F4_Q3M_C4M_P2,5049000
v1_scalar_F4_Q3M_C4M_P2,4961000
v1_scalar_F4_Q3M_C4M_P2,4922600
v1_scalar_F4_Q3M_C4M_P2,5041900
v1_scalar_F4_Q3M_C4M_P2,5154200
v1_scalar_F4_Q3M_C4M_P2,4964600
v1_scalar_F4_Q3M_C4M_P2,5107000
v1_scalar_F4_Q3M_C4M_P2,4910700
v1_scalar_F4_Q3M_C4M_P2,5163400
v1_scalar_F4_Q3M_C4M_P2,5606200
v1_scalar_F4_Q3M_C4M_P2,5285800
v1_scalar_F4_Q3M_C4M_P2,5508600
v1_scalar_F4_Q3M_C4M_P2,5149800
v1_scalar_F4_Q3M_C4M_P2,5141000
v1_scalar_F4_Q3M_C4M_P2,4963600
v1_scalar_F4_Q3M_C4M_P2,5531400
v1_scalar_F4_Q3M_C4M_P2,5008400
v1_scalar_F4_Q3M_C4M_P2,4933000
v1_scalar_F4_Q3M_C4M_P2,5386600
v1_scalar_F4_Q3M_C4M_P2,5307300
v1_scalar_F4_Q3M_C4M_P2,4996800
v1_scalar_F4_Q3M_C4M_P2,5321900
v1_scalar_F4_Q3M_C4M_P2,5152600
v1_scalar_F4_Q3M_C4M_P2,4933000
v1_scalar_F4_Q3M_C4M_P2,4931700
v1_scalar_F4_Q3M_C4M_P2,5259600
v1_scalar_F4_Q3M_C4M_P2,5176700
v1_scalar_F4_Q3M_C4M_P2,5006000
v1_scalar_F4_Q3M_C4M_P2,5221000
v1_scalar_F4_Q3M_C4M_P2,5445100
v1_scalar_F4_Q3M_C4M_P2,4974700
v1_scalar_F4_Q3M_C4M_P2,4965800
v1_scalar_F4_Q3M_C4M_P2,5013000
v1_scalar_F4_Q3M_C4M_P2,5453600
v1_scalar_F4_Q3M_C4M_P2,5012700
v1_scalar_F4_Q3M_C4M_P2,4942800
v1_scalar_F4_Q3M_C4M_P2,5040000
v1_scalar_F4_Q3M_C4M_P2,4915200
v1_scalar_F4_Q3M_C4M_P2,5134500
v1_scalar_F4_Q3M_C4M_P2,5209500
v1_scalar_F4_Q3M_C4M_P2,5416800
v1_scalar_F4_Q3M_C4M_P2,5168800
v1_scalar_F4_Q3M_C4M_P2,4955500
v1_scalar_F4_Q3M_C4M_P2,5249400
v1_scalar_F4_Q3M_C4M_P2,5588000
v1_scalar_F4_Q3M_C4M_P2,4950100
v1_scalar_F4_Q3M_C4M_P2,5008900
v1_scalar_F4_Q3M_C4M_P2,4899600
v1_scalar_F4_Q3M_C4M_P2,5045300
v1_scalar_F4_Q3M_C4M_P2,4969900
v1_scalar_F4_Q3M_C4M_P2,5238900
v1_scalar_F4_Q3M_C4M_P2,5320300
v1_scalar_F4_Q3M_C4M_P2,5184400
v1_scalar_F4_Q3M_C4M_P2,4936000
v1_scalar_F4_Q3M_C4M_P2,5174700
v1_scalar_F4_Q3M_C4M_P2,5034000
v1_scalar_F4_Q3M_C4M_P2,5281700
v1_scalar_F4_Q3M_C4M_P2,5007600
v1_scalar_F4_Q3M_C4M_P2,5174200
v1_scalar_F4_Q3M_C4M_P2,4927800
v1_scalar_F4_Q3M_C4M_P2,5500500
v1_scalar_F4_Q3M_C4M_P2,5472600
v1_scalar_F4_Q3M_C4M_P2,4976500
v1_scalar_F4_Q3M_C4M_P2,5099300
v1_scalar_F4_Q3M_C4M_P2,5375200
v1_scalar_F4_Q3M_C4M_P2,5093100
v1_scalar_F4_Q3M_C4M_P2,5463600
v1_scalar_F4_Q3M_C4M_P2,5503600
v1_scalar_F4_Q3M_C4M_P2,5259600
v1_scalar_F4_Q3M_C4M_P2,5598000
v1_scalar_F4_Q3M_C4M_P2,5250000
v1_scalar_F4_Q3M_C4M_P2,4943700
v1_scalar_F4_Q3M_C4M_P2,5257200
v1_scalar_F4_Q3M_C4M_P2,5890100
v1_scalar_F4_Q3M_C4M_P2,4978300
v1_scalar_F4_Q3M_C4M_P2,4914900
v1_scalar_F4_Q3M_C4M_P2,5020500
v1_scalar_F4_Q3M_C4M_P2,5216900
v1_scalar_F4_Q3M_C4M_P2,4903100
v1_scalar_F4_Q3M_C4M_P2,4969700
v1_scalar_F4_Q3M_C4M_P2,4933000
v1_scalar_F4_Q3M_C4M_P2,4931200
v1_scalar_F4_Q3M_C4M_P2,5219200
v1_scalar_F4_Q3M_C4M_P2,5018000
v1_scalar_F4_Q3M_C4M_P2,4921700
v1_scalar_F4_Q3M_C4M_P2,4933000
v1_scalar_F4_Q3M_C4M_P2,4903600
v1_scalar_F4_Q3M_C4M_P2,5425700
v1_scalar_F4_Q3M_C4M_P2,4911100
v1_scalar_F4_Q3M_C4M_P2,5151800
v1_scalar_F4_Q3M_C4M_P2,5329700
v1_scalar_F4_Q3M_C4M_P2,5913700
v1_scalar_F4_Q3M_C4M_P2,4940200
v1_scalar_F4_Q3M_C4M_P2,5316800
v1_scalar_F4_Q3M_C4M_P2,5289800
v1_scalar_F4_Q3M_C4M_P2,5179900
v1_scalar_F4_Q3M_C4M_P2,5093400
v1_scalar_F4_Q3M_C4M_P2,5510500
v1_scalar_F4_Q3M_C4M_P2,4938500
v1_scalar_F4_Q3M_C4M_P2,5366800
v1_scalar_F4_Q3M_C4M_P2,5583600
v1_scalar_F4_Q3M_C4M_P2,4915100
v1_scalar_F4_Q3M_C4M_P2,4954900
v1_scalar_F4_Q3M_C4M_P2,5012000
v1_scalar_F4_Q3M_C4M_P2,5127400
v1_scalar_F4_Q3M_C4M_P2,4947600
v1_scalar_F4_Q3M_C4M_P2,5426600
v1_scalar_F4_Q3M_C4M_P2,5801600
v1_scalar_F4_Q3M_C4M_P2,5263000
v1_scalar_F4_Q3M_C4M_P2,5037900
v1_scalar_F4_Q3M_C4M_P2,5212300
v1_scalar_F4_Q3M_C4M_P2,5322200
v1_scalar_F4_Q3M_C4M_P2,5089600
v1_scalar_F4_Q3M_C4M_P2,5165700
v1_scalar_F4_Q3M_C4M_P2,5081200
v1_scalar_F4_Q3M_C4M_P2,5384900
v1_scalar_F4_Q3M_C4M_P2,5255600
v1_scalar_F4_Q3M_C4M_P2,5306400
v1_scalar_F4_Q3M_C4M_P2,4941500
v1_scalar_F4_Q3M_C4M_P2,5326200
v1_scalar_F4_Q3M_C4M_P2,5394400
v1_scalar_F4_Q3M_C4M_P2,5398500
v1_scalar_F4_Q3M_C4M_P2,4986500
v1_scalar_F4_Q3M_C4M_P2,5486500
v1_scalar_F4_Q3M_C4M_P2,5334000
v1_scalar_F4_Q3M_C4M_P2,5207400
v1_scalar_F4_Q3M_C4M_P2,4932000
v1_scalar_F4_Q3M_C4M_P2,4891200
v1_scalar_F4_Q3M_C4M_P2,5510700
v1_scalar_F4_Q3M_C4M_P2,4984100
v1_scalar_F4_Q3M_C4M_P2,5217800
v1_scalar_F4_Q3M_C4M_P2,5567700
v1_scalar_F4_Q3M_C4M_P2,5291300
v1_scalar_F4_Q3M_C4M_P2,5056000
v1_scalar_F4_Q3M_C4M_P2,4923900
v1_scalar_F4_Q3M_C4M_P2,4978600
v1_scalar_F4_Q3M_C4M_P2,5528500
v1_scalar_F4_Q3M_C4M_P2,5363300
v1_scalar_F4_Q3M_C4M_P2,4908300
v1_scalar_F4_Q3M_C4M_P2,4957000
v1_scalar_F4_Q3M_C4M_P2,4938800
v1_scalar_F4_Q3M_C4M_P2,5372600
v1_scalar_F4_Q3M_C4M_P2,4987000
v1_scalar_F4_Q3M_C4M_P2,4910300
v1_scalar_F4_Q3M_C4M_P2,4934000
v1_scalar_F4_Q3M_C4M_P2,4954100
v1_scalar_F4_Q3M_C4M_P2,4910400
v1_scalar_F4_Q3M_C4M_P2,5070000
v1_scalar_F4_Q3M_C4M_P2,5311400
v1_scalar_F4_Q3M_C4M_P2,5060500
v1_scalar_F4_Q3M_C4M_P2,5592100
v1_scalar_F4_Q3M_C4M_P2,4991600
v1_scalar_F4_Q3M_C4M_P2,5659900
v1_scalar_F4_Q3M_C4M_P2,4973200
v1_scalar_F4_Q3M_C4M_P2,5205900
v1_scalar_F4_Q3M_C4M_P2,5275700
v1_scalar_F4_Q3M_C4M_P2,5350900
v1_scalar_F4_Q3M_C4M_P2,5437800
v1_scalar_F4_Q3M_C4M_P2,5510200
v1_scalar_F4_Q3M_C4M_P2,4918600
v1_scalar_F4_Q3M_C4M_P2,5267900
v1_scalar_F4_Q3M_C4M_P2,5139600
v1_scalar_F4_Q3M_C4M_P2,5063000
v1_scalar_F4_Q3M_C4M_P2,5026000
v1_scalar_F4_Q3M_C4M_P2,4927800
v1_scalar_F4_Q3M_C4M_P2,5436500
v1_scalar_F4_Q3M_C4M_P2,5625200
v1_scalar_F4_Q3M_C4M_P2,5614300
v1_scalar_F4_Q3M_C4M_P2,5652500
v1_scalar_F4_Q3M_C4M_P2,5106000
v1_scalar_F4_Q3M_C4M_P2,5087800
v1_scalar_F4_Q3M_C4M_P2,4922800
v1_scalar_F4_Q3M_C4M_P2,4967800
v1_scalar_F4_Q3M_C4M_P2,5281700
v1_scalar_F4_Q3M_C4M_P2,4925000
v1_scalar_F4_Q3M_C4M_P2,5244100
v1_scalar_F4_Q3M_C4M_P2,5457600
v1_scalar_F4_Q3M_C4M_P2,5325400
v1_scalar_F4_Q3M_C4M_P2,5557800
v1_scalar_F4_Q3M_C4M_P2,5337300
v1_scalar_F4_Q3M_C4M_P2,5063400
v1_scalar_F4_Q3M_C4M_P2,4905600
v1_scalar_F4_Q3M_C4M_P2,4949600
v1_scalar_F4_Q3M_C4M_P2,4933600
v1_scalar_F4_Q3M_C4M_P2,5112000
v1_scalar_F4_Q3M_C4M_P2,4914900
v1_scalar_F4_Q3M_C4M_P2,4965000
v1_scalar_F4_Q3M_C4M_P2,4926400
v1_scalar_F4_Q3M_C4M_P2,5044300
v1_scalar_F4_Q3M_C4M_P2,5524400
v1_scalar_F4_Q3M_C4M_P2,5351900
v1_scalar_F4_Q3M_C4M_P2,5577000
v1_scalar_F4_Q3M_C4M_P2,5078100
v1_scalar_F4_Q3M_C4M_P2,4936200
v1_scalar_F4_Q3M_C4M_P2,4932000
v1_scalar_F4_Q3M_C4M_P2,4921800
v1_scalar_F4_Q3M_C4M_P2,5200500
v1_scalar_F4_Q3M_C4M_P2,5327200
v1_scalar_F4_Q3M_C4M_P2,5628200
v1_scalar_F4_Q3M_C4M_P2,5442000
v1_scalar_F4_Q3M_C4M_P2,5104000
v1_scalar_F4_Q3M_C4M_P2,4935600
v1_scalar_F4_Q3M_C4M_P2,5173100
v1_scalar_F4_Q3M_C4M_P2,5171800
v1_scalar_F4_Q3M_C4M_P2,4908400
v1_scalar_F4_Q3M_C4M_P2,5893400
v1_scalar_F4_Q3M_C4M_P2,4974800
v1_scalar_F4_Q3M_C4M_P2,6467400
v1_scalar_F4_Q3M_C4M_P2,5369300
v1_scalar_F4_Q3M_C4M_P2,5375400
v1_scalar_F4_Q3M_C4M_P2,5442700
v1_scalar_F4_Q3M_C4M_P2,5281000
v1_scalar_F4_Q3M_C4M_P2,5295700
v1_scalar_F4_Q3M_C4M_P2,5845300
v1_scalar_F4_Q3M_C4M_P2,5300900
v1_scalar_F4_Q3M_C4M_P2,5677700
v1_scalar_F4_Q3M_C4M_P2,5159700
v1_scalar_F4_Q3M_C4M_P2,4926900
v1_scalar_F4_Q3M_C4M_P2,5101700
v1_scalar_F4_Q3M_C4M_P2,5335300
v1_scalar_F4_Q3M_C4M_P2,4883500
v1_scalar_F4_Q3M_C4M_P2,4960000
v1_scalar_F4_Q3M_C4M_P2,4954400
v1_scalar_F4_Q3M_C4M_P2,4899800
v1_scalar_F4_Q3M_C4M_P2,4887900
v1_scalar_F4_Q3M_C4M_P2,5087300
v1_scalar_F4_Q3M_C4M_P2,4959700
v1_scalar_F4_Q3M_C4M_P2,4926600
v1_scalar_F4_Q3M_C4M_P2,4917900
v1_scalar_F4_Q3M_C4M_P2,4893800
v1_scalar_F4_Q3M_C4M_P2,4897300
v1_scalar_F4_Q3M_C4M_P2,4947900
v1_scalar_F4_Q3M_C4M_P2,5415500
v1_scalar_F4_Q3M_C4M_P2,4916000
v1_scalar_F4_Q3M_C4M_P2,4965500
v1_scalar_F4_Q3M_C4M_P2,4940000
v1_scalar_F4_Q3M_C4M_P2,4909500
v1_scalar_F4_Q3M_C4M_P2,4973700
v1_scalar_F4_Q3M_C4M_P2,4960300
v1_scalar_F4_Q3M_C4M_P2,4926200
v1_scalar_F4_Q3M_C4M_P2,4984900
v1_scalar_F4_Q3M_C4M_P2,4877900
v1_scalar_F4_Q3M_C4M_P2,5441800
v1_scalar_F4_Q3M_C4M_P2,4903900
v1_scalar_F4_Q3M_C4M_P2,4904800
v1_scalar_F4_Q3M_C4M_P2,4894200
v1_scalar_F4_Q3M_C4M_P2,5073500
v1_scalar_F4_Q3M_C4M_P2,4994900
v1_scalar_F4_Q3M_C4M_P2,4917300
v1_scalar_F4_Q3M_C4M_P2,4929500
v1_scalar_F4_Q3M_C4M_P2,4920100
v1_scalar_F4_Q3M_C4M_P2,5136200
v1_scalar_F4_Q3M_C4M_P2,4943800
v1_scalar_F4_Q3M_C4M_P2,4887100
v1_scalar_F4_Q3M_C4M_P2,4976700
v1_scalar_F4_Q3M_C4M_P2,5151900
v1_scalar_F4_Q3M_C4M_P2,4917900
v1_scalar_F4_Q3M_C4M_P2,4917300
v1_scalar_F4_Q3M_C4M_P2,5091500
v1_scalar_F4_Q3M_C4M_P2,4948000
v1_scalar_F4_Q3M_C4M_P2,5113500
v1_scalar_F4_Q3M_C4M_P2,4901700
v1_scalar_F4_Q3M_C4M_P2,4942200
v1_scalar_F4_Q3M_C4M_P2,4908100
v1_scalar_F4_Q3M_C4M_P2,4992400
v1_scalar_F4_Q3M_C4M_P2,4917200
v1_scalar_F4_Q3M_C4M_P2,5395600
v1_scalar_F4_Q3M_C4M_P2,4972500
v1_scalar_F4_Q3M_C4M_P2,4980400
v1_scalar_F4_Q3M_C4M_P2,4941300
v1_scalar_F4_Q3M_C4M_P2,4905000
v1_scalar_F4_Q3M_C4M_P2,4891700
v1_scalar_F4_Q3M_C4M_P2,4944500
v1_scalar_F4_Q3M_C4M_P2,4897200
v1_scalar_F4_Q3M_C4M_P2,5241700
v1_scalar_F4_Q3M_C4M_P2,4916800
v1_scalar_F4_Q3M_C4M_P2,4978400
v1_scalar_F4_Q3M_C4M_P2,4918900
v1_scalar_F4_Q3M_C4M_P2,4902900
v1_scalar_F4_Q3M_C4M_P2,4985000
v1_scalar_F4_Q3M_C4M_P2,4933000
v1_scalar_F4_Q3M_C4M_P2,5170200
v1_scalar_F4_Q3M_C4M_P2,4911100
v1_scalar_F4_Q3M_C4M_P2,4885400
v1_scalar_F4_Q3M_C4M_P2,4890200
v1_scalar_F4_Q3M_C4M_P2,4969700
v1_scalar_F4_Q3M_C4M_P2,4930800
v1_scalar_F4_Q3M_C4M_P2,5148100
v1_scalar_F4_Q3M_C4M_P2,5253400
v1_scalar_F4_Q3M_C4M_P2,5611200
v1_scalar_F4_Q3M_C4M_P2,4976800
v1_scalar_F4_Q3M_C4M_P2,4921600
v1_scalar_F4_Q3M_C4M_P2,5289700
v1_scalar_F4_Q3M_C4M_P2,5398600
v1_scalar_F4_Q3M_C4M_P2,5229600
v1_scalar_F4_Q3M_C4M_P2,5015300
v1_scalar_F4_Q3M_C4M_P2,5044100
v1_scalar_F4_Q3M_C4M_P2,5177000
v1_scalar_F4_Q3M_C4M_P2,4905400
v1_scalar_F4_Q3M_C4M_P2,5276800
v1_scalar_F4_Q3M_C4M_P2,4936400
v1_scalar_F4_Q3M_C4M_P2,5261900
v1_scalar_F4_Q3M_C4M_P2,5246700
v1_scalar_F4_Q3M_C4M_P2,5487300
v1_scalar_F4_Q3M_C4M_P2,4948400
v1_scalar_F4_Q3M_C4M_P2,5237400
v1_scalar_F4_Q3M_C4M_P2,4945800
v1_scalar_F4_Q3M_C4M_P2,7012500
v1_scalar_F4_Q3M_C4M_P2,5539300
v1_scalar_F4_Q3M_C4M_P2,4906200
v1_scalar_F4_Q3M_C4M_P2,4918300
v1_scalar_F4_Q3M_C4M_P2,4922800
v1_scalar_F4_Q3M_C4M_P2,4887000
v1_scalar_F4_Q3M_C4M_P2,4896600
v1_scalar_F4_Q3M_C4M_P2,5141100
v1_scalar_F4_Q3M_C4M_P2,4900400
v1_scalar_F4_Q3M_C4M_P2,4894400
v1_scalar_F4_Q3M_C4M_P2,5252900
v1_scalar_F4_Q3M_C4M_P2,4946700
v1_scalar_F4_Q3M_C4M_P2,4910500
v1_scalar_F4_Q3M_C4M_P2,4958600
v1_scalar_F4_Q3M_C4M_P2,4919700
v1_scalar_F4_Q3M_C4M_P2,4895700
v1_scalar_F4_Q3M_C4M_P2,4947400
v1_scalar_F4_Q3M_C4M_P2,5387500
v1_scalar_F4_Q3M_C4M_P2,4951100
v1_scalar_F4_Q3M_C4M_P2,4974300
v1_scalar_F4_Q3M_C4M_P2,4945300
v1_scalar_F4_Q3M_C4M_P2,5308100
v1_scalar_F4_Q3M_C4M_P2,4908000
v1_scalar_F4_Q3M_C4M_P2,4911600
v1_scalar_F4_Q3M_C4M_P2,4920100
v1_scalar_F4_Q3M_C4M_P2,4913600
v1_scalar_F4_Q3M_C4M_P2,4877600
v1_scalar_F4_Q3M_C4M_P2,4968300
v1_scalar_F4_Q3M_C4M_P2,4922600
v1_scalar_F4_Q3M_C4M_P2,4969800
v1_scalar_F4_Q3M_C4M_P2,4957600
v1_scalar_F4_Q3M_C4M_P2,5071000
v1_scalar_F4_Q3M_C4M_P2,4906100
v1_scalar_F4_Q3M_C4M_P2,4940200
v1_scalar_F4_Q3M_C4M_P2,5326900
v1_scalar_F4_Q3M_C4M_P2,4917500
v1_scalar_F4_Q3M_C4M_P2,4897100
v1_scalar_F4_Q3M_C4M_P2,5162000
v1_scalar_F4_Q3M_C4M_P2,5137800
v1_scalar_F4_Q3M_C4M_P2,4978200
v1_scalar_F4_Q3M_C4M_P2,4949600
v1_scalar_F4_Q3M_C4M_P2,4893800
v1_scalar_F4_Q3M_C4M_P2,4913000
v1_scalar_F4_Q3M_C4M_P2,4957800
v1_scalar_F4_Q3M_C4M_P2,4897400
v1_scalar_F4_Q3M_C4M_P2,5381100
v1_scalar_F4_Q3M_C4M_P2,5001500
v1_scalar_F4_Q3M_C4M_P2,4904700
v1_scalar_F4_Q3M_C4M_P2,4895200
v1_scalar_F4_Q3M_C4M_P2,5288100
v1_scalar_F4_Q3M_C4M_P2,4977700
v1_scalar_F4_Q3M_C4M_P2,4907600
v1_scalar_F4_Q3M_C4M_P2,5025400
v1_scalar_F4_Q3M_C4M_P2,4935600
v1_scalar_F4_Q3M_C4M_P2,4931400
v1_scalar_F4_Q3M_C4M_P2,5333500
v1_scalar_F4_Q3M_C4M_P2,4922400
v1_scalar_F4_Q3M_C4M_P2,4955900
v1_scalar_F4_Q3M_C4M_P2,5253500
v1_scalar_F4_Q3M_C4M_P2,4957800
v1_scalar_F4_Q3M_C4M_P2,4923600
v1_scalar_F4_Q3M_C4M_P2,5340800
v1_scalar_F4_Q3M_C4M_P2,4938500
v1_scalar_F4_Q3M_C4M_P2,4918700
v1_scalar_F4_Q3M_C4M_P2,4872800
v1_scalar_F4_Q3M_C4M_P2,4923300
v1_scalar_F4_Q4F_C1R_P2,77680400
v1_scalar_F4_Q4F_C1R_P2,76112800
v1_scalar_F4_Q4F_C1R_P2,75729300
v1_scalar_F4_Q4F_C1R_P2,75632000
v1_scalar_F4_Q4F_C1R_P2,77336000
v1_scalar_F4_Q4F_C1R_P2,74393700
v1_scalar_F4_Q4F_C1R_P2,75788600
v1_scalar_F4_Q4F_C1R_P2,74479000
v1_scalar_F4_Q4F_C1R_P2,75715500
v1_scalar_F4_Q4F_C1R_P2,75975300
v1_scalar_F4_Q4F_C1R_P2,75738300
v1_scalar_F4_Q4F_C1R_P2,76644800
v1_scalar_F4_Q4F_C1R_P2,75692300
v1_scalar_F4_Q4F_C1R_P2,74765200
v1_scalar_F4_Q4F_C1R_P2,77490500
v1_scalar_F4_Q4F_C1R_P2,75207500
v1_scalar_F4_Q4F_C1R_P2,75160100
v1_scalar_F4_Q4F_C1R_P2,75595200
v1_scalar_F4_Q4F_C1R_P2,75187100
v1_scalar_F4_Q4F_C1R_P2,73633700
v1_scalar_F4_Q4F_C1R_P2,75578200
v1_scalar_F4_Q4F_C1R_P2,76363100
v1_scalar_F4_Q4F_C1R_P2,76260900
v1_scalar_F4_Q4F_C1R_P2,75768700
v1_scalar_F4_Q4F_C1R_P2,76595600
v1_scalar_F4_Q4F_C1R_P2,76426300
v1_scalar_F4_Q4F_C1R_P2,75903000
v1_scalar_F4_Q4F_C1X_P2,44086200
v1_scalar_F4_Q4F_C1X_P2,44497000
v1_scalar_F4_Q4F_C1X_P2,44688900
v1_scalar_F4_Q4F_C1X_P2,44511800
v1_scalar_F4_Q4F_C1X_P2,44624400
v1_scalar_F4_Q4F_C1X_P2,43223500
v1_scalar_F4_Q4F_C1X_P2,44234400
v1_scalar_F4_Q4F_C1X_P2,44534500
v1_scalar_F4_Q4F_C1X_P2,44716800
v1_scalar_F4_Q4F_C1X_P2,44605400
v1_scalar_F4_Q4F_C1X_P2,44961100
v1_scalar_F4_Q4F_C1X_P2,43742700
v1_scalar_F4_Q4F_C1X_P2,44110900
v1_scalar_F4_Q4F_C1X_P2,43939400
v1_scalar_F4_Q4F_C1X_P2,45441100
v1_scalar_F4_Q4F_C1X_P2,44832500
v1_scalar_F4_Q4F_C1X_P2,43661800
v1_scalar_F4_Q4F_C1X_P2,44606800
v1_scalar_F4_Q4F_C1X_P2,45407400
v1_scalar_F4_Q4F_C1X_P2,44771200
v1_scalar_F4_Q4F_C1X_P2,45154900
v1_scalar_F4_Q4F_C1X_P2,44698000
v1_scalar_F4_Q4F_C1X_P2,45888500
v1_scalar_F4_Q4F_C1X_P2,44738400
v1_scalar_F4_Q4F_C1X_P2,45828000
v1_scalar_F4_Q4F_C1X_P2,45623400
v1_scalar_F4_Q4F_C1X_P2,45537400
v1_scalar_F4_Q4F_C1X_P2,45768700
v1_scalar_F4_Q4F_C1X_P2,44603200
v1_scalar_F4_Q4F_C1X_P2,44152000
v1_scalar_F4_Q4F_C1X_P2,44138800
v1_scalar_F4_Q4F_C1X_P2,43599600
v1_scalar_F4_Q4F_C1X_P2,43456100
v1_scalar_F4_Q4F_C1X_P2,43975300
v1_scalar_F4_Q4F_C1X_P2,44067600
v1_scalar_F4_Q4F_C1X_P2,43714500
v1_scalar_F4_Q4F_C1X_P2,44725800
v1_scalar_F4_Q4F_C1X_P2,43851800
v1_scalar_F4_Q4F_C1X_P2,43940000
v1_scalar_F4_Q4F_C1X_P2,45020600
v1_scalar_F4_Q4F_C1X_P2,43657500
v1_scalar_F4_Q4F_C1X_P2,46404900
v1_scalar_F4_Q4F_C1X_P2,45295200
v1_scalar_F4_Q4F_C1X_P2,44598600
v1_scalar_F4_Q4F_C1X_P2,44813700
v1_scalar_F4_Q4F_C2R_P2,61124400
v1_scalar_F4_Q4F_C2R_P2,60956500
v1_scalar_F4_Q4F_C2R_P2,60393100
v1_scalar_F4_Q4F_C2R_P2,60205800
v1_scalar_F4_Q4F_C2R_P2,62070300
v1_scalar_F4_Q4F_C2R_P2,61556300
v1_scalar_F4_Q4F_C2R_P2,61189900
v1_scalar_F4_Q4F_C2R_P2,60942800
v1_scalar_F4_Q4F_C2R_P2,59936100
v1_scalar_F4_Q4F_C2R_P2,61569900
v1_scalar_F4_Q4F_C2R_P2,61142900
v1_scalar_F4_Q4F_C2R_P2,61237200
v1_scalar_F4_Q4F_C2R_P2,60950600
v1_scalar_F4_Q4F_C2R_P2,62132600
v1_scalar_F4_Q4F_C2R_P2,61940100
v1_scalar_F4_Q4F_C2R_P2,61316300
v1_scalar_F4_Q4F_C2R_P2,61987000
v1_scalar_F4_Q4F_C2R_P2,61992500
v1_scalar_F4_Q4F_C2R_P2,61551100
v1_scalar_F4_Q4F_C2R_P2,60962400
v1_scalar_F4_Q4F_C2R_P2,61860800
v1_scalar_F4_Q4F_C2R_P2,60330000
v1_scalar_F4_Q4F_C2R_P2,60922800
v1_scalar_F4_Q4F_C2R_P2,61181000
v1_scalar_F4_Q4F_C2R_P2,61863600
v1_scalar_F4_Q4F_C2R_P2,62060500
v1_scalar_F4_Q4F_C2R_P2,64874000
v1_scalar_F4_Q4F_C2R_P2,61574200
v1_scalar_F4_Q4F_C2R_P2,61956100
v1_scalar_F4_Q4F_C2R_P2,60622500
v1_scalar_F4_Q4F_C2R_P2,60338500
v1_scalar_F4_Q4F_C2R_P2,60915200
v1_scalar_F4_Q4F_C2R_P2,61630100
v1_scalar_F4_Q4F_C2R_P2,61429100
v1_scalar_F4_Q4F_C2X_P2,37507000
v1_scalar_F4_Q4F_C2X_P2,37693600
v1_scalar_F4_Q4F_C2X_P2,38543000
v1_scalar_F4_Q4F_C2X_P2,37574400
v1_scalar_F4_Q4F_C2X_P2,37228000
v1_scalar_F4_Q4F_C2X_P2,37265100
v1_scalar_F4_Q4F_C2X_P2,38203300
v1_scalar_F4_Q4F_C2X_P2,38336500
v1_scalar_F4_Q4F_C2X_P2,38249400
v1_scalar_F4_Q4F_C2X_P2,38145700
v1_scalar_F4_Q4F_C2X_P2,37713000
v1_scalar_F4_Q4F_C2X_P2,38177900
v1_scalar_F4_Q4F_C2X_P2,38460600
v1_scalar_F4_Q4F_C2X_P2,38045600
v1_scalar_F4_Q4F_C2X_P2,38660500
v1_scalar_F4_Q4F_C2X_P2,37958600
v1_scalar_F4_Q4F_C2X_P2,38172000
v1_scalar_F4_Q4F_C2X_P2,37799900
v1_scalar_F4_Q4F_C2X_P2,37718000
v1_scalar_F4_Q4F_C2X_P2,37985200
v1_scalar_F4_Q4F_C2X_P2,37156700
v1_scalar_F4_Q4F_C2X_P2,37758000
v1_scalar_F4_Q4F_C2X_P2,37292800
v1_scalar_F4_Q4F_C2X_P2,38486100
v1_scalar_F4_Q4F_C2X_P2,37739200
v1_scalar_F4_Q4F_C2X_P2,37169200
v1_scalar_F4_Q4F_C2X_P2,39083800
v1_scalar_F4_Q4F_C2X_P2,40024600
v1_scalar_F4_Q4F_C2X_P2,38575900
v1_scalar_F4_Q4F_C2X_P2,37926500
v1_scalar_F4_Q4F_C2X_P2,37386500
v1_scalar_F4_Q4F_C2X_P2,37878800
v1_scalar_F4_Q4F_C2X_P2,38216500
v1_scalar_F4_Q4F_C2X_P2,38101000
v1_scalar_F4_Q4F_C2X_P2,37762700
v1_scalar_F4_Q4F_C2X_P2,37321400
v1_scalar_F4_Q4F_C2X_P2,37646700
v1_scalar_F4_Q4F_C2X_P2,37342400
v1_scalar_F4_Q4F_C2X_P2,38371800
v1_scalar_F4_Q4F_C2X_P2,38458200
v1_scalar_F4_Q4F_C2X_P2,37344500
v1_scalar_F4_Q4F_C2X_P2,37042100
v1_scalar_F4_Q4F_C2X_P2,37780800
v1_scalar_F4_Q4F_C2X_P2,38549100
v1_scalar_F4_Q4F_C2X_P2,38570100
v1_scalar_F4_Q4F_C2X_P2,37507300
v1_scalar_F4_Q4F_C2X_P2,38373500
v1_scalar_F4_Q4F_C2X_P2,38112400
v1_scalar_F4_Q4F_C2X_P2,37489800
v1_scalar_F4_Q4F_C2X_P2,38435300
v1_scalar_F4_Q4F_C2X_P2,38183000
v1_scalar_F4_Q4F_C2X_P2,38173500
v1_scalar_F4_Q4F_C2X_P2,38421500
v1_scalar_F4_Q4F_C3_P2,27147900
v1_scalar_F4_Q4F_C3_P2,27608100
v1_scalar_F4_Q4F_C3_P2,28072100
v1_scalar_F4_Q4F_C3_P2,28240200
v1_scalar_F4_Q4F_C3_P2,27168200
v1_scalar_F4_Q4F_C3_P2,28032200
v1_scalar_F4_Q4F_C3_P2,28245000
v1_scalar_F4_Q4F_C3_P2,27691400
v1_scalar_F4_Q4F_C3_P2,28102600
v1_scalar_F4_Q4F_C3_P2,28363200
v1_scalar_F4_Q4F_C3_P2,27925700
v1_scalar_F4_Q4F_C3_P2,27420300
v1_scalar_F4_Q4F_C3_P2,28094800
v1_scalar_F4_Q4F_C3_P2,27638500
v1_scalar_F4_Q4F_C3_P2,27754800
v1_scalar_F4_Q4F_C3_P2,27169700
v1_scalar_F4_Q4F_C3_P2,27575600
v1_scalar_F4_Q4F_C3_P2,26913900
v1_scalar_F4_Q4F_C3_P2,27494600
v1_scalar_F4_Q4F_C3_P2,27934300
v1_scalar_F4_Q4F_C3_P2,27846400
v1_scalar_F4_Q4F_C3_P2,28183800
v1_scalar_F4_Q4F_C3_P2,27534600
v1_scalar_F4_Q4F_C3_P2,27397400
v1_scalar_F4_Q4F_C3_P2,27602200
v1_scalar_F4_Q4F_C3_P2,27149100
v1_scalar_F4_Q4F_C3_P2,26821600
v1_scalar_F4_Q4F_C3_P2,27661800
v1_scalar_F4_Q4F_C3_P2,27675900
v1_scalar_F4_Q4F_C3_P2,27858200
v1_scalar_F4_Q4F_C3_P2,27635800
v1_scalar_F4_Q4F_C3_P2,27748500
v1_scalar_F4_Q4F_C3_P2,26815200
v1_scalar_F4_Q4F_C3_P2,27022000
v1_scalar_F4_Q4F_C3_P2,27798700
v1_scalar_F4_Q4F_C3_P2,27568900
v1_scalar_F4_Q4F_C3_P2,27113700
v1_scalar_F4_Q4F_C3_P2,27744000
v1_scalar_F4_Q4F_C3_P2,27781800
v1_scalar_F4_Q4F_C3_P2,27332800
v1_scalar_F4_Q4F_C3_P2,27319900
v1_scalar_F4_Q4F_C3_P2,29133000
v1_scalar_F4_Q4F_C3_P2,27645900
v1_scalar_F4_Q4F_C3_P2,27543800
v1_scalar_F4_Q4F_C3_P2,27409600
v1_scalar_F4_Q4F_C3_P2,28263700
v1_scalar_F4_Q4F_C3_P2,28958600
v1_scalar_F4_Q4F_C3_P2,28237400
v1_scalar_F4_Q4F_C3_P2,28486600
v1_scalar_F4_Q4F_C3_P2,27673700
v1_scalar_F4_Q4F_C3_P2,31354500
v1_scalar_F4_Q4F_C3_P2,27758500
v1_scalar_F4_Q4F_C3_P2,27411500
v1_scalar_F4_Q4F_C3_P2,27464400
v1_scalar_F4_Q4F_C3_P2,27902900
v1_scalar_F4_Q4F_C3_P2,28533600
v1_scalar_F4_Q4F_C3_P2,27761800
v1_scalar_F4_Q4F_C3_P2,27920200
v1_scalar_F4_Q4F_C3_P2,27371600
v1_scalar_F4_Q4F_C3_P2,27416600
v1_scalar_F4_Q4F_C3_P2,27262400
v1_scalar_F4_Q4F_C3_P2,27986300
v1_scalar_F4_Q4F_C3_P2,26771800
v1_scalar_F4_Q4F_C3_P2,26971900
v1_scalar_F4_Q4F_C3_P2,26965500
v1_scalar_F4_Q4F_C3_P2,27268000
v1_scalar_F4_Q4F_C3_P2,26985700
v1_scalar_F4_Q4F_C3_P2,28075800
v1_scalar_F4_Q4F_C3_P2,28048700
v1_scalar_F4_Q4F_C3_P2,27528600
v1_scalar_F4_Q4F_C3_P2,28138400
v1_scalar_F4_Q4F_C3_P2,28413600
v1_scalar_F4_Q4F_C4F_P2,27538800
v1_scalar_F4_Q4F_C4F_P2,27396000
v1_scalar_F4_Q4F_C4F_P2,28404800
v1_scalar_F4_Q4F_C4F_P2,28372200
v1_scalar_F4_Q4F_C4F_P2,27623400
v1_scalar_F4_Q4F_C4F_P2,27829700
v1_scalar_F4_Q4F_C4F_P2,27328600
v1_scalar_F4_Q4F_C4F_P2,28053900
v1_scalar_F4_Q4F_C4F_P2,29339900
v1_scalar_F4_Q4F_C4F_P2,29321200
v1_scalar_F4_Q4F_C4F_P2,29066500
v1_scalar_F4_Q4F_C4F_P2,28320000
v1_scalar_F4_Q4F_C4F_P2,28300500
v1_scalar_F4_Q4F_C4F_P2,27937900
v1_scalar_F4_Q4F_C4F_P2,28402900
v1_scalar_F4_Q4F_C4F_P2,30791800
v1_scalar_F4_Q4F_C4F_P2,29113400
v1_scalar_F4_Q4F_C4F_P2,28230200
v1_scalar_F4_Q4F_C4F_P2,29024700
v1_scalar_F4_Q4F_C4F_P2,27985500
v1_scalar_F4_Q4F_C4F_P2,27470900
v1_scalar_F4_Q4F_C4F_P2,28642500
v1_scalar_F4_Q4F_C4F_P2,28991300
v1_scalar_F4_Q4F_C4F_P2,28392600
v1_scalar_F4_Q4F_C4F_P2,28098000
v1_scalar_F4_Q4F_C4F_P2,28228100
v1_scalar_F4_Q4F_C4F_P2,27609900
v1_scalar_F4_Q4F_C4F_P2,28723200
v1_scalar_F4_Q4F_C4F_P2,27486700
v1_scalar_F4_Q4F_C4F_P2,27981100
v1_scalar_F4_Q4F_C4F_P2,27820800
v1_scalar_F4_Q4F_C4F_P2,28293100
v1_scalar_F4_Q4F_C4F_P2,28651800
v1_scalar_F4_Q4F_C4F_P2,27941800
v1_scalar_F4_Q4F_C4F_P2,27756600
v1_scalar_F4_Q4F_C4F_P2,28405400
v1_scalar_F4_Q4F_C4F_P2,27711300
v1_scalar_F4_Q4F_C4F_P2,27789100
v1_scalar_F4_Q4F_C4F_P2,27532200
v1_scalar_F4_Q4F_C4F_P2,28634900
v1_scalar_F4_Q4F_C4F_P2,28829600
v1_scalar_F4_Q4F_C4F_P2,28490800
v1_scalar_F4_Q4F_C4F_P2,27902800
v1_scalar_F4_Q4F_C4F_P2,27551600
v1_scalar_F4_Q4F_C4F_P2,27694100
v1_scalar_F4_Q4F_C4F_P2,27749700
v1_scalar_F4_Q4F_C4F_P2,28267100
v1_scalar_F4_Q4F_C4F_P2,28238300
v1_scalar_F4_Q4F_C4F_P2,30376600
v1_scalar_F4_Q4F_C4F_P2,27874000
v1_scalar_F4_Q4F_C4F_P2,27564500
v1_scalar_F4_Q4F_C4F_P2,28149900
v1_scalar_F4_Q4F_C4F_P2,27815000
v1_scalar_F4_Q4F_C4F_P2,28097200
v1_scalar_F4_Q4F_C4F_P2,28559700
v1_scalar_F4_Q4F_C4F_P2,28351200
v1_scalar_F4_Q4F_C4F_P2,27554600
v1_scalar_F4_Q4F_C4F_P2,27603600
v1_scalar_F4_Q4F_C4F_P2,27711600
v1_scalar_F4_Q4F_C4F_P2,27806800
v1_scalar_F4_Q4F_C4F_P2,28286800
v1_scalar_F4_Q4F_C4F_P2,28626500
v1_scalar_F4_Q4F_C4F_P2,28438300
v1_scalar_F4_Q4F_C4F_P2,28449400
v1_scalar_F4_Q4F_C4F_P2,28791800
v1_scalar_F4_Q4F_C4F_P2,28110000
v1_scalar_F4_Q4F_C4F_P2,27378800
v1_scalar_F4_Q4F_C4F_P2,28237200
v1_scalar_F4_Q4F_C4F_P2,27717800
v1_scalar_F4_Q4F_C4F_P2,27874900
v1_scalar_F4_Q4F_C4F_P2,28319500
v1_scalar_F4_Q4F_C4M_P2,29839700
v1_scalar_F4_Q4F_C4M_P2,29939500
v1_scalar_F4_Q4F_C4M_P2,30231000
v1_scalar_F4_Q4F_C4M_P2,30176600
v1_scalar_F4_Q4F_C4M_P2,30316200
v1_scalar_F4_Q4F_C4M_P2,30375400
v1_scalar_F4_Q4F_C4M_P2,30379900
v1_scalar_F4_Q4F_C4M_P2,29887000
v1_scalar_F4_Q4F_C4M_P2,29503200
v1_scalar_F4_Q4F_C4M_P2,29145700
v1_scalar_F4_Q4F_C4M_P2,29558400
v1_scalar_F4_Q4F_C4M_P2,29671800
v1_scalar_F4_Q4F_C4M_P2,29249400
v1_scalar_F4_Q4F_C4M_P2,29876100
v1_scalar_F4_Q4F_C4M_P2,29441800
v1_scalar_F4_Q4F_C4M_P2,29858300
v1_scalar_F4_Q4F_C4M_P2,29339500
v1_scalar_F4_Q4F_C4M_P2,29888600
v1_scalar_F4_Q4F_C4M_P2,29718200
v1_scalar_F4_Q4F_C4M_P2,29878500
v1_scalar_F4_Q4F_C4M_P2,30228700
v1_scalar_F4_Q4F_C4M_P2,29287700
v1_scalar_F4_Q4F_C4M_P2,29784300
v1_scalar_F4_Q4F_C4M_P2,29138800
v1_scalar_F4_Q4F_C4M_P2,29746400
v1_scalar_F4_Q4F_C4M_P2,31148700
v1_scalar_F4_Q4F_C4M_P2,29614300
v1_scalar_F4_Q4F_C4M_P2,29403400
v1_scalar_F4_Q4F_C4M_P2,29449400
v1_scalar_F4_Q4F_C4M_P2,29498500
v1_scalar_F4_Q4F_C4M_P2,30182400
v1_scalar_F4_Q4F_C4M_P2,30076900
v1_scalar_F4_Q4F_C4M_P2,30258200
v1_scalar_F4_Q4F_C4M_P2,29920900
v1_scalar_F4_Q4F_C4M_P2,29254100
v1_scalar_F4_Q4F_C4M_P2,30180800
v1_scalar_F4_Q4F_C4M_P2,29456100
v1_scalar_F4_Q4F_C4M_P2,29663000
v1_scalar_F4_Q4F_C4M_P2,29492500
v1_scalar_F4_Q4F_C4M_P2,30197600
v1_scalar_F4_Q4F_C4M_P2,30195200
v1_scalar_F4_Q4F_C4M_P2,29721100
v1_scalar_F4_Q4F_C4M_P2,29381500
v1_scalar_F4_Q4F_C4M_P2,29691600
v1_scalar_F4_Q4F_C4M_P2,30457100
v1_scalar_F4_Q4F_C4M_P2,29732700
v1_scalar_F4_Q4F_C4M_P2,29921400
v1_scalar_F4_Q4F_C4M_P2,30753500
v1_scalar_F4_Q4F_C4M_P2,29638600
v1_scalar_F4_Q4F_C4M_P2,29117400
v1_scalar_F4_Q4F_C4M_P2,29873200
v1_scalar_F4_Q4F_C4M_P2,29311500
v1_scalar_F4_Q4F_C4M_P2,30522200
v1_scalar_F4_Q4F_C4M_P2,30604700
v1_scalar_F4_Q4F_C4M_P2,29630100
v1_scalar_F4_Q4F_C4M_P2,29533000
v1_scalar_F4_Q4F_C4M_P2,30620700
v1_scalar_F4_Q4F_C4M_P2,31870000
v1_scalar_F4_Q4F_C4M_P2,30028400
v1_scalar_F4_Q4F_C4M_P2,29300100
v1_scalar_F4_Q4F_C4M_P2,30021900
v1_scalar_F4_Q4F_C4M_P2,30147800
v1_scalar_F4_Q4F_C4M_P2,29665000
v1_scalar_F4_Q4F_C4M_P2,30365500
v1_scalar_F4_Q4F_C4M_P2,29545100
v1_scalar_F4_Q4F_C4M_P2,29327200
v1_scalar_F4_Q4F_C4M_P2,29471700
v1_scalar_F4_Q4M_C1R_P2,82644600
v1_scalar_F4_Q4M_C1R_P2,83256100
v1_scalar_F4_Q4M_C1R_P2,82478600
v1_scalar_F4_Q4M_C1R_P2,80959600
v1_scalar_F4_Q4M_C1R_P2,82684000
v1_scalar_F4_Q4M_C1R_P2,81284200
v1_scalar_F4_Q4M_C1R_P2,81326900
v1_scalar_F4_Q4M_C1R_P2,81772600
v1_scalar_F4_Q4M_C1R_P2,81202700
v1_scalar_F4_Q4M_C1R_P2,84531200
v1_scalar_F4_Q4M_C1R_P2,82892100
v1_scalar_F4_Q4M_C1R_P2,82661600
v1_scalar_F4_Q4M_C1R_P2,82012200
v1_scalar_F4_Q4M_C1R_P2,83282400
v1_scalar_F4_Q4M_C1R_P2,80838700
v1_scalar_F4_Q4M_C1R_P2,83041400
v1_scalar_F4_Q4M_C1R_P2,81931300
v1_scalar_F4_Q4M_C1R_P2,81835000
v1_scalar_F4_Q4M_C1R_P2,82685200
v1_scalar_F4_Q4M_C1R_P2,82616000
v1_scalar_F4_Q4M_C1R_P2,81879300
v1_scalar_F4_Q4M_C1R_P2,81807000
v1_scalar_F4_Q4M_C1R_P2,81203700
v1_scalar_F4_Q4M_C1R_P2,82435400
v1_scalar_F4_Q4M_C1R_P2,82128800
v1_scalar_F4_Q4M_C1R_P2,82089400
v1_scalar_F4_Q4M_C1X_P2,53295000
v1_scalar_F4_Q4M_C1X_P2,51492800
v1_scalar_F4_Q4M_C1X_P2,50963900
v1_scalar_F4_Q4M_C1X_P2,50791200
v1_scalar_F4_Q4M_C1X_P2,52682600
v1_scalar_F4_Q4M_C1X_P2,51824500
v1_scalar_F4_Q4M_C1X_P2,56524400
v1_scalar_F4_Q4M_C1X_P2,50954700
v1_scalar_F4_Q4M_C1X_P2,50761300
v1_scalar_F4_Q4M_C1X_P2,51505900
v1_scalar_F4_Q4M_C1X_P2,51953400
v1_scalar_F4_Q4M_C1X_P2,52063900
v1_scalar_F4_Q4M_C1X_P2,53106000
v1_scalar_F4_Q4M_C1X_P2,52749600
v1_scalar_F4_Q4M_C1X_P2,51618700
v1_scalar_F4_Q4M_C1X_P2,51476400
v1_scalar_F4_Q4M_C1X_P2,51649200
v1_scalar_F4_Q4M_C1X_P2,50428000
v1_scalar_F4_Q4M_C1X_P2,51558600
v1_scalar_F4_Q4M_C1X_P2,50607300
v1_scalar_F4_Q4M_C1X_P2,50908200
v1_scalar_F4_Q4M_C1X_P2,50779700
v1_scalar_F4_Q4M_C1X_P2,51097100
v1_scalar_F4_Q4M_C1X_P2,51108100
v1_scalar_F4_Q4M_C1X_P2,50644500
v1_scalar_F4_Q4M_C1X_P2,50882000
v1_scalar_F4_Q4M_C1X_P2,51034800
v1_scalar_F4_Q4M_C1X_P2,51827400
v1_scalar_F4_Q4M_C1X_P2,51207800
v1_scalar_F4_Q4M_C1X_P2,51619700
v1_scalar_F4_Q4M_C1X_P2,51370600
v1_scalar_F4_Q4M_C1X_P2,50863000
v1_scalar_F4_Q4M_C1X_P2,50813300
v1_scalar_F4_Q4M_C1X_P2,50427000
v1_scalar_F4_Q4M_C1X_P2,51154900
v1_scalar_F4_Q4M_C1X_P2,50555200
v1_scalar_F4_Q4M_C1X_P2,51741100
v1_scalar_F4_Q4M_C1X_P2,50552800
v1_scalar_F4_Q4M_C1X_P2,50679700
v1_scalar_F4_Q4M_C1X_P2,50573300
v1_scalar_F4_Q4M_C2R_P2,67548500
v1_scalar_F4_Q4M_C2R_P2,67598700
v1_scalar_F4_Q4M_C2R_P2,66460900
v1_scalar_F4_Q4M_C2R_P2,65550500
v1_scalar_F4_Q4M_C2R_P2,66479300
v1_scalar_F4_Q4M_C2R_P2,66214200
v1_scalar_F4_Q4M_C2R_P2,67063000
v1_scalar_F4_Q4M_C2R_P2,67312300
v1_scalar_F4_Q4M_C2R_P2,67363200
v1_scalar_F4_Q4M_C2R_P2,67203400
v1_scalar_F4_Q4M_C2R_P2,65307800
v1_scalar_F4_Q4M_C2R_P2,66272300
v1_scalar_F4_Q4M_C2R_P2,67505400
v1_scalar_F4_Q4M_C2R_P2,66039300
v1_scalar_F4_Q4M_C2R_P2,66124400
v1_scalar_F4_Q4M_C2R_P2,66600400
v1_scalar_F4_Q4M_C2R_P2,66684700
v1_scalar_F4_Q4M_C2R_P2,65705500
v1_scalar_F4_Q4M_C2R_P2,67120800
v1_scalar_F4_Q4M_C2R_P2,66085800
v1_scalar_F4_Q4M_C2R_P2,68286900
v1_scalar_F4_Q4M_C2R_P2,67351100
v1_scalar_F4_Q4M_C2R_P2,67317800
v1_scalar_F4_Q4M_C2R_P2,65989600
v1_scalar_F4_Q4M_C2R_P2,66770600
v1_scalar_F4_Q4M_C2R_P2,66964500
v1_scalar_F4_Q4M_C2R_P2,67332200
v1_scalar_F4_Q4M_C2R_P2,66863600
v1_scalar_F4_Q4M_C2R_P2,66682600
v1_scalar_F4_Q4M_C2R_P2,66534300
v1_scalar_F4_Q4M_C2R_P2,68250000
v1_scalar_F4_Q4M_C2X_P2,44296500
v1_scalar_F4_Q4M_C2X_P2,44285300
v1_scalar_F4_Q4M_C2X_P2,45143800
v1_scalar_F4_Q4M_C2X_P2,45186700
v1_scalar_F4_Q4M_C2X_P2,46280600
v1_scalar_F4_Q4M_C2X_P2,43819000
v1_scalar_F4_Q4M_C2X_P2,44124500
v1_scalar_F4_Q4M_C2X_P2,44394600
v1_scalar_F4_Q4M_C2X_P2,44426900
v1_scalar_F4_Q4M_C2X_P2,44387600
v1_scalar_F4_Q4M_C2X_P2,44621100
v1_scalar_F4_Q4M_C2X_P2,44160400
v1_scalar_F4_Q4M_C2X_P2,46274300
v1_scalar_F4_Q4M_C2X_P2,44706000
v1_scalar_F4_Q4M_C2X_P2,43945600
v1_scalar_F4_Q4M_C2X_P2,44209200
v1_scalar_F4_Q4M_C2X_P2,44117200
v1_scalar_F4_Q4M_C2X_P2,44358200
v1_scalar_F4_Q4M_C2X_P2,44366700
v1_scalar_F4_Q4M_C2X_P2,44181100
v1_scalar_F4_Q4M_C2X_P2,44717400
v1_scalar_F4_Q4M_C2X_P2,44787000
v1_scalar_F4_Q4M_C2X_P2,45427300
v1_scalar_F4_Q4M_C2X_P2,46115900
v1_scalar_F4_Q4M_C2X_P2,44688800
v1_scalar_F4_Q4M_C2X_P2,44047500
v1_scalar_F4_Q4M_C2X_P2,43933000
v1_scalar_F4_Q4M_C2X_P2,44488600
v1_scalar_F4_Q4M_C2X_P2,44971400
v1_scalar_F4_Q4M_C2X_P2,45517100
v1_scalar_F4_Q4M_C2X_P2,45338800
v1_scalar_F4_Q4M_C2X_P2,45542100
v1_scalar_F4_Q4M_C2X_P2,45400700
v1_scalar_F4_Q4M_C2X_P2,44423300
v1_scalar_F4_Q4M_C2X_P2,44064500
v1_scalar_F4_Q4M_C2X_P2,45574300
v1_scalar_F4_Q4M_C2X_P2,44743300
v1_scalar_F4_Q4M_C2X_P2,45652500
v1_scalar_F4_Q4M_C2X_P2,44103900
v1_scalar_F4_Q4M_C2X_P2,44225300
v1_scalar_F4_Q4M_C2X_P2,44610800
v1_scalar_F4_Q4M_C2X_P2,45944000
v1_scalar_F4_Q4M_C2X_P2,44256200
v1_scalar_F4_Q4M_C2X_P2,49558100
v1_scalar_F4_Q4M_C2X_P2,46368500
v1_scalar_F4_Q4M_C3_P2,34430200
v1_scalar_F4_Q4M_C3_P2,34294200
v1_scalar_F4_Q4M_C3_P2,35788500
v1_scalar_F4_Q4M_C3_P2,35202100
v1_scalar_F4_Q4M_C3_P2,34511500
v1_scalar_F4_Q4M_C3_P2,35359200
v1_scalar_F4_Q4M_C3_P2,34483100
v1_scalar_F4_Q4M_C3_P2,35424000
v1_scalar_F4_Q4M_C3_P2,34384200
v1_scalar_F4_Q4M_C3_P2,35004000
v1_scalar_F4_Q4M_C3_P2,35263500
v1_scalar_F4_Q4M_C3_P2,35220700
v1_scalar_F4_Q4M_C3_P2,36044200
v1_scalar_F4_Q4M_C3_P2,37045700
v1_scalar_F4_Q4M_C3_P2,37005700
v1_scalar_F4_Q4M_C3_P2,36800200
v1_scalar_F4_Q4M_C3_P2,34530400
v1_scalar_F4_Q4M_C3_P2,34311200
v1_scalar_F4_Q4M_C3_P2,34272800
v1_scalar_F4_Q4M_C3_P2,35134800
v1_scalar_F4_Q4M_C3_P2,37572400
v1_scalar_F4_Q4M_C3_P2,35923800
v1_scalar_F4_Q4M_C3_P2,34579100
v1_scalar_F4_Q4M_C3_P2,35566400
v1_scalar_F4_Q4M_C3_P2,34198400
v1_scalar_F4_Q4M_C3_P2,35584700
v1_scalar_F4_Q4M_C3_P2,34643900
v1_scalar_F4_Q4M_C3_P2,35913100
v1_scalar_F4_Q4M_C3_P2,34957700
v1_scalar_F4_Q4M_C3_P2,34729800
v1_scalar_F4_Q4M_C3_P2,35539300
v1_scalar_F4_Q4M_C3_P2,35393900
v1_scalar_F4_Q4M_C3_P2,34380300
v1_scalar_F4_Q4M_C3_P2,34893600
v1_scalar_F4_Q4M_C3_P2,34306900
v1_scalar_F4_Q4M_C3_P2,34150300
v1_scalar_F4_Q4M_C3_P2,35773800
v1_scalar_F4_Q4M_C3_P2,35039300
v1_scalar_F4_Q4M_C3_P2,34523000
v1_scalar_F4_Q4M_C3_P2,34614100
v1_scalar_F4_Q4M_C3_P2,34379300
v1_scalar_F4_Q4M_C3_P2,34852100
v1_scalar_F4_Q4M_C3_P2,35659700
v1_scalar_F4_Q4M_C3_P2,34387100
v1_scalar_F4_Q4M_C3_P2,34528400
v1_scalar_F4_Q4M_C3_P2,35813900
v1_scalar_F4_Q4M_C3_P2,35904600
v1_scalar_F4_Q4M_C3_P2,37401300
v1_scalar_F4_Q4M_C3_P2,35417900
v1_scalar_F4_Q4M_C3_P2,34937500
v1_scalar_F4_Q4M_C3_P2,34953900
v1_scalar_F4_Q4M_C3_P2,34570600
v1_scalar_F4_Q4M_C3_P2,34638400
v1_scalar_F4_Q4M_C3_P2,34232600
v1_scalar_F4_Q4M_C3_P2,35183400
v1_scalar_F4_Q4M_C3_P2,34471100
v1_scalar_F4_Q4M_C3_P2,35242300
v1_scalar_F4_Q4M_C4F_P2,35067500
v1_scalar_F4_Q4M_C4F_P2,34744400
v1_scalar_F4_Q4M_C4F_P2,34728000
v1_scalar_F4_Q4M_C4F_P2,35492700
v1_scalar_F4_Q4M_C4F_P2,35637700
v1_scalar_F4_Q4M_C4F_P2,35991000
v1_scalar_F4_Q4M_C4F_P2,35663500
v1_scalar_F4_Q4M_C4F_P2,34831700
v1_scalar_F4_Q4M_C4F_P2,34800900
v1_scalar_F4_Q4M_C4F_P2,35286700
v1_scalar_F4_Q4M_C4F_P2,35248400
v1_scalar_F4_Q4M_C4F_P2,34962600
v1_scalar_F4_Q4M_C4F_P2,35429700
v1_scalar_F4_Q4M_C4F_P2,35143500
v1_scalar_F4_Q4M_C4F_P2,35505800
v1_scalar_F4_Q4M_C4F_P2,36041900
v1_scalar_F4_Q4M_C4F_P2,34891500
v1_scalar_F4_Q4M_C4F_P2,35195800
v1_scalar_F4_Q4M_C4F_P2,35660000
v1_scalar_F4_Q4M_C4F_P2,35014100
v1_scalar_F4_Q4M_C4F_P2,37143800
v1_scalar_F4_Q4M_C4F_P2,37336200
v1_scalar_F4_Q4M_C4F_P2,35066900
v1_scalar_F4_Q4M_C4F_P2,34835900
v1_scalar_F4_Q4M_C4F_P2,35302700
v1_scalar_F4_Q4M_C4F_P2,35612000
v1_scalar_F4_Q4M_C4F_P2,36042100
v1_scalar_F4_Q4M_C4F_P2,35639400
v1_scalar_F4_Q4M_C4F_P2,34747700
v1_scalar_F4_Q4M_C4F_P2,34950800
v1_scalar_F4_Q4M_C4F_P2,34788400
v1_scalar_F4_Q4M_C4F_P2,35508200
v1_scalar_F4_Q4M_C4F_P2,35946900
v1_scalar_F4_Q4M_C4F_P2,34963500
v1_scalar_F4_Q4M_C4F_P2,35884200
v1_scalar_F4_Q4M_C4F_P2,36289700
v1_scalar_F4_Q4M_C4F_P2,35914900
v1_scalar_F4_Q4M_C4F_P2,35716500
v1_scalar_F4_Q4M_C4F_P2,36659700
v1_scalar_F4_Q4M_C4F_P2,35621700
v1_scalar_F4_Q4M_C4F_P2,35555200
v1_scalar_F4_Q4M_C4F_P2,35100700
v1_scalar_F4_Q4M_C4F_P2,35859500
v1_scalar_F4_Q4M_C4F_P2,35122000
v1_scalar_F4_Q4M_C4F_P2,35721400
v1_scalar_F4_Q4M_C4F_P2,35732100
v1_scalar_F4_Q4M_C4F_P2,34748900
v1_scalar_F4_Q4M_C4F_P2,35538800
v1_scalar_F4_Q4M_C4F_P2,35990000
v1_scalar_F4_Q4M_C4F_P2,35469500
v1_scalar_F4_Q4M_C4F_P2,35448100
v1_scalar_F4_Q4M_C4F_P2,36463100
v1_scalar_F4_Q4M_C4F_P2,35497900
v1_scalar_F4_Q4M_C4F_P2,35616300
v1_scalar_F4_Q4M_C4F_P2,36047700
v1_scalar_F4_Q4M_C4F_P2,34978600
v1_scalar_F4_Q4M_C4F_P2,35293000
v1_scalar_F4_Q4M_C4M_P2,37081500
v1_scalar_F4_Q4M_C4M_P2,37500700
v1_scalar_F4_Q4M_C4M_P2,37500600
v1_scalar_F4_Q4M_C4M_P2,36731000
v1_scalar_F4_Q4M_C4M_P2,36371400
v1_scalar_F4_Q4M_C4M_P2,37302800
v1_scalar_F4_Q4M_C4M_P2,37184100
v1_scalar_F4_Q4M_C4M_P2,36855200
v1_scalar_F4_Q4M_C4M_P2,36406100
v1_scalar_F4_Q4M_C4M_P2,37961300
v1_scalar_F4_Q4M_C4M_P2,37265900
v1_scalar_F4_Q4M_C4M_P2,36909900
v1_scalar_F4_Q4M_C4M_P2,36338600
v1_scalar_F4_Q4M_C4M_P2,36373700
v1_scalar_F4_Q4M_C4M_P2,36543700
v1_scalar_F4_Q4M_C4M_P2,36805000
v1_scalar_F4_Q4M_C4M_P2,36633400
v1_scalar_F4_Q4M_C4M_P2,36808100
v1_scalar_F4_Q4M_C4M_P2,37531400
v1_scalar_F4_Q4M_C4M_P2,36206100
v1_scalar_F4_Q4M_C4M_P2,37508700
v1_scalar_F4_Q4M_C4M_P2,37990600
v1_scalar_F4_Q4M_C4M_P2,36330100
v1_scalar_F4_Q4M_C4M_P2,37072800
v1_scalar_F4_Q4M_C4M_P2,37095300
v1_scalar_F4_Q4M_C4M_P2,36652500
v1_scalar_F4_Q4M_C4M_P2,37989300
v1_scalar_F4_Q4M_C4M_P2,37351400
v1_scalar_F4_Q4M_C4M_P2,37093500
v1_scalar_F4_Q4M_C4M_P2,36374800
v1_scalar_F4_Q4M_C4M_P2,36179800
v1_scalar_F4_Q4M_C4M_P2,36816600
v1_scalar_F4_Q4M_C4M_P2,37133600
v1_scalar_F4_Q4M_C4M_P2,37209000
v1_scalar_F4_Q4M_C4M_P2,37652400
v1_scalar_F4_Q4M_C4M_P2,36208700
v1_scalar_F4_Q4M_C4M_P2,37293100
v1_scalar_F4_Q4M_C4M_P2,36132500
v1_scalar_F4_Q4M_C4M_P2,38068100
v1_scalar_F4_Q4M_C4M_P2,36288200
v1_scalar_F4_Q4M_C4M_P2,36966500
v1_scalar_F4_Q4M_C4M_P2,36420800
v1_scalar_F4_Q4M_C4M_P2,36906700
v1_scalar_F4_Q4M_C4M_P2,36027900
v1_scalar_F4_Q4M_C4M_P2,36393100
v1_scalar_F4_Q4M_C4M_P2,36886000
v1_scalar_F4_Q4M_C4M_P2,36243300
v1_scalar_F4_Q4M_C4M_P2,37215700
v1_scalar_F4_Q4M_C4M_P2,36378700
v1_scalar_F4_Q4M_C4M_P2,36255300
v1_scalar_F4_Q4M_C4M_P2,37138300
v1_scalar_F4_Q4M_C4M_P2,36804700
v1_scalar_F4_Q4M_C4M_P2,36713900
v1_scalar_F4_Q4M_C4M_P2,37104000
v1_scalar_F4_Q4M_C4M_P2,39114100
v1_scalar_F5F_Q1_C1R_P2,108258300
v1_scalar_F5F_Q1_C1R_P2,109108300
v1_scalar_F5F_Q1_C1R_P2,109579700
v1_scalar_F5F_Q1_C1R_P2,108754400
v1_scalar_F5F_Q1_C1R_P2,108440300
v1_scalar_F5F_Q1_C1R_P2,109464100
v1_scalar_F5F_Q1_C1R_P2,106417600
v1_scalar_F5F_Q1_C1R_P2,107748300
v1_scalar_F5F_Q1_C1R_P2,106312600
v1_scalar_F5F_Q1_C1R_P2,109315400
v1_scalar_F5F_Q1_C1R_P2,108228200
v1_scalar_F5F_Q1_C1R_P2,109264800
v1_scalar_F5F_Q1_C1R_P2,108407900
v1_scalar_F5F_Q1_C1R_P2,108060900
v1_scalar_F5F_Q1_C1R_P2,108613600
v1_scalar_F5F_Q1_C1R_P2,108984300
v1_scalar_F5F_Q1_C1R_P2,111008500
v1_scalar_F5F_Q1_C1R_P2,110060600
v1_scalar_F5F_Q1_C1R_P2,109493300
v1_scalar_F5F_Q1_C1X_P2,48864500
v1_scalar_F5F_Q1_C1X_P2,50104600
v1_scalar_F5F_Q1_C1X_P2,49182000
v1_scalar_F5F_Q1_C1X_P2,48870200
v1_scalar_F5F_Q1_C1X_P2,48358500
v1_scalar_F5F_Q1_C1X_P2,48227400
v1_scalar_F5F_Q1_C1X_P2,49316700
v1_scalar_F5F_Q1_C1X_P2,49469000
v1_scalar_F5F_Q1_C1X_P2,49651700
v1_scalar_F5F_Q1_C1X_P2,50192200
v1_scalar_F5F_Q1_C1X_P2,49484900
v1_scalar_F5F_Q1_C1X_P2,49767700
v1_scalar_F5F_Q1_C1X_P2,49857800
v1_scalar_F5F_Q1_C1X_P2,49168700
v1_scalar_F5F_Q1_C1X_P2,49751800
v1_scalar_F5F_Q1_C1X_P2,50002800
v1_scalar_F5F_Q1_C1X_P2,49680900
v1_scalar_F5F_Q1_C1X_P2,49325300
v1_scalar_F5F_Q1_C1X_P2,48354800
v1_scalar_F5F_Q1_C1X_P2,49242200
v1_scalar_F5F_Q1_C1X_P2,48808600
v1_scalar_F5F_Q1_C1X_P2,48611900
v1_scalar_F5F_Q1_C1X_P2,49248700
v1_scalar_F5F_Q1_C1X_P2,49293700
v1_scalar_F5F_Q1_C1X_P2,49998300
v1_scalar_F5F_Q1_C1X_P2,49311700
v1_scalar_F5F_Q1_C1X_P2,49893000
v1_scalar_F5F_Q1_C1X_P2,48523800
v1_scalar_F5F_Q1_C1X_P2,48832100
v1_scalar_F5F_Q1_C1X_P2,49508900
v1_scalar_F5F_Q1_C1X_P2,48957800
v1_scalar_F5F_Q1_C1X_P2,49345900
v1_scalar_F5F_Q1_C1X_P2,50240600
v1_scalar_F5F_Q1_C1X_P2,49350600
v1_scalar_F5F_Q1_C1X_P2,48574300
v1_scalar_F5F_Q1_C1X_P2,49173500
v1_scalar_F5F_Q1_C1X_P2,48588500
v1_scalar_F5F_Q1_C1X_P2,48654700
v1_scalar_F5F_Q1_C1X_P2,48956500
v1_scalar_F5F_Q1_C1X_P2,48455600
v1_scalar_F5F_Q1_C1X_P2,48987500
v1_scalar_F5F_Q1_C2R_P2,90607300
v1_scalar_F5F_Q1_C2R_P2,91815200
v1_scalar_F5F_Q1_C2R_P2,90922500
v1_scalar_F5F_Q1_C2R_P2,90206700
v1_scalar_F5F_Q1_C2R_P2,89893400
v1_scalar_F5F_Q1_C2R_P2,90152700
v1_scalar_F5F_Q1_C2R_P2,91208300
v1_scalar_F5F_Q1_C2R_P2,92042900
v1_scalar_F5F_Q1_C2R_P2,91504500
v1_scalar_F5F_Q1_C2R_P2,90620600
v1_scalar_F5F_Q1_C2R_P2,91739500
v1_scalar_F5F_Q1_C2R_P2,90756400
v1_scalar_F5F_Q1_C2R_P2,90170400
v1_scalar_F5F_Q1_C2R_P2,90079100
v1_scalar_F5F_Q1_C2R_P2,90280700
v1_scalar_F5F_Q1_C2R_P2,91301300
v1_scalar_F5F_Q1_C2R_P2,90998000
v1_scalar_F5F_Q1_C2R_P2,90831300
v1_scalar_F5F_Q1_C2R_P2,90336600
v1_scalar_F5F_Q1_C2R_P2,91572900
v1_scalar_F5F_Q1_C2R_P2,91034700
v1_scalar_F5F_Q1_C2R_P2,89834800
v1_scalar_F5F_Q1_C2R_P2,92503400
v1_scalar_F5F_Q1_C2X_P2,40309600
v1_scalar_F5F_Q1_C2X_P2,40429400
v1_scalar_F5F_Q1_C2X_P2,41059800
v1_scalar_F5F_Q1_C2X_P2,40071500
v1_scalar_F5F_Q1_C2X_P2,39888400
v1_scalar_F5F_Q1_C2X_P2,40313600
v1_scalar_F5F_Q1_C2X_P2,39899200
v1_scalar_F5F_Q1_C2X_P2,40239200
v1_scalar_F5F_Q1_C2X_P2,41039100
v1_scalar_F5F_Q1_C2X_P2,40910000
v1_scalar_F5F_Q1_C2X_P2,39796300
v1_scalar_F5F_Q1_C2X_P2,39733100
v1_scalar_F5F_Q1_C2X_P2,39539000
v1_scalar_F5F_Q1_C2X_P2,41387400
v1_scalar_F5F_Q1_C2X_P2,40282400
v1_scalar_F5F_Q1_C2X_P2,42771400
v1_scalar_F5F_Q1_C2X_P2,39693500
v1_scalar_F5F_Q1_C2X_P2,39550100
v1_scalar_F5F_Q1_C2X_P2,40595600
v1_scalar_F5F_Q1_C2X_P2,40025800
v1_scalar_F5F_Q1_C2X_P2,40494300
v1_scalar_F5F_Q1_C2X_P2,41320400
v1_scalar_F5F_Q1_C2X_P2,40266600
v1_scalar_F5F_Q1_C2X_P2,41462800
v1_scalar_F5F_Q1_C2X_P2,40570900
v1_scalar_F5F_Q1_C2X_P2,41122900
v1_scalar_F5F_Q1_C2X_P2,39751800
v1_scalar_F5F_Q1_C2X_P2,39978000
v1_scalar_F5F_Q1_C2X_P2,40845700
v1_scalar_F5F_Q1_C2X_P2,40449800
v1_scalar_F5F_Q1_C2X_P2,40884400
v1_scalar_F5F_Q1_C2X_P2,39743900
v1_scalar_F5F_Q1_C2X_P2,39502400
v1_scalar_F5F_Q1_C2X_P2,41490000
v1_scalar_F5F_Q1_C2X_P2,40243000
v1_scalar_F5F_Q1_C2X_P2,40056800
v1_scalar_F5F_Q1_C2X_P2,41886400
v1_scalar_F5F_Q1_C2X_P2,40337800
v1_scalar_F5F_Q1_C2X_P2,40792100
v1_scalar_F5F_Q1_C2X_P2,40244500
v1_scalar_F5F_Q1_C2X_P2,40646400
v1_scalar_F5F_Q1_C2X_P2,41473600
v1_scalar_F5F_Q1_C2X_P2,39560400
v1_scalar_F5F_Q1_C2X_P2,40672000
v1_scalar_F5F_Q1_C2X_P2,40444200
v1_scalar_F5F_Q1_C2X_P2,39989400
v1_scalar_F5F_Q1_C2X_P2,40540000
v1_scalar_F5F_Q1_C2X_P2,39924000
v1_scalar_F5F_Q1_C2X_P2,39600000
v1_scalar_F5F_Q1_C2X_P2,40745700
v1_scalar_F5F_Q1_C3_P2,30591000
v1_scalar_F5F_Q1_C3_P2,30046700
v1_scalar_F5F_Q1_C3_P2,31484900
v1_scalar_F5F_Q1_C3_P2,29879400
v1_scalar_F5F_Q1_C3_P2,29888700
v1_scalar_F5F_Q1_C3_P2,30630600
v1_scalar_F5F_Q1_C3_P2,30509800
v1_scalar_F5F_Q1_C3_P2,29751100
v1_scalar_F5F_Q1_C3_P2,30407700
v1_scalar_F5F_Q1_C3_P2,30712500
v1_scalar_F5F_Q1_C3_P2,30071800
v1_scalar_F5F_Q1_C3_P2,30698100
v1_scalar_F5F_Q1_C3_P2,29990100
v1_scalar_F5F_Q1_C3_P2,30804700
v1_scalar_F5F_Q1_C3_P2,30589600
v1_scalar_F5F_Q1_C3_P2,29812900
v1_scalar_F5F_Q1_C3_P2,30208300
v1_scalar_F5F_Q1_C3_P2,30747900
v1_scalar_F5F_Q1_C3_P2,29993900
v1_scalar_F5F_Q1_C3_P2,30610500
v1_scalar_F5F_Q1_C3_P2,31094500
v1_scalar_F5F_Q1_C3_P2,31621500
v1_scalar_F5F_Q1_C3_P2,30193000
v1_scalar_F5F_Q1_C3_P2,30063500
v1_scalar_F5F_Q1_C3_P2,30040900
v1_scalar_F5F_Q1_C3_P2,29979500
v1_scalar_F5F_Q1_C3_P2,30951900
v1_scalar_F5F_Q1_C3_P2,31062800
v1_scalar_F5F_Q1_C3_P2,31050300
v1_scalar_F5F_Q1_C3_P2,29921100
v1_scalar_F5F_Q1_C3_P2,30119200
v1_scalar_F5F_Q1_C3_P2,31032100
v1_scalar_F5F_Q1_C3_P2,30922900
v1_scalar_F5F_Q1_C3_P2,29856600
v1_scalar_F5F_Q1_C3_P2,29815100
v1_scalar_F5F_Q1_C3_P2,29987900
v1_scalar_F5F_Q1_C3_P2,30245100
v1_scalar_F5F_Q1_C3_P2,30972600
v1_scalar_F5F_Q1_C3_P2,30110400
v1_scalar_F5F_Q1_C3_P2,30865500
v1_scalar_F5F_Q1_C3_P2,29834300
v1_scalar_F5F_Q1_C3_P2,29945500
v1_scalar_F5F_Q1_C3_P2,30532700
v1_scalar_F5F_Q1_C3_P2,30328800
v1_scalar_F5F_Q1_C3_P2,30306500
v1_scalar_F5F_Q1_C3_P2,29949900
v1_scalar_F5F_Q1_C3_P2,30880500
v1_scalar_F5F_Q1_C3_P2,31277200
v1_scalar_F5F_Q1_C3_P2,30479900
v1_scalar_F5F_Q1_C3_P2,30005400
v1_scalar_F5F_Q1_C3_P2,29829900
v1_scalar_F5F_Q1_C3_P2,30775700
v1_scalar_F5F_Q1_C3_P2,30909000
v1_scalar_F5F_Q1_C3_P2,29876600
v1_scalar_F5F_Q1_C3_P2,31472000
v1_scalar_F5F_Q1_C3_P2,30059800
v1_scalar_F5F_Q1_C3_P2,31921800
v1_scalar_F5F_Q1_C3_P2,30169000
v1_scalar_F5F_Q1_C3_P2,29917500
v1_scalar_F5F_Q1_C3_P2,30026300
v1_scalar_F5F_Q1_C3_P2,30470600
v1_scalar_F5F_Q1_C3_P2,31188300
v1_scalar_F5F_Q1_C3_P2,32850400
v1_scalar_F5F_Q1_C3_P2,30892000
v1_scalar_F5F_Q1_C3_P2,30944000
v1_scalar_F5F_Q1_C4F_P2,30051600
v1_scalar_F5F_Q1_C4F_P2,30093000
v1_scalar_F5F_Q1_C4F_P2,30479400
v1_scalar_F5F_Q1_C4F_P2,29627600
v1_scalar_F5F_Q1_C4F_P2,29780000
v1_scalar_F5F_Q1_C4F_P2,30062400
v1_scalar_F5F_Q1_C4F_P2,30568000
v1_scalar_F5F_Q1_C4F_P2,29607800
v1_scalar_F5F_Q1_C4F_P2,29396300
v1_scalar_F5F_Q1_C4F_P2,31408000
v1_scalar_F5F_Q1_C4F_P2,30851300
v1_scalar_F5F_Q1_C4F_P2,29650000
v1_scalar_F5F_Q1_C4F_P2,29475900
v1_scalar_F5F_Q1_C4F_P2,29686300
v1_scalar_F5F_Q1_C4F_P2,30034800
v1_scalar_F5F_Q1_C4F_P2,30748600
v1_scalar_F5F_Q1_C4F_P2,30913500
v1_scalar_F5F_Q1_C4F_P2,30005600
v1_scalar_F5F_Q1_C4F_P2,30263900
v1_scalar_F5F_Q1_C4F_P2,29921600
v1_scalar_F5F_Q1_C4F_P2,29940900
v1_scalar_F5F_Q1_C4F_P2,30079800
v1_scalar_F5F_Q1_C4F_P2,31196100
v1_scalar_F5F_Q1_C4F_P2,31123500
v1_scalar_F5F_Q1_C4F_P2,30223100
v1_scalar_F5F_Q1_C4F_P2,30906800
v1_scalar_F5F_Q1_C4F_P2,29749000
v1_scalar_F5F_Q1_C4F_P2,29886000
v1_scalar_F5F_Q1_C4F_P2,30222700
v1_scalar_F5F_Q1_C4F_P2,30976000
v1_scalar_F5F_Q1_C4F_P2,29814300
v1_scalar_F5F_Q1_C4F_P2,30172200
v1_scalar_F5F_Q1_C4F_P2,31395200
v1_scalar_F5F_Q1_C4F_P2,29566700
v1_scalar_F5F_Q1_C4F_P2,30077200
v1_scalar_F5F_Q1_C4F_P2,31440600
v1_scalar_F5F_Q1_C4F_P2,30699500
v1_scalar_F5F_Q1_C4F_P2,30527200
v1_scalar_F5F_Q1_C4F_P2,30041900
v1_scalar_F5F_Q1_C4F_P2,30054000
v1_scalar_F5F_Q1_C4F_P2,29445800
v1_scalar_F5F_Q1_C4F_P2,30550600
v1_scalar_F5F_Q1_C4F_P2,30712200
v1_scalar_F5F_Q1_C4F_P2,30494600
v1_scalar_F5F_Q1_C4F_P2,29784900
v1_scalar_F5F_Q1_C4F_P2,30828400
v1_scalar_F5F_Q1_C4F_P2,29605900
v1_scalar_F5F_Q1_C4F_P2,30656500
v1_scalar_F5F_Q1_C4F_P2,30960100
v1_scalar_F5F_Q1_C4F_P2,30763800
v1_scalar_F5F_Q1_C4F_P2,29579600
v1_scalar_F5F_Q1_C4F_P2,30119100
v1_scalar_F5F_Q1_C4F_P2,29699300
v1_scalar_F5F_Q1_C4F_P2,30542400
v1_scalar_F5F_Q1_C4F_P2,29616900
v1_scalar_F5F_Q1_C4F_P2,29462100
v1_scalar_F5F_Q1_C4F_P2,29666200
v1_scalar_F5F_Q1_C4F_P2,29764800
v1_scalar_F5F_Q1_C4F_P2,29606400
v1_scalar_F5F_Q1_C4F_P2,30257700
v1_scalar_F5F_Q1_C4F_P2,30727300
v1_scalar_F5F_Q1_C4F_P2,29764100
v1_scalar_F5F_Q1_C4F_P2,29583200
v1_scalar_F5F_Q1_C4F_P2,29762500
v1_scalar_F5F_Q1_C4F_P2,29911300
v1_scalar_F5F_Q1_C4F_P2,29744400
v1_scalar_F5F_Q1_C4M_P2,33623000
v1_scalar_F5F_Q1_C4M_P2,35119200
v1_scalar_F5F_Q1_C4M_P2,34596300
v1_scalar_F5F_Q1_C4M_P2,34318500
v1_scalar_F5F_Q1_C4M_P2,35064500
v1_scalar_F5F_Q1_C4M_P2,34400900
v1_scalar_F5F_Q1_C4M_P2,34022700
v1_scalar_F5F_Q1_C4M_P2,34872200
v1_scalar_F5F_Q1_C4M_P2,36010700
v1_scalar_F5F_Q1_C4M_P2,34795600
v1_scalar_F5F_Q1_C4M_P2,34647900
v1_scalar_F5F_Q1_C4M_P2,34367900
v1_scalar_F5F_Q1_C4M_P2,35493800
v1_scalar_F5F_Q1_C4M_P2,33837400
v1_scalar_F5F_Q1_C4M_P2,34457400
v1_scalar_F5F_Q1_C4M_P2,34432300
v1_scalar_F5F_Q1_C4M_P2,36884300
v1_scalar_F5F_Q1_C4M_P2,34083000
v1_scalar_F5F_Q1_C4M_P2,35143900
v1_scalar_F5F_Q1_C4M_P2,34636000
v1_scalar_F5F_Q1_C4M_P2,34488600
v1_scalar_F5F_Q1_C4M_P2,35232600
v1_scalar_F5F_Q1_C4M_P2,35057400
v1_scalar_F5F_Q1_C4M_P2,34771600
v1_scalar_F5F_Q1_C4M_P2,34789500
v1_scalar_F5F_Q1_C4M_P2,34853700
v1_scalar_F5F_Q1_C4M_P2,34343800
v1_scalar_F5F_Q1_C4M_P2,34808200
v1_scalar_F5F_Q1_C4M_P2,34034700
v1_scalar_F5F_Q1_C4M_P2,34325100
v1_scalar_F5F_Q1_C4M_P2,33652900
v1_scalar_F5F_Q1_C4M_P2,35754000
v1_scalar_F5F_Q1_C4M_P2,35367700
v1_scalar_F5F_Q1_C4M_P2,35608200
v1_scalar_F5F_Q1_C4M_P2,33764600
v1_scalar_F5F_Q1_C4M_P2,33554500
v1_scalar_F5F_Q1_C4M_P2,34596600
v1_scalar_F5F_Q1_C4M_P2,33891300
v1_scalar_F5F_Q1_C4M_P2,35075900
v1_scalar_F5F_Q1_C4M_P2,34614900
v1_scalar_F5F_Q1_C4M_P2,34711900
v1_scalar_F5F_Q1_C4M_P2,33663900
v1_scalar_F5F_Q1_C4M_P2,34295600
v1_scalar_F5F_Q1_C4M_P2,35435800
v1_scalar_F5F_Q1_C4M_P2,35460400
v1_scalar_F5F_Q1_C4M_P2,35857600
v1_scalar_F5F_Q1_C4M_P2,34965300
v1_scalar_F5F_Q1_C4M_P2,35303900
v1_scalar_F5F_Q1_C4M_P2,35636500
v1_scalar_F5F_Q1_C4M_P2,35308700
v1_scalar_F5F_Q1_C4M_P2,34494600
v1_scalar_F5F_Q1_C4M_P2,34150300
v1_scalar_F5F_Q1_C4M_P2,34733900
v1_scalar_F5F_Q1_C4M_P2,33734800
v1_scalar_F5F_Q1_C4M_P2,34580600
v1_scalar_F5F_Q1_C4M_P2,34318900
v1_scalar_F5F_Q1_C4M_P2,34120200
v1_scalar_F5F_Q1_C4M_P2,33770600
v1_scalar_F5F_Q2R_C1R_P2,168730800
v1_scalar_F5F_Q2R_C1R_P2,170594600
v1_scalar_F5F_Q2R_C1R_P2,169753900
v1_scalar_F5F_Q2R_C1R_P2,167740200
v1_scalar_F5F_Q2R_C1R_P2,167687100
v1_scalar_F5F_Q2R_C1R_P2,169155600
v1_scalar_F5F_Q2R_C1R_P2,169211600
v1_scalar_F5F_Q2R_C1R_P2,169602800
v1_scalar_F5F_Q2R_C1R_P2,170170500
v1_scalar_F5F_Q2R_C1R_P2,172833000
v1_scalar_F5F_Q2R_C1R_P2,169344100
v1_scalar_F5F_Q2R_C1R_P2,167007400
v1_scalar_F5F_Q2R_C1R_P2,175501300
v1_scalar_F5F_Q2R_C1X_P2,129112900
v1_scalar_F5F_Q2R_C1X_P2,129108600
v1_scalar_F5F_Q2R_C1X_P2,127439800
v1_scalar_F5F_Q2R_C1X_P2,127068500
v1_scalar_F5F_Q2R_C1X_P2,127780100
v1_scalar_F5F_Q2R_C1X_P2,130943100
v1_scalar_F5F_Q2R_C1X_P2,128614000
v1_scalar_F5F_Q2R_C1X_P2,131807400
v1_scalar_F5F_Q2R_C1X_P2,128718100
v1_scalar_F5F_Q2R_C1X_P2,127590300
v1_scalar_F5F_Q2R_C1X_P2,127547700
v1_scalar_F5F_Q2R_C1X_P2,130888000
v1_scalar_F5F_Q2R_C1X_P2,129821600
v1_scalar_F5F_Q2R_C1X_P2,126565900
v1_scalar_F5F_Q2R_C1X_P2,126685000
v1_scalar_F5F_Q2R_C1X_P2,127078000
v1_scalar_F5F_Q2R_C1X_P2,128129000
v1_scalar_F5F_Q2R_C2R_P2,148874100
v1_scalar_F5F_Q2R_C2R_P2,150284900
v1_scalar_F5F_Q2R_C2R_P2,149013000
v1_scalar_F5F_Q2R_C2R_P2,149024900
v1_scalar_F5F_Q2R_C2R_P2,149145200
v1_scalar_F5F_Q2R_C2R_P2,150756600
v1_scalar_F5F_Q2R_C2R_P2,150740400
v1_scalar_F5F_Q2R_C2R_P2,151300900
v1_scalar_F5F_Q2R_C2R_P2,150364400
v1_scalar_F5F_Q2R_C2R_P2,150362400
v1_scalar_F5F_Q2R_C2R_P2,148362000
v1_scalar_F5F_Q2R_C2R_P2,152526000
v1_scalar_F5F_Q2R_C2R_P2,152035700
v1_scalar_F5F_Q2R_C2R_P2,151619900
v1_scalar_F5F_Q2R_C2X_P2,119274800
v1_scalar_F5F_Q2R_C2X_P2,119920900
v1_scalar_F5F_Q2R_C2X_P2,119060100
v1_scalar_F5F_Q2R_C2X_P2,118741800
v1_scalar_F5F_Q2R_C2X_P2,119458100
v1_scalar_F5F_Q2R_C2X_P2,119974700
v1_scalar_F5F_Q2R_C2X_P2,121515300
v1_scalar_F5F_Q2R_C2X_P2,122646600
v1_scalar_F5F_Q2R_C2X_P2,120952300
v1_scalar_F5F_Q2R_C2X_P2,120947100
v1_scalar_F5F_Q2R_C2X_P2,121999500
v1_scalar_F5F_Q2R_C2X_P2,122930100
v1_scalar_F5F_Q2R_C2X_P2,121815200
v1_scalar_F5F_Q2R_C2X_P2,120176000
v1_scalar_F5F_Q2R_C2X_P2,119103700
v1_scalar_F5F_Q2R_C2X_P2,119596600
v1_scalar_F5F_Q2R_C2X_P2,120792700
v1_scalar_F5F_Q2R_C3_P2,109822800
v1_scalar_F5F_Q2R_C3_P2,107560700
v1_scalar_F5F_Q2R_C3_P2,107512600
v1_scalar_F5F_Q2R_C3_P2,107921900
v1_scalar_F5F_Q2R_C3_P2,106012900
v1_scalar_F5F_Q2R_C3_P2,107186100
v1_scalar_F5F_Q2R_C3_P2,108241600
v1_scalar_F5F_Q2R_C3_P2,110355800
v1_scalar_F5F_Q2R_C3_P2,110045700
v1_scalar_F5F_Q2R_C3_P2,107520100
v1_scalar_F5F_Q2R_C3_P2,108746200
v1_scalar_F5F_Q2R_C3_P2,106893100
v1_scalar_F5F_Q2R_C3_P2,110853700
v1_scalar_F5F_Q2R_C3_P2,108407200
v1_scalar_F5F_Q2R_C3_P2,108699900
v1_scalar_F5F_Q2R_C3_P2,127568300
v1_scalar_F5F_Q2R_C3_P2,107446000
v1_scalar_F5F_Q2R_C3_P2,107395100
v1_scalar_F5F_Q2R_C3_P2,108346700
v1_scalar_F5F_Q2R_C4F_P2,107106000
v1_scalar_F5F_Q2R_C4F_P2,109814100
v1_scalar_F5F_Q2R_C4F_P2,105272700
v1_scalar_F5F_Q2R_C4F_P2,109882600
v1_scalar_F5F_Q2R_C4F_P2,108756700
v1_scalar_F5F_Q2R_C4F_P2,108795100
v1_scalar_F5F_Q2R_C4F_P2,109475600
v1_scalar_F5F_Q2R_C4F_P2,108746200
v1_scalar_F5F_Q2R_C4F_P2,107207900
v1_scalar_F5F_Q2R_C4F_P2,105962700
v1_scalar_F5F_Q2R_C4F_P2,107885900
v1_scalar_F5F_Q2R_C4F_P2,110321700
v1_scalar_F5F_Q2R_C4F_P2,108357700
v1_scalar_F5F_Q2R_C4F_P2,110652800
v1_scalar_F5F_Q2R_C4F_P2,111271800
v1_scalar_F5F_Q2R_C4F_P2,111654200
v1_scalar_F5F_Q2R_C4F_P2,108189600
v1_scalar_F5F_Q2R_C4F_P2,108565700
v1_scalar_F5F_Q2R_C4F_P2,110675100
v1_scalar_F5F_Q2R_C4M_P2,110342100
v1_scalar_F5F_Q2R_C4M_P2,111476000
v1_scalar_F5F_Q2R_C4M_P2,112360200
v1_scalar_F5F_Q2R_C4M_P2,109953700
v1_scalar_F5F_Q2R_C4M_P2,109653500
v1_scalar_F5F_Q2R_C4M_P2,108770000
v1_scalar_F5F_Q2R_C4M_P2,110123700
v1_scalar_F5F_Q2R_C4M_P2,110447400
v1_scalar_F5F_Q2R_C4M_P2,110615900
v1_scalar_F5F_Q2R_C4M_P2,110049400
v1_scalar_F5F_Q2R_C4M_P2,107744000
v1_scalar_F5F_Q2R_C4M_P2,110030900
v1_scalar_F5F_Q2R_C4M_P2,110158000
v1_scalar_F5F_Q2R_C4M_P2,111528200
v1_scalar_F5F_Q2R_C4M_P2,108522900
v1_scalar_F5F_Q2R_C4M_P2,108857900
v1_scalar_F5F_Q2R_C4M_P2,110726400
v1_scalar_F5F_Q2R_C4M_P2,110719600
v1_scalar_F5F_Q2R_C4M_P2,108694400
v1_scalar_F5F_Q2X_C1R_P2,117767500
v1_scalar_F5F_Q2X_C1R_P2,119114500
v1_scalar_F5F_Q2X_C1R_P2,119300700
v1_scalar_F5F_Q2X_C1R_P2,119033300
v1_scalar_F5F_Q2X_C1R_P2,118745500
v1_scalar_F5F_Q2X_C1R_P2,120594400
v1_scalar_F5F_Q2X_C1R_P2,116452600
v1_scalar_F5F_Q2X_C1R_P2,118955200
v1_scalar_F5F_Q2X_C1R_P2,116874000
v1_scalar_F5F_Q2X_C1R_P2,118051800
v1_scalar_F5F_Q2X_C1R_P2,117909700
v1_scalar_F5F_Q2X_C1R_P2,118244800
v1_scalar_F5F_Q2X_C1R_P2,121230600
v1_scalar_F5F_Q2X_C1R_P2,121015900
v1_scalar_F5F_Q2X_C1R_P2,120544300
v1_scalar_F5F_Q2X_C1R_P2,121130400
v1_scalar_F5F_Q2X_C1R_P2,119186700
v1_scalar_F5F_Q2X_C1R_P2,120150600
v1_scalar_F5F_Q2X_C1X_P2,76280000
v1_scalar_F5F_Q2X_C1X_P2,76985100
v1_scalar_F5F_Q2X_C1X_P2,76589400
v1_scalar_F5F_Q2X_C1X_P2,79062300
v1_scalar_F5F_Q2X_C1X_P2,77237400
v1_scalar_F5F_Q2X_C1X_P2,74721900
v1_scalar_F5F_Q2X_C1X_P2,74866600
v1_scalar_F5F_Q2X_C1X_P2,74712000
v1_scalar_F5F_Q2X_C1X_P2,74775300
v1_scalar_F5F_Q2X_C1X_P2,78345200
v1_scalar_F5F_Q2X_C1X_P2,79110600
v1_scalar_F5F_Q2X_C1X_P2,75313900
v1_scalar_F5F_Q2X_C1X_P2,75044900
v1_scalar_F5F_Q2X_C1X_P2,76153800
v1_scalar_F5F_Q2X_C1X_P2,75917200
v1_scalar_F5F_Q2X_C1X_P2,75792900
v1_scalar_F5F_Q2X_C1X_P2,75686500
v1_scalar_F5F_Q2X_C1X_P2,75842900
v1_scalar_F5F_Q2X_C1X_P2,75310400
v1_scalar_F5F_Q2X_C1X_P2,75391500
v1_scalar_F5F_Q2X_C1X_P2,76502600
v1_scalar_F5F_Q2X_C1X_P2,75624500
v1_scalar_F5F_Q2X_C1X_P2,74613500
v1_scalar_F5F_Q2X_C1X_P2,76191900
v1_scalar_F5F_Q2X_C1X_P2,75712700
v1_scalar_F5F_Q2X_C1X_P2,77375700
v1_scalar_F5F_Q2X_C1X_P2,75782100
v1_scalar_F5F_Q2X_C1X_P2,75306600
v1_scalar_F5F_Q2X_C2R_P2,100425000
v1_scalar_F5F_Q2X_C2R_P2,105607000
v1_scalar_F5F_Q2X_C2R_P2,98623800
v1_scalar_F5F_Q2X_C2R_P2,101230900
v1_scalar_F5F_Q2X_C2R_P2,105478400
v1_scalar_F5F_Q2X_C2R_P2,99928100
v1_scalar_F5F_Q2X_C2R_P2,100769300
v1_scalar_F5F_Q2X_C2R_P2,101294100
v1_scalar_F5F_Q2X_C2R_P2,102511500
v1_scalar_F5F_Q2X_C2R_P2,102046500
v1_scalar_F5F_Q2X_C2R_P2,99760300
v1_scalar_F5F_Q2X_C2R_P2,99717300
v1_scalar_F5F_Q2X_C2R_P2,100735700
v1_scalar_F5F_Q2X_C2R_P2,99083100
v1_scalar_F5F_Q2X_C2R_P2,99001100
v1_scalar_F5F_Q2X_C2R_P2,98699500
v1_scalar_F5F_Q2X_C2R_P2,99406700
v1_scalar_F5F_Q2X_C2R_P2,100616700
v1_scalar_F5F_Q2X_C2R_P2,102057000
v1_scalar_F5F_Q2X_C2R_P2,101350400
v1_scalar_F5F_Q2X_C2R_P2,105223600
v1_scalar_F5F_Q2X_C2X_P2,65856100
v1_scalar_F5F_Q2X_C2X_P2,68558300
v1_scalar_F5F_Q2X_C2X_P2,66796600
v1_scalar_F5F_Q2X_C2X_P2,66325400
v1_scalar_F5F_Q2X_C2X_P2,66776200
v1_scalar_F5F_Q2X_C2X_P2,66598100
v1_scalar_F5F_Q2X_C2X_P2,65564100
v1_scalar_F5F_Q2X_C2X_P2,65556400
v1_scalar_F5F_Q2X_C2X_P2,68732800
v1_scalar_F5F_Q2X_C2X_P2,66624300
v1_scalar_F5F_Q2X_C2X_P2,65786500
v1_scalar_F5F_Q2X_C2X_P2,65578400
v1_scalar_F5F_Q2X_C2X_P2,65961200
v1_scalar_F5F_Q2X_C2X_P2,66329700
v1_scalar_F5F_Q2X_C2X_P2,66042200
v1_scalar_F5F_Q2X_C2X_P2,67505500
v1_scalar_F5F_Q2X_C2X_P2,68346800
v1_scalar_F5F_Q2X_C2X_P2,66091700
v1_scalar_F5F_Q2X_C2X_P2,66840200
v1_scalar_F5F_Q2X_C2X_P2,66846400
v1_scalar_F5F_Q2X_C2X_P2,66812700
v1_scalar_F5F_Q2X_C2X_P2,66899900
v1_scalar_F5F_Q2X_C2X_P2,65595700
v1_scalar_F5F_Q2X_C2X_P2,66631500
v1_scalar_F5F_Q2X_C2X_P2,66395200
v1_scalar_F5F_Q2X_C2X_P2,65932400
v1_scalar_F5F_Q2X_C2X_P2,66767600
v1_scalar_F5F_Q2X_C2X_P2,66305600
v1_scalar_F5F_Q2X_C2X_P2,66043500
v1_scalar_F5F_Q2X_C2X_P2,66102200
v1_scalar_F5F_Q2X_C2X_P2,66969000
v1_scalar_F5F_Q2X_C3_P2,58096400
v1_scalar_F5F_Q2X_C3_P2,58911100
v1_scalar_F5F_Q2X_C3_P2,61335600
v1_scalar_F5F_Q2X_C3_P2,59275200
v1_scalar_F5F_Q2X_C3_P2,58914100
v1_scalar_F5F_Q2X_C3_P2,58552300
v1_scalar_F5F_Q2X_C3_P2,58550600
v1_scalar_F5F_Q2X_C3_P2,59098200
v1_scalar_F5F_Q2X_C3_P2,57512100
v1_scalar_F5F_Q2X_C3_P2,57391300
v1_scalar_F5F_Q2X_C3_P2,57154500
v1_scalar_F5F_Q2X_C3_P2,58425600
v1_scalar_F5F_Q2X_C3_P2,59489700
v1_scalar_F5F_Q2X_C3_P2,58433600
v1_scalar_F5F_Q2X_C3_P2,59142300
v1_scalar_F5F_Q2X_C3_P2,57674000
v1_scalar_F5F_Q2X_C3_P2,57482800
v1_scalar_F5F_Q2X_C3_P2,57703800
v1_scalar_F5F_Q2X_C3_P2,57188800
v1_scalar_F5F_Q2X_C3_P2,57392700
v1_scalar_F5F_Q2X_C3_P2,58371800
v1_scalar_F5F_Q2X_C3_P2,57629200
v1_scalar_F5F_Q2X_C3_P2,57837100
v1_scalar_F5F_Q2X_C3_P2,58576900
v1_scalar_F5F_Q2X_C3_P2,59078600
v1_scalar_F5F_Q2X_C3_P2,58603300
v1_scalar_F5F_Q2X_C3_P2,58332300
v1_scalar_F5F_Q2X_C3_P2,60299500
v1_scalar_F5F_Q2X_C3_P2,59511100
v1_scalar_F5F_Q2X_C3_P2,57611500
v1_scalar_F5F_Q2X_C3_P2,58452300
v1_scalar_F5F_Q2X_C3_P2,57885000
v1_scalar_F5F_Q2X_C3_P2,58371000
v1_scalar_F5F_Q2X_C3_P2,58753900
v1_scalar_F5F_Q2X_C3_P2,58016400
v1_scalar_F5F_Q2X_C4F_P2,58714700
v1_scalar_F5F_Q2X_C4F_P2,59466400
v1_scalar_F5F_Q2X_C4F_P2,59091500
v1_scalar_F5F_Q2X_C4F_P2,57628400
v1_scalar_F5F_Q2X_C4F_P2,58698400
v1_scalar_F5F_Q2X_C4F_P2,58959800
v1_scalar_F5F_Q2X_C4F_P2,59622800
v1_scalar_F5F_Q2X_C4F_P2,58820600
v1_scalar_F5F_Q2X_C4F_P2,57716900
v1_scalar_F5F_Q2X_C4F_P2,58677800
v1_scalar_F5F_Q2X_C4F_P2,58621400
v1_scalar_F5F_Q2X_C4F_P2,58520800
v1_scalar_F5F_Q2X_C4F_P2,59263100
v1_scalar_F5F_Q2X_C4F_P2,58300300
v1_scalar_F5F_Q2X_C4F_P2,59462500
v1_scalar_F5F_Q2X_C4F_P2,58691500
v1_scalar_F5F_Q2X_C4F_P2,59560300
v1_scalar_F5F_Q2X_C4F_P2,57723200
v1_scalar_F5F_Q2X_C4F_P2,57893700
v1_scalar_F5F_Q2X_C4F_P2,57814700
v1_scalar_F5F_Q2X_C4F_P2,58963600
v1_scalar_F5F_Q2X_C4F_P2,59213000
v1_scalar_F5F_Q2X_C4F_P2,59237300
v1_scalar_F5F_Q2X_C4F_P2,57512500
v1_scalar_F5F_Q2X_C4F_P2,60005000
v1_scalar_F5F_Q2X_C4F_P2,57949200
v1_scalar_F5F_Q2X_C4F_P2,57401800
v1_scalar_F5F_Q2X_C4F_P2,59050900
v1_scalar_F5F_Q2X_C4F_P2,58147800
v1_scalar_F5F_Q2X_C4F_P2,59208300
v1_scalar_F5F_Q2X_C4F_P2,57621500
v1_scalar_F5F_Q2X_C4F_P2,57592500
v1_scalar_F5F_Q2X_C4F_P2,59462100
v1_scalar_F5F_Q2X_C4F_P2,57598600
v1_scalar_F5F_Q2X_C4F_P2,59545100
v1_scalar_F5F_Q2X_C4M_P2,60745900
v1_scalar_F5F_Q2X_C4M_P2,61516300
v1_scalar_F5F_Q2X_C4M_P2,61028500
v1_scalar_F5F_Q2X_C4M_P2,60872400
v1_scalar_F5F_Q2X_C4M_P2,60649200
v1_scalar_F5F_Q2X_C4M_P2,61882900
v1_scalar_F5F_Q2X_C4M_P2,61054400
v1_scalar_F5F_Q2X_C4M_P2,60464700
v1_scalar_F5F_Q2X_C4M_P2,61898300
v1_scalar_F5F_Q2X_C4M_P2,61562100
v1_scalar_F5F_Q2X_C4M_P2,60650000
v1_scalar_F5F_Q2X_C4M_P2,60868100
v1_scalar_F5F_Q2X_C4M_P2,60795300
v1_scalar_F5F_Q2X_C4M_P2,61706200
v1_scalar_F5F_Q2X_C4M_P2,60142600
v1_scalar_F5F_Q2X_C4M_P2,59815400
v1_scalar_F5F_Q2X_C4M_P2,60367000
v1_scalar_F5F_Q2X_C4M_P2,62088300
v1_scalar_F5F_Q2X_C4M_P2,60982200
v1_scalar_F5F_Q2X_C4M_P2,61994200
v1_scalar_F5F_Q2X_C4M_P2,61530500
v1_scalar_F5F_Q2X_C4M_P2,61623500
v1_scalar_F5F_Q2X_C4M_P2,61183100
v1_scalar_F5F_Q2X_C4M_P2,60990500
v1_scalar_F5F_Q2X_C4M_P2,61970100
v1_scalar_F5F_Q2X_C4M_P2,60529100
v1_scalar_F5F_Q2X_C4M_P2,61407800
v1_scalar_F5F_Q2X_C4M_P2,60384300
v1_scalar_F5F_Q2X_C4M_P2,60723000
v1_scalar_F5F_Q2X_C4M_P2,61098700
v1_scalar_F5F_Q2X_C4M_P2,60501300
v1_scalar_F5F_Q2X_C4M_P2,61127900
v1_scalar_F5F_Q2X_C4M_P2,60791100
v1_scalar_F5F_Q3M_C1R_P2,17569100
v1_scalar_F5F_Q3M_C1R_P2,17409000
v1_scalar_F5F_Q3M_C1R_P2,17723300
v1_scalar_F5F_Q3M_C1R_P2,17456000
v1_scalar_F5F_Q3M_C1R_P2,17634900
v1_scalar_F5F_Q3M_C1R_P2,17948400
v1_scalar_F5F_Q3M_C1R_P2,17416000
v1_scalar_F5F_Q3M_C1R_P2,17841300
v1_scalar_F5F_Q3M_C1R_P2,17507300
v1_scalar_F5F_Q3M_C1R_P2,17305300
v1_scalar_F5F_Q3M_C1R_P2,17187600
v1_scalar_F5F_Q3M_C1R_P2,18715800
v1_scalar_F5F_Q3M_C1R_P2,17240900
v1_scalar_F5F_Q3M_C1R_P2,17170700
v1_scalar_F5F_Q3M_C1R_P2,17527700
v1_scalar_F5F_Q3M_C1R_P2,18595200
v1_scalar_F5F_Q3M_C1R_P2,17482800
v1_scalar_F5F_Q3M_C1R_P2,18369900
v1_scalar_F5F_Q3M_C1R_P2,17664100
v1_scalar_F5F_Q3M_C1R_P2,18067300
v1_scalar_F5F_Q3M_C1R_P2,25408100
v1_scalar_F5F_Q3M_C1R_P2,17577000
v1_scalar_F5F_Q3M_C1R_P2,24096300
v1_scalar_F5F_Q3M_C1R_P2,21513800
v1_scalar_F5F_Q3M_C1R_P2,18274400
v1_scalar_F5F_Q3M_C1R_P2,18129500
v1_scalar_F5F_Q3M_C1R_P2,17321500
v1_scalar_F5F_Q3M_C1R_P2,17612300
v1_scalar_F5F_Q3M_C1R_P2,17429000
v1_scalar_F5F_Q3M_C1R_P2,17933000
v1_scalar_F5F_Q3M_C1R_P2,18131400
v1_scalar_F5F_Q3M_C1R_P2,18025200
v1_scalar_F5F_Q3M_C1R_P2,17710200
v1_scalar_F5F_Q3M_C1R_P2,17989800
v1_scalar_F5F_Q3M_C1R_P2,21100300
v1_scalar_F5F_Q3M_C1R_P2,17735000
v1_scalar_F5F_Q3M_C1R_P2,17508200
v1_scalar_F5F_Q3M_C1R_P2,17276500
v1_scalar_F5F_Q3M_C1R_P2,18154600
v1_scalar_F5F_Q3M_C1R_P2,17572900
v1_scalar_F5F_Q3M_C1R_P2,17675300
v1_scalar_F5F_Q3M_C1R_P2,17787700
v1_scalar_F5F_Q3M_C1R_P2,17492600
v1_scalar_F5F_Q3M_C1R_P2,18896600
v1_scalar_F5F_Q3M_C1R_P2,17586900
v1_scalar_F5F_Q3M_C1R_P2,17807400
v1_scalar_F5F_Q3M_C1R_P2,17809500
v1_scalar_F5F_Q3M_C1R_P2,17385000
v1_scalar_F5F_Q3M_C1R_P2,17529000
v1_scalar_F5F_Q3M_C1R_P2,17890200
v1_scalar_F5F_Q3M_C1R_P2,17530500
v1_scalar_F5F_Q3M_C1R_P2,17264900
v1_scalar_F5F_Q3M_C1R_P2,17403400
v1_scalar_F5F_Q3M_C1R_P2,17235100
v1_scalar_F5F_Q3M_C1R_P2,18599200
v1_scalar_F5F_Q3M_C1R_P2,17230100
v1_scalar_F5F_Q3M_C1R_P2,17659100
v1_scalar_F5F_Q3M_C1R_P2,17344300
v1_scalar_F5F_Q3M_C1R_P2,17311600
v1_scalar_F5F_Q3M_C1R_P2,17911100
v1_scalar_F5F_Q3M_C1R_P2,18671500
v1_scalar_F5F_Q3M_C1R_P2,17476200
v1_scalar_F5F_Q3M_C1R_P2,17634300
v1_scalar_F5F_Q3M_C1R_P2,17607400
v1_scalar_F5F_Q3M_C1R_P2,18323800
v1_scalar_F5F_Q3M_C1R_P2,17458000
v1_scalar_F5F_Q3M_C1R_P2,17694300
v1_scalar_F5F_Q3M_C1R_P2,17318800
v1_scalar_F5F_Q3M_C1R_P2,17508700
v1_scalar_F5F_Q3M_C1R_P2,17391800
v1_scalar_F5F_Q3M_C1R_P2,18089100
v1_scalar_F5F_Q3M_C1R_P2,18778200
v1_scalar_F5F_Q3M_C1R_P2,17464000
v1_scalar_F5F_Q3M_C1R_P2,18819100
v1_scalar_F5F_Q3M_C1R_P2,17576200
v1_scalar_F5F_Q3M_C1R_P2,17615800
v1_scalar_F5F_Q3M_C1R_P2,17389000
v1_scalar_F5F_Q3M_C1R_P2,17329100
v1_scalar_F5F_Q3M_C1R_P2,17352600
v1_scalar_F5F_Q3M_C1R_P2,17270100
v1_scalar_F5F_Q3M_C1R_P2,17400700
v1_scalar_F5F_Q3M_C1R_P2,17550800
v1_scalar_F5F_Q3M_C1R_P2,17410500
v1_scalar_F5F_Q3M_C1R_P2,17366900
v1_scalar_F5F_Q3M_C1R_P2,17273600
v1_scalar_F5F_Q3M_C1R_P2,17308900
v1_scalar_F5F_Q3M_C1R_P2,17990800
v1_scalar_F5F_Q3M_C1R_P2,18258700
v1_scalar_F5F_Q3M_C1R_P2,22114300
v1_scalar_F5F_Q3M_C1R_P2,17559300
v1_scalar_F5F_Q3M_C1R_P2,18720100
v1_scalar_F5F_Q3M_C1R_P2,17622700
v1_scalar_F5F_Q3M_C1R_P2,17713100
v1_scalar_F5F_Q3M_C1R_P2,18979300
v1_scalar_F5F_Q3M_C1R_P2,17519400
v1_scalar_F5F_Q3M_C1R_P2,17705200
v1_scalar_F5F_Q3M_C1R_P2,17726000
v1_scalar_F5F_Q3M_C1R_P2,17731800
v1_scalar_F5F_Q3M_C1R_P2,17709200
v1_scalar_F5F_Q3M_C1R_P2,17698900
v1_scalar_F5F_Q3M_C1R_P2,17692400
v1_scalar_F5F_Q3M_C1R_P2,17598700
v1_scalar_F5F_Q3M_C1R_P2,17506600
v1_scalar_F5F_Q3M_C1R_P2,17385900
v1_scalar_F5F_Q3M_C1R_P2,17622200
v1_scalar_F5F_Q3M_C1R_P2,17423400
v1_scalar_F5F_Q3M_C1R_P2,18616700
v1_scalar_F5F_Q3M_C1R_P2,17459100
v1_scalar_F5F_Q3M_C1R_P2,17585600
v1_scalar_F5F_Q3M_C1R_P2,17379900
v1_scalar_F5F_Q3M_C1R_P2,17533400
v1_scalar_F5F_Q3M_C1R_P2,17373600
v1_scalar_F5F_Q3M_C1X_P2,8581300
v1_scalar_F5F_Q3M_C1X_P2,8900100
v1_scalar_F5F_Q3M_C1X_P2,8289500
v1_scalar_F5F_Q3M_C1X_P2,8423500
v1_scalar_F5F_Q3M_C1X_P2,8368500
v1_scalar_F5F_Q3M_C1X_P2,8458600
v1_scalar_F5F_Q3M_C1X_P2,8625500
v1_scalar_F5F_Q3M_C1X_P2,8636200
v1_scalar_F5F_Q3M_C1X_P2,8467400
v1_scalar_F5F_Q3M_C1X_P2,8918900
v1_scalar_F5F_Q3M_C1X_P2,8447900
v1_scalar_F5F_Q3M_C1X_P2,8531300
v1_scalar_F5F_Q3M_C1X_P2,8363600
v1_scalar_F5F_Q3M_C1X_P2,8469900
v1_scalar_F5F_Q3M_C1X_P2,8451800
v1_scalar_F5F_Q3M_C1X_P2,8642900
v1_scalar_F5F_Q3M_C1X_P2,8515700
v1_scalar_F5F_Q3M_C1X_P2,8482000
v1_scalar_F5F_Q3M_C1X_P2,8345500
v1_scalar_F5F_Q3M_C1X_P2,8545100
v1_scalar_F5F_Q3M_C1X_P2,8533300
v1_scalar_F5F_Q3M_C1X_P2,8766800
v1_scalar_F5F_Q3M_C1X_P2,8448800
v1_scalar_F5F_Q3M_C1X_P2,8474800
v1_scalar_F5F_Q3M_C1X_P2,8451300
v1_scalar_F5F_Q3M_C1X_P2,8342600
v1_scalar_F5F_Q3M_C1X_P2,8499400
v1_scalar_F5F_Q3M_C1X_P2,8502000
v1_scalar_F5F_Q3M_C1X_P2,8573000
v1_scalar_F5F_Q3M_C1X_P2,8407500
v1_scalar_F5F_Q3M_C1X_P2,8570400
v1_scalar_F5F_Q3M_C1X_P2,8411200
v1_scalar_F5F_Q3M_C1X_P2,8592100
v1_scalar_F5F_Q3M_C1X_P2,8486600
v1_scalar_F5F_Q3M_C1X_P2,8429500
v1_scalar_F5F_Q3M_C1X_P2,8454800
v1_scalar_F5F_Q3M_C1X_P2,8403300
v1_scalar_F5F_Q3M_C1X_P2,8458600
v1_scalar_F5F_Q3M_C1X_P2,8373200
v1_scalar_F5F_Q3M_C1X_P2,8825200
v1_scalar_F5F_Q3M_C1X_P2,8568900
v1_scalar_F5F_Q3M_C1X_P2,8615800
v1_scalar_F5F_Q3M_C1X_P2,8538900
v1_scalar_F5F_Q3M_C1X_P2,8458100
v1_scalar_F5F_Q3M_C1X_P2,8435400
v1_scalar_F5F_Q3M_C1X_P2,8463900
v1_scalar_F5F_Q3M_C1X_P2,8477800
v1_scalar_F5F_Q3M_C1X_P2,8480900
v1_scalar_F5F_Q3M_C1X_P2,8325900
v1_scalar_F5F_Q3M_C1X_P2,8473000
v1_scalar_F5F_Q3M_C1X_P2,8327100
v1_scalar_F5F_Q3M_C1X_P2,8315000
v1_scalar_F5F_Q3M_C1X_P2,8905800
v1_scalar_F5F_Q3M_C1X_P2,8402900
v1_scalar_F5F_Q3M_C1X_P2,8298400
v1_scalar_F5F_Q3M_C1X_P2,8466400
v1_scalar_F5F_Q3M_C1X_P2,8463100
v1_scalar_F5F_Q3M_C1X_P2,8344800
v1_scalar_F5F_Q3M_C1X_P2,8255700
v1_scalar_F5F_Q3M_C1X_P2,8880000
v1_scalar_F5F_Q3M_C1X_P2,8398000
v1_scalar_F5F_Q3M_C1X_P2,8445700
v1_scalar_F5F_Q3M_C1X_P2,8388500
v1_scalar_F5F_Q3M_C1X_P2,8387700
v1_scalar_F5F_Q3M_C1X_P2,8562500
v1_scalar_F5F_Q3M_C1X_P2,8367800
v1_scalar_F5F_Q3M_C1X_P2,8250000
v1_scalar_F5F_Q3M_C1X_P2,8429000
v1_scalar_F5F_Q3M_C1X_P2,8372100
v1_scalar_F5F_Q3M_C1X_P2,8406100
v1_scalar_F5F_Q3M_C1X_P2,8423800
v1_scalar_F5F_Q3M_C1X_P2,8343700
v1_scalar_F5F_Q3M_C1X_P2,8551800
v1_scalar_F5F_Q3M_C1X_P2,8452100
v1_scalar_F5F_Q3M_C1X_P2,8405600
v1_scalar_F5F_Q3M_C1X_P2,8520600
v1_scalar_F5F_Q3M_C1X_P2,8424000
v1_scalar_F5F_Q3M_C1X_P2,8498700
v1_scalar_F5F_Q3M_C1X_P2,8357500
v1_scalar_F5F_Q3M_C1X_P2,8484300
v1_scalar_F5F_Q3M_C1X_P2,8435000
v1_scalar_F5F_Q3M_C1X_P2,8669100
v1_scalar_F5F_Q3M_C1X_P2,8412400
v1_scalar_F5F_Q3M_C1X_P2,8366000
v1_scalar_F5F_Q3M_C1X_P2,8559500
v1_scalar_F5F_Q3M_C1X_P2,8312500
v1_scalar_F5F_Q3M_C1X_P2,8370600
v1_scalar_F5F_Q3M_C1X_P2,8358700
v1_scalar_F5F_Q3M_C1X_P2,8952900
v1_scalar_F5F_Q3M_C1X_P2,8455700
v1_scalar_F5F_Q3M_C1X_P2,8336900
v1_scalar_F5F_Q3M_C1X_P2,8412700
v1_scalar_F5F_Q3M_C1X_P2,8392800
v1_scalar_F5F_Q3M_C1X_P2,8388800
v1_scalar_F5F_Q3M_C1X_P2,8327900
v1_scalar_F5F_Q3M_C1X_P2,8398200
v1_scalar_F5F_Q3M_C1X_P2,8279700
v1_scalar_F5F_Q3M_C1X_P2,8468800
v1_scalar_F5F_Q3M_C1X_P2,8248500
v1_scalar_F5F_Q3M_C1X_P2,8883800
v1_scalar_F5F_Q3M_C1X_P2,8381100
v1_scalar_F5F_Q3M_C1X_P2,8491900
v1_scalar_F5F_Q3M_C1X_P2,8298000
v1_scalar_F5F_Q3M_C1X_P2,8281100
v1_scalar_F5F_Q3M_C1X_P2,8296700
v1_scalar_F5F_Q3M_C1X_P2,8272200
v1_scalar_F5F_Q3M_C1X_P2,8294200
v1_scalar_F5F_Q3M_C1X_P2,8242200
v1_scalar_F5F_Q3M_C1X_P2,8315100
v1_scalar_F5F_Q3M_C1X_P2,8190600
v1_scalar_F5F_Q3M_C1X_P2,8458300
v1_scalar_F5F_Q3M_C1X_P2,8294500
v1_scalar_F5F_Q3M_C1X_P2,9091900
v1_scalar_F5F_Q3M_C1X_P2,8366700
v1_scalar_F5F_Q3M_C1X_P2,8217400
v1_scalar_F5F_Q3M_C1X_P2,8914800
v1_scalar_F5F_Q3M_C1X_P2,8451700
v1_scalar_F5F_Q3M_C1X_P2,8991800
v1_scalar_F5F_Q3M_C1X_P2,8682000
v1_scalar_F5F_Q3M_C1X_P2,8427500
v1_scalar_F5F_Q3M_C1X_P2,8408700
v1_scalar_F5F_Q3M_C1X_P2,8549500
v1_scalar_F5F_Q3M_C1X_P2,8524100
v1_scalar_F5F_Q3M_C1X_P2,8411500
v1_scalar_F5F_Q3M_C1X_P2,8424900
v1_scalar_F5F_Q3M_C1X_P2,8322800
v1_scalar_F5F_Q3M_C1X_P2,8563400
v1_scalar_F5F_Q3M_C1X_P2,8434800
v1_scalar_F5F_Q3M_C1X_P2,8475000
v1_scalar_F5F_Q3M_C1X_P2,8385200
v1_scalar_F5F_Q3M_C1X_P2,8561300
v1_scalar_F5F_Q3M_C1X_P2,8628700
v1_scalar_F5F_Q3M_C1X_P2,9257300
v1_scalar_F5F_Q3M_C1X_P2,8588000
v1_scalar_F5F_Q3M_C1X_P2,8804700
v1_scalar_F5F_Q3M_C1X_P2,8902700
v1_scalar_F5F_Q3M_C1X_P2,8457000
v1_scalar_F5F_Q3M_C1X_P2,9073900
v1_scalar_F5F_Q3M_C1X_P2,9163200
v1_scalar_F5F_Q3M_C1X_P2,8595500
v1_scalar_F5F_Q3M_C1X_P2,9036200
v1_scalar_F5F_Q3M_C1X_P2,8505600
v1_scalar_F5F_Q3M_C1X_P2,8951400
v1_scalar_F5F_Q3M_C1X_P2,8415800
v1_scalar_F5F_Q3M_C1X_P2,8492000
v1_scalar_F5F_Q3M_C1X_P2,8349000
v1_scalar_F5F_Q3M_C1X_P2,8309200
v1_scalar_F5F_Q3M_C1X_P2,8432900
v1_scalar_F5F_Q3M_C1X_P2,8394500
v1_scalar_F5F_Q3M_C1X_P2,8577300
v1_scalar_F5F_Q3M_C1X_P2,8389200
v1_scalar_F5F_Q3M_C1X_P2,8350100
v1_scalar_F5F_Q3M_C1X_P2,8286700
v1_scalar_F5F_Q3M_C1X_P2,8400100
v1_scalar_F5F_Q3M_C1X_P2,8334800
v1_scalar_F5F_Q3M_C1X_P2,8451000
v1_scalar_F5F_Q3M_C1X_P2,8292700
v1_scalar_F5F_Q3M_C1X_P2,8825000
v1_scalar_F5F_Q3M_C1X_P2,8513800
v1_scalar_F5F_Q3M_C1X_P2,8433400
v1_scalar_F5F_Q3M_C1X_P2,8541900
v1_scalar_F5F_Q3M_C1X_P2,8403500
v1_scalar_F5F_Q3M_C1X_P2,8310800
v1_scalar_F5F_Q3M_C1X_P2,8323600
v1_scalar_F5F_Q3M_C1X_P2,8291200
v1_scalar_F5F_Q3M_C1X_P2,8503900
v1_scalar_F5F_Q3M_C1X_P2,8277000
v1_scalar_F5F_Q3M_C1X_P2,8356300
v1_scalar_F5F_Q3M_C1X_P2,8466300
v1_scalar_F5F_Q3M_C1X_P2,8462100
v1_scalar_F5F_Q3M_C1X_P2,8485900
v1_scalar_F5F_Q3M_C1X_P2,8368000
v1_scalar_F5F_Q3M_C1X_P2,8353400
v1_scalar_F5F_Q3M_C1X_P2,8334200
v1_scalar_F5F_Q3M_C1X_P2,8300500
v1_scalar_F5F_Q3M_C1X_P2,8391200
v1_scalar_F5F_Q3M_C1X_P2,8281900
v1_scalar_F5F_Q3M_C1X_P2,8245600
v1_scalar_F5F_Q3M_C1X_P2,8207600
v1_scalar_F5F_Q3M_C1X_P2,8316600
v1_scalar_F5F_Q3M_C1X_P2,8523900
v1_scalar_F5F_Q3M_C1X_P2,8244600
v1_scalar_F5F_Q3M_C1X_P2,8303100
v1_scalar_F5F_Q3M_C1X_P2,8250500
v1_scalar_F5F_Q3M_C1X_P2,8497200
v1_scalar_F5F_Q3M_C1X_P2,8265300
v1_scalar_F5F_Q3M_C1X_P2,8198900
v1_scalar_F5F_Q3M_C1X_P2,8268800
v1_scalar_F5F_Q3M_C1X_P2,8338100
v1_scalar_F5F_Q3M_C1X_P2,8354600
v1_scalar_F5F_Q3M_C1X_P2,8893800
v1_scalar_F5F_Q3M_C1X_P2,8780500
v1_scalar_F5F_Q3M_C1X_P2,8407400
v1_scalar_F5F_Q3M_C1X_P2,8308900
v1_scalar_F5F_Q3M_C1X_P2,8242800
v1_scalar_F5F_Q3M_C1X_P2,9137400
v1_scalar_F5F_Q3M_C1X_P2,8238300
v1_scalar_F5F_Q3M_C1X_P2,8587200
v1_scalar_F5F_Q3M_C1X_P2,8317100
v1_scalar_F5F_Q3M_C1X_P2,8258400
v1_scalar_F5F_Q3M_C1X_P2,8521100
v1_scalar_F5F_Q3M_C1X_P2,8395800
v1_scalar_F5F_Q3M_C1X_P2,9041500
v1_scalar_F5F_Q3M_C1X_P2,8397200
v1_scalar_F5F_Q3M_C1X_P2,9315200
v1_scalar_F5F_Q3M_C1X_P2,8751800
v1_scalar_F5F_Q3M_C1X_P2,8487800
v1_scalar_F5F_Q3M_C1X_P2,8314900
v1_scalar_F5F_Q3M_C1X_P2,9032200
v1_scalar_F5F_Q3M_C1X_P2,8484500
v1_scalar_F5F_Q3M_C1X_P2,8935400
v1_scalar_F5F_Q3M_C1X_P2,8798200
v1_scalar_F5F_Q3M_C1X_P2,8336200
v1_scalar_F5F_Q3M_C1X_P2,8331100
v1_scalar_F5F_Q3M_C1X_P2,8368300
v1_scalar_F5F_Q3M_C1X_P2,8747500
v1_scalar_F5F_Q3M_C1X_P2,8973100
v1_scalar_F5F_Q3M_C1X_P2,8300800
v1_scalar_F5F_Q3M_C1X_P2,8642500
v1_scalar_F5F_Q3M_C1X_P2,8727800
v1_scalar_F5F_Q3M_C1X_P2,8616800
v1_scalar_F5F_Q3M_C1X_P2,8426200
v1_scalar_F5F_Q3M_C1X_P2,8353500
v1_scalar_F5F_Q3M_C1X_P2,8351400
v1_scalar_F5F_Q3M_C1X_P2,8360000
v1_scalar_F5F_Q3M_C1X_P2,8350600
v1_scalar_F5F_Q3M_C1X_P2,8327900
v1_scalar_F5F_Q3M_C1X_P2,8301200
v1_scalar_F5F_Q3M_C1X_P2,8330800
v1_scalar_F5F_Q3M_C1X_P2,8604800
v1_scalar_F5F_Q3M_C1X_P2,8957500
v1_scalar_F5F_Q3M_C1X_P2,8794100
v1_scalar_F5F_Q3M_C1X_P2,8741200
v1_scalar_F5F_Q3M_C1X_P2,9147600
v1_scalar_F5F_Q3M_C2R_P2,14322100
v1_scalar_F5F_Q3M_C2R_P2,13836800
v1_scalar_F5F_Q3M_C2R_P2,13864000
v1_scalar_F5F_Q3M_C2R_P2,14602500
v1_scalar_F5F_Q3M_C2R_P2,13977400
v1_scalar_F5F_Q3M_C2R_P2,14862400
v1_scalar_F5F_Q3M_C2R_P2,13800700
v1_scalar_F5F_Q3M_C2R_P2,14544600
v1_scalar_F5F_Q3M_C2R_P2,14248800
v1_scalar_F5F_Q3M_C2R_P2,13648300
v1_scalar_F5F_Q3M_C2R_P2,14044500
v1_scalar_F5F_Q3M_C2R_P2,15296100
v1_scalar_F5F_Q3M_C2R_P2,14508200
v1_scalar_F5F_Q3M_C2R_P2,14414100
v1_scalar_F5F_Q3M_C2R_P2,13854500
v1_scalar_F5F_Q3M_C2R_P2,13929700
v1_scalar_F5F_Q3M_C2R_P2,14441100
v1_scalar_F5F_Q3M_C2R_P2,14534600
v1_scalar_F5F_Q3M_C2R_P2,14126500
v1_scalar_F5F_Q3M_C2R_P2,14708100
v1_scalar_F5F_Q3M_C2R_P2,13997300
v1_scalar_F5F_Q3M_C2R_P2,14540100
v1_scalar_F5F_Q3M_C2R_P2,14038000
v1_scalar_F5F_Q3M_C2R_P2,14222100
v1_scalar_F5F_Q3M_C2R_P2,14198100
v1_scalar_F5F_Q3M_C2R_P2,13932400
v1_scalar_F5F_Q3M_C2R_P2,13962000
v1_scalar_F5F_Q3M_C2R_P2,14239800
v1_scalar_F5F_Q3M_C2R_P2,14064300
v1_scalar_F5F_Q3M_C2R_P2,14062700
v1_scalar_F5F_Q3M_C2R_P2,13905100
v1_scalar_F5F_Q3M_C2R_P2,14128100
v1_scalar_F5F_Q3M_C2R_P2,14273100
v1_scalar_F5F_Q3M_C2R_P2,13991500
v1_scalar_F5F_Q3M_C2R_P2,13825600
v1_scalar_F5F_Q3M_C2R_P2,14960700
v1_scalar_F5F_Q3M_C2R_P2,14144600
v1_scalar_F5F_Q3M_C2R_P2,15022400
v1_scalar_F5F_Q3M_C2R_P2,13938200
v1_scalar_F5F_Q3M_C2R_P2,14888700
v1_scalar_F5F_Q3M_C2R_P2,13899700
v1_scalar_F5F_Q3M_C2R_P2,14090000
v1_scalar_F5F_Q3M_C2R_P2,14064600
v1_scalar_F5F_Q3M_C2R_P2,14121200
v1_scalar_F5F_Q3M_C2R_P2,14292200
v1_scalar_F5F_Q3M_C2R_P2,13871400
v1_scalar_F5F_Q3M_C2R_P2,14658000
v1_scalar_F5F_Q3M_C2R_P2,13858900
v1_scalar_F5F_Q3M_C2R_P2,14142900
v1_scalar_F5F_Q3M_C2R_P2,13984200
v1_scalar_F5F_Q3M_C2R_P2,13824500
v1_scalar_F5F_Q3M_C2R_P2,13874300
v1_scalar_F5F_Q3M_C2R_P2,13856600
v1_scalar_F5F_Q3M_C2R_P2,13734400
v1_scalar_F5F_Q3M_C2R_P2,13819800
v1_scalar_F5F_Q3M_C2R_P2,13881200
v1_scalar_F5F_Q3M_C2R_P2,14594900
v1_scalar_F5F_Q3M_C2R_P2,14142900
v1_scalar_F5F_Q3M_C2R_P2,13996800
v1_scalar_F5F_Q3M_C2R_P2,14210500
v1_scalar_F5F_Q3M_C2R_P2,13730700
v1_scalar_F5F_Q3M_C2R_P2,14054600
v1_scalar_F5F_Q3M_C2R_P2,14224500
v1_scalar_F5F_Q3M_C2R_P2,14067400
v1_scalar_F5F_Q3M_C2R_P2,14255000
v1_scalar_F5F_Q3M_C2R_P2,14551000
v1_scalar_F5F_Q3M_C2R_P2,14537800
v1_scalar_F5F_Q3M_C2R_P2,13878000
v1_scalar_F5F_Q3M_C2R_P2,14434400
v1_scalar_F5F_Q3M_C2R_P2,14555400
v1_scalar_F5F_Q3M_C2R_P2,14107500
v1_scalar_F5F_Q3M_C2R_P2,13936300
v1_scalar_F5F_Q3M_C2R_P2,14011800
v1_scalar_F5F_Q3M_C2R_P2,14174600
v1_scalar_F5F_Q3M_C2R_P2,14199900
v1_scalar_F5F_Q3M_C2R_P2,13912300
v1_scalar_F5F_Q3M_C2R_P2,14160200
v1_scalar_F5F_Q3M_C2R_P2,14252700
v1_scalar_F5F_Q3M_C2R_P2,13718500
v1_scalar_F5F_Q3M_C2R_P2,13794600
v1_scalar_F5F_Q3M_C2R_P2,14204400
v1_scalar_F5F_Q3M_C2R_P2,14961000
v1_scalar_F5F_Q3M_C2R_P2,13842700
v1_scalar_F5F_Q3M_C2R_P2,14748000
v1_scalar_F5F_Q3M_C2R_P2,14889100
v1_scalar_F5F_Q3M_C2R_P2,13982800
v1_scalar_F5F_Q3M_C2R_P2,14589600
v1_scalar_F5F_Q3M_C2R_P2,14547200
v1_scalar_F5F_Q3M_C2R_P2,14809800
v1_scalar_F5F_Q3M_C2R_P2,14069400
v1_scalar_F5F_Q3M_C2R_P2,14550800
v1_scalar_F5F_Q3M_C2R_P2,14265300
v1_scalar_F5F_Q3M_C2R_P2,14629700
v1_scalar_F5F_Q3M_C2R_P2,14531200
v1_scalar_F5F_Q3M_C2R_P2,14515800
v1_scalar_F5F_Q3M_C2R_P2,13923100
v1_scalar_F5F_Q3M_C2R_P2,13903800
v1_scalar_F5F_Q3M_C2R_P2,14521300
v1_scalar_F5F_Q3M_C2R_P2,14297900
v1_scalar_F5F_Q3M_C2R_P2,13930700
v1_scalar_F5F_Q3M_C2R_P2,14303100
v1_scalar_F5F_Q3M_C2R_P2,13960500
v1_scalar_F5F_Q3M_C2R_P2,14592400
v1_scalar_F5F_Q3M_C2R_P2,14106500
v1_scalar_F5F_Q3M_C2R_P2,14508100
v1_scalar_F5F_Q3M_C2R_P2,14381000
v1_scalar_F5F_Q3M_C2R_P2,13907700
v1_scalar_F5F_Q3M_C2R_P2,14328700
v1_scalar_F5F_Q3M_C2R_P2,14494500
v1_scalar_F5F_Q3M_C2R_P2,13915300
v1_scalar_F5F_Q3M_C2R_P2,14859000
v1_scalar_F5F_Q3M_C2R_P2,14245700
v1_scalar_F5F_Q3M_C2R_P2,14539000
v1_scalar_F5F_Q3M_C2R_P2,15441600
v1_scalar_F5F_Q3M_C2R_P2,14621600
v1_scalar_F5F_Q3M_C2R_P2,14198500
v1_scalar_F5F_Q3M_C2R_P2,13923500
v1_scalar_F5F_Q3M_C2R_P2,14164900
v1_scalar_F5F_Q3M_C2R_P2,13869200
v1_scalar_F5F_Q3M_C2R_P2,13781500
v1_scalar_F5F_Q3M_C2R_P2,13838400
v1_scalar_F5F_Q3M_C2R_P2,13955400
v1_scalar_F5F_Q3M_C2R_P2,14755100
v1_scalar_F5F_Q3M_C2R_P2,13723600
v1_scalar_F5F_Q3M_C2R_P2,14715500
v1_scalar_F5F_Q3M_C2R_P2,14769700
v1_scalar_F5F_Q3M_C2R_P2,14606000
v1_scalar_F5F_Q3M_C2R_P2,14608000
v1_scalar_F5F_Q3M_C2R_P2,14275100
v1_scalar_F5F_Q3M_C2R_P2,13920600
v1_scalar_F5F_Q3M_C2R_P2,13830800
v1_scalar_F5F_Q3M_C2R_P2,14960000
v1_scalar_F5F_Q3M_C2R_P2,14357400
v1_scalar_F5F_Q3M_C2R_P2,14216400
v1_scalar_F5F_Q3M_C2R_P2,13950700
v1_scalar_F5F_Q3M_C2R_P2,13823500
v1_scalar_F5F_Q3M_C2R_P2,13818900
v1_scalar_F5F_Q3M_C2R_P2,13710500
v1_scalar_F5F_Q3M_C2R_P2,14521600
v1_scalar_F5F_Q3M_C2X_P2,7982700
v1_scalar_F5F_Q3M_C2X_P2,7678800
v1_scalar_F5F_Q3M_C2X_P2,7451300
v1_scalar_F5F_Q3M_C2X_P2,7370400
v1_scalar_F5F_Q3M_C2X_P2,7424000
v1_scalar_F5F_Q3M_C2X_P2,7634100
v1_scalar_F5F_Q3M_C2X_P2,8365200
v1_scalar_F5F_Q3M_C2X_P2,7862000
v1_scalar_F5F_Q3M_C2X_P2,7401600
v1_scalar_F5F_Q3M_C2X_P2,7404500
v1_scalar_F5F_Q3M_C2X_P2,7293100
v1_scalar_F5F_Q3M_C2X_P2,7883600
v1_scalar_F5F_Q3M_C2X_P2,7303700
v1_scalar_F5F_Q3M_C2X_P2,7898500
v1_scalar_F5F_Q3M_C2X_P2,7228000
v1_scalar_F5F_Q3M_C2X_P2,7738300
v1_scalar_F5F_Q3M_C2X_P2,7359500
v1_scalar_F5F_Q3M_C2X_P2,7322000
v1_scalar_F5F_Q3M_C2X_P2,7249900
v1_scalar_F5F_Q3M_C2X_P2,7318900
v1_scalar_F5F_Q3M_C2X_P2,7819800
v1_scalar_F5F_Q3M_C2X_P2,7296300
v1_scalar_F5F_Q3M_C2X_P2,7345100
v1_scalar_F5F_Q3M_C2X_P2,7392200
v1_scalar_F5F_Q3M_C2X_P2,7282500
v1_scalar_F5F_Q3M_C2X_P2,7325200
v1_scalar_F5F_Q3M_C2X_P2,7269500
v1_scalar_F5F_Q3M_C2X_P2,7291200
v1_scalar_F5F_Q3M_C2X_P2,7645800
v1_scalar_F5F_Q3M_C2X_P2,7456200
v1_scalar_F5F_Q3M_C2X_P2,7576100
v1_scalar_F5F_Q3M_C2X_P2,7244000
v1_scalar_F5F_Q3M_C2X_P2,8025800
v1_scalar_F5F_Q3M_C2X_P2,7749100
v1_scalar_F5F_Q3M_C2X_P2,7912700
v1_scalar_F5F_Q3M_C2X_P2,7671800
v1_scalar_F5F_Q3M_C2X_P2,7439100
v1_scalar_F5F_Q3M_C2X_P2,7712600
v1_scalar_F5F_Q3M_C2X_P2,8723600
v1_scalar_F5F_Q3M_C2X_P2,7951200
v1_scalar_F5F_Q3M_C2X_P2,7653100
v1_scalar_F5F_Q3M_C2X_P2,7390800
v1_scalar_F5F_Q3M_C2X_P2,7306900
v1_scalar_F5F_Q3M_C2X_P2,7294700
v1_scalar_F5F_Q3M_C2X_P2,7615100
v1_scalar_F5F_Q3M_C2X_P2,7234200
v1_scalar_F5F_Q3M_C2X_P2,7917200
v1_scalar_F5F_Q3M_C2X_P2,8082500
v1_scalar_F5F_Q3M_C2X_P2,7435300
v1_scalar_F5F_Q3M_C2X_P2,7314900
v1_scalar_F5F_Q3M_C2X_P2,7272500
v1_scalar_F5F_Q3M_C2X_P2,7269300
v1_scalar_F5F_Q3M_C2X_P2,7799300
v1_scalar_F5F_Q3M_C2X_P2,7873900
v1_scalar_F5F_Q3M_C2X_P2,7282100
v1_scalar_F5F_Q3M_C2X_P2,7288200
v1_scalar_F5F_Q3M_C2X_P2,7642400
v1_scalar_F5F_Q3M_C2X_P2,7681800
v1_scalar_F5F_Q3M_C2X_P2,7499300
v1_scalar_F5F_Q3M_C2X_P2,7253600
v1_scalar_F5F_Q3M_C2X_P2,7336300
v1_scalar_F5F_Q3M_C2X_P2,7272300
v1_scalar_F5F_Q3M_C2X_P2,7281400
v1_scalar_F5F_Q3M_C2X_P2,7766200
v1_scalar_F5F_Q3M_C2X_P2,7733800
v1_scalar_F5F_Q3M_C2X_P2,7276100
v1_scalar_F5F_Q3M_C2X_P2,7241100
v1_scalar_F5F_Q3M_C2X_P2,7290300
v1_scalar_F5F_Q3M_C2X_P2,7310000
v1_scalar_F5F_Q3M_C2X_P2,7339500
v1_scalar_F5F_Q3M_C2X_P2,7292200
v1_scalar_F5F_Q3M_C2X_P2,7334600
v1_scalar_F5F_Q3M_C2X_P2,7567800
v1_scalar_F5F_Q3M_C2X_P2,7250800
v1_scalar_F5F_Q3M_C2X_P2,7251200
v1_scalar_F5F_Q3M_C2X_P2,7262000
v1_scalar_F5F_Q3M_C2X_P2,7332900
v1_scalar_F5F_Q3M_C2X_P2,7413300
v1_scalar_F5F_Q3M_C2X_P2,7870200
v1_scalar_F5F_Q3M_C2X_P2,7365400
v1_scalar_F5F_Q3M_C2X_P2,7675200
v1_scalar_F5F_Q3M_C2X_P2,7857000
v1_scalar_F5F_Q3M_C2X_P2,7625100
v1_scalar_F5F_Q3M_C2X_P2,7293100
v1_scalar_F5F_Q3M_C2X_P2,7498900
v1_scalar_F5F_Q3M_C2X_P2,7256800
v1_scalar_F5F_Q3M_C2X_P2,7252000
v1_scalar_F5F_Q3M_C2X_P2,7294300
v1_scalar_F5F_Q3M_C2X_P2,7215900
v1_scalar_F5F_Q3M_C2X_P2,7270800
v1_scalar_F5F_Q3M_C2X_P2,7610300
v1_scalar_F5F_Q3M_C2X_P2,7752600
v1_scalar_F5F_Q3M_C2X_P2,7746700
v1_scalar_F5F_Q3M_C2X_P2,7309600
v1_scalar_F5F_Q3M_C2X_P2,7687400
v1_scalar_F5F_Q3M_C2X_P2,7760700
v1_scalar_F5F_Q3M_C2X_P2,7689400
v1_scalar_F5F_Q3M_C2X_P2,7316400
v1_scalar_F5F_Q3M_C2X_P2,7259500
v1_scalar_F5F_Q3M_C2X_P2,7279600
v1_scalar_F5F_Q3M_C2X_P2,7323000
v1_scalar_F5F_Q3M_C2X_P2,7579400
v1_scalar_F5F_Q3M_C2X_P2,7605900
v1_scalar_F5F_Q3M_C2X_P2,7383600
v1_scalar_F5F_Q3M_C2X_P2,7860700
v1_scalar_F5F_Q3M_C2X_P2,7345200
v1_scalar_F5F_Q3M_C2X_P2,8144300
v1_scalar_F5F_Q3M_C2X_P2,7457400
v1_scalar_F5F_Q3M_C2X_P2,7310700
v1_scalar_F5F_Q3M_C2X_P2,7371100
v1_scalar_F5F_Q3M_C2X_P2,7648100
v1_scalar_F5F_Q3M_C2X_P2,7868200
v1_scalar_F5F_Q3M_C2X_P2,7872300
v1_scalar_F5F_Q3M_C2X_P2,7653600
v1_scalar_F5F_Q3M_C2X_P2,7672300
v1_scalar_F5F_Q3M_C2X_P2,7262800
v1_scalar_F5F_Q3M_C2X_P2,7443200
v1_scalar_F5F_Q3M_C2X_P2,7905400
v1_scalar_F5F_Q3M_C2X_P2,7348700
v1_scalar_F5F_Q3M_C2X_P2,7256200
v1_scalar_F5F_Q3M_C2X_P2,7247000
v1_scalar_F5F_Q3M_C2X_P2,7280700
v1_scalar_F5F_Q3M_C2X_P2,7255800
v1_scalar_F5F_Q3M_C2X_P2,7325700
v1_scalar_F5F_Q3M_C2X_P2,7258500
v1_scalar_F5F_Q3M_C2X_P2,7293400
v1_scalar_F5F_Q3M_C2X_P2,7222300
v1_scalar_F5F_Q3M_C2X_P2,7322000
v1_scalar_F5F_Q3M_C2X_P2,7244100
v1_scalar_F5F_Q3M_C2X_P2,8057700
v1_scalar_F5F_Q3M_C2X_P2,7636500
v1_scalar_F5F_Q3M_C2X_P2,7617900
v1_scalar_F5F_Q3M_C2X_P2,7247100
v1_scalar_F5F_Q3M_C2X_P2,7827300
v1_scalar_F5F_Q3M_C2X_P2,7302800
v1_scalar_F5F_Q3M_C2X_P2,7302000
v1_scalar_F5F_Q3M_C2X_P2,7604300
v1_scalar_F5F_Q3M_C2X_P2,8174800
v1_scalar_F5F_Q3M_C2X_P2,7349400
v1_scalar_F5F_Q3M_C2X_P2,7713100
v1_scalar_F5F_Q3M_C2X_P2,7567900
v1_scalar_F5F_Q3M_C2X_P2,7996200
v1_scalar_F5F_Q3M_C2X_P2,8016100
v1_scalar_F5F_Q3M_C2X_P2,8050100
v1_scalar_F5F_Q3M_C2X_P2,8040100
v1_scalar_F5F_Q3M_C2X_P2,7699200
v1_scalar_F5F_Q3M_C2X_P2,7340200
v1_scalar_F5F_Q3M_C2X_P2,8650200
v1_scalar_F5F_Q3M_C2X_P2,7447300
v1_scalar_F5F_Q3M_C2X_P2,8002100
v1_scalar_F5F_Q3M_C2X_P2,8360500
v1_scalar_F5F_Q3M_C2X_P2,7287000
v1_scalar_F5F_Q3M_C2X_P2,7249700
v1_scalar_F5F_Q3M_C2X_P2,7315300
v1_scalar_F5F_Q3M_C2X_P2,7319100
v1_scalar_F5F_Q3M_C2X_P2,7336700
v1_scalar_F5F_Q3M_C2X_P2,7278600
v1_scalar_F5F_Q3M_C2X_P2,7396500
v1_scalar_F5F_Q3M_C2X_P2,7328000
v1_scalar_F5F_Q3M_C2X_P2,7356900
v1_scalar_F5F_Q3M_C2X_P2,7253100
v1_scalar_F5F_Q3M_C2X_P2,7549400
v1_scalar_F5F_Q3M_C2X_P2,7887800
v1_scalar_F5F_Q3M_C2X_P2,8186100
v1_scalar_F5F_Q3M_C2X_P2,7791900
v1_scalar_F5F_Q3M_C2X_P2,8379900
v1_scalar_F5F_Q3M_C2X_P2,7807200
v1_scalar_F5F_Q3M_C2X_P2,8294900
v1_scalar_F5F_Q3M_C2X_P2,7843100
v1_scalar_F5F_Q3M_C2X_P2,7334500
v1_scalar_F5F_Q3M_C2X_P2,7723500
v1_scalar_F5F_Q3M_C2X_P2,7348200
v1_scalar_F5F_Q3M_C2X_P2,7281500
v1_scalar_F5F_Q3M_C2X_P2,7710200
v1_scalar_F5F_Q3M_C2X_P2,7281400
v1_scalar_F5F_Q3M_C2X_P2,7384900
v1_scalar_F5F_Q3M_C2X_P2,7334000
v1_scalar_F5F_Q3M_C2X_P2,7369100
v1_scalar_F5F_Q3M_C2X_P2,7266000
v1_scalar_F5F_Q3M_C2X_P2,7515100
v1_scalar_F5F_Q3M_C2X_P2,7902700
v1_scalar_F5F_Q3M_C2X_P2,7489200
v1_scalar_F5F_Q3M_C2X_P2,7507200
v1_scalar_F5F_Q3M_C2X_P2,8235700
v1_scalar_F5F_Q3M_C2X_P2,7442700
v1_scalar_F5F_Q3M_C2X_P2,7788900
v1_scalar_F5F_Q3M_C2X_P2,7373700
v1_scalar_F5F_Q3M_C2X_P2,7767000
v1_scalar_F5F_Q3M_C2X_P2,7285600
v1_scalar_F5F_Q3M_C2X_P2,7380500
v1_scalar_F5F_Q3M_C2X_P2,7342300
v1_scalar_F5F_Q3M_C2X_P2,7646400
v1_scalar_F5F_Q3M_C2X_P2,7380500
v1_scalar_F5F_Q3M_C2X_P2,7518300
v1_scalar_F5F_Q3M_C2X_P2,7380600
v1_scalar_F5F_Q3M_C2X_P2,8105000
v1_scalar_F5F_Q3M_C2X_P2,7576400
v1_scalar_F5F_Q3M_C2X_P2,8058300
v1_scalar_F5F_Q3M_C2X_P2,7318000
v1_scalar_F5F_Q3M_C2X_P2,7609700
v1_scalar_F5F_Q3M_C2X_P2,7305400
v1_scalar_F5F_Q3M_C2X_P2,7286900
v1_scalar_F5F_Q3M_C2X_P2,7262600
v1_scalar_F5F_Q3M_C2X_P2,7418000
v1_scalar_F5F_Q3M_C2X_P2,7262900
v1_scalar_F5F_Q3M_C2X_P2,7265800
v1_scalar_F5F_Q3M_C2X_P2,7267300
v1_scalar_F5F_Q3M_C2X_P2,7270500
v1_scalar_F5F_Q3M_C2X_P2,7188100
v1_scalar_F5F_Q3M_C2X_P2,7310200
v1_scalar_F5F_Q3M_C2X_P2,7211500
v1_scalar_F5F_Q3M_C2X_P2,7598500
v1_scalar_F5F_Q3M_C2X_P2,7564800
v1_scalar_F5F_Q3M_C2X_P2,7675100
v1_scalar_F5F_Q3M_C2X_P2,7233400
v1_scalar_F5F_Q3M_C2X_P2,8012100
v1_scalar_F5F_Q3M_C2X_P2,7585500
v1_scalar_F5F_Q3M_C2X_P2,7708100
v1_scalar_F5F_Q3M_C2X_P2,7753400
v1_scalar_F5F_Q3M_C2X_P2,7821400
v1_scalar_F5F_Q3M_C2X_P2,7716100
v1_scalar_F5F_Q3M_C2X_P2,7794700
v1_scalar_F5F_Q3M_C2X_P2,7233400
v1_scalar_F5F_Q3M_C2X_P2,7492300
v1_scalar_F5F_Q3M_C2X_P2,7370000
v1_scalar_F5F_Q3M_C2X_P2,7835300
v1_scalar_F5F_Q3M_C2X_P2,7728600
v1_scalar_F5F_Q3M_C2X_P2,8768700
v1_scalar_F5F_Q3M_C2X_P2,7596700
v1_scalar_F5F_Q3M_C2X_P2,7508200
v1_scalar_F5F_Q3M_C2X_P2,7309200
v1_scalar_F5F_Q3M_C2X_P2,7893000
v1_scalar_F5F_Q3M_C2X_P2,7612900
v1_scalar_F5F_Q3M_C2X_P2,7862300
v1_scalar_F5F_Q3M_C2X_P2,7553500
v1_scalar_F5F_Q3M_C2X_P2,7856900
v1_scalar_F5F_Q3M_C2X_P2,7761400
v1_scalar_F5F_Q3M_C2X_P2,7503300
v1_scalar_F5F_Q3M_C2X_P2,7200700
v1_scalar_F5F_Q3M_C2X_P2,7664100
v1_scalar_F5F_Q3M_C2X_P2,7657400
v1_scalar_F5F_Q3M_C2X_P2,7283000
v1_scalar_F5F_Q3M_C2X_P2,7190000
v1_scalar_F5F_Q3M_C2X_P2,7224300
v1_scalar_F5F_Q3M_C2X_P2,7439000
v1_scalar_F5F_Q3M_C2X_P2,7436800
v1_scalar_F5F_Q3M_C2X_P2,7252300
v1_scalar_F5F_Q3M_C2X_P2,7459500
v1_scalar_F5F_Q3M_C2X_P2,7241600
v1_scalar_F5F_Q3M_C2X_P2,7469500
v1_scalar_F5F_Q3M_C2X_P2,7239100
v1_scalar_F5F_Q3M_C2X_P2,7407700
v1_scalar_F5F_Q3M_C2X_P2,7244300
v1_scalar_F5F_Q3M_C2X_P2,7320200
v1_scalar_F5F_Q3M_C2X_P2,7205400
v1_scalar_F5F_Q3M_C2X_P2,7340800
v1_scalar_F5F_Q3M_C2X_P2,7287900
v1_scalar_F5F_Q3M_C2X_P2,7989700
v1_scalar_F5F_Q3M_C2X_P2,7520200
v1_scalar_F5F_Q3M_C3_P2,6042200
v1_scalar_F5F_Q3M_C3_P2,6076000
v1_scalar_F5F_Q3M_C3_P2,6115800
v1_scalar_F5F_Q3M_C3_P2,6069800
v1_scalar_F5F_Q3M_C3_P2,6038500
v1_scalar_F5F_Q3M_C3_P2,6566500
v1_scalar_F5F_Q3M_C3_P2,6457200
v1_scalar_F5F_Q3M_C3_P2,6493400
v1_scalar_F5F_Q3M_C3_P2,6090800
v1_scalar_F5F_Q3M_C3_P2,6133000
v1_scalar_F5F_Q3M_C3_P2,6085900
v1_scalar_F5F_Q3M_C3_P2,6763500
v1_scalar_F5F_Q3M_C3_P2,6572000
v1_scalar_F5F_Q3M_C3_P2,6487300
v1_scalar_F5F_Q3M_C3_P2,6378600
v1_scalar_F5F_Q3M_C3_P2,7146400
v1_scalar_F5F_Q3M_C3_P2,6225800
v1_scalar_F5F_Q3M_C3_P2,6339200
v1_scalar_F5F_Q3M_C3_P2,6188800
v1_scalar_F5F_Q3M_C3_P2,7285300
v1_scalar_F5F_Q3M_C3_P2,6143000
v1_scalar_F5F_Q3M_C3_P2,6856100
v1_scalar_F5F_Q3M_C3_P2,6576300
v1_scalar_F5F_Q3M_C3_P2,6901900
v1_scalar_F5F_Q3M_C3_P2,6122900
v1_scalar_F5F_Q3M_C3_P2,6065500
v1_scalar_F5F_Q3M_C3_P2,6097900
v1_scalar_F5F_Q3M_C3_P2,6086100
v1_scalar_F5F_Q3M_C3_P2,6288900
v1_scalar_F5F_Q3M_C3_P2,6169900
v1_scalar_F5F_Q3M_C3_P2,6980200
v1_scalar_F5F_Q3M_C3_P2,6131800
v1_scalar_F5F_Q3M_C3_P2,6086500
v1_scalar_F5F_Q3M_C3_P2,6111900
v1_scalar_F5F_Q3M_C3_P2,6085800
v1_scalar_F5F_Q3M_C3_P2,6261300
v1_scalar_F5F_Q3M_C3_P2,6177400
v1_scalar_F5F_Q3M_C3_P2,6145600
v1_scalar_F5F_Q3M_C3_P2,6238400
v1_scalar_F5F_Q3M_C3_P2,6077100
v1_scalar_F5F_Q3M_C3_P2,6266000
v1_scalar_F5F_Q3M_C3_P2,6345000
v1_scalar_F5F_Q3M_C3_P2,6147400
v1_scalar_F5F_Q3M_C3_P2,6264300
v1_scalar_F5F_Q3M_C3_P2,6111900
v1_scalar_F5F_Q3M_C3_P2,6516100
v1_scalar_F5F_Q3M_C3_P2,6211100
v1_scalar_F5F_Q3M_C3_P2,6668600
v1_scalar_F5F_Q3M_C3_P2,6088000
v1_scalar_F5F_Q3M_C3_P2,6910500
v1_scalar_F5F_Q3M_C3_P2,6907800
v1_scalar_F5F_Q3M_C3_P2,6463600
v1_scalar_F5F_Q3M_C3_P2,6364600
v1_scalar_F5F_Q3M_C3_P2,6121200
v1_scalar_F5F_Q3M_C3_P2,6453000
v1_scalar_F5F_Q3M_C3_P2,6138000
v1_scalar_F5F_Q3M_C3_P2,6197300
v1_scalar_F5F_Q3M_C3_P2,6126800
v1_scalar_F5F_Q3M_C3_P2,6139900
v1_scalar_F5F_Q3M_C3_P2,6445200
v1_scalar_F5F_Q3M_C3_P2,6702000
v1_scalar_F5F_Q3M_C3_P2,6082200
v1_scalar_F5F_Q3M_C3_P2,6138200
v1_scalar_F5F_Q3M_C3_P2,6710000
v1_scalar_F5F_Q3M_C3_P2,7407200
v1_scalar_F5F_Q3M_C3_P2,6795100
v1_scalar_F5F_Q3M_C3_P2,6296400
v1_scalar_F5F_Q3M_C3_P2,6656200
v1_scalar_F5F_Q3M_C3_P2,6759600
v1_scalar_F5F_Q3M_C3_P2,6491200
v1_scalar_F5F_Q3M_C3_P2,6114300
v1_scalar_F5F_Q3M_C3_P2,6202900
v1_scalar_F5F_Q3M_C3_P2,6128800
v1_scalar_F5F_Q3M_C3_P2,6129800
v1_scalar_F5F_Q3M_C3_P2,6083900
v1_scalar_F5F_Q3M_C3_P2,6105300
v1_scalar_F5F_Q3M_C3_P2,6094600
v1_scalar_F5F_Q3M_C3_P2,6203900
v1_scalar_F5F_Q3M_C3_P2,6493900
v1_scalar_F5F_Q3M_C3_P2,6092000
v1_scalar_F5F_Q3M_C3_P2,6250700
v1_scalar_F5F_Q3M_C3_P2,6531700
v1_scalar_F5F_Q3M_C3_P2,6109000
v1_scalar_F5F_Q3M_C3_P2,6520000
v1_scalar_F5F_Q3M_C3_P2,7699100
v1_scalar_F5F_Q3M_C3_P2,6500900
v1_scalar_F5F_Q3M_C3_P2,6124100
v1_scalar_F5F_Q3M_C3_P2,6056800
v1_scalar_F5F_Q3M_C3_P2,6110700
v1_scalar_F5F_Q3M_C3_P2,6115100
v1_scalar_F5F_Q3M_C3_P2,6514000
v1_scalar_F5F_Q3M_C3_P2,6103100
v1_scalar_F5F_Q3M_C3_P2,6135200
v1_scalar_F5F_Q3M_C3_P2,6084900
v1_scalar_F5F_Q3M_C3_P2,6121500
v1_scalar_F5F_Q3M_C3_P2,6602400
v1_scalar_F5F_Q3M_C3_P2,6369700
v1_scalar_F5F_Q3M_C3_P2,6167200
v1_scalar_F5F_Q3M_C3_P2,6096500
v1_scalar_F5F_Q3M_C3_P2,6487900
v1_scalar_F5F_Q3M_C3_P2,6130400
v1_scalar_F5F_Q3M_C3_P2,6059300
v1_scalar_F5F_Q3M_C3_P2,6101600
v1_scalar_F5F_Q3M_C3_P2,6117300
v1_scalar_F5F_Q3M_C3_P2,6098000
v1_scalar_F5F_Q3M_C3_P2,6160700
v1_scalar_F5F_Q3M_C3_P2,6100000
v1_scalar_F5F_Q3M_C3_P2,6338000
v1_scalar_F5F_Q3M_C3_P2,6066800
v1_scalar_F5F_Q3M_C3_P2,6172200
v1_scalar_F5F_Q3M_C3_P2,6170900
v1_scalar_F5F_Q3M_C3_P2,6104000
v1_scalar_F5F_Q3M_C3_P2,6177200
v1_scalar_F5F_Q3M_C3_P2,6095600
v1_scalar_F5F_Q3M_C3_P2,6453300
v1_scalar_F5F_Q3M_C3_P2,6427200
v1_scalar_F5F_Q3M_C3_P2,6318600
v1_scalar_F5F_Q3M_C3_P2,6129000
v1_scalar_F5F_Q3M_C3_P2,6215300
v1_scalar_F5F_Q3M_C3_P2,6229900
v1_scalar_F5F_Q3M_C3_P2,6137000
v1_scalar_F5F_Q3M_C3_P2,6356300
v1_scalar_F5F_Q3M_C3_P2,6522800
v1_scalar_F5F_Q3M_C3_P2,6261100
v1_scalar_F5F_Q3M_C3_P2,6676200
v1_scalar_F5F_Q3M_C3_P2,6847300
v1_scalar_F5F_Q3M_C3_P2,6289300
v1_scalar_F5F_Q3M_C3_P2,6396700
v1_scalar_F5F_Q3M_C3_P2,6455700
v1_scalar_F5F_Q3M_C3_P2,6390600
v1_scalar_F5F_Q3M_C3_P2,6559700
v1_scalar_F5F_Q3M_C3_P2,6117500
v1_scalar_F5F_Q3M_C3_P2,6108300
v1_scalar_F5F_Q3M_C3_P2,6149000
v1_scalar_F5F_Q3M_C3_P2,6138500
v1_scalar_F5F_Q3M_C3_P2,6112000
v1_scalar_F5F_Q3M_C3_P2,6126700
v1_scalar_F5F_Q3M_C3_P2,6092000
v1_scalar_F5F_Q3M_C3_P2,6169300
v1_scalar_F5F_Q3M_C3_P2,6077700
v1_scalar_F5F_Q3M_C3_P2,6158000
v1_scalar_F5F_Q3M_C3_P2,6457000
v1_scalar_F5F_Q3M_C3_P2,6384700
v1_scalar_F5F_Q3M_C3_P2,6167000
v1_scalar_F5F_Q3M_C3_P2,6082100
v1_scalar_F5F_Q3M_C3_P2,6154700
v1_scalar_F5F_Q3M_C3_P2,6098700
v1_scalar_F5F_Q3M_C3_P2,6145600
v1_scalar_F5F_Q3M_C3_P2,6399400
v1_scalar_F5F_Q3M_C3_P2,6384200
v1_scalar_F5F_Q3M_C3_P2,6744800
v1_scalar_F5F_Q3M_C3_P2,6428200
v1_scalar_F5F_Q3M_C3_P2,6435600
v1_scalar_F5F_Q3M_C3_P2,6069400
v1_scalar_F5F_Q3M_C3_P2,6219800
v1_scalar_F5F_Q3M_C3_P2,6111500
v1_scalar_F5F_Q3M_C3_P2,6245400
v1_scalar_F5F_Q3M_C3_P2,6433600
v1_scalar_F5F_Q3M_C3_P2,6357700
v1_scalar_F5F_Q3M_C3_P2,6719100
v1_scalar_F5F_Q3M_C3_P2,6142800
v1_scalar_F5F_Q3M_C3_P2,6422200
v1_scalar_F5F_Q3M_C3_P2,6163800
v1_scalar_F5F_Q3M_C3_P2,6122700
v1_scalar_F5F_Q3M_C3_P2,6422500
v1_scalar_F5F_Q3M_C3_P2,6150100
v1_scalar_F5F_Q3M_C3_P2,6246200
v1_scalar_F5F_Q3M_C3_P2,6085800
v1_scalar_F5F_Q3M_C3_P2,6281000
v1_scalar_F5F_Q3M_C3_P2,6365800
v1_scalar_F5F_Q3M_C3_P2,6167900
v1_scalar_F5F_Q3M_C3_P2,6158400
v1_scalar_F5F_Q3M_C3_P2,6081800
v1_scalar_F5F_Q3M_C3_P2,6178200
v1_scalar_F5F_Q3M_C3_P2,6347600
v1_scalar_F5F_Q3M_C3_P2,6492400
v1_scalar_F5F_Q3M_C3_P2,6875600
v1_scalar_F5F_Q3M_C3_P2,6353800
v1_scalar_F5F_Q3M_C3_P2,6267900
v1_scalar_F5F_Q3M_C3_P2,6195500
v1_scalar_F5F_Q3M_C3_P2,6443900
v1_scalar_F5F_Q3M_C3_P2,6694000
v1_scalar_F5F_Q3M_C3_P2,6305500
v1_scalar_F5F_Q3M_C3_P2,6462800
v1_scalar_F5F_Q3M_C3_P2,6358600
v1_scalar_F5F_Q3M_C3_P2,6182200
v1_scalar_F5F_Q3M_C3_P2,6749900
v1_scalar_F5F_Q3M_C3_P2,6561700
v1_scalar_F5F_Q3M_C3_P2,6597700
v1_scalar_F5F_Q3M_C3_P2,6175300
v1_scalar_F5F_Q3M_C3_P2,6522900
v1_scalar_F5F_Q3M_C3_P2,6565300
v1_scalar_F5F_Q3M_C3_P2,11407300
v1_scalar_F5F_Q3M_C3_P2,6213400
v1_scalar_F5F_Q3M_C3_P2,6396800
v1_scalar_F5F_Q3M_C3_P2,6323700
v1_scalar_F5F_Q3M_C3_P2,6735700
v1_scalar_F5F_Q3M_C3_P2,6569800
v1_scalar_F5F_Q3M_C3_P2,6302200
v1_scalar_F5F_Q3M_C3_P2,6104800
v1_scalar_F5F_Q3M_C3_P2,6170100
v1_scalar_F5F_Q3M_C3_P2,6141800
v1_scalar_F5F_Q3M_C3_P2,6135600
v1_scalar_F5F_Q3M_C3_P2,6120900
v1_scalar_F5F_Q3M_C3_P2,6112500
v1_scalar_F5F_Q3M_C3_P2,6233300
v1_scalar_F5F_Q3M_C3_P2,6106600
v1_scalar_F5F_Q3M_C3_P2,6080800
v1_scalar_F5F_Q3M_C3_P2,6113800
v1_scalar_F5F_Q3M_C3_P2,6139800
v1_scalar_F5F_Q3M_C3_P2,6706500
v1_scalar_F5F_Q3M_C3_P2,6495100
v1_scalar_F5F_Q3M_C3_P2,6543200
v1_scalar_F5F_Q3M_C3_P2,6129000
v1_scalar_F5F_Q3M_C3_P2,6194500
v1_scalar_F5F_Q3M_C3_P2,6626000
v1_scalar_F5F_Q3M_C3_P2,6148100
v1_scalar_F5F_Q3M_C3_P2,6219300
v1_scalar_F5F_Q3M_C3_P2,6074400
v1_scalar_F5F_Q3M_C3_P2,6100800
v1_scalar_F5F_Q3M_C3_P2,6146100
v1_scalar_F5F_Q3M_C3_P2,6086000
v1_scalar_F5F_Q3M_C3_P2,6236200
v1_scalar_F5F_Q3M_C3_P2,6103500
v1_scalar_F5F_Q3M_C3_P2,6118800
v1_scalar_F5F_Q3M_C3_P2,6153100
v1_scalar_F5F_Q3M_C3_P2,6575300
v1_scalar_F5F_Q3M_C3_P2,6145100
v1_scalar_F5F_Q3M_C3_P2,6056400
v1_scalar_F5F_Q3M_C3_P2,6226800
v1_scalar_F5F_Q3M_C3_P2,6443900
v1_scalar_F5F_Q3M_C3_P2,6106700
v1_scalar_F5F_Q3M_C3_P2,6148000
v1_scalar_F5F_Q3M_C3_P2,6173900
v1_scalar_F5F_Q3M_C3_P2,6582500
v1_scalar_F5F_Q3M_C3_P2,7180800
v1_scalar_F5F_Q3M_C3_P2,6783500
v1_scalar_F5F_Q3M_C3_P2,6139400
v1_scalar_F5F_Q3M_C3_P2,6273800
v1_scalar_F5F_Q3M_C3_P2,6264300
v1_scalar_F5F_Q3M_C3_P2,6106100
v1_scalar_F5F_Q3M_C3_P2,6429400
v1_scalar_F5F_Q3M_C3_P2,6151800
v1_scalar_F5F_Q3M_C3_P2,6214700
v1_scalar_F5F_Q3M_C3_P2,6151600
v1_scalar_F5F_Q3M_C3_P2,6160300
v1_scalar_F5F_Q3M_C3_P2,6519800
v1_scalar_F5F_Q3M_C3_P2,6088600
v1_scalar_F5F_Q3M_C3_P2,6127500
v1_scalar_F5F_Q3M_C3_P2,6072400
v1_scalar_F5F_Q3M_C3_P2,6117600
v1_scalar_F5F_Q3M_C3_P2,6159000
v1_scalar_F5F_Q3M_C3_P2,6157800
v1_scalar_F5F_Q3M_C3_P2,6095600
v1_scalar_F5F_Q3M_C3_P2,6145400
v1_scalar_F5F_Q3M_C3_P2,6107600
v1_scalar_F5F_Q3M_C3_P2,6103100
v1_scalar_F5F_Q3M_C3_P2,6115400
v1_scalar_F5F_Q3M_C3_P2,6106900
v1_scalar_F5F_Q3M_C3_P2,6066700
v1_scalar_F5F_Q3M_C3_P2,6047400
v1_scalar_F5F_Q3M_C3_P2,6193300
v1_scalar_F5F_Q3M_C3_P2,6105700
v1_scalar_F5F_Q3M_C3_P2,6438200
v1_scalar_F5F_Q3M_C3_P2,6196800
v1_scalar_F5F_Q3M_C3_P2,6228200
v1_scalar_F5F_Q3M_C3_P2,6160900
v1_scalar_F5F_Q3M_C3_P2,6191800
v1_scalar_F5F_Q3M_C3_P2,6546300
v1_scalar_F5F_Q3M_C3_P2,6078200
v1_scalar_F5F_Q3M_C3_P2,6140200
v1_scalar_F5F_Q3M_C3_P2,6307100
v1_scalar_F5F_Q3M_C3_P2,6056400
v1_scalar_F5F_Q3M_C3_P2,6127200
v1_scalar_F5F_Q3M_C3_P2,6092100
v1_scalar_F5F_Q3M_C3_P2,6109900
v1_scalar_F5F_Q3M_C3_P2,6103600
v1_scalar_F5F_Q3M_C3_P2,6108600
v1_scalar_F5F_Q3M_C3_P2,6744600
v1_scalar_F5F_Q3M_C3_P2,6059200
v1_scalar_F5F_Q3M_C3_P2,6450700
v1_scalar_F5F_Q3M_C3_P2,6075300
v1_scalar_F5F_Q3M_C3_P2,6152100
v1_scalar_F5F_Q3M_C3_P2,6156700
v1_scalar_F5F_Q3M_C3_P2,6115400
v1_scalar_F5F_Q3M_C3_P2,6079300
v1_scalar_F5F_Q3M_C3_P2,6379100
v1_scalar_F5F_Q3M_C3_P2,6084000
v1_scalar_F5F_Q3M_C3_P2,6083100
v1_scalar_F5F_Q3M_C3_P2,6124100
v1_scalar_F5F_Q3M_C3_P2,6114400
v1_scalar_F5F_Q3M_C3_P2,6030100
v1_scalar_F5F_Q3M_C3_P2,6227000
v1_scalar_F5F_Q3M_C3_P2,6548600
v1_scalar_F5F_Q3M_C3_P2,6590700
v1_scalar_F5F_Q3M_C3_P2,6373000
v1_scalar_F5F_Q3M_C3_P2,6382800
v1_scalar_F5F_Q3M_C3_P2,6327900
v1_scalar_F5F_Q3M_C3_P2,6051100
v1_scalar_F5F_Q3M_C3_P2,6486100
v1_scalar_F5F_Q3M_C3_P2,6122800
v1_scalar_F5F_Q3M_C3_P2,6062500
v1_scalar_F5F_Q3M_C3_P2,6032200
v1_scalar_F5F_Q3M_C3_P2,6108300
v1_scalar_F5F_Q3M_C3_P2,6393400
v1_scalar_F5F_Q3M_C3_P2,6087100
v1_scalar_F5F_Q3M_C3_P2,6116600
v1_scalar_F5F_Q3M_C4F_P2,6442400
v1_scalar_F5F_Q3M_C4F_P2,6592300
v1_scalar_F5F_Q3M_C4F_P2,7810800
v1_scalar_F5F_Q3M_C4F_P2,6644000
v1_scalar_F5F_Q3M_C4F_P2,6928400
v1_scalar_F5F_Q3M_C4F_P2,6641800
v1_scalar_F5F_Q3M_C4F_P2,7106300
v1_scalar_F5F_Q3M_C4F_P2,6568000
v1_scalar_F5F_Q3M_C4F_P2,6920100
v1_scalar_F5F_Q3M_C4F_P2,6615400
v1_scalar_F5F_Q3M_C4F_P2,6706900
v1_scalar_F5F_Q3M_C4F_P2,6923500
v1_scalar_F5F_Q3M_C4F_P2,6785300
v1_scalar_F5F_Q3M_C4F_P2,6790800
v1_scalar_F5F_Q3M_C4F_P2,6585000
v1_scalar_F5F_Q3M_C4F_P2,6892900
v1_scalar_F5F_Q3M_C4F_P2,6793100
v1_scalar_F5F_Q3M_C4F_P2,6834000
v1_scalar_F5F_Q3M_C4F_P2,6723000
v1_scalar_F5F_Q3M_C4F_P2,6841700
v1_scalar_F5F_Q3M_C4F_P2,6687100
v1_scalar_F5F_Q3M_C4F_P2,7465300
v1_scalar_F5F_Q3M_C4F_P2,6728900
v1_scalar_F5F_Q3M_C4F_P2,6463600
v1_scalar_F5F_Q3M_C4F_P2,6457100
v1_scalar_F5F_Q3M_C4F_P2,6727000
v1_scalar_F5F_Q3M_C4F_P2,6746000
v1_scalar_F5F_Q3M_C4F_P2,6656600
v1_scalar_F5F_Q3M_C4F_P2,6762100
v1_scalar_F5F_Q3M_C4F_P2,6496400
v1_scalar_F5F_Q3M_C4F_P2,6475000
v1_scalar_F5F_Q3M_C4F_P2,6398100
v1_scalar_F5F_Q3M_C4F_P2,6403700
v1_scalar_F5F_Q3M_C4F_P2,6796000
v1_scalar_F5F_Q3M_C4F_P2,6489700
v1_scalar_F5F_Q3M_C4F_P2,6980800
v1_scalar_F5F_Q3M_C4F_P2,6510600
v1_scalar_F5F_Q3M_C4F_P2,6485900
v1_scalar_F5F_Q3M_C4F_P2,6833700
v1_scalar_F5F_Q3M_C4F_P2,6659100
v1_scalar_F5F_Q3M_C4F_P2,6744400
v1_scalar_F5F_Q3M_C4F_P2,6592900
v1_scalar_F5F_Q3M_C4F_P2,6821200
v1_scalar_F5F_Q3M_C4F_P2,6642500
v1_scalar_F5F_Q3M_C4F_P2,6617300
v1_scalar_F5F_Q3M_C4F_P2,6858900
v1_scalar_F5F_Q3M_C4F_P2,6703200
v1_scalar_F5F_Q3M_C4F_P2,6712300
v1_scalar_F5F_Q3M_C4F_P2,6396800
v1_scalar_F5F_Q3M_C4F_P2,6657200
v1_scalar_F5F_Q3M_C4F_P2,6447400
v1_scalar_F5F_Q3M_C4F_P2,6415700
v1_scalar_F5F_Q3M_C4F_P2,6410700
v1_scalar_F5F_Q3M_C4F_P2,6369200
v1_scalar_F5F_Q3M_C4F_P2,6500100
v1_scalar_F5F_Q3M_C4F_P2,6372500
v1_scalar_F5F_Q3M_C4F_P2,6427700
v1_scalar_F5F_Q3M_C4F_P2,6409500
v1_scalar_F5F_Q3M_C4F_P2,6386100
v1_scalar_F5F_Q3M_C4F_P2,6449900
v1_scalar_F5F_Q3M_C4F_P2,6475500
v1_scalar_F5F_Q3M_C4F_P2,6755800
v1_scalar_F5F_Q3M_C4F_P2,6723700
v1_scalar_F5F_Q3M_C4F_P2,6628300
v1_scalar_F5F_Q3M_C4F_P2,6426100
v1_scalar_F5F_Q3M_C4F_P2,6448400
v1_scalar_F5F_Q3M_C4F_P2,6679600
v1_scalar_F5F_Q3M_C4F_P2,6612400
v1_scalar_F5F_Q3M_C4F_P2,6719900
v1_scalar_F5F_Q3M_C4F_P2,6679200
v1_scalar_F5F_Q3M_C4F_P2,6776400
v1_scalar_F5F_Q3M_C4F_P2,6425800
v1_scalar_F5F_Q3M_C4F_P2,6405100
v1_scalar_F5F_Q3M_C4F_P2,6380300
v1_scalar_F5F_Q3M_C4F_P2,6404000
v1_scalar_F5F_Q3M_C4F_P2,7442000
v1_scalar_F5F_Q3M_C4F_P2,6688800
v1_scalar_F5F_Q3M_C4F_P2,6791100
v1_scalar_F5F_Q3M_C4F_P2,6687000
v1_scalar_F5F_Q3M_C4F_P2,6840300
v1_scalar_F5F_Q3M_C4F_P2,6604800
v1_scalar_F5F_Q3M_C4F_P2,6795300
v1_scalar_F5F_Q3M_C4F_P2,6403800
v1_scalar_F5F_Q3M_C4F_P2,6680400
v1_scalar_F5F_Q3M_C4F_P2,6543900
v1_scalar_F5F_Q3M_C4F_P2,6375200
v1_scalar_F5F_Q3M_C4F_P2,6413900
v1_scalar_F5F_Q3M_C4F_P2,6387400
v1_scalar_F5F_Q3M_C4F_P2,6416900
v1_scalar_F5F_Q3M_C4F_P2,6342600
v1_scalar_F5F_Q3M_C4F_P2,6430000
v1_scalar_F5F_Q3M_C4F_P2,6481700
v1_scalar_F5F_Q3M_C4F_P2,6482300
v1_scalar_F5F_Q3M_C4F_P2,6451500
v1_scalar_F5F_Q3M_C4F_P2,6411400
v1_scalar_F5F_Q3M_C4F_P2,6346200
v1_scalar_F5F_Q3M_C4F_P2,6384300
v1_scalar_F5F_Q3M_C4F_P2,6386900
v1_scalar_F5F_Q3M_C4F_P2,6366300
v1_scalar_F5F_Q3M_C4F_P2,6396400
v1_scalar_F5F_Q3M_C4F_P2,6960000
v1_scalar_F5F_Q3M_C4F_P2,16920200
v1_scalar_F5F_Q3M_C4F_P2,7210500
v1_scalar_F5F_Q3M_C4F_P2,11821900
v1_scalar_F5F_Q3M_C4F_P2,9467000
v1_scalar_F5F_Q3M_C4F_P2,6950100
v1_scalar_F5F_Q3M_C4F_P2,13009300
v1_scalar_F5F_Q3M_C4F_P2,7235800
v1_scalar_F5F_Q3M_C4F_P2,6553400
v1_scalar_F5F_Q3M_C4F_P2,7279000
v1_scalar_F5F_Q3M_C4F_P2,11687900
v1_scalar_F5F_Q3M_C4F_P2,6492300
v1_scalar_F5F_Q3M_C4F_P2,6418600
v1_scalar_F5F_Q3M_C4F_P2,6393200
v1_scalar_F5F_Q3M_C4F_P2,7779900
v1_scalar_F5F_Q3M_C4F_P2,6987900
v1_scalar_F5F_Q3M_C4F_P2,6736600
v1_scalar_F5F_Q3M_C4F_P2,6838300
v1_scalar_F5F_Q3M_C4F_P2,6732500
v1_scalar_F5F_Q3M_C4F_P2,6800700
v1_scalar_F5F_Q3M_C4F_P2,6714400
v1_scalar_F5F_Q3M_C4F_P2,6703300
v1_scalar_F5F_Q3M_C4F_P2,6913300
v1_scalar_F5F_Q3M_C4F_P2,6932300
v1_scalar_F5F_Q3M_C4F_P2,6817100
v1_scalar_F5F_Q3M_C4F_P2,6705500
v1_scalar_F5F_Q3M_C4F_P2,6771400
v1_scalar_F5F_Q3M_C4F_P2,6766200
v1_scalar_F5F_Q3M_C4F_P2,9047000
v1_scalar_F5F_Q3M_C4F_P2,6647500
v1_scalar_F5F_Q3M_C4F_P2,6852600
v1_scalar_F5F_Q3M_C4F_P2,6682400
v1_scalar_F5F_Q3M_C4F_P2,6978200
v1_scalar_F5F_Q3M_C4F_P2,6667600
v1_scalar_F5F_Q3M_C4F_P2,6695900
v1_scalar_F5F_Q3M_C4F_P2,6613300
v1_scalar_F5F_Q3M_C4F_P2,6521600
v1_scalar_F5F_Q3M_C4F_P2,6491300
v1_scalar_F5F_Q3M_C4F_P2,6431700
v1_scalar_F5F_Q3M_C4F_P2,6447800
v1_scalar_F5F_Q3M_C4F_P2,6449700
v1_scalar_F5F_Q3M_C4F_P2,6524700
v1_scalar_F5F_Q3M_C4F_P2,6460000
v1_scalar_F5F_Q3M_C4F_P2,6494700
v1_scalar_F5F_Q3M_C4F_P2,6452000
v1_scalar_F5F_Q3M_C4F_P2,6451300
v1_scalar_F5F_Q3M_C4F_P2,6581100
v1_scalar_F5F_Q3M_C4F_P2,6423800
v1_scalar_F5F_Q3M_C4F_P2,6449900
v1_scalar_F5F_Q3M_C4F_P2,6452100
v1_scalar_F5F_Q3M_C4F_P2,6388700
v1_scalar_F5F_Q3M_C4F_P2,6485300
v1_scalar_F5F_Q3M_C4F_P2,6386500
v1_scalar_F5F_Q3M_C4F_P2,6618100
v1_scalar_F5F_Q3M_C4F_P2,6449800
v1_scalar_F5F_Q3M_C4F_P2,6399000
v1_scalar_F5F_Q3M_C4F_P2,6428800
v1_scalar_F5F_Q3M_C4F_P2,6332100
v1_scalar_F5F_Q3M_C4F_P2,6685000
v1_scalar_F5F_Q3M_C4F_P2,6665900
v1_scalar_F5F_Q3M_C4F_P2,6718000
v1_scalar_F5F_Q3M_C4F_P2,6636000
v1_scalar_F5F_Q3M_C4F_P2,6778800
v1_scalar_F5F_Q3M_C4F_P2,6408600
v1_scalar_F5F_Q3M_C4F_P2,6386500
v1_scalar_F5F_Q3M_C4F_P2,6721200
v1_scalar_F5F_Q3M_C4F_P2,6697300
v1_scalar_F5F_Q3M_C4F_P2,7106100
v1_scalar_F5F_Q3M_C4F_P2,6721500
v1_scalar_F5F_Q3M_C4F_P2,6762000
v1_scalar_F5F_Q3M_C4F_P2,6464400
v1_scalar_F5F_Q3M_C4F_P2,6410700
v1_scalar_F5F_Q3M_C4F_P2,6544000
v1_scalar_F5F_Q3M_C4F_P2,6387600
v1_scalar_F5F_Q3M_C4F_P2,6612400
v1_scalar_F5F_Q3M_C4F_P2,6458600
v1_scalar_F5F_Q3M_C4F_P2,6941900
v1_scalar_F5F_Q3M_C4F_P2,7101700
v1_scalar_F5F_Q3M_C4F_P2,6837800
v1_scalar_F5F_Q3M_C4F_P2,6448300
v1_scalar_F5F_Q3M_C4F_P2,6389100
v1_scalar_F5F_Q3M_C4F_P2,7052300
v1_scalar_F5F_Q3M_C4F_P2,7081900
v1_scalar_F5F_Q3M_C4F_P2,6584500
v1_scalar_F5F_Q3M_C4F_P2,6379700
v1_scalar_F5F_Q3M_C4F_P2,6487200
v1_scalar_F5F_Q3M_C4F_P2,6389300
v1_scalar_F5F_Q3M_C4F_P2,6607500
v1_scalar_F5F_Q3M_C4F_P2,6416200
v1_scalar_F5F_Q3M_C4F_P2,6381500
v1_scalar_F5F_Q3M_C4F_P2,6411500
v1_scalar_F5F_Q3M_C4F_P2,6405700
v1_scalar_F5F_Q3M_C4F_P2,6839400
v1_scalar_F5F_Q3M_C4F_P2,6351400
v1_scalar_F5F_Q3M_C4F_P2,6451500
v1_scalar_F5F_Q3M_C4F_P2,6648200
v1_scalar_F5F_Q3M_C4F_P2,6487300
v1_scalar_F5F_Q3M_C4F_P2,6480200
v1_scalar_F5F_Q3M_C4F_P2,6443800
v1_scalar_F5F_Q3M_C4F_P2,6632300
v1_scalar_F5F_Q3M_C4F_P2,6698600
v1_scalar_F5F_Q3M_C4F_P2,6818500
v1_scalar_F5F_Q3M_C4F_P2,6793200
v1_scalar_F5F_Q3M_C4F_P2,6725600
v1_scalar_F5F_Q3M_C4F_P2,6945700
v1_scalar_F5F_Q3M_C4F_P2,6663100
v1_scalar_F5F_Q3M_C4F_P2,6935000
v1_scalar_F5F_Q3M_C4F_P2,6665200
v1_scalar_F5F_Q3M_C4F_P2,6742800
v1_scalar_F5F_Q3M_C4F_P2,6811600
v1_scalar_F5F_Q3M_C4F_P2,6856800
v1_scalar_F5F_Q3M_C4F_P2,6491800
v1_scalar_F5F_Q3M_C4F_P2,6520700
v1_scalar_F5F_Q3M_C4F_P2,6431300
v1_scalar_F5F_Q3M_C4F_P2,6429700
v1_scalar_F5F_Q3M_C4F_P2,6694800
v1_scalar_F5F_Q3M_C4F_P2,7015500
v1_scalar_F5F_Q3M_C4F_P2,6785500
v1_scalar_F5F_Q3M_C4F_P2,6476900
v1_scalar_F5F_Q3M_C4F_P2,6585300
v1_scalar_F5F_Q3M_C4F_P2,6718900
v1_scalar_F5F_Q3M_C4F_P2,6805000
v1_scalar_F5F_Q3M_C4F_P2,6712800
v1_scalar_F5F_Q3M_C4F_P2,6381100
v1_scalar_F5F_Q3M_C4F_P2,6401000
v1_scalar_F5F_Q3M_C4F_P2,6425000
v1_scalar_F5F_Q3M_C4F_P2,6529900
v1_scalar_F5F_Q3M_C4F_P2,6774400
v1_scalar_F5F_Q3M_C4F_P2,6843000
v1_scalar_F5F_Q3M_C4F_P2,6432900
v1_scalar_F5F_Q3M_C4F_P2,6432300
v1_scalar_F5F_Q3M_C4F_P2,6679900
v1_scalar_F5F_Q3M_C4F_P2,6523200
v1_scalar_F5F_Q3M_C4F_P2,6508600
v1_scalar_F5F_Q3M_C4F_P2,6421200
v1_scalar_F5F_Q3M_C4F_P2,6938400
v1_scalar_F5F_Q3M_C4F_P2,6787000
v1_scalar_F5F_Q3M_C4F_P2,7073400
v1_scalar_F5F_Q3M_C4F_P2,6787200
v1_scalar_F5F_Q3M_C4F_P2,6796600
v1_scalar_F5F_Q3M_C4F_P2,6734800
v1_scalar_F5F_Q3M_C4F_P2,6864100
v1_scalar_F5F_Q3M_C4F_P2,6698100
v1_scalar_F5F_Q3M_C4F_P2,6414100
v1_scalar_F5F_Q3M_C4F_P2,6424600
v1_scalar_F5F_Q3M_C4F_P2,6462900
v1_scalar_F5F_Q3M_C4F_P2,6447100
v1_scalar_F5F_Q3M_C4F_P2,8659800
v1_scalar_F5F_Q3M_C4F_P2,6546800
v1_scalar_F5F_Q3M_C4F_P2,6696800
v1_scalar_F5F_Q3M_C4F_P2,6778400
v1_scalar_F5F_Q3M_C4F_P2,6551000
v1_scalar_F5F_Q3M_C4F_P2,6465200
v1_scalar_F5F_Q3M_C4F_P2,6997500
v1_scalar_F5F_Q3M_C4F_P2,6484600
v1_scalar_F5F_Q3M_C4F_P2,6453200
v1_scalar_F5F_Q3M_C4F_P2,6432300
v1_scalar_F5F_Q3M_C4F_P2,6936400
v1_scalar_F5F_Q3M_C4F_P2,7000100
v1_scalar_F5F_Q3M_C4F_P2,7167400
v1_scalar_F5F_Q3M_C4F_P2,6913300
v1_scalar_F5F_Q3M_C4F_P2,6442000
v1_scalar_F5F_Q3M_C4F_P2,6524400
v1_scalar_F5F_Q3M_C4F_P2,6427700
v1_scalar_F5F_Q3M_C4F_P2,7122900
v1_scalar_F5F_Q3M_C4F_P2,6459400
v1_scalar_F5F_Q3M_C4F_P2,6917200
v1_scalar_F5F_Q3M_C4F_P2,6935700
v1_scalar_F5F_Q3M_C4F_P2,6723600
v1_scalar_F5F_Q3M_C4F_P2,7018900
v1_scalar_F5F_Q3M_C4F_P2,6788500
v1_scalar_F5F_Q3M_C4F_P2,6866800
v1_scalar_F5F_Q3M_C4F_P2,6791200
v1_scalar_F5F_Q3M_C4F_P2,6856900
v1_scalar_F5F_Q3M_C4F_P2,6441700
v1_scalar_F5F_Q3M_C4F_P2,6516800
v1_scalar_F5F_Q3M_C4F_P2,6896400
v1_scalar_F5F_Q3M_C4F_P2,6744700
v1_scalar_F5F_Q3M_C4F_P2,6789600
v1_scalar_F5F_Q3M_C4F_P2,6453400
v1_scalar_F5F_Q3M_C4F_P2,6502200
v1_scalar_F5F_Q3M_C4F_P2,6862300
v1_scalar_F5F_Q3M_C4F_P2,6876300
v1_scalar_F5F_Q3M_C4F_P2,7034100
v1_scalar_F5F_Q3M_C4F_P2,6945100
v1_scalar_F5F_Q3M_C4F_P2,6863600
v1_scalar_F5F_Q3M_C4F_P2,6889600
v1_scalar_F5F_Q3M_C4M_P2,6333100
v1_scalar_F5F_Q3M_C4M_P2,6447300
v1_scalar_F5F_Q3M_C4M_P2,6467200
v1_scalar_F5F_Q3M_C4M_P2,6922200
v1_scalar_F5F_Q3M_C4M_P2,6376900
v1_scalar_F5F_Q3M_C4M_P2,6509000
v1_scalar_F5F_Q3M_C4M_P2,6991100
v1_scalar_F5F_Q3M_C4M_P2,6528200
v1_scalar_F5F_Q3M_C4M_P2,6543700
v1_scalar_F5F_Q3M_C4M_P2,6452300
v1_scalar_F5F_Q3M_C4M_P2,6896500
v1_scalar_F5F_Q3M_C4M_P2,7087600
v1_scalar_F5F_Q3M_C4M_P2,6544600
v1_scalar_F5F_Q3M_C4M_P2,6417800
v1_scalar_F5F_Q3M_C4M_P2,6546000
v1_scalar_F5F_Q3M_C4M_P2,6459300
v1_scalar_F5F_Q3M_C4M_P2,6433400
v1_scalar_F5F_Q3M_C4M_P2,6562400
v1_scalar_F5F_Q3M_C4M_P2,6489800
v1_scalar_F5F_Q3M_C4M_P2,7084900
v1_scalar_F5F_Q3M_C4M_P2,6789300
v1_scalar_F5F_Q3M_C4M_P2,6787600
v1_scalar_F5F_Q3M_C4M_P2,6407200
v1_scalar_F5F_Q3M_C4M_P2,6404300
v1_scalar_F5F_Q3M_C4M_P2,6718700
v1_scalar_F5F_Q3M_C4M_P2,6733800
v1_scalar_F5F_Q3M_C4M_P2,7018000
v1_scalar_F5F_Q3M_C4M_P2,6705700
v1_scalar_F5F_Q3M_C4M_P2,7071800
v1_scalar_F5F_Q3M_C4M_P2,6732400
v1_scalar_F5F_Q3M_C4M_P2,6853500
v1_scalar_F5F_Q3M_C4M_P2,7025200
v1_scalar_F5F_Q3M_C4M_P2,6968100
v1_scalar_F5F_Q3M_C4M_P2,6754600
v1_scalar_F5F_Q3M_C4M_P2,6498600
v1_scalar_F5F_Q3M_C4M_P2,6858200
v1_scalar_F5F_Q3M_C4M_P2,6789300
v1_scalar_F5F_Q3M_C4M_P2,6777600
v1_scalar_F5F_Q3M_C4M_P2,6809900
v1_scalar_F5F_Q3M_C4M_P2,6563500
v1_scalar_F5F_Q3M_C4M_P2,6418200
v1_scalar_F5F_Q3M_C4M_P2,6598800
v1_scalar_F5F_Q3M_C4M_P2,6419600
v1_scalar_F5F_Q3M_C4M_P2,6492900
v1_scalar_F5F_Q3M_C4M_P2,6642700
v1_scalar_F5F_Q3M_C4M_P2,6428600
v1_scalar_F5F_Q3M_C4M_P2,6361000
v1_scalar_F5F_Q3M_C4M_P2,6718000
v1_scalar_F5F_Q3M_C4M_P2,6857900
v1_scalar_F5F_Q3M_C4M_P2,6679700
v1_scalar_F5F_Q3M_C4M_P2,6887000
v1_scalar_F5F_Q3M_C4M_P2,6825700
v1_scalar_F5F_Q3M_C4M_P2,6703700
v1_scalar_F5F_Q3M_C4M_P2,6804900
v1_scalar_F5F_Q3M_C4M_P2,6648300
v1_scalar_F5F_Q3M_C4M_P2,7117500
v1_scalar_F5F_Q3M_C4M_P2,6618000
v1_scalar_F5F_Q3M_C4M_P2,6783400
v1_scalar_F5F_Q3M_C4M_P2,6431800
v1_scalar_F5F_Q3M_C4M_P2,6371500
v1_scalar_F5F_Q3M_C4M_P2,6735000
v1_scalar_F5F_Q3M_C4M_P2,6401400
v1_scalar_F5F_Q3M_C4M_P2,6700800
v1_scalar_F5F_Q3M_C4M_P2,6816500
v1_scalar_F5F_Q3M_C4M_P2,6921300
v1_scalar_F5F_Q3M_C4M_P2,6450900
v1_scalar_F5F_Q3M_C4M_P2,6384000
v1_scalar_F5F_Q3M_C4M_P2,6476100
v1_scalar_F5F_Q3M_C4M_P2,6425700
v1_scalar_F5F_Q3M_C4M_P2,6388400
v1_scalar_F5F_Q3M_C4M_P2,6428200
v1_scalar_F5F_Q3M_C4M_P2,6761300
v1_scalar_F5F_Q3M_C4M_P2,6431400
v1_scalar_F5F_Q3M_C4M_P2,6372700
v1_scalar_F5F_Q3M_C4M_P2,6755500
v1_scalar_F5F_Q3M_C4M_P2,6800500
v1_scalar_F5F_Q3M_C4M_P2,6752600
v1_scalar_F5F_Q3M_C4M_P2,6732800
v1_scalar_F5F_Q3M_C4M_P2,6822500
v1_scalar_F5F_Q3M_C4M_P2,6391000
v1_scalar_F5F_Q3M_C4M_P2,6470700
v1_scalar_F5F_Q3M_C4M_P2,6395700
v1_scalar_F5F_Q3M_C4M_P2,6369600
v1_scalar_F5F_Q3M_C4M_P2,6665800
v1_scalar_F5F_Q3M_C4M_P2,6838100
v1_scalar_F5F_Q3M_C4M_P2,6785700
v1_scalar_F5F_Q3M_C4M_P2,6941100
v1_scalar_F5F_Q3M_C4M_P2,6688700
v1_scalar_F5F_Q3M_C4M_P2,6401500
v1_scalar_F5F_Q3M_C4M_P2,6486400
v1_scalar_F5F_Q3M_C4M_P2,6430300
v1_scalar_F5F_Q3M_C4M_P2,6786700
v1_scalar_F5F_Q3M_C4M_P2,6834800
v1_scalar_F5F_Q3M_C4M_P2,6395400
v1_scalar_F5F_Q3M_C4M_P2,6468100
v1_scalar_F5F_Q3M_C4M_P2,6984900
v1_scalar_F5F_Q3M_C4M_P2,6715600
v1_scalar_F5F_Q3M_C4M_P2,6407700
v1_scalar_F5F_Q3M_C4M_P2,6490400
v1_scalar_F5F_Q3M_C4M_P2,6437800
v1_scalar_F5F_Q3M_C4M_P2,6382900
v1_scalar_F5F_Q3M_C4M_P2,6370700
v1_scalar_F5F_Q3M_C4M_P2,6432800
v1_scalar_F5F_Q3M_C4M_P2,6392400
v1_scalar_F5F_Q3M_C4M_P2,6472300
v1_scalar_F5F_Q3M_C4M_P2,6441600
v1_scalar_F5F_Q3M_C4M_P2,6489800
v1_scalar_F5F_Q3M_C4M_P2,6394800
v1_scalar_F5F_Q3M_C4M_P2,6536300
v1_scalar_F5F_Q3M_C4M_P2,7019400
v1_scalar_F5F_Q3M_C4M_P2,6665400
v1_scalar_F5F_Q3M_C4M_P2,6795000
v1_scalar_F5F_Q3M_C4M_P2,6612000
v1_scalar_F5F_Q3M_C4M_P2,6815200
v1_scalar_F5F_Q3M_C4M_P2,7226700
v1_scalar_F5F_Q3M_C4M_P2,7130900
v1_scalar_F5F_Q3M_C4M_P2,7305500
v1_scalar_F5F_Q3M_C4M_P2,6740700
v1_scalar_F5F_Q3M_C4M_P2,6418200
v1_scalar_F5F_Q3M_C4M_P2,6385400
v1_scalar_F5F_Q3M_C4M_P2,6401000
v1_scalar_F5F_Q3M_C4M_P2,6458700
v1_scalar_F5F_Q3M_C4M_P2,6426300
v1_scalar_F5F_Q3M_C4M_P2,6865300
v1_scalar_F5F_Q3M_C4M_P2,6981900
v1_scalar_F5F_Q3M_C4M_P2,6776900
v1_scalar_F5F_Q3M_C4M_P2,6372900
v1_scalar_F5F_Q3M_C4M_P2,6666300
v1_scalar_F5F_Q3M_C4M_P2,6528800
v1_scalar_F5F_Q3M_C4M_P2,6750700
v1_scalar_F5F_Q3M_C4M_P2,6494100
v1_scalar_F5F_Q3M_C4M_P2,6477300
v1_scalar_F5F_Q3M_C4M_P2,6539400
v1_scalar_F5F_Q3M_C4M_P2,6466900
v1_scalar_F5F_Q3M_C4M_P2,6458200
v1_scalar_F5F_Q3M_C4M_P2,6448800
v1_scalar_F5F_Q3M_C4M_P2,6399100
v1_scalar_F5F_Q3M_C4M_P2,6361100
v1_scalar_F5F_Q3M_C4M_P2,6417800
v1_scalar_F5F_Q3M_C4M_P2,6365700
v1_scalar_F5F_Q3M_C4M_P2,6358400
v1_scalar_F5F_Q3M_C4M_P2,6384400
v1_scalar_F5F_Q3M_C4M_P2,6370100
v1_scalar_F5F_Q3M_C4M_P2,6925700
v1_scalar_F5F_Q3M_C4M_P2,6370300
v1_scalar_F5F_Q3M_C4M_P2,6438300
v1_scalar_F5F_Q3M_C4M_P2,6319500
v1_scalar_F5F_Q3M_C4M_P2,6853100
v1_scalar_F5F_Q3M_C4M_P2,6469000
v1_scalar_F5F_Q3M_C4M_P2,6701400
v1_scalar_F5F_Q3M_C4M_P2,6384200
v1_scalar_F5F_Q3M_C4M_P2,6365100
v1_scalar_F5F_Q3M_C4M_P2,6478000
v1_scalar_F5F_Q3M_C4M_P2,6909200
v1_scalar_F5F_Q3M_C4M_P2,6722100
v1_scalar_F5F_Q3M_C4M_P2,6842400
v1_scalar_F5F_Q3M_C4M_P2,6980400
v1_scalar_F5F_Q3M_C4M_P2,6882600
v1_scalar_F5F_Q3M_C4M_P2,7357800
v1_scalar_F5F_Q3M_C4M_P2,6434800
v1_scalar_F5F_Q3M_C4M_P2,6715800
v1_scalar_F5F_Q3M_C4M_P2,6715600
v1_scalar_F5F_Q3M_C4M_P2,6520200
v1_scalar_F5F_Q3M_C4M_P2,7239800
v1_scalar_F5F_Q3M_C4M_P2,6508600
v1_scalar_F5F_Q3M_C4M_P2,6552400
v1_scalar_F5F_Q3M_C4M_P2,6873900
v1_scalar_F5F_Q3M_C4M_P2,7400600
v1_scalar_F5F_Q3M_C4M_P2,6463800
v1_scalar_F5F_Q3M_C4M_P2,6408500
v1_scalar_F5F_Q3M_C4M_P2,6470400
v1_scalar_F5F_Q3M_C4M_P2,6395400
v1_scalar_F5F_Q3M_C4M_P2,6436900
v1_scalar_F5F_Q3M_C4M_P2,6839600
v1_scalar_F5F_Q3M_C4M_P2,6642000
v1_scalar_F5F_Q3M_C4M_P2,6797900
v1_scalar_F5F_Q3M_C4M_P2,6424100
v1_scalar_F5F_Q3M_C4M_P2,6671900
v1_scalar_F5F_Q3M_C4M_P2,6451000
v1_scalar_F5F_Q3M_C4M_P2,6537000
v1_scalar_F5F_Q3M_C4M_P2,6473200
v1_scalar_F5F_Q3M_C4M_P2,6450800
v1_scalar_F5F_Q3M_C4M_P2,6413300
v1_scalar_F5F_Q3M_C4M_P2,6358000
v1_scalar_F5F_Q3M_C4M_P2,6452000
v1_scalar_F5F_Q3M_C4M_P2,6392800
v1_scalar_F5F_Q3M_C4M_P2,6408400
v1_scalar_F5F_Q3M_C4M_P2,6358400
v1_scalar_F5F_Q3M_C4M_P2,6785900
v1_scalar_F5F_Q3M_C4M_P2,6744600
v1_scalar_F5F_Q3M_C4M_P2,6617900
v1_scalar_F5F_Q3M_C4M_P2,6757100
v1_scalar_F5F_Q3M_C4M_P2,7076900
v1_scalar_F5F_Q3M_C4M_P2,6591500
v1_scalar_F5F_Q3M_C4M_P2,6386200
v1_scalar_F5F_Q3M_C4M_P2,6513800
v1_scalar_F5F_Q3M_C4M_P2,6557300
v1_scalar_F5F_Q3M_C4M_P2,6536800
v1_scalar_F5F_Q3M_C4M_P2,6758700
v1_scalar_F5F_Q3M_C4M_P2,6622400
v1_scalar_F5F_Q3M_C4M_P2,6890300
v1_scalar_F5F_Q3M_C4M_P2,6867300
v1_scalar_F5F_Q3M_C4M_P2,6883000
v1_scalar_F5F_Q3M_C4M_P2,6620600
v1_scalar_F5F_Q3M_C4M_P2,6787700
v1_scalar_F5F_Q3M_C4M_P2,6395200
v1_scalar_F5F_Q3M_C4M_P2,6389100
v1_scalar_F5F_Q3M_C4M_P2,6563700
v1_scalar_F5F_Q3M_C4M_P2,6347500
v1_scalar_F5F_Q3M_C4M_P2,6735900
v1_scalar_F5F_Q3M_C4M_P2,6463200
v1_scalar_F5F_Q3M_C4M_P2,6441200
v1_scalar_F5F_Q3M_C4M_P2,6453700
v1_scalar_F5F_Q3M_C4M_P2,6408700
v1_scalar_F5F_Q3M_C4M_P2,6375600
v1_scalar_F5F_Q3M_C4M_P2,6422000
v1_scalar_F5F_Q3M_C4M_P2,6489900
v1_scalar_F5F_Q3M_C4M_P2,6405500
v1_scalar_F5F_Q3M_C4M_P2,6527600
v1_scalar_F5F_Q3M_C4M_P2,6411900
v1_scalar_F5F_Q3M_C4M_P2,6388300
v1_scalar_F5F_Q3M_C4M_P2,6437700
v1_scalar_F5F_Q3M_C4M_P2,6418600
v1_scalar_F5F_Q3M_C4M_P2,6457900
v1_scalar_F5F_Q3M_C4M_P2,6805200
v1_scalar_F5F_Q3M_C4M_P2,6841900
v1_scalar_F5F_Q3M_C4M_P2,6443400
v1_scalar_F5F_Q3M_C4M_P2,6510000
v1_scalar_F5F_Q3M_C4M_P2,6604900
v1_scalar_F5F_Q3M_C4M_P2,6587900
v1_scalar_F5F_Q3M_C4M_P2,6694600
v1_scalar_F5F_Q3M_C4M_P2,6739900
v1_scalar_F5F_Q3M_C4M_P2,6798700
v1_scalar_F5F_Q3M_C4M_P2,6399700
v1_scalar_F5F_Q3M_C4M_P2,6397900
v1_scalar_F5F_Q3M_C4M_P2,6809200
v1_scalar_F5F_Q3M_C4M_P2,6941000
v1_scalar_F5F_Q3M_C4M_P2,7029800
v1_scalar_F5F_Q3M_C4M_P2,6426900
v1_scalar_F5F_Q3M_C4M_P2,6453900
v1_scalar_F5F_Q3M_C4M_P2,6409800
v1_scalar_F5F_Q3M_C4M_P2,6642300
v1_scalar_F5F_Q3M_C4M_P2,6426900
v1_scalar_F5F_Q3M_C4M_P2,6387900
v1_scalar_F5F_Q3M_C4M_P2,6603900
v1_scalar_F5F_Q3M_C4M_P2,6459500
v1_scalar_F5F_Q3M_C4M_P2,6520700
v1_scalar_F5F_Q3M_C4M_P2,6430700
v1_scalar_F5F_Q3M_C4M_P2,6409900
v1_scalar_F5F_Q3M_C4M_P2,6456800
v1_scalar_F5F_Q3M_C4M_P2,6390300
v1_scalar_F5F_Q3M_C4M_P2,6491100
v1_scalar_F5F_Q3M_C4M_P2,6387000
v1_scalar_F5F_Q3M_C4M_P2,6472800
v1_scalar_F5F_Q3M_C4M_P2,6458300
v1_scalar_F5F_Q3M_C4M_P2,6361700
v1_scalar_F5F_Q3M_C4M_P2,6408600
v1_scalar_F5F_Q3M_C4M_P2,6336800
v1_scalar_F5F_Q3M_C4M_P2,6602300
v1_scalar_F5F_Q3M_C4M_P2,6323000
v1_scalar_F5F_Q3M_C4M_P2,6378300
v1_scalar_F5F_Q3M_C4M_P2,6391200
v1_scalar_F5F_Q3M_C4M_P2,6575800
v1_scalar_F5F_Q3M_C4M_P2,6775200
v1_scalar_F5F_Q3M_C4M_P2,6350900
v1_scalar_F5F_Q3M_C4M_P2,6355300
v1_scalar_F5F_Q3M_C4M_P2,6363000
v1_scalar_F5F_Q3M_C4M_P2,6376800
v1_scalar_F5F_Q3M_C4M_P2,6942900
v1_scalar_F5F_Q3M_C4M_P2,6756800
v1_scalar_F5F_Q3M_C4M_P2,6938200
v1_scalar_F5F_Q3M_C4M_P2,7021200
v1_scalar_F5F_Q3M_C4M_P2,6608800
v1_scalar_F5F_Q3M_C4M_P2,6351000
v1_scalar_F5F_Q3M_C4M_P2,6456700
v1_scalar_F5F_Q3M_C4M_P2,6720900
v1_scalar_F5F_Q3M_C4M_P2,7045500
v1_scalar_F5F_Q3M_C4M_P2,6851800
v1_scalar_F5F_Q3M_C4M_P2,7003000
v1_scalar_F5F_Q3M_C4M_P2,6451500
v1_scalar_F5F_Q3M_C4M_P2,6355300
v1_scalar_F5F_Q3M_C4M_P2,6865700
v1_scalar_F5F_Q3M_C4M_P2,6364100
v1_scalar_F5F_Q3M_C4M_P2,6471800
v1_scalar_F5F_Q3M_C4M_P2,6334700
v1_scalar_F5F_Q3M_C4M_P2,6335300
v1_scalar_F5F_Q3M_C4M_P2,6382300
v1_scalar_F5F_Q3M_C4M_P2,6415700
v1_scalar_F5F_Q3M_C4M_P2,6782000
v1_scalar_F5F_Q3M_C4M_P2,6825400
v1_scalar_F5F_Q3M_C4M_P2,6481700
v1_scalar_F5F_Q3M_C4M_P2,6394800
v1_scalar_F5F_Q3M_C4M_P2,6387100
v1_scalar_F5F_Q3M_C4M_P2,6986000
v1_scalar_F5F_Q3M_C4M_P2,6411000
v1_scalar_F5F_Q4F_C1R_P2,80750200
v1_scalar_F5F_Q4F_C1R_P2,81915400
v1_scalar_F5F_Q4F_C1R_P2,82732100
v1_scalar_F5F_Q4F_C1R_P2,81829000
v1_scalar_F5F_Q4F_C1R_P2,82408600
v1_scalar_F5F_Q4F_C1R_P2,82864300
v1_scalar_F5F_Q4F_C1R_P2,81172400
v1_scalar_F5F_Q4F_C1R_P2,81222200
v1_scalar_F5F_Q4F_C1R_P2,81672000
v1_scalar_F5F_Q4F_C1R_P2,82389400
v1_scalar_F5F_Q4F_C1R_P2,82436800
v1_scalar_F5F_Q4F_C1R_P2,81193400
v1_scalar_F5F_Q4F_C1R_P2,82340300
v1_scalar_F5F_Q4F_C1R_P2,80484500
v1_scalar_F5F_Q4F_C1R_P2,80132500
v1_scalar_F5F_Q4F_C1R_P2,82604100
v1_scalar_F5F_Q4F_C1R_P2,82015200
v1_scalar_F5F_Q4F_C1R_P2,80941200
v1_scalar_F5F_Q4F_C1R_P2,80817800
v1_scalar_F5F_Q4F_C1R_P2,81691100
v1_scalar_F5F_Q4F_C1R_P2,82087100
v1_scalar_F5F_Q4F_C1R_P2,81917600
v1_scalar_F5F_Q4F_C1R_P2,82766100
v1_scalar_F5F_Q4F_C1R_P2,80134800
v1_scalar_F5F_Q4F_C1R_P2,82265200
v1_scalar_F5F_Q4F_C1X_P2,48176500
v1_scalar_F5F_Q4F_C1X_P2,47666800
v1_scalar_F5F_Q4F_C1X_P2,47874300
v1_scalar_F5F_Q4F_C1X_P2,47813600
v1_scalar_F5F_Q4F_C1X_P2,48434000
v1_scalar_F5F_Q4F_C1X_P2,48315700
v1_scalar_F5F_Q4F_C1X_P2,47852500
v1_scalar_F5F_Q4F_C1X_P2,47515400
v1_scalar_F5F_Q4F_C1X_P2,47939000
v1_scalar_F5F_Q4F_C1X_P2,47880800
v1_scalar_F5F_Q4F_C1X_P2,49017300
v1_scalar_F5F_Q4F_C1X_P2,47878700
v1_scalar_F5F_Q4F_C1X_P2,47391000
v1_scalar_F5F_Q4F_C1X_P2,48138500
v1_scalar_F5F_Q4F_C1X_P2,47678600
v1_scalar_F5F_Q4F_C1X_P2,47749200
v1_scalar_F5F_Q4F_C1X_P2,48519000
v1_scalar_F5F_Q4F_C1X_P2,48449800
v1_scalar_F5F_Q4F_C1X_P2,47786800
v1_scalar_F5F_Q4F_C1X_P2,49767600
v1_scalar_F5F_Q4F_C1X_P2,48023400
v1_scalar_F5F_Q4F_C1X_P2,47901000
v1_scalar_F5F_Q4F_C1X_P2,47954600
v1_scalar_F5F_Q4F_C1X_P2,47756100
v1_scalar_F5F_Q4F_C1X_P2,48364100
v1_scalar_F5F_Q4F_C1X_P2,49040100
v1_scalar_F5F_Q4F_C1X_P2,48080600
v1_scalar_F5F_Q4F_C1X_P2,49107500
v1_scalar_F5F_Q4F_C1X_P2,48362900
v1_scalar_F5F_Q4F_C1X_P2,48276200
v1_scalar_F5F_Q4F_C1X_P2,51655200
v1_scalar_F5F_Q4F_C1X_P2,48668700
v1_scalar_F5F_Q4F_C1X_P2,48277400
v1_scalar_F5F_Q4F_C1X_P2,47946300
v1_scalar_F5F_Q4F_C1X_P2,47567200
v1_scalar_F5F_Q4F_C1X_P2,48129100
v1_scalar_F5F_Q4F_C1X_P2,47646400
v1_scalar_F5F_Q4F_C1X_P2,47592300
v1_scalar_F5F_Q4F_C1X_P2,47991800
v1_scalar_F5F_Q4F_C1X_P2,49526400
v1_scalar_F5F_Q4F_C1X_P2,47769400
v1_scalar_F5F_Q4F_C1X_P2,47822600
v1_scalar_F5F_Q4F_C2R_P2,65211400
v1_scalar_F5F_Q4F_C2R_P2,65518900
v1_scalar_F5F_Q4F_C2R_P2,64788100
v1_scalar_F5F_Q4F_C2R_P2,64742300
v1_scalar_F5F_Q4F_C2R_P2,67171500
v1_scalar_F5F_Q4F_C2R_P2,64887100
v1_scalar_F5F_Q4F_C2R_P2,65310500
v1_scalar_F5F_Q4F_C2R_P2,65593200
v1_scalar_F5F_Q4F_C2R_P2,64064200
v1_scalar_F5F_Q4F_C2R_P2,64687500
v1_scalar_F5F_Q4F_C2R_P2,63783000
v1_scalar_F5F_Q4F_C2R_P2,64330800
v1_scalar_F5F_Q4F_C2R_P2,64193800
v1_scalar_F5F_Q4F_C2R_P2,63559200
v1_scalar_F5F_Q4F_C2R_P2,63310300
v1_scalar_F5F_Q4F_C2R_P2,64254200
v1_scalar_F5F_Q4F_C2R_P2,65173100
v1_scalar_F5F_Q4F_C2R_P2,64313300
v1_scalar_F5F_Q4F_C2R_P2,63960800
v1_scalar_F5F_Q4F_C2R_P2,65350900
v1_scalar_F5F_Q4F_C2R_P2,63931000
v1_scalar_F5F_Q4F_C2R_P2,65522900
v1_scalar_F5F_Q4F_C2R_P2,63456200
v1_scalar_F5F_Q4F_C2R_P2,64338000
v1_scalar_F5F_Q4F_C2R_P2,65382700
v1_scalar_F5F_Q4F_C2R_P2,65015000
v1_scalar_F5F_Q4F_C2R_P2,64877400
v1_scalar_F5F_Q4F_C2R_P2,68796800
v1_scalar_F5F_Q4F_C2R_P2,65708400
v1_scalar_F5F_Q4F_C2R_P2,64579200
v1_scalar_F5F_Q4F_C2R_P2,64861500
v1_scalar_F5F_Q4F_C2R_P2,63445900
v1_scalar_F5F_Q4F_C2X_P2,41872900
v1_scalar_F5F_Q4F_C2X_P2,39076100
v1_scalar_F5F_Q4F_C2X_P2,38981100
v1_scalar_F5F_Q4F_C2X_P2,40108000
v1_scalar_F5F_Q4F_C2X_P2,40271900
v1_scalar_F5F_Q4F_C2X_P2,39560500
v1_scalar_F5F_Q4F_C2X_P2,38804800
v1_scalar_F5F_Q4F_C2X_P2,39739400
v1_scalar_F5F_Q4F_C2X_P2,40334500
v1_scalar_F5F_Q4F_C2X_P2,38841900
v1_scalar_F5F_Q4F_C2X_P2,39351600
v1_scalar_F5F_Q4F_C2X_P2,38908700
v1_scalar_F5F_Q4F_C2X_P2,39305900
v1_scalar_F5F_Q4F_C2X_P2,38730500
v1_scalar_F5F_Q4F_C2X_P2,38839300
v1_scalar_F5F_Q4F_C2X_P2,39689500
v1_scalar_F5F_Q4F_C2X_P2,38813300
v1_scalar_F5F_Q4F_C2X_P2,39383200
v1_scalar_F5F_Q4F_C2X_P2,40310600
v1_scalar_F5F_Q4F_C2X_P2,40755900
v1_scalar_F5F_Q4F_C2X_P2,39803100
v1_scalar_F5F_Q4F_C2X_P2,38720600
v1_scalar_F5F_Q4F_C2X_P2,39092800
v1_scalar_F5F_Q4F_C2X_P2,38856800
v1_scalar_F5F_Q4F_C2X_P2,39182200
v1_scalar_F5F_Q4F_C2X_P2,38939600
v1_scalar_F5F_Q4F_C2X_P2,38922200
v1_scalar_F5F_Q4F_C2X_P2,39984100
v1_scalar_F5F_Q4F_C2X_P2,38893300
v1_scalar_F5F_Q4F_C2X_P2,40080500
v1_scalar_F5F_Q4F_C2X_P2,39880900
v1_scalar_F5F_Q4F_C2X_P2,38927000
v1_scalar_F5F_Q4F_C2X_P2,40026800
v1_scalar_F5F_Q4F_C2X_P2,40146600
v1_scalar_F5F_Q4F_C2X_P2,39490600
v1_scalar_F5F_Q4F_C2X_P2,39199900
v1_scalar_F5F_Q4F_C2X_P2,39217800
v1_scalar_F5F_Q4F_C2X_P2,39063600
v1_scalar_F5F_Q4F_C2X_P2,39217400
v1_scalar_F5F_Q4F_C2X_P2,39121800
v1_scalar_F5F_Q4F_C2X_P2,39631200
v1_scalar_F5F_Q4F_C2X_P2,38766500
v1_scalar_F5F_Q4F_C2X_P2,39672300
v1_scalar_F5F_Q4F_C2X_P2,38625100
v1_scalar_F5F_Q4F_C2X_P2,39792000
v1_scalar_F5F_Q4F_C2X_P2,40811200
v1_scalar_F5F_Q4F_C2X_P2,40113700
v1_scalar_F5F_Q4F_C2X_P2,41170900
v1_scalar_F5F_Q4F_C2X_P2,40348100
v1_scalar_F5F_Q4F_C2X_P2,41480400
v1_scalar_F5F_Q4F_C3_P2,28966700
v1_scalar_F5F_Q4F_C3_P2,31443200
v1_scalar_F5F_Q4F_C3_P2,30081100
v1_scalar_F5F_Q4F_C3_P2,29984900
v1_scalar_F5F_Q4F_C3_P2,30557900
v1_scalar_F5F_Q4F_C3_P2,29186700
v1_scalar_F5F_Q4F_C3_P2,29688700
v1_scalar_F5F_Q4F_C3_P2,29386700
v1_scalar_F5F_Q4F_C3_P2,29391000
v1_scalar_F5F_Q4F_C3_P2,29637100
v1_scalar_F5F_Q4F_C3_P2,30104500
v1_scalar_F5F_Q4F_C3_P2,30131600
v1_scalar_F5F_Q4F_C3_P2,29641400
v1_scalar_F5F_Q4F_C3_P2,29112200
v1_scalar_F5F_Q4F_C3_P2,28925300
v1_scalar_F5F_Q4F_C3_P2,28780200
v1_scalar_F5F_Q4F_C3_P2,28893400
v1_scalar_F5F_Q4F_C3_P2,30678300
v1_scalar_F5F_Q4F_C3_P2,28954100
v1_scalar_F5F_Q4F_C3_P2,30275700
v1_scalar_F5F_Q4F_C3_P2,30620900
v1_scalar_F5F_Q4F_C3_P2,29024800
v1_scalar_F5F_Q4F_C3_P2,29390500
v1_scalar_F5F_Q4F_C3_P2,30707300
v1_scalar_F5F_Q4F_C3_P2,32264000
v1_scalar_F5F_Q4F_C3_P2,29404300
v1_scalar_F5F_Q4F_C3_P2,29183300
v1_scalar_F5F_Q4F_C3_P2,31143300
v1_scalar_F5F_Q4F_C3_P2,29779000
v1_scalar_F5F_Q4F_C3_P2,29293300
v1_scalar_F5F_Q4F_C3_P2,29371300
v1_scalar_F5F_Q4F_C3_P2,30829300
v1_scalar_F5F_Q4F_C3_P2,31990800
v1_scalar_F5F_Q4F_C3_P2,30545900
v1_scalar_F5F_Q4F_C3_P2,31330100
v1_scalar_F5F_Q4F_C3_P2,29155400
v1_scalar_F5F_Q4F_C3_P2,29138900
v1_scalar_F5F_Q4F_C3_P2,30253900
v1_scalar_F5F_Q4F_C3_P2,29773700
v1_scalar_F5F_Q4F_C3_P2,29365000
v1_scalar_F5F_Q4F_C3_P2,29229900
v1_scalar_F5F_Q4F_C3_P2,29542500
v1_scalar_F5F_Q4F_C3_P2,29211400
v1_scalar_F5F_Q4F_C3_P2,29176600
v1_scalar_F5F_Q4F_C3_P2,29903100
v1_scalar_F5F_Q4F_C3_P2,30294100
v1_scalar_F5F_Q4F_C3_P2,29763400
v1_scalar_F5F_Q4F_C3_P2,30833400
v1_scalar_F5F_Q4F_C3_P2,29021400
v1_scalar_F5F_Q4F_C3_P2,29926400
v1_scalar_F5F_Q4F_C3_P2,28925600
v1_scalar_F5F_Q4F_C3_P2,29182100
v1_scalar_F5F_Q4F_C3_P2,29547000
v1_scalar_F5F_Q4F_C3_P2,29430500
v1_scalar_F5F_Q4F_C3_P2,29600700
v1_scalar_F5F_Q4F_C3_P2,29935500
v1_scalar_F5F_Q4F_C3_P2,29020000
v1_scalar_F5F_Q4F_C3_P2,29034000
v1_scalar_F5F_Q4F_C3_P2,29336700
v1_scalar_F5F_Q4F_C3_P2,30072200
v1_scalar_F5F_Q4F_C3_P2,29234900
v1_scalar_F5F_Q4F_C3_P2,29110100
v1_scalar_F5F_Q4F_C3_P2,29702400
v1_scalar_F5F_Q4F_C3_P2,30440400
v1_scalar_F5F_Q4F_C3_P2,30696200
v1_scalar_F5F_Q4F_C3_P2,30300600
v1_scalar_F5F_Q4F_C3_P2,29134500
v1_scalar_F5F_Q4F_C4F_P2,29403900
v1_scalar_F5F_Q4F_C4F_P2,30333600
v1_scalar_F5F_Q4F_C4F_P2,30074600
v1_scalar_F5F_Q4F_C4F_P2,30068900
v1_scalar_F5F_Q4F_C4F_P2,29858400
v1_scalar_F5F_Q4F_C4F_P2,29648200
v1_scalar_F5F_Q4F_C4F_P2,29863900
v1_scalar_F5F_Q4F_C4F_P2,30009300
v1_scalar_F5F_Q4F_C4F_P2,30179500
v1_scalar_F5F_Q4F_C4F_P2,30442100
v1_scalar_F5F_Q4F_C4F_P2,29738700
v1_scalar_F5F_Q4F_C4F_P2,30680700
v1_scalar_F5F_Q4F_C4F_P2,29866900
v1_scalar_F5F_Q4F_C4F_P2,30235000
v1_scalar_F5F_Q4F_C4F_P2,30520000
v1_scalar_F5F_Q4F_C4F_P2,30078600
v1_scalar_F5F_Q4F_C4F_P2,29384000
v1_scalar_F5F_Q4F_C4F_P2,29280900
v1_scalar_F5F_Q4F_C4F_P2,30072700
v1_scalar_F5F_Q4F_C4F_P2,29379200
v1_scalar_F5F_Q4F_C4F_P2,29453200
v1_scalar_F5F_Q4F_C4F_P2,29345800
v1_scalar_F5F_Q4F_C4F_P2,29616200
v1_scalar_F5F_Q4F_C4F_P2,29691200
v1_scalar_F5F_Q4F_C4F_P2,29457400
v1_scalar_F5F_Q4F_C4F_P2,30467700
v1_scalar_F5F_Q4F_C4F_P2,29506900
v1_scalar_F5F_Q4F_C4F_P2,29276100
v1_scalar_F5F_Q4F_C4F_P2,29948600
v1_scalar_F5F_Q4F_C4F_P2,29708800
v1_scalar_F5F_Q4F_C4F_P2,29671400
v1_scalar_F5F_Q4F_C4F_P2,30016900
v1_scalar_F5F_Q4F_C4F_P2,30026200
v1_scalar_F5F_Q4F_C4F_P2,30286800
v1_scalar_F5F_Q4F_C4F_P2,29547800
v1_scalar_F5F_Q4F_C4F_P2,30152200
v1_scalar_F5F_Q4F_C4F_P2,29422400
v1_scalar_F5F_Q4F_C4F_P2,29913000
v1_scalar_F5F_Q4F_C4F_P2,30072400
v1_scalar_F5F_Q4F_C4F_P2,29890900
v1_scalar_F5F_Q4F_C4F_P2,29359600
v1_scalar_F5F_Q4F_C4F_P2,29537800
v1_scalar_F5F_Q4F_C4F_P2,29562000
v1_scalar_F5F_Q4F_C4F_P2,29787300
v1_scalar_F5F_Q4F_C4F_P2,29929500
v1_scalar_F5F_Q4F_C4F_P2,30209600
v1_scalar_F5F_Q4F_C4F_P2,29522400
v1_scalar_F5F_Q4F_C4F_P2,29601300
v1_scalar_F5F_Q4F_C4F_P2,30951400
v1_scalar_F5F_Q4F_C4F_P2,29543500
v1_scalar_F5F_Q4F_C4F_P2,30098400
v1_scalar_F5F_Q4F_C4F_P2,31117100
v1_scalar_F5F_Q4F_C4F_P2,31333400
v1_scalar_F5F_Q4F_C4F_P2,30963900
v1_scalar_F5F_Q4F_C4F_P2,30067400
v1_scalar_F5F_Q4F_C4F_P2,30259100
v1_scalar_F5F_Q4F_C4F_P2,29323000
v1_scalar_F5F_Q4F_C4F_P2,29473500
v1_scalar_F5F_Q4F_C4F_P2,30136700
v1_scalar_F5F_Q4F_C4F_P2,30638700
v1_scalar_F5F_Q4F_C4F_P2,30583900
v1_scalar_F5F_Q4F_C4F_P2,30877000
v1_scalar_F5F_Q4F_C4F_P2,30504800
v1_scalar_F5F_Q4F_C4F_P2,30995300
v1_scalar_F5F_Q4F_C4F_P2,30094700
v1_scalar_F5F_Q4F_C4F_P2,29764500
v1_scalar_F5F_Q4F_C4M_P2,32481200
v1_scalar_F5F_Q4F_C4M_P2,32237600
v1_scalar_F5F_Q4F_C4M_P2,32109000
v1_scalar_F5F_Q4F_C4M_P2,32866800
v1_scalar_F5F_Q4F_C4M_P2,32489000
v1_scalar_F5F_Q4F_C4M_P2,31701100
v1_scalar_F5F_Q4F_C4M_P2,32221200
v1_scalar_F5F_Q4F_C4M_P2,32381200
v1_scalar_F5F_Q4F_C4M_P2,31681400
v1_scalar_F5F_Q4F_C4M_P2,32585700
v1_scalar_F5F_Q4F_C4M_P2,31697700
v1_scalar_F5F_Q4F_C4M_P2,32293100
v1_scalar_F5F_Q4F_C4M_P2,31761300
v1_scalar_F5F_Q4F_C4M_P2,33237800
v1_scalar_F5F_Q4F_C4M_P2,31635900
v1_scalar_F5F_Q4F_C4M_P2,32185200
v1_scalar_F5F_Q4F_C4M_P2,31618200
v1_scalar_F5F_Q4F_C4M_P2,31651100
v1_scalar_F5F_Q4F_C4M_P2,32190900
v1_scalar_F5F_Q4F_C4M_P2,33228600
v1_scalar_F5F_Q4F_C4M_P2,31845200
v1_scalar_F5F_Q4F_C4M_P2,31623200
v1_scalar_F5F_Q4F_C4M_P2,31860300
v1_scalar_F5F_Q4F_C4M_P2,32921000
v1_scalar_F5F_Q4F_C4M_P2,33769500
v1_scalar_F5F_Q4F_C4M_P2,41793200
v1_scalar_F5F_Q4F_C4M_P2,32948600
v1_scalar_F5F_Q4F_C4M_P2,32385400
v1_scalar_F5F_Q4F_C4M_P2,32188900
v1_scalar_F5F_Q4F_C4M_P2,32886600
v1_scalar_F5F_Q4F_C4M_P2,32067300
v1_scalar_F5F_Q4F_C4M_P2,32259400
v1_scalar_F5F_Q4F_C4M_P2,32259500
v1_scalar_F5F_Q4F_C4M_P2,32389200
v1_scalar_F5F_Q4F_C4M_P2,31917900
v1_scalar_F5F_Q4F_C4M_P2,32050100
v1_scalar_F5F_Q4F_C4M_P2,32251100
v1_scalar_F5F_Q4F_C4M_P2,32821900
v1_scalar_F5F_Q4F_C4M_P2,33011200
v1_scalar_F5F_Q4F_C4M_P2,32256700
v1_scalar_F5F_Q4F_C4M_P2,31727300
v1_scalar_F5F_Q4F_C4M_P2,32459500
v1_scalar_F5F_Q4F_C4M_P2,32945300
v1_scalar_F5F_Q4F_C4M_P2,31855300
v1_scalar_F5F_Q4F_C4M_P2,32386000
v1_scalar_F5F_Q4F_C4M_P2,31885200
v1_scalar_F5F_Q4F_C4M_P2,32507400
v1_scalar_F5F_Q4F_C4M_P2,31665700
v1_scalar_F5F_Q4F_C4M_P2,31832700
v1_scalar_F5F_Q4F_C4M_P2,32569900
v1_scalar_F5F_Q4F_C4M_P2,32576100
v1_scalar_F5F_Q4F_C4M_P2,44768500
v1_scalar_F5F_Q4F_C4M_P2,31833300
v1_scalar_F5F_Q4F_C4M_P2,31940700
v1_scalar_F5F_Q4F_C4M_P2,31914300
v1_scalar_F5F_Q4F_C4M_P2,32595500
v1_scalar_F5F_Q4F_C4M_P2,32081700
v1_scalar_F5F_Q4F_C4M_P2,32630800
v1_scalar_F5F_Q4F_C4M_P2,31828900
v1_scalar_F5F_Q4F_C4M_P2,31936200
v1_scalar_F5F_Q4F_C4M_P2,31834300
v1_scalar_F5F_Q4M_C1R_P2,88092300
v1_scalar_F5F_Q4M_C1R_P2,88856600
v1_scalar_F5F_Q4M_C1R_P2,87446600
v1_scalar_F5F_Q4M_C1R_P2,89949300
v1_scalar_F5F_Q4M_C1R_P2,90117400
v1_scalar_F5F_Q4M_C1R_P2,88547600
v1_scalar_F5F_Q4M_C1R_P2,88899000
v1_scalar_F5F_Q4M_C1R_P2,89897600
v1_scalar_F5F_Q4M_C1R_P2,89794000
v1_scalar_F5F_Q4M_C1R_P2,89312900
v1_scalar_F5F_Q4M_C1R_P2,87862300
v1_scalar_F5F_Q4M_C1R_P2,87011300
v1_scalar_F5F_Q4M_C1R_P2,89814200
v1_scalar_F5F_Q4M_C1R_P2,87483500
v1_scalar_F5F_Q4M_C1R_P2,88391800
v1_scalar_F5F_Q4M_C1R_P2,89459300
v1_scalar_F5F_Q4M_C1R_P2,88159500
v1_scalar_F5F_Q4M_C1R_P2,99612400
v1_scalar_F5F_Q4M_C1R_P2,87520700
v1_scalar_F5F_Q4M_C1R_P2,88180200
v1_scalar_F5F_Q4M_C1R_P2,87327400
v1_scalar_F5F_Q4M_C1R_P2,88371200
v1_scalar_F5F_Q4M_C1R_P2,89197900
v1_scalar_F5F_Q4M_C1X_P2,55369800
v1_scalar_F5F_Q4M_C1X_P2,55265700
v1_scalar_F5F_Q4M_C1X_P2,56486600
v1_scalar_F5F_Q4M_C1X_P2,56890900
v1_scalar_F5F_Q4M_C1X_P2,56148000
v1_scalar_F5F_Q4M_C1X_P2,55596100
v1_scalar_F5F_Q4M_C1X_P2,56266900
v1_scalar_F5F_Q4M_C1X_P2,56747200
v1_scalar_F5F_Q4M_C1X_P2,56686400
v1_scalar_F5F_Q4M_C1X_P2,55796400
v1_scalar_F5F_Q4M_C1X_P2,55931500
v1_scalar_F5F_Q4M_C1X_P2,56433400
v1_scalar_F5F_Q4M_C1X_P2,55357600
v1_scalar_F5F_Q4M_C1X_P2,55667800
v1_scalar_F5F_Q4M_C1X_P2,55949600
v1_scalar_F5F_Q4M_C1X_P2,56106400
v1_scalar_F5F_Q4M_C1X_P2,56298000
v1_scalar_F5F_Q4M_C1X_P2,56566000
v1_scalar_F5F_Q4M_C1X_P2,55924100
v1_scalar_F5F_Q4M_C1X_P2,55306900
v1_scalar_F5F_Q4M_C1X_P2,57048500
v1_scalar_F5F_Q4M_C1X_P2,56812000
v1_scalar_F5F_Q4M_C1X_P2,55095600
v1_scalar_F5F_Q4M_C1X_P2,55820600
v1_scalar_F5F_Q4M_C1X_P2,55513500
v1_scalar_F5F_Q4M_C1X_P2,56118000
v1_scalar_F5F_Q4M_C1X_P2,56167200
v1_scalar_F5F_Q4M_C1X_P2,56142400
v1_scalar_F5F_Q4M_C1X_P2,57044700
v1_scalar_F5F_Q4M_C1X_P2,55694700
v1_scalar_F5F_Q4M_C1X_P2,55569800
v1_scalar_F5F_Q4M_C1X_P2,55961400
v1_scalar_F5F_Q4M_C1X_P2,57202000
v1_scalar_F5F_Q4M_C1X_P2,57163400
v1_scalar_F5F_Q4M_C1X_P2,56393400
v1_scalar_F5F_Q4M_C1X_P2,55295600
v1_scalar_F5F_Q4M_C1X_P2,58129200
v1_scalar_F5F_Q4M_C2R_P2,70719000
v1_scalar_F5F_Q4M_C2R_P2,69760400
v1_scalar_F5F_Q4M_C2R_P2,70992200
v1_scalar_F5F_Q4M_C2R_P2,70565700
v1_scalar_F5F_Q4M_C2R_P2,69242900
v1_scalar_F5F_Q4M_C2R_P2,71328400
v1_scalar_F5F_Q4M_C2R_P2,71959000
v1_scalar_F5F_Q4M_C2R_P2,93998700
v1_scalar_F5F_Q4M_C2R_P2,73785000
v1_scalar_F5F_Q4M_C2R_P2,71364400
v1_scalar_F5F_Q4M_C2R_P2,71865400
v1_scalar_F5F_Q4M_C2R_P2,71658500
v1_scalar_F5F_Q4M_C2R_P2,73528700
v1_scalar_F5F_Q4M_C2R_P2,74082600
v1_scalar_F5F_Q4M_C2R_P2,70389100
v1_scalar_F5F_Q4M_C2R_P2,71773600
v1_scalar_F5F_Q4M_C2R_P2,71387500
v1_scalar_F5F_Q4M_C2R_P2,70768900
v1_scalar_F5F_Q4M_C2R_P2,69815300
v1_scalar_F5F_Q4M_C2R_P2,69587000
v1_scalar_F5F_Q4M_C2R_P2,69197500
v1_scalar_F5F_Q4M_C2R_P2,71767900
v1_scalar_F5F_Q4M_C2R_P2,69126300
v1_scalar_F5F_Q4M_C2R_P2,69832700
v1_scalar_F5F_Q4M_C2R_P2,69887300
v1_scalar_F5F_Q4M_C2R_P2,72077000
v1_scalar_F5F_Q4M_C2R_P2,73134900
v1_scalar_F5F_Q4M_C2R_P2,70017400
v1_scalar_F5F_Q4M_C2R_P2,69885800
v1_scalar_F5F_Q4M_C2X_P2,48112200
v1_scalar_F5F_Q4M_C2X_P2,47470900
v1_scalar_F5F_Q4M_C2X_P2,46574100
v1_scalar_F5F_Q4M_C2X_P2,46682400
v1_scalar_F5F_Q4M_C2X_P2,47753400
v1_scalar_F5F_Q4M_C2X_P2,46331100
v1_scalar_F5F_Q4M_C2X_P2,47034000
v1_scalar_F5F_Q4M_C2X_P2,48562600
v1_scalar_F5F_Q4M_C2X_P2,48665600
v1_scalar_F5F_Q4M_C2X_P2,48079700
v1_scalar_F5F_Q4M_C2X_P2,48349100
v1_scalar_F5F_Q4M_C2X_P2,50166800
v1_scalar_F5F_Q4M_C2X_P2,47179700
v1_scalar_F5F_Q4M_C2X_P2,46463200
v1_scalar_F5F_Q4M_C2X_P2,48942700
v1_scalar_F5F_Q4M_C2X_P2,47120600
v1_scalar_F5F_Q4M_C2X_P2,48472300
v1_scalar_F5F_Q4M_C2X_P2,48424000
v1_scalar_F5F_Q4M_C2X_P2,47572200
v1_scalar_F5F_Q4M_C2X_P2,48056000
v1_scalar_F5F_Q4M_C2X_P2,48036500
v1_scalar_F5F_Q4M_C2X_P2,47235700
v1_scalar_F5F_Q4M_C2X_P2,46488700
v1_scalar_F5F_Q4M_C2X_P2,47733300
v1_scalar_F5F_Q4M_C2X_P2,47688600
v1_scalar_F5F_Q4M_C2X_P2,46607800
v1_scalar_F5F_Q4M_C2X_P2,48045500
v1_scalar_F5F_Q4M_C2X_P2,47689400
v1_scalar_F5F_Q4M_C2X_P2,46621700
v1_scalar_F5F_Q4M_C2X_P2,46718800
v1_scalar_F5F_Q4M_C2X_P2,47357000
v1_scalar_F5F_Q4M_C2X_P2,46706300
v1_scalar_F5F_Q4M_C2X_P2,46973800
v1_scalar_F5F_Q4M_C2X_P2,47173700
v1_scalar_F5F_Q4M_C2X_P2,48065400
v1_scalar_F5F_Q4M_C2X_P2,47213100
v1_scalar_F5F_Q4M_C2X_P2,47548000
v1_scalar_F5F_Q4M_C2X_P2,48303100
v1_scalar_F5F_Q4M_C2X_P2,47940700
v1_scalar_F5F_Q4M_C2X_P2,46734900
v1_scalar_F5F_Q4M_C2X_P2,47840100
v1_scalar_F5F_Q4M_C2X_P2,47345700
v1_scalar_F5F_Q4M_C2X_P2,47600100
v1_scalar_F5F_Q4M_C3_P2,38302500
v1_scalar_F5F_Q4M_C3_P2,38360800
v1_scalar_F5F_Q4M_C3_P2,37997300
v1_scalar_F5F_Q4M_C3_P2,37393200
v1_scalar_F5F_Q4M_C3_P2,37273500
v1_scalar_F5F_Q4M_C3_P2,37860800
v1_scalar_F5F_Q4M_C3_P2,38278600
v1_scalar_F5F_Q4M_C3_P2,37439200
v1_scalar_F5F_Q4M_C3_P2,37488600
v1_scalar_F5F_Q4M_C3_P2,38260400
v1_scalar_F5F_Q4M_C3_P2,37003200
v1_scalar_F5F_Q4M_C3_P2,37800200
v1_scalar_F5F_Q4M_C3_P2,38136200
v1_scalar_F5F_Q4M_C3_P2,37288200
v1_scalar_F5F_Q4M_C3_P2,37473400
v1_scalar_F5F_Q4M_C3_P2,37950200
v1_scalar_F5F_Q4M_C3_P2,37899700
v1_scalar_F5F_Q4M_C3_P2,39730900
v1_scalar_F5F_Q4M_C3_P2,38765300
v1_scalar_F5F_Q4M_C3_P2,37593900
v1_scalar_F5F_Q4M_C3_P2,37130900
v1_scalar_F5F_Q4M_C3_P2,37736800
v1_scalar_F5F_Q4M_C3_P2,37097600
v1_scalar_F5F_Q4M_C3_P2,37084600
v1_scalar_F5F_Q4M_C3_P2,38544000
v1_scalar_F5F_Q4M_C3_P2,37808300
v1_scalar_F5F_Q4M_C3_P2,37596800
v1_scalar_F5F_Q4M_C3_P2,37988600
v1_scalar_F5F_Q4M_C3_P2,38221000
v1_scalar_F5F_Q4M_C3_P2,37494000
v1_scalar_F5F_Q4M_C3_P2,38016700
v1_scalar_F5F_Q4M_C3_P2,38028700
v1_scalar_F5F_Q4M_C3_P2,37737000
v1_scalar_F5F_Q4M_C3_P2,38518400
v1_scalar_F5F_Q4M_C3_P2,38943500
v1_scalar_F5F_Q4M_C3_P2,37506700
v1_scalar_F5F_Q4M_C3_P2,37584100
v1_scalar_F5F_Q4M_C3_P2,37080200
v1_scalar_F5F_Q4M_C3_P2,37282100
v1_scalar_F5F_Q4M_C3_P2,37375800
v1_scalar_F5F_Q4M_C3_P2,37592200
v1_scalar_F5F_Q4M_C3_P2,37248700
v1_scalar_F5F_Q4M_C3_P2,38203100
v1_scalar_F5F_Q4M_C3_P2,37283100
v1_scalar_F5F_Q4M_C3_P2,38559400
v1_scalar_F5F_Q4M_C3_P2,37447100
v1_scalar_F5F_Q4M_C3_P2,37202400
v1_scalar_F5F_Q4M_C3_P2,37378800
v1_scalar_F5F_Q4M_C3_P2,38398400
v1_scalar_F5F_Q4M_C3_P2,37242400
v1_scalar_F5F_Q4M_C3_P2,38280300
v1_scalar_F5F_Q4M_C3_P2,38011200
v1_scalar_F5F_Q4M_C3_P2,37740500
v1_scalar_F5F_Q4M_C3_P2,38129100
v1_scalar_F5F_Q4M_C4F_P2,37666200
v1_scalar_F5F_Q4M_C4F_P2,38521900
v1_scalar_F5F_Q4M_C4F_P2,38914200
v1_scalar_F5F_Q4M_C4F_P2,38409900
v1_scalar_F5F_Q4M_C4F_P2,38149800
v1_scalar_F5F_Q4M_C4F_P2,38081600
v1_scalar_F5F_Q4M_C4F_P2,38198100
v1_scalar_F5F_Q4M_C4F_P2,37645900
v1_scalar_F5F_Q4M_C4F_P2,38096200
v1_scalar_F5F_Q4M_C4F_P2,37415500
v1_scalar_F5F_Q4M_C4F_P2,38221600
v1_scalar_F5F_Q4M_C4F_P2,37809800
v1_scalar_F5F_Q4M_C4F_P2,37892800
v1_scalar_F5F_Q4M_C4F_P2,38943200
v1_scalar_F5F_Q4M_C4F_P2,38081500
v1_scalar_F5F_Q4M_C4F_P2,37543200
v1_scalar_F5F_Q4M_C4F_P2,37710000
v1_scalar_F5F_Q4M_C4F_P2,37438700
v1_scalar_F5F_Q4M_C4F_P2,38203600
v1_scalar_F5F_Q4M_C4F_P2,37941400
v1_scalar_F5F_Q4M_C4F_P2,38256400
v1_scalar_F5F_Q4M_C4F_P2,37829200
v1_scalar_F5F_Q4M_C4F_P2,37740900
v1_scalar_F5F_Q4M_C4F_P2,38464600
v1_scalar_F5F_Q4M_C4F_P2,38554800
v1_scalar_F5F_Q4M_C4F_P2,37854300
v1_scalar_F5F_Q4M_C4F_P2,38718700
v1_scalar_F5F_Q4M_C4F_P2,38145700
v1_scalar_F5F_Q4M_C4F_P2,38164300
v1_scalar_F5F_Q4M_C4F_P2,38096400
v1_scalar_F5F_Q4M_C4F_P2,38232600
v1_scalar_F5F_Q4M_C4F_P2,37610900
v1_scalar_F5F_Q4M_C4F_P2,38664800
v1_scalar_F5F_Q4M_C4F_P2,38110600
v1_scalar_F5F_Q4M_C4F_P2,37879600
v1_scalar_F5F_Q4M_C4F_P2,37492100
v1_scalar_F5F_Q4M_C4F_P2,38360000
v1_scalar_F5F_Q4M_C4F_P2,38001300
v1_scalar_F5F_Q4M_C4F_P2,39124500
v1_scalar_F5F_Q4M_C4F_P2,37510700
v1_scalar_F5F_Q4M_C4F_P2,37984500
v1_scalar_F5F_Q4M_C4F_P2,37851500
v1_scalar_F5F_Q4M_C4F_P2,38452800
v1_scalar_F5F_Q4M_C4F_P2,38364600
v1_scalar_F5F_Q4M_C4F_P2,38732300
v1_scalar_F5F_Q4M_C4F_P2,37741900
v1_scalar_F5F_Q4M_C4F_P2,38083700
v1_scalar_F5F_Q4M_C4F_P2,38188800
v1_scalar_F5F_Q4M_C4F_P2,37664100
v1_scalar_F5F_Q4M_C4F_P2,38766800
v1_scalar_F5F_Q4M_C4F_P2,38714000
v1_scalar_F5F_Q4M_C4F_P2,37714800
v1_scalar_F5F_Q4M_C4F_P2,38045900
v1_scalar_F5F_Q4M_C4M_P2,40186000
v1_scalar_F5F_Q4M_C4M_P2,40215900
v1_scalar_F5F_Q4M_C4M_P2,41120900
v1_scalar_F5F_Q4M_C4M_P2,40404900
v1_scalar_F5F_Q4M_C4M_P2,41059000
v1_scalar_F5F_Q4M_C4M_P2,41605500
v1_scalar_F5F_Q4M_C4M_P2,40046100
v1_scalar_F5F_Q4M_C4M_P2,40127400
v1_scalar_F5F_Q4M_C4M_P2,40289200
v1_scalar_F5F_Q4M_C4M_P2,40058500
v1_scalar_F5F_Q4M_C4M_P2,39651300
v1_scalar_F5F_Q4M_C4M_P2,40355600
v1_scalar_F5F_Q4M_C4M_P2,39730800
v1_scalar_F5F_Q4M_C4M_P2,40335500
v1_scalar_F5F_Q4M_C4M_P2,40573600
v1_scalar_F5F_Q4M_C4M_P2,40993400
v1_scalar_F5F_Q4M_C4M_P2,40311900
v1_scalar_F5F_Q4M_C4M_P2,40645700
v1_scalar_F5F_Q4M_C4M_P2,40073900
v1_scalar_F5F_Q4M_C4M_P2,40477600
v1_scalar_F5F_Q4M_C4M_P2,41508200
v1_scalar_F5F_Q4M_C4M_P2,41028600
v1_scalar_F5F_Q4M_C4M_P2,41173300
v1_scalar_F5F_Q4M_C4M_P2,40617800
v1_scalar_F5F_Q4M_C4M_P2,40765300
v1_scalar_F5F_Q4M_C4M_P2,40696600
v1_scalar_F5F_Q4M_C4M_P2,39658700
v1_scalar_F5F_Q4M_C4M_P2,40152300
v1_scalar_F5F_Q4M_C4M_P2,40409400
v1_scalar_F5F_Q4M_C4M_P2,40866400
v1_scalar_F5F_Q4M_C4M_P2,39873900
v1_scalar_F5F_Q4M_C4M_P2,40378300
v1_scalar_F5F_Q4M_C4M_P2,41250100
v1_scalar_F5F_Q4M_C4M_P2,41458000
v1_scalar_F5F_Q4M_C4M_P2,39963800
v1_scalar_F5F_Q4M_C4M_P2,41402700
v1_scalar_F5F_Q4M_C4M_P2,40750200
v1_scalar_F5F_Q4M_C4M_P2,41511900
v1_scalar_F5F_Q4M_C4M_P2,43168800
v1_scalar_F5F_Q4M_C4M_P2,40054700
v1_scalar_F5F_Q4M_C4M_P2,40170500
v1_scalar_F5F_Q4M_C4M_P2,40384200
v1_scalar_F5F_Q4M_C4M_P2,40199000
v1_scalar_F5F_Q4M_C4M_P2,41351300
v1_scalar_F5F_Q4M_C4M_P2,41299200
v1_scalar_F5F_Q4M_C4M_P2,40224800
v1_scalar_F5F_Q4M_C4M_P2,41438900
v1_scalar_F5F_Q4M_C4M_P2,40716000
v1_scalar_F5F_Q4M_C4M_P2,39797400
v1_scalar_F5F_Q4M_C4M_P2,40334500
v1_scalar_F5M_Q1_C1R_P2,119651500
v1_scalar_F5M_Q1_C1R_P2,120039900
v1_scalar_F5M_Q1_C1R_P2,118884100
v1_scalar_F5M_Q1_C1R_P2,118554200
v1_scalar_F5M_Q1_C1R_P2,118044400
v1_scalar_F5M_Q1_C1R_P2,119925300
v1_scalar_F5M_Q1_C1R_P2,121968600
v1_scalar_F5M_Q1_C1R_P2,117717700
v1_scalar_F5M_Q1_C1R_P2,119109500
v1_scalar_F5M_Q1_C1R_P2,118077500
v1_scalar_F5M_Q1_C1R_P2,119370100
v1_scalar_F5M_Q1_C1R_P2,120065900
v1_scalar_F5M_Q1_C1R_P2,119677500
v1_scalar_F5M_Q1_C1R_P2,120184400
v1_scalar_F5M_Q1_C1R_P2,119023600
v1_scalar_F5M_Q1_C1R_P2,120707400
v1_scalar_F5M_Q1_C1R_P2,118547900
v1_scalar_F5M_Q1_C1X_P2,61870200
v1_scalar_F5M_Q1_C1X_P2,61995200
v1_scalar_F5M_Q1_C1X_P2,62390000
v1_scalar_F5M_Q1_C1X_P2,62174700
v1_scalar_F5M_Q1_C1X_P2,61354100
v1_scalar_F5M_Q1_C1X_P2,60890900
v1_scalar_F5M_Q1_C1X_P2,61322300
v1_scalar_F5M_Q1_C1X_P2,59682900
v1_scalar_F5M_Q1_C1X_P2,59484000
v1_scalar_F5M_Q1_C1X_P2,59707200
v1_scalar_F5M_Q1_C1X_P2,60153400
v1_scalar_F5M_Q1_C1X_P2,60827900
v1_scalar_F5M_Q1_C1X_P2,60721600
v1_scalar_F5M_Q1_C1X_P2,61393800
v1_scalar_F5M_Q1_C1X_P2,61217700
v1_scalar_F5M_Q1_C1X_P2,59694500
v1_scalar_F5M_Q1_C1X_P2,60991200
v1_scalar_F5M_Q1_C1X_P2,61362400
v1_scalar_F5M_Q1_C1X_P2,61051900
v1_scalar_F5M_Q1_C1X_P2,61750400
v1_scalar_F5M_Q1_C1X_P2,61873700
v1_scalar_F5M_Q1_C1X_P2,61684600
v1_scalar_F5M_Q1_C1X_P2,61333700
v1_scalar_F5M_Q1_C1X_P2,60676200
v1_scalar_F5M_Q1_C1X_P2,60198600
v1_scalar_F5M_Q1_C1X_P2,61986600
v1_scalar_F5M_Q1_C1X_P2,60581500
v1_scalar_F5M_Q1_C1X_P2,59836900
v1_scalar_F5M_Q1_C1X_P2,61181100
v1_scalar_F5M_Q1_C1X_P2,61681200
v1_scalar_F5M_Q1_C1X_P2,61424300
v1_scalar_F5M_Q1_C1X_P2,60730000
v1_scalar_F5M_Q1_C1X_P2,59838100
v1_scalar_F5M_Q1_C2R_P2,100768800
v1_scalar_F5M_Q1_C2R_P2,103551800
v1_scalar_F5M_Q1_C2R_P2,102962500
v1_scalar_F5M_Q1_C2R_P2,101285300
v1_scalar_F5M_Q1_C2R_P2,103298100
v1_scalar_F5M_Q1_C2R_P2,100695700
v1_scalar_F5M_Q1_C2R_P2,101741000
v1_scalar_F5M_Q1_C2R_P2,100851500
v1_scalar_F5M_Q1_C2R_P2,101459800
v1_scalar_F5M_Q1_C2R_P2,103048700
v1_scalar_F5M_Q1_C2R_P2,101404300
v1_scalar_F5M_Q1_C2R_P2,103312200
v1_scalar_F5M_Q1_C2R_P2,101924000
v1_scalar_F5M_Q1_C2R_P2,102107900
v1_scalar_F5M_Q1_C2R_P2,102762500
v1_scalar_F5M_Q1_C2R_P2,104797800
v1_scalar_F5M_Q1_C2R_P2,102596900
v1_scalar_F5M_Q1_C2R_P2,102509100
v1_scalar_F5M_Q1_C2R_P2,101904800
v1_scalar_F5M_Q1_C2R_P2,105208700
v1_scalar_F5M_Q1_C2R_P2,101291300
v1_scalar_F5M_Q1_C2X_P2,52599800
v1_scalar_F5M_Q1_C2X_P2,52333300
v1_scalar_F5M_Q1_C2X_P2,51324400
v1_scalar_F5M_Q1_C2X_P2,51627600
v1_scalar_F5M_Q1_C2X_P2,52602200
v1_scalar_F5M_Q1_C2X_P2,51393200
v1_scalar_F5M_Q1_C2X_P2,52785800
v1_scalar_F5M_Q1_C2X_P2,52690400
v1_scalar_F5M_Q1_C2X_P2,52816000
v1_scalar_F5M_Q1_C2X_P2,52871300
v1_scalar_F5M_Q1_C2X_P2,52143300
v1_scalar_F5M_Q1_C2X_P2,52392300
v1_scalar_F5M_Q1_C2X_P2,51504500
v1_scalar_F5M_Q1_C2X_P2,53591200
v1_scalar_F5M_Q1_C2X_P2,53621900
v1_scalar_F5M_Q1_C2X_P2,52771100
v1_scalar_F5M_Q1_C2X_P2,53512000
v1_scalar_F5M_Q1_C2X_P2,52791300
v1_scalar_F5M_Q1_C2X_P2,51971300
v1_scalar_F5M_Q1_C2X_P2,52291700
v1_scalar_F5M_Q1_C2X_P2,52140100
v1_scalar_F5M_Q1_C2X_P2,51695000
v1_scalar_F5M_Q1_C2X_P2,52905200
v1_scalar_F5M_Q1_C2X_P2,53267300
v1_scalar_F5M_Q1_C2X_P2,52659600
v1_scalar_F5M_Q1_C2X_P2,51932700
v1_scalar_F5M_Q1_C2X_P2,52612700
v1_scalar_F5M_Q1_C2X_P2,52067300
v1_scalar_F5M_Q1_C2X_P2,52744300
v1_scalar_F5M_Q1_C2X_P2,53108800
v1_scalar_F5M_Q1_C2X_P2,52567900
v1_scalar_F5M_Q1_C2X_P2,51811700
v1_scalar_F5M_Q1_C2X_P2,52553900
v1_scalar_F5M_Q1_C2X_P2,51631500
v1_scalar_F5M_Q1_C2X_P2,53112500
v1_scalar_F5M_Q1_C2X_P2,52813800
v1_scalar_F5M_Q1_C2X_P2,53041700
v1_scalar_F5M_Q1_C2X_P2,53264200
v1_scalar_F5M_Q1_C2X_P2,53098700
v1_scalar_F5M_Q1_C3_P2,42213600
v1_scalar_F5M_Q1_C3_P2,42067000
v1_scalar_F5M_Q1_C3_P2,42469200
v1_scalar_F5M_Q1_C3_P2,42975500
v1_scalar_F5M_Q1_C3_P2,41903700
v1_scalar_F5M_Q1_C3_P2,41916900
v1_scalar_F5M_Q1_C3_P2,44549100
v1_scalar_F5M_Q1_C3_P2,42147300
v1_scalar_F5M_Q1_C3_P2,42745400
v1_scalar_F5M_Q1_C3_P2,41877500
v1_scalar_F5M_Q1_C3_P2,42443500
v1_scalar_F5M_Q1_C3_P2,42599900
v1_scalar_F5M_Q1_C3_P2,41968600
v1_scalar_F5M_Q1_C3_P2,41997800
v1_scalar_F5M_Q1_C3_P2,42121100
v1_scalar_F5M_Q1_C3_P2,42583900
v1_scalar_F5M_Q1_C3_P2,41859500
v1_scalar_F5M_Q1_C3_P2,42705000
v1_scalar_F5M_Q1_C3_P2,41577700
v1_scalar_F5M_Q1_C3_P2,41599500
v1_scalar_F5M_Q1_C3_P2,41975200
v1_scalar_F5M_Q1_C3_P2,41623000
v1_scalar_F5M_Q1_C3_P2,41565400
v1_scalar_F5M_Q1_C3_P2,41705000
v1_scalar_F5M_Q1_C3_P2,42331800
v1_scalar_F5M_Q1_C3_P2,55166900
v1_scalar_F5M_Q1_C3_P2,41792700
v1_scalar_F5M_Q1_C3_P2,42531400
v1_scalar_F5M_Q1_C3_P2,41750000
v1_scalar_F5M_Q1_C3_P2,43434800
v1_scalar_F5M_Q1_C3_P2,41646500
v1_scalar_F5M_Q1_C3_P2,42179200
v1_scalar_F5M_Q1_C3_P2,42349500
v1_scalar_F5M_Q1_C3_P2,41620200
v1_scalar_F5M_Q1_C3_P2,41613400
v1_scalar_F5M_Q1_C3_P2,43336000
v1_scalar_F5M_Q1_C3_P2,41438200
v1_scalar_F5M_Q1_C3_P2,42405700
v1_scalar_F5M_Q1_C3_P2,42664900
v1_scalar_F5M_Q1_C3_P2,44019500
v1_scalar_F5M_Q1_C3_P2,51569400
v1_scalar_F5M_Q1_C3_P2,42064200
v1_scalar_F5M_Q1_C3_P2,42463800
v1_scalar_F5M_Q1_C3_P2,42508000
v1_scalar_F5M_Q1_C3_P2,42237200
v1_scalar_F5M_Q1_C3_P2,42047700
v1_scalar_F5M_Q1_C3_P2,43318400
v1_scalar_F5M_Q1_C4F_P2,42684800
v1_scalar_F5M_Q1_C4F_P2,42293300
v1_scalar_F5M_Q1_C4F_P2,42931700
v1_scalar_F5M_Q1_C4F_P2,42902000
v1_scalar_F5M_Q1_C4F_P2,42500600
v1_scalar_F5M_Q1_C4F_P2,41052500
v1_scalar_F5M_Q1_C4F_P2,41683800
v1_scalar_F5M_Q1_C4F_P2,41626500
v1_scalar_F5M_Q1_C4F_P2,41553200
v1_scalar_F5M_Q1_C4F_P2,41574000
v1_scalar_F5M_Q1_C4F_P2,42753000
v1_scalar_F5M_Q1_C4F_P2,42081900
v1_scalar_F5M_Q1_C4F_P2,41721000
v1_scalar_F5M_Q1_C4F_P2,42617400
v1_scalar_F5M_Q1_C4F_P2,42320700
v1_scalar_F5M_Q1_C4F_P2,44533800
v1_scalar_F5M_Q1_C4F_P2,41382200
v1_scalar_F5M_Q1_C4F_P2,47924900
v1_scalar_F5M_Q1_C4F_P2,43527400
v1_scalar_F5M_Q1_C4F_P2,42853600
v1_scalar_F5M_Q1_C4F_P2,42920900
v1_scalar_F5M_Q1_C4F_P2,41614000
v1_scalar_F5M_Q1_C4F_P2,42595800
v1_scalar_F5M_Q1_C4F_P2,41136800
v1_scalar_F5M_Q1_C4F_P2,41526100
v1_scalar_F5M_Q1_C4F_P2,43024900
v1_scalar_F5M_Q1_C4F_P2,42934300
v1_scalar_F5M_Q1_C4F_P2,43216700
v1_scalar_F5M_Q1_C4F_P2,43198000
v1_scalar_F5M_Q1_C4F_P2,43802000
v1_scalar_F5M_Q1_C4F_P2,43966400
v1_scalar_F5M_Q1_C4F_P2,43338500
v1_scalar_F5M_Q1_C4F_P2,41644600
v1_scalar_F5M_Q1_C4F_P2,42016100
v1_scalar_F5M_Q1_C4F_P2,42664200
v1_scalar_F5M_Q1_C4F_P2,41469000
v1_scalar_F5M_Q1_C4F_P2,42411000
v1_scalar_F5M_Q1_C4F_P2,43056400
v1_scalar_F5M_Q1_C4F_P2,42817300
v1_scalar_F5M_Q1_C4F_P2,41450800
v1_scalar_F5M_Q1_C4F_P2,41585500
v1_scalar_F5M_Q1_C4F_P2,43384500
v1_scalar_F5M_Q1_C4F_P2,43057400
v1_scalar_F5M_Q1_C4F_P2,42838800
v1_scalar_F5M_Q1_C4F_P2,43025000
v1_scalar_F5M_Q1_C4F_P2,43371800
v1_scalar_F5M_Q1_C4F_P2,42853800
v1_scalar_F5M_Q1_C4M_P2,44364700
v1_scalar_F5M_Q1_C4M_P2,46510200
v1_scalar_F5M_Q1_C4M_P2,44580200
v1_scalar_F5M_Q1_C4M_P2,45662800
v1_scalar_F5M_Q1_C4M_P2,46205700
v1_scalar_F5M_Q1_C4M_P2,45483800
v1_scalar_F5M_Q1_C4M_P2,45768300
v1_scalar_F5M_Q1_C4M_P2,46036200
v1_scalar_F5M_Q1_C4M_P2,45318600
v1_scalar_F5M_Q1_C4M_P2,45810200
v1_scalar_F5M_Q1_C4M_P2,46162200
v1_scalar_F5M_Q1_C4M_P2,45764500
v1_scalar_F5M_Q1_C4M_P2,46968500
v1_scalar_F5M_Q1_C4M_P2,45023500
v1_scalar_F5M_Q1_C4M_P2,46002800
v1_scalar_F5M_Q1_C4M_P2,44058100
v1_scalar_F5M_Q1_C4M_P2,45069400
v1_scalar_F5M_Q1_C4M_P2,44876400
v1_scalar_F5M_Q1_C4M_P2,44827500
v1_scalar_F5M_Q1_C4M_P2,46045900
v1_scalar_F5M_Q1_C4M_P2,44558800
v1_scalar_F5M_Q1_C4M_P2,44133300
v1_scalar_F5M_Q1_C4M_P2,45524500
v1_scalar_F5M_Q1_C4M_P2,44332800
v1_scalar_F5M_Q1_C4M_P2,44535900
v1_scalar_F5M_Q1_C4M_P2,45537400
v1_scalar_F5M_Q1_C4M_P2,43886700
v1_scalar_F5M_Q1_C4M_P2,45010200
v1_scalar_F5M_Q1_C4M_P2,45322100
v1_scalar_F5M_Q1_C4M_P2,45762700
v1_scalar_F5M_Q1_C4M_P2,45052300
v1_scalar_F5M_Q1_C4M_P2,45240800
v1_scalar_F5M_Q1_C4M_P2,44382400
v1_scalar_F5M_Q1_C4M_P2,44513000
v1_scalar_F5M_Q1_C4M_P2,44719300
v1_scalar_F5M_Q1_C4M_P2,45801400
v1_scalar_F5M_Q1_C4M_P2,44588500
v1_scalar_F5M_Q1_C4M_P2,45935500
v1_scalar_F5M_Q1_C4M_P2,44542300
v1_scalar_F5M_Q1_C4M_P2,44721400
v1_scalar_F5M_Q1_C4M_P2,44403000
v1_scalar_F5M_Q1_C4M_P2,45301600
v1_scalar_F5M_Q1_C4M_P2,44882300
v1_scalar_F5M_Q1_C4M_P2,44251800
v1_scalar_F5M_Q1_C4M_P2,44316700
v1_scalar_F5M_Q2R_C1R_P2,179162000
v1_scalar_F5M_Q2R_C1R_P2,179375300
v1_scalar_F5M_Q2R_C1R_P2,183533400
v1_scalar_F5M_Q2R_C1R_P2,180007300
v1_scalar_F5M_Q2R_C1R_P2,178914200
v1_scalar_F5M_Q2R_C1R_P2,182076100
v1_scalar_F5M_Q2R_C1R_P2,179530200
v1_scalar_F5M_Q2R_C1R_P2,181198800
v1_scalar_F5M_Q2R_C1R_P2,181467200
v1_scalar_F5M_Q2R_C1R_P2,176916700
v1_scalar_F5M_Q2R_C1R_P2,178429100
v1_scalar_F5M_Q2R_C1R_P2,180039800
v1_scalar_F5M_Q2R_C1X_P2,139025300
v1_scalar_F5M_Q2R_C1X_P2,140211500
v1_scalar_F5M_Q2R_C1X_P2,138717000
v1_scalar_F5M_Q2R_C1X_P2,139639000
v1_scalar_F5M_Q2R_C1X_P2,138379800
v1_scalar_F5M_Q2R_C1X_P2,139386600
v1_scalar_F5M_Q2R_C1X_P2,140417400
v1_scalar_F5M_Q2R_C1X_P2,137393000
v1_scalar_F5M_Q2R_C1X_P2,136855000
v1_scalar_F5M_Q2R_C1X_P2,139573900
v1_scalar_F5M_Q2R_C1X_P2,140075500
v1_scalar_F5M_Q2R_C1X_P2,141198000
v1_scalar_F5M_Q2R_C1X_P2,138496400
v1_scalar_F5M_Q2R_C1X_P2,139741900
v1_scalar_F5M_Q2R_C1X_P2,137790600
v1_scalar_F5M_Q2R_C2R_P2,165670300
v1_scalar_F5M_Q2R_C2R_P2,163728700
v1_scalar_F5M_Q2R_C2R_P2,161121300
v1_scalar_F5M_Q2R_C2R_P2,162651700
v1_scalar_F5M_Q2R_C2R_P2,161152700
v1_scalar_F5M_Q2R_C2R_P2,160744000
v1_scalar_F5M_Q2R_C2R_P2,162163400
v1_scalar_F5M_Q2R_C2R_P2,161155400
v1_scalar_F5M_Q2R_C2R_P2,160965600
v1_scalar_F5M_Q2R_C2R_P2,162450200
v1_scalar_F5M_Q2R_C2R_P2,160531500
v1_scalar_F5M_Q2R_C2R_P2,179990000
v1_scalar_F5M_Q2R_C2R_P2,165907200
v1_scalar_F5M_Q2R_C2X_P2,129539300
v1_scalar_F5M_Q2R_C2X_P2,129373500
v1_scalar_F5M_Q2R_C2X_P2,130266000
v1_scalar_F5M_Q2R_C2X_P2,130568300
v1_scalar_F5M_Q2R_C2X_P2,135319600
v1_scalar_F5M_Q2R_C2X_P2,132575600
v1_scalar_F5M_Q2R_C2X_P2,131133000
v1_scalar_F5M_Q2R_C2X_P2,131540600
v1_scalar_F5M_Q2R_C2X_P2,132689700
v1_scalar_F5M_Q2R_C2X_P2,129200100
v1_scalar_F5M_Q2R_C2X_P2,130704600
v1_scalar_F5M_Q2R_C2X_P2,129332100
v1_scalar_F5M_Q2R_C2X_P2,129444800
v1_scalar_F5M_Q2R_C2X_P2,129191800
v1_scalar_F5M_Q2R_C2X_P2,130019200
v1_scalar_F5M_Q2R_C2X_P2,129430100
v1_scalar_F5M_Q2R_C3_P2,119387200
v1_scalar_F5M_Q2R_C3_P2,121791100
v1_scalar_F5M_Q2R_C3_P2,117685600
v1_scalar_F5M_Q2R_C3_P2,118117000
v1_scalar_F5M_Q2R_C3_P2,117593200
v1_scalar_F5M_Q2R_C3_P2,118681700
v1_scalar_F5M_Q2R_C3_P2,118488500
v1_scalar_F5M_Q2R_C3_P2,117678700
v1_scalar_F5M_Q2R_C3_P2,118845500
v1_scalar_F5M_Q2R_C3_P2,118022600
v1_scalar_F5M_Q2R_C3_P2,117797400
v1_scalar_F5M_Q2R_C3_P2,118691200
v1_scalar_F5M_Q2R_C3_P2,117871300
v1_scalar_F5M_Q2R_C3_P2,118987700
v1_scalar_F5M_Q2R_C3_P2,120234700
v1_scalar_F5M_Q2R_C3_P2,123618900
v1_scalar_F5M_Q2R_C3_P2,117320700
v1_scalar_F5M_Q2R_C3_P2,119608200
v1_scalar_F5M_Q2R_C4F_P2,119683400
v1_scalar_F5M_Q2R_C4F_P2,120013100
v1_scalar_F5M_Q2R_C4F_P2,121708200
v1_scalar_F5M_Q2R_C4F_P2,121300600
v1_scalar_F5M_Q2R_C4F_P2,118158500
v1_scalar_F5M_Q2R_C4F_P2,118154600
v1_scalar_F5M_Q2R_C4F_P2,120440100
v1_scalar_F5M_Q2R_C4F_P2,121380800
v1_scalar_F5M_Q2R_C4F_P2,120514900
v1_scalar_F5M_Q2R_C4F_P2,119677500
v1_scalar_F5M_Q2R_C4F_P2,122766000
v1_scalar_F5M_Q2R_C4F_P2,120947600
v1_scalar_F5M_Q2R_C4F_P2,124718900
v1_scalar_F5M_Q2R_C4F_P2,119908900
v1_scalar_F5M_Q2R_C4F_P2,119632300
v1_scalar_F5M_Q2R_C4F_P2,122297700
v1_scalar_F5M_Q2R_C4F_P2,121544600
v1_scalar_F5M_Q2R_C4M_P2,119501800
v1_scalar_F5M_Q2R_C4M_P2,122966600
v1_scalar_F5M_Q2R_C4M_P2,120697600
v1_scalar_F5M_Q2R_C4M_P2,120941800
v1_scalar_F5M_Q2R_C4M_P2,122125800
v1_scalar_F5M_Q2R_C4M_P2,120430100
v1_scalar_F5M_Q2R_C4M_P2,118740100
v1_scalar_F5M_Q2R_C4M_P2,119126800
v1_scalar_F5M_Q2R_C4M_P2,121614700
v1_scalar_F5M_Q2R_C4M_P2,121361800
v1_scalar_F5M_Q2R_C4M_P2,119452400
v1_scalar_F5M_Q2R_C4M_P2,121128500
v1_scalar_F5M_Q2R_C4M_P2,121045300
v1_scalar_F5M_Q2R_C4M_P2,121004900
v1_scalar_F5M_Q2R_C4M_P2,121536600
v1_scalar_F5M_Q2R_C4M_P2,120417100
v1_scalar_F5M_Q2R_C4M_P2,124611400
v1_scalar_F5M_Q2X_C1R_P2,130900700
v1_scalar_F5M_Q2X_C1R_P2,131456800
v1_scalar_F5M_Q2X_C1R_P2,131115000
v1_scalar_F5M_Q2X_C1R_P2,129768300
v1_scalar_F5M_Q2X_C1R_P2,131669600
v1_scalar_F5M_Q2X_C1R_P2,131373500
v1_scalar_F5M_Q2X_C1R_P2,133161300
v1_scalar_F5M_Q2X_C1R_P2,131906300
v1_scalar_F5M_Q2X_C1R_P2,132192100
v1_scalar_F5M_Q2X_C1R_P2,130663000
v1_scalar_F5M_Q2X_C1R_P2,131540600
v1_scalar_F5M_Q2X_C1R_P2,130084200
v1_scalar_F5M_Q2X_C1R_P2,128863700
v1_scalar_F5M_Q2X_C1R_P2,130647700
v1_scalar_F5M_Q2X_C1R_P2,133069200
v1_scalar_F5M_Q2X_C1R_P2,130525900
v1_scalar_F5M_Q2X_C1X_P2,89047400
v1_scalar_F5M_Q2X_C1X_P2,90220300
v1_scalar_F5M_Q2X_C1X_P2,88113200
v1_scalar_F5M_Q2X_C1X_P2,87800700
v1_scalar_F5M_Q2X_C1X_P2,88452300
v1_scalar_F5M_Q2X_C1X_P2,87287000
v1_scalar_F5M_Q2X_C1X_P2,87866100
v1_scalar_F5M_Q2X_C1X_P2,89048100
v1_scalar_F5M_Q2X_C1X_P2,87468700
v1_scalar_F5M_Q2X_C1X_P2,86768100
v1_scalar_F5M_Q2X_C1X_P2,86626000
v1_scalar_F5M_Q2X_C1X_P2,89019700
v1_scalar_F5M_Q2X_C1X_P2,88495900
v1_scalar_F5M_Q2X_C1X_P2,88055600
v1_scalar_F5M_Q2X_C1X_P2,86944000
v1_scalar_F5M_Q2X_C1X_P2,88253100
v1_scalar_F5M_Q2X_C1X_P2,87862400
v1_scalar_F5M_Q2X_C1X_P2,87112400
v1_scalar_F5M_Q2X_C1X_P2,88497300
v1_scalar_F5M_Q2X_C1X_P2,88035300
v1_scalar_F5M_Q2X_C1X_P2,88015600
v1_scalar_F5M_Q2X_C1X_P2,87738900
v1_scalar_F5M_Q2X_C1X_P2,87133200
v1_scalar_F5M_Q2X_C2R_P2,109515300
v1_scalar_F5M_Q2X_C2R_P2,111020800
v1_scalar_F5M_Q2X_C2R_P2,108887600
v1_scalar_F5M_Q2X_C2R_P2,111217500
v1_scalar_F5M_Q2X_C2R_P2,110280200
v1_scalar_F5M_Q2X_C2R_P2,110763700
v1_scalar_F5M_Q2X_C2R_P2,110207200
v1_scalar_F5M_Q2X_C2R_P2,109342500
v1_scalar_F5M_Q2X_C2R_P2,112485700
v1_scalar_F5M_Q2X_C2R_P2,110754200
v1_scalar_F5M_Q2X_C2R_P2,111801000
v1_scalar_F5M_Q2X_C2R_P2,111077000
v1_scalar_F5M_Q2X_C2R_P2,111423300
v1_scalar_F5M_Q2X_C2R_P2,109646700
v1_scalar_F5M_Q2X_C2R_P2,110779300
v1_scalar_F5M_Q2X_C2R_P2,112820500
v1_scalar_F5M_Q2X_C2R_P2,110248400
v1_scalar_F5M_Q2X_C2R_P2,109412300
v1_scalar_F5M_Q2X_C2R_P2,110642800
v1_scalar_F5M_Q2X_C2X_P2,85774400
v1_scalar_F5M_Q2X_C2X_P2,77645400
v1_scalar_F5M_Q2X_C2X_P2,77555800
v1_scalar_F5M_Q2X_C2X_P2,77856600
v1_scalar_F5M_Q2X_C2X_P2,78128600
v1_scalar_F5M_Q2X_C2X_P2,77041500
v1_scalar_F5M_Q2X_C2X_P2,75740100
v1_scalar_F5M_Q2X_C2X_P2,76301800
v1_scalar_F5M_Q2X_C2X_P2,76696700
v1_scalar_F5M_Q2X_C2X_P2,76802600
v1_scalar_F5M_Q2X_C2X_P2,75903800
v1_scalar_F5M_Q2X_C2X_P2,76125400
v1_scalar_F5M_Q2X_C2X_P2,76269800
v1_scalar_F5M_Q2X_C2X_P2,75558100
v1_scalar_F5M_Q2X_C2X_P2,79244300
v1_scalar_F5M_Q2X_C2X_P2,77608600
v1_scalar_F5M_Q2X_C2X_P2,77039300
v1_scalar_F5M_Q2X_C2X_P2,78468900
v1_scalar_F5M_Q2X_C2X_P2,77541000
v1_scalar_F5M_Q2X_C2X_P2,78435300
v1_scalar_F5M_Q2X_C2X_P2,76451300
v1_scalar_F5M_Q2X_C2X_P2,75589700
v1_scalar_F5M_Q2X_C2X_P2,76678300
v1_scalar_F5M_Q2X_C2X_P2,78537100
v1_scalar_F5M_Q2X_C2X_P2,75612500
v1_scalar_F5M_Q2X_C2X_P2,74579700
v1_scalar_F5M_Q2X_C2X_P2,76360200
v1_scalar_F5M_Q2X_C3_P2,67344000
v1_scalar_F5M_Q2X_C3_P2,67054400
v1_scalar_F5M_Q2X_C3_P2,67466500
v1_scalar_F5M_Q2X_C3_P2,68578700
v1_scalar_F5M_Q2X_C3_P2,68255000
v1_scalar_F5M_Q2X_C3_P2,69279900
v1_scalar_F5M_Q2X_C3_P2,67551000
v1_scalar_F5M_Q2X_C3_P2,67588700
v1_scalar_F5M_Q2X_C3_P2,67240200
v1_scalar_F5M_Q2X_C3_P2,66189700
v1_scalar_F5M_Q2X_C3_P2,67242900
v1_scalar_F5M_Q2X_C3_P2,67053900
v1_scalar_F5M_Q2X_C3_P2,67374700
v1_scalar_F5M_Q2X_C3_P2,67658100
v1_scalar_F5M_Q2X_C3_P2,67172400
v1_scalar_F5M_Q2X_C3_P2,67171300
v1_scalar_F5M_Q2X_C3_P2,67622500
v1_scalar_F5M_Q2X_C3_P2,68573300
v1_scalar_F5M_Q2X_C3_P2,67624400
v1_scalar_F5M_Q2X_C3_P2,67389400
v1_scalar_F5M_Q2X_C3_P2,68326100
v1_scalar_F5M_Q2X_C3_P2,66512200
v1_scalar_F5M_Q2X_C3_P2,66793500
v1_scalar_F5M_Q2X_C3_P2,67580200
v1_scalar_F5M_Q2X_C3_P2,67370200
v1_scalar_F5M_Q2X_C3_P2,66878800
v1_scalar_F5M_Q2X_C3_P2,67462800
v1_scalar_F5M_Q2X_C3_P2,67875200
v1_scalar_F5M_Q2X_C3_P2,68610200
v1_scalar_F5M_Q2X_C3_P2,67310900
v1_scalar_F5M_Q2X_C4F_P2,68520500
v1_scalar_F5M_Q2X_C4F_P2,68183300
v1_scalar_F5M_Q2X_C4F_P2,68796300
v1_scalar_F5M_Q2X_C4F_P2,67788600
v1_scalar_F5M_Q2X_C4F_P2,67202300
v1_scalar_F5M_Q2X_C4F_P2,67698600
v1_scalar_F5M_Q2X_C4F_P2,68257400
v1_scalar_F5M_Q2X_C4F_P2,67777800
v1_scalar_F5M_Q2X_C4F_P2,67768300
v1_scalar_F5M_Q2X_C4F_P2,68099000
v1_scalar_F5M_Q2X_C4F_P2,68810400
v1_scalar_F5M_Q2X_C4F_P2,68752400
v1_scalar_F5M_Q2X_C4F_P2,68992000
v1_scalar_F5M_Q2X_C4F_P2,69220700
v1_scalar_F5M_Q2X_C4F_P2,68861800
v1_scalar_F5M_Q2X_C4F_P2,69560500
v1_scalar_F5M_Q2X_C4F_P2,68464400
v1_scalar_F5M_Q2X_C4F_P2,68548700
v1_scalar_F5M_Q2X_C4F_P2,68645900
v1_scalar_F5M_Q2X_C4F_P2,67912000
v1_scalar_F5M_Q2X_C4F_P2,67662100
v1_scalar_F5M_Q2X_C4F_P2,67994000
v1_scalar_F5M_Q2X_C4F_P2,67598900
v1_scalar_F5M_Q2X_C4F_P2,68940600
v1_scalar_F5M_Q2X_C4F_P2,68280500
v1_scalar_F5M_Q2X_C4F_P2,68519200
v1_scalar_F5M_Q2X_C4F_P2,68720000
v1_scalar_F5M_Q2X_C4F_P2,68474400
v1_scalar_F5M_Q2X_C4F_P2,68580900
v1_scalar_F5M_Q2X_C4F_P2,68755400
v1_scalar_F5M_Q2X_C4M_P2,70888400
v1_scalar_F5M_Q2X_C4M_P2,69696400
v1_scalar_F5M_Q2X_C4M_P2,70520700
v1_scalar_F5M_Q2X_C4M_P2,69521700
v1_scalar_F5M_Q2X_C4M_P2,69121400
v1_scalar_F5M_Q2X_C4M_P2,86156400
v1_scalar_F5M_Q2X_C4M_P2,71423200
v1_scalar_F5M_Q2X_C4M_P2,70345000
v1_scalar_F5M_Q2X_C4M_P2,70596900
v1_scalar_F5M_Q2X_C4M_P2,71495200
v1_scalar_F5M_Q2X_C4M_P2,70716400
v1_scalar_F5M_Q2X_C4M_P2,71563000
v1_scalar_F5M_Q2X_C4M_P2,70866000
v1_scalar_F5M_Q2X_C4M_P2,70445100
v1_scalar_F5M_Q2X_C4M_P2,69945300
v1_scalar_F5M_Q2X_C4M_P2,70026100
v1_scalar_F5M_Q2X_C4M_P2,69481200
v1_scalar_F5M_Q2X_C4M_P2,69938800
v1_scalar_F5M_Q2X_C4M_P2,69494300
v1_scalar_F5M_Q2X_C4M_P2,69925600
v1_scalar_F5M_Q2X_C4M_P2,70386900
v1_scalar_F5M_Q2X_C4M_P2,70320100
v1_scalar_F5M_Q2X_C4M_P2,69564800
v1_scalar_F5M_Q2X_C4M_P2,69672500
v1_scalar_F5M_Q2X_C4M_P2,69655500
v1_scalar_F5M_Q2X_C4M_P2,70506200
v1_scalar_F5M_Q2X_C4M_P2,70503700
v1_scalar_F5M_Q2X_C4M_P2,69212200
v1_scalar_F5M_Q2X_C4M_P2,70376500
v1_scalar_F5M_Q3M_C1R_P2,18847500
v1_scalar_F5M_Q3M_C1R_P2,18956100
v1_scalar_F5M_Q3M_C1R_P2,19335600
v1_scalar_F5M_Q3M_C1R_P2,19406800
v1_scalar_F5M_Q3M_C1R_P2,19699500
v1_scalar_F5M_Q3M_C1R_P2,20259200
v1_scalar_F5M_Q3M_C1R_P2,19152000
v1_scalar_F5M_Q3M_C1R_P2,18985800
v1_scalar_F5M_Q3M_C1R_P2,18969700
v1_scalar_F5M_Q3M_C1R_P2,19589700
v1_scalar_F5M_Q3M_C1R_P2,19216000
v1_scalar_F5M_Q3M_C1R_P2,19329000
v1_scalar_F5M_Q3M_C1R_P2,19522800
v1_scalar_F5M_Q3M_C1R_P2,19659400
v1_scalar_F5M_Q3M_C1R_P2,19423900
v1_scalar_F5M_Q3M_C1R_P2,18929500
v1_scalar_F5M_Q3M_C1R_P2,19157100
v1_scalar_F5M_Q3M_C1R_P2,19436800
v1_scalar_F5M_Q3M_C1R_P2,19961400
v1_scalar_F5M_Q3M_C1R_P2,19022100
v1_scalar_F5M_Q3M_C1R_P2,18874500
v1_scalar_F5M_Q3M_C1R_P2,19396300
v1_scalar_F5M_Q3M_C1R_P2,20073400
v1_scalar_F5M_Q3M_C1R_P2,19386000
v1_scalar_F5M_Q3M_C1R_P2,18984100
v1_scalar_F5M_Q3M_C1R_P2,19654500
v1_scalar_F5M_Q3M_C1R_P2,18998600
v1_scalar_F5M_Q3M_C1R_P2,19067600
v1_scalar_F5M_Q3M_C1R_P2,19481900
v1_scalar_F5M_Q3M_C1R_P2,19616800
v1_scalar_F5M_Q3M_C1R_P2,18948300
v1_scalar_F5M_Q3M_C1R_P2,19013300
v1_scalar_F5M_Q3M_C1R_P2,19572500
v1_scalar_F5M_Q3M_C1R_P2,19894100
v1_scalar_F5M_Q3M_C1R_P2,19110300
v1_scalar_F5M_Q3M_C1R_P2,19590400
v1_scalar_F5M_Q3M_C1R_P2,19474400
v1_scalar_F5M_Q3M_C1R_P2,19227100
v1_scalar_F5M_Q3M_C1R_P2,18964900
v1_scalar_F5M_Q3M_C1R_P2,18928000
v1_scalar_F5M_Q3M_C1R_P2,19646200
v1_scalar_F5M_Q3M_C1R_P2,19316100
v1_scalar_F5M_Q3M_C1R_P2,20239200
v1_scalar_F5M_Q3M_C1R_P2,19397400
v1_scalar_F5M_Q3M_C1R_P2,18956300
v1_scalar_F5M_Q3M_C1R_P2,19093500
v1_scalar_F5M_Q3M_C1R_P2,19048900
v1_scalar_F5M_Q3M_C1R_P2,19439500
v1_scalar_F5M_Q3M_C1R_P2,18989400
v1_scalar_F5M_Q3M_C1R_P2,18988100
v1_scalar_F5M_Q3M_C1R_P2,19824300
v1_scalar_F5M_Q3M_C1R_P2,18997800
v1_scalar_F5M_Q3M_C1R_P2,19067900
v1_scalar_F5M_Q3M_C1R_P2,18969000
v1_scalar_F5M_Q3M_C1R_P2,19894000
v1_scalar_F5M_Q3M_C1R_P2,19321900
v1_scalar_F5M_Q3M_C1R_P2,19639400
v1_scalar_F5M_Q3M_C1R_P2,19451600
v1_scalar_F5M_Q3M_C1R_P2,19285900
v1_scalar_F5M_Q3M_C1R_P2,20150500
v1_scalar_F5M_Q3M_C1R_P2,18868600
v1_scalar_F5M_Q3M_C1R_P2,18911600
v1_scalar_F5M_Q3M_C1R_P2,18963300
v1_scalar_F5M_Q3M_C1R_P2,18946000
v1_scalar_F5M_Q3M_C1R_P2,19800600
v1_scalar_F5M_Q3M_C1R_P2,19065600
v1_scalar_F5M_Q3M_C1R_P2,19026400
v1_scalar_F5M_Q3M_C1R_P2,19792700
v1_scalar_F5M_Q3M_C1R_P2,19087900
v1_scalar_F5M_Q3M_C1R_P2,19270800
v1_scalar_F5M_Q3M_C1R_P2,19019600
v1_scalar_F5M_Q3M_C1R_P2,19068800
v1_scalar_F5M_Q3M_C1R_P2,18890900
v1_scalar_F5M_Q3M_C1R_P2,20372500
v1_scalar_F5M_Q3M_C1R_P2,20139700
v1_scalar_F5M_Q3M_C1R_P2,19294400
v1_scalar_F5M_Q3M_C1R_P2,18929600
v1_scalar_F5M_Q3M_C1R_P2,19560200
v1_scalar_F5M_Q3M_C1R_P2,20560300
v1_scalar_F5M_Q3M_C1R_P2,19440700
v1_scalar_F5M_Q3M_C1R_P2,19429200
v1_scalar_F5M_Q3M_C1R_P2,19472300
v1_scalar_F5M_Q3M_C1R_P2,19085500
v1_scalar_F5M_Q3M_C1R_P2,19138900
v1_scalar_F5M_Q3M_C1R_P2,18814700
v1_scalar_F5M_Q3M_C1R_P2,19474000
v1_scalar_F5M_Q3M_C1R_P2,19119800
v1_scalar_F5M_Q3M_C1R_P2,19135100
v1_scalar_F5M_Q3M_C1R_P2,19649900
v1_scalar_F5M_Q3M_C1R_P2,19368400
v1_scalar_F5M_Q3M_C1R_P2,19168800
v1_scalar_F5M_Q3M_C1R_P2,19626900
v1_scalar_F5M_Q3M_C1R_P2,19025300
v1_scalar_F5M_Q3M_C1R_P2,19003500
v1_scalar_F5M_Q3M_C1R_P2,19333100
v1_scalar_F5M_Q3M_C1R_P2,19833700
v1_scalar_F5M_Q3M_C1R_P2,18933200
v1_scalar_F5M_Q3M_C1R_P2,19040700
v1_scalar_F5M_Q3M_C1R_P2,19292700
v1_scalar_F5M_Q3M_C1R_P2,19723500
v1_scalar_F5M_Q3M_C1R_P2,18939100
v1_scalar_F5M_Q3M_C1R_P2,19442400
v1_scalar_F5M_Q3M_C1R_P2,19846000
v1_scalar_F5M_Q3M_C1R_P2,19098100
v1_scalar_F5M_Q3M_C1X_P2,10514200
v1_scalar_F5M_Q3M_C1X_P2,10271800
v1_scalar_F5M_Q3M_C1X_P2,10720900
v1_scalar_F5M_Q3M_C1X_P2,10604000
v1_scalar_F5M_Q3M_C1X_P2,10371700
v1_scalar_F5M_Q3M_C1X_P2,10629000
v1_scalar_F5M_Q3M_C1X_P2,11212300
v1_scalar_F5M_Q3M_C1X_P2,10371000
v1_scalar_F5M_Q3M_C1X_P2,10464000
v1_scalar_F5M_Q3M_C1X_P2,10716300
v1_scalar_F5M_Q3M_C1X_P2,10559400
v1_scalar_F5M_Q3M_C1X_P2,10677600
v1_scalar_F5M_Q3M_C1X_P2,10385400
v1_scalar_F5M_Q3M_C1X_P2,10224200
v1_scalar_F5M_Q3M_C1X_P2,10292700
v1_scalar_F5M_Q3M_C1X_P2,10815200
v1_scalar_F5M_Q3M_C1X_P2,10666900
v1_scalar_F5M_Q3M_C1X_P2,10315100
v1_scalar_F5M_Q3M_C1X_P2,10322000
v1_scalar_F5M_Q3M_C1X_P2,10381300
v1_scalar_F5M_Q3M_C1X_P2,10291600
v1_scalar_F5M_Q3M_C1X_P2,10302900
v1_scalar_F5M_Q3M_C1X_P2,10330100
v1_scalar_F5M_Q3M_C1X_P2,10347300
v1_scalar_F5M_Q3M_C1X_P2,10394600
v1_scalar_F5M_Q3M_C1X_P2,10360800
v1_scalar_F5M_Q3M_C1X_P2,10491700
v1_scalar_F5M_Q3M_C1X_P2,10754200
v1_scalar_F5M_Q3M_C1X_P2,10369200
v1_scalar_F5M_Q3M_C1X_P2,10366000
v1_scalar_F5M_Q3M_C1X_P2,10396300
v1_scalar_F5M_Q3M_C1X_P2,10478000
v1_scalar_F5M_Q3M_C1X_P2,10423500
v1_scalar_F5M_Q3M_C1X_P2,10366500
v1_scalar_F5M_Q3M_C1X_P2,10672000
v1_scalar_F5M_Q3M_C1X_P2,10490000
v1_scalar_F5M_Q3M_C1X_P2,10344100
v1_scalar_F5M_Q3M_C1X_P2,10366400
v1_scalar_F5M_Q3M_C1X_P2,10583300
v1_scalar_F5M_Q3M_C1X_P2,10814500
v1_scalar_F5M_Q3M_C1X_P2,11023300
v1_scalar_F5M_Q3M_C1X_P2,10597300
v1_scalar_F5M_Q3M_C1X_P2,10695000
v1_scalar_F5M_Q3M_C1X_P2,10744000
v1_scalar_F5M_Q3M_C1X_P2,10153800
v1_scalar_F5M_Q3M_C1X_P2,10467600
v1_scalar_F5M_Q3M_C1X_P2,10613200
v1_scalar_F5M_Q3M_C1X_P2,10835300
v1_scalar_F5M_Q3M_C1X_P2,10706700
v1_scalar_F5M_Q3M_C1X_P2,10734600
v1_scalar_F5M_Q3M_C1X_P2,10439900
v1_scalar_F5M_Q3M_C1X_P2,10392700
v1_scalar_F5M_Q3M_C1X_P2,10785200
v1_scalar_F5M_Q3M_C1X_P2,11146600
v1_scalar_F5M_Q3M_C1X_P2,10525300
v1_scalar_F5M_Q3M_C1X_P2,10258600
v1_scalar_F5M_Q3M_C1X_P2,10442000
v1_scalar_F5M_Q3M_C1X_P2,10248200
v1_scalar_F5M_Q3M_C1X_P2,10285800
v1_scalar_F5M_Q3M_C1X_P2,10187700
v1_scalar_F5M_Q3M_C1X_P2,10273800
v1_scalar_F5M_Q3M_C1X_P2,10321600
v1_scalar_F5M_Q3M_C1X_P2,10249200
v1_scalar_F5M_Q3M_C1X_P2,10303300
v1_scalar_F5M_Q3M_C1X_P2,10666800
v1_scalar_F5M_Q3M_C1X_P2,11577400
v1_scalar_F5M_Q3M_C1X_P2,10210800
v1_scalar_F5M_Q3M_C1X_P2,10228900
v1_scalar_F5M_Q3M_C1X_P2,10526000
v1_scalar_F5M_Q3M_C1X_P2,10558400
v1_scalar_F5M_Q3M_C1X_P2,10313000
v1_scalar_F5M_Q3M_C1X_P2,10430400
v1_scalar_F5M_Q3M_C1X_P2,10124300
v1_scalar_F5M_Q3M_C1X_P2,10246600
v1_scalar_F5M_Q3M_C1X_P2,11347500
v1_scalar_F5M_Q3M_C1X_P2,10771300
v1_scalar_F5M_Q3M_C1X_P2,11118900
v1_scalar_F5M_Q3M_C1X_P2,10862000
v1_scalar_F5M_Q3M_C1X_P2,10604100
v1_scalar_F5M_Q3M_C1X_P2,10758000
v1_scalar_F5M_Q3M_C1X_P2,10823900
v1_scalar_F5M_Q3M_C1X_P2,10357200
v1_scalar_F5M_Q3M_C1X_P2,10375200
v1_scalar_F5M_Q3M_C1X_P2,10274300
v1_scalar_F5M_Q3M_C1X_P2,10256300
v1_scalar_F5M_Q3M_C1X_P2,10222800
v1_scalar_F5M_Q3M_C1X_P2,10613700
v1_scalar_F5M_Q3M_C1X_P2,10402200
v1_scalar_F5M_Q3M_C1X_P2,10240300
v1_scalar_F5M_Q3M_C1X_P2,10387200
v1_scalar_F5M_Q3M_C1X_P2,10362300
v1_scalar_F5M_Q3M_C1X_P2,10262700
v1_scalar_F5M_Q3M_C1X_P2,10803700
v1_scalar_F5M_Q3M_C1X_P2,10893100
v1_scalar_F5M_Q3M_C1X_P2,10289000
v1_scalar_F5M_Q3M_C1X_P2,10532900
v1_scalar_F5M_Q3M_C1X_P2,10330600
v1_scalar_F5M_Q3M_C1X_P2,10384900
v1_scalar_F5M_Q3M_C1X_P2,10512700
v1_scalar_F5M_Q3M_C1X_P2,10349100
v1_scalar_F5M_Q3M_C1X_P2,10480000
v1_scalar_F5M_Q3M_C1X_P2,10530700
v1_scalar_F5M_Q3M_C1X_P2,10475000
v1_scalar_F5M_Q3M_C1X_P2,10707600
v1_scalar_F5M_Q3M_C1X_P2,10240500
v1_scalar_F5M_Q3M_C1X_P2,10320600
v1_scalar_F5M_Q3M_C1X_P2,10895000
v1_scalar_F5M_Q3M_C1X_P2,10221700
v1_scalar_F5M_Q3M_C1X_P2,10277900
v1_scalar_F5M_Q3M_C1X_P2,10245900
v1_scalar_F5M_Q3M_C1X_P2,10136300
v1_scalar_F5M_Q3M_C1X_P2,10161600
v1_scalar_F5M_Q3M_C1X_P2,10276700
v1_scalar_F5M_Q3M_C1X_P2,10120200
v1_scalar_F5M_Q3M_C1X_P2,10820600
v1_scalar_F5M_Q3M_C1X_P2,11141700
v1_scalar_F5M_Q3M_C1X_P2,10870000
v1_scalar_F5M_Q3M_C1X_P2,10250200
v1_scalar_F5M_Q3M_C1X_P2,10416400
v1_scalar_F5M_Q3M_C1X_P2,10412400
v1_scalar_F5M_Q3M_C1X_P2,10230000
v1_scalar_F5M_Q3M_C1X_P2,10207800
v1_scalar_F5M_Q3M_C1X_P2,10160900
v1_scalar_F5M_Q3M_C1X_P2,10126500
v1_scalar_F5M_Q3M_C1X_P2,10689400
v1_scalar_F5M_Q3M_C1X_P2,10769900
v1_scalar_F5M_Q3M_C1X_P2,10850200
v1_scalar_F5M_Q3M_C1X_P2,10235700
v1_scalar_F5M_Q3M_C1X_P2,10588600
v1_scalar_F5M_Q3M_C1X_P2,10421900
v1_scalar_F5M_Q3M_C1X_P2,10677600
v1_scalar_F5M_Q3M_C1X_P2,10884700
v1_scalar_F5M_Q3M_C1X_P2,10611200
v1_scalar_F5M_Q3M_C1X_P2,10193900
v1_scalar_F5M_Q3M_C1X_P2,10294500
v1_scalar_F5M_Q3M_C1X_P2,10365600
v1_scalar_F5M_Q3M_C1X_P2,10386400
v1_scalar_F5M_Q3M_C1X_P2,10264500
v1_scalar_F5M_Q3M_C1X_P2,10340300
v1_scalar_F5M_Q3M_C1X_P2,10101400
v1_scalar_F5M_Q3M_C1X_P2,10281600
v1_scalar_F5M_Q3M_C1X_P2,10162200
v1_scalar_F5M_Q3M_C1X_P2,10122800
v1_scalar_F5M_Q3M_C1X_P2,10488800
v1_scalar_F5M_Q3M_C1X_P2,10846100
v1_scalar_F5M_Q3M_C1X_P2,10132600
v1_scalar_F5M_Q3M_C1X_P2,10190700
v1_scalar_F5M_Q3M_C1X_P2,10972200
v1_scalar_F5M_Q3M_C1X_P2,10109300
v1_scalar_F5M_Q3M_C1X_P2,10566900
v1_scalar_F5M_Q3M_C1X_P2,10667400
v1_scalar_F5M_Q3M_C1X_P2,10341100
v1_scalar_F5M_Q3M_C1X_P2,11258800
v1_scalar_F5M_Q3M_C1X_P2,11351700
v1_scalar_F5M_Q3M_C1X_P2,10596400
v1_scalar_F5M_Q3M_C1X_P2,10179500
v1_scalar_F5M_Q3M_C1X_P2,11171300
v1_scalar_F5M_Q3M_C1X_P2,10927600
v1_scalar_F5M_Q3M_C1X_P2,10151300
v1_scalar_F5M_Q3M_C1X_P2,10237200
v1_scalar_F5M_Q3M_C1X_P2,10297000
v1_scalar_F5M_Q3M_C1X_P2,10103800
v1_scalar_F5M_Q3M_C1X_P2,10953200
v1_scalar_F5M_Q3M_C1X_P2,10323100
v1_scalar_F5M_Q3M_C1X_P2,10120400
v1_scalar_F5M_Q3M_C1X_P2,10668600
v1_scalar_F5M_Q3M_C1X_P2,10867700
v1_scalar_F5M_Q3M_C1X_P2,10664700
v1_scalar_F5M_Q3M_C1X_P2,10519500
v1_scalar_F5M_Q3M_C1X_P2,10480400
v1_scalar_F5M_Q3M_C1X_P2,10820600
v1_scalar_F5M_Q3M_C1X_P2,10432200
v1_scalar_F5M_Q3M_C1X_P2,10654500
v1_scalar_F5M_Q3M_C1X_P2,10583300
v1_scalar_F5M_Q3M_C1X_P2,10840900
v1_scalar_F5M_Q3M_C1X_P2,10416700
v1_scalar_F5M_Q3M_C1X_P2,10396900
v1_scalar_F5M_Q3M_C1X_P2,10353100
v1_scalar_F5M_Q3M_C1X_P2,10305600
v1_scalar_F5M_Q3M_C1X_P2,10143400
v1_scalar_F5M_Q3M_C1X_P2,10231100
v1_scalar_F5M_Q3M_C1X_P2,10237000
v1_scalar_F5M_Q3M_C1X_P2,10195500
v1_scalar_F5M_Q3M_C1X_P2,10184100
v1_scalar_F5M_Q3M_C1X_P2,10480400
v1_scalar_F5M_Q3M_C1X_P2,10717900
v1_scalar_F5M_Q3M_C1X_P2,10558500
v1_scalar_F5M_Q3M_C1X_P2,10948400
v1_scalar_F5M_Q3M_C1X_P2,10433200
v1_scalar_F5M_Q3M_C2R_P2,16856500
v1_scalar_F5M_Q3M_C2R_P2,17318800
v1_scalar_F5M_Q3M_C2R_P2,15963400
v1_scalar_F5M_Q3M_C2R_P2,16054300
v1_scalar_F5M_Q3M_C2R_P2,16023100
v1_scalar_F5M_Q3M_C2R_P2,15953700
v1_scalar_F5M_Q3M_C2R_P2,15883200
v1_scalar_F5M_Q3M_C2R_P2,16502400
v1_scalar_F5M_Q3M_C2R_P2,16412300
v1_scalar_F5M_Q3M_C2R_P2,16881400
v1_scalar_F5M_Q3M_C2R_P2,16205600
v1_scalar_F5M_Q3M_C2R_P2,15958700
v1_scalar_F5M_Q3M_C2R_P2,15896600
v1_scalar_F5M_Q3M_C2R_P2,15797700
v1_scalar_F5M_Q3M_C2R_P2,15800300
v1_scalar_F5M_Q3M_C2R_P2,16425200
v1_scalar_F5M_Q3M_C2R_P2,16256900
v1_scalar_F5M_Q3M_C2R_P2,15866500
v1_scalar_F5M_Q3M_C2R_P2,15770900
v1_scalar_F5M_Q3M_C2R_P2,15826000
v1_scalar_F5M_Q3M_C2R_P2,15982100
v1_scalar_F5M_Q3M_C2R_P2,16320000
v1_scalar_F5M_Q3M_C2R_P2,16666400
v1_scalar_F5M_Q3M_C2R_P2,16010100
v1_scalar_F5M_Q3M_C2R_P2,16107200
v1_scalar_F5M_Q3M_C2R_P2,16301400
v1_scalar_F5M_Q3M_C2R_P2,16017000
v1_scalar_F5M_Q3M_C2R_P2,16334800
v1_scalar_F5M_Q3M_C2R_P2,15821900
v1_scalar_F5M_Q3M_C2R_P2,15808100
v1_scalar_F5M_Q3M_C2R_P2,16145200
v1_scalar_F5M_Q3M_C2R_P2,16754300
v1_scalar_F5M_Q3M_C2R_P2,17199900
v1_scalar_F5M_Q3M_C2R_P2,17065400
v1_scalar_F5M_Q3M_C2R_P2,15827800
v1_scalar_F5M_Q3M_C2R_P2,15926800
v1_scalar_F5M_Q3M_C2R_P2,16768800
v1_scalar_F5M_Q3M_C2R_P2,15969400
v1_scalar_F5M_Q3M_C2R_P2,15868800
v1_scalar_F5M_Q3M_C2R_P2,15862900
v1_scalar_F5M_Q3M_C2R_P2,16662300
v1_scalar_F5M_Q3M_C2R_P2,16431800
v1_scalar_F5M_Q3M_C2R_P2,16496200
v1_scalar_F5M_Q3M_C2R_P2,15984600
v1_scalar_F5M_Q3M_C2R_P2,15891000
v1_scalar_F5M_Q3M_C2R_P2,15924300
v1_scalar_F5M_Q3M_C2R_P2,16413700
v1_scalar_F5M_Q3M_C2R_P2,16405600
v1_scalar_F5M_Q3M_C2R_P2,15973000
v1_scalar_F5M_Q3M_C2R_P2,15924000
v1_scalar_F5M_Q3M_C2R_P2,15927700
v1_scalar_F5M_Q3M_C2R_P2,15727800
v1_scalar_F5M_Q3M_C2R_P2,15995000
v1_scalar_F5M_Q3M_C2R_P2,16803500
v1_scalar_F5M_Q3M_C2R_P2,17587100
v1_scalar_F5M_Q3M_C2R_P2,16192900
v1_scalar_F5M_Q3M_C2R_P2,18334600
v1_scalar_F5M_Q3M_C2R_P2,16745900
v1_scalar_F5M_Q3M_C2R_P2,15797700
v1_scalar_F5M_Q3M_C2R_P2,15944900
v1_scalar_F5M_Q3M_C2R_P2,15925200
v1_scalar_F5M_Q3M_C2R_P2,15994300
v1_scalar_F5M_Q3M_C2R_P2,16070900
v1_scalar_F5M_Q3M_C2R_P2,15846000
v1_scalar_F5M_Q3M_C2R_P2,15881700
v1_scalar_F5M_Q3M_C2R_P2,15931300
v1_scalar_F5M_Q3M_C2R_P2,16885400
v1_scalar_F5M_Q3M_C2R_P2,16822900
v1_scalar_F5M_Q3M_C2R_P2,17924100
v1_scalar_F5M_Q3M_C2R_P2,16153500
v1_scalar_F5M_Q3M_C2R_P2,16803700
v1_scalar_F5M_Q3M_C2R_P2,16083700
v1_scalar_F5M_Q3M_C2R_P2,16575400
v1_scalar_F5M_Q3M_C2R_P2,16009400
v1_scalar_F5M_Q3M_C2R_P2,16786100
v1_scalar_F5M_Q3M_C2R_P2,16065800
v1_scalar_F5M_Q3M_C2R_P2,16096100
v1_scalar_F5M_Q3M_C2R_P2,15752400
v1_scalar_F5M_Q3M_C2R_P2,15951000
v1_scalar_F5M_Q3M_C2R_P2,16215600
v1_scalar_F5M_Q3M_C2R_P2,16426600
v1_scalar_F5M_Q3M_C2R_P2,15842800
v1_scalar_F5M_Q3M_C2R_P2,15932700
v1_scalar_F5M_Q3M_C2R_P2,15887300
v1_scalar_F5M_Q3M_C2R_P2,15766100
v1_scalar_F5M_Q3M_C2R_P2,15774900
v1_scalar_F5M_Q3M_C2R_P2,15868500
v1_scalar_F5M_Q3M_C2R_P2,15754600
v1_scalar_F5M_Q3M_C2R_P2,15800600
v1_scalar_F5M_Q3M_C2R_P2,15777500
v1_scalar_F5M_Q3M_C2R_P2,15712100
v1_scalar_F5M_Q3M_C2R_P2,15819500
v1_scalar_F5M_Q3M_C2R_P2,16680800
v1_scalar_F5M_Q3M_C2R_P2,16524900
v1_scalar_F5M_Q3M_C2R_P2,16681800
v1_scalar_F5M_Q3M_C2R_P2,15793300
v1_scalar_F5M_Q3M_C2R_P2,15800200
v1_scalar_F5M_Q3M_C2R_P2,15890000
v1_scalar_F5M_Q3M_C2R_P2,16382700
v1_scalar_F5M_Q3M_C2R_P2,16426400
v1_scalar_F5M_Q3M_C2R_P2,16180500
v1_scalar_F5M_Q3M_C2R_P2,16271300
v1_scalar_F5M_Q3M_C2R_P2,17163600
v1_scalar_F5M_Q3M_C2R_P2,17073000
v1_scalar_F5M_Q3M_C2R_P2,17294500
v1_scalar_F5M_Q3M_C2R_P2,17392200
v1_scalar_F5M_Q3M_C2R_P2,16217300
v1_scalar_F5M_Q3M_C2R_P2,16609500
v1_scalar_F5M_Q3M_C2R_P2,17110400
v1_scalar_F5M_Q3M_C2R_P2,16552300
v1_scalar_F5M_Q3M_C2R_P2,16792200
v1_scalar_F5M_Q3M_C2R_P2,16513300
v1_scalar_F5M_Q3M_C2R_P2,16104200
v1_scalar_F5M_Q3M_C2R_P2,16523600
v1_scalar_F5M_Q3M_C2R_P2,16168300
v1_scalar_F5M_Q3M_C2R_P2,16113800
v1_scalar_F5M_Q3M_C2R_P2,16041700
v1_scalar_F5M_Q3M_C2R_P2,15988700
v1_scalar_F5M_Q3M_C2R_P2,16807000
v1_scalar_F5M_Q3M_C2R_P2,16150400
v1_scalar_F5M_Q3M_C2R_P2,16048000
v1_scalar_F5M_Q3M_C2R_P2,16021500
v1_scalar_F5M_Q3M_C2X_P2,9329200
v1_scalar_F5M_Q3M_C2X_P2,9797800
v1_scalar_F5M_Q3M_C2X_P2,9821000
v1_scalar_F5M_Q3M_C2X_P2,9837400
v1_scalar_F5M_Q3M_C2X_P2,9852900
v1_scalar_F5M_Q3M_C2X_P2,10189400
v1_scalar_F5M_Q3M_C2X_P2,9634800
v1_scalar_F5M_Q3M_C2X_P2,9849900
v1_scalar_F5M_Q3M_C2X_P2,9827500
v1_scalar_F5M_Q3M_C2X_P2,9875700
v1_scalar_F5M_Q3M_C2X_P2,9862400
v1_scalar_F5M_Q3M_C2X_P2,9723500
v1_scalar_F5M_Q3M_C2X_P2,9284000
v1_scalar_F5M_Q3M_C2X_P2,9678900
v1_scalar_F5M_Q3M_C2X_P2,9922800
v1_scalar_F5M_Q3M_C2X_P2,9859800
v1_scalar_F5M_Q3M_C2X_P2,9524900
v1_scalar_F5M_Q3M_C2X_P2,9364000
v1_scalar_F5M_Q3M_C2X_P2,10146300
v1_scalar_F5M_Q3M_C2X_P2,9564800
v1_scalar_F5M_Q3M_C2X_P2,9503400
v1_scalar_F5M_Q3M_C2X_P2,9822400
v1_scalar_F5M_Q3M_C2X_P2,9640800
v1_scalar_F5M_Q3M_C2X_P2,9920700
v1_scalar_F5M_Q3M_C2X_P2,10209100
v1_scalar_F5M_Q3M_C2X_P2,9433900
v1_scalar_F5M_Q3M_C2X_P2,9314800
v1_scalar_F5M_Q3M_C2X_P2,9314100
v1_scalar_F5M_Q3M_C2X_P2,9324600
v1_scalar_F5M_Q3M_C2X_P2,9282200
v1_scalar_F5M_Q3M_C2X_P2,9561600
v1_scalar_F5M_Q3M_C2X_P2,9937400
v1_scalar_F5M_Q3M_C2X_P2,9169200
v1_scalar_F5M_Q3M_C2X_P2,9696100
v1_scalar_F5M_Q3M_C2X_P2,9853700
v1_scalar_F5M_Q3M_C2X_P2,9356400
v1_scalar_F5M_Q3M_C2X_P2,9165400
v1_scalar_F5M_Q3M_C2X_P2,9180900
v1_scalar_F5M_Q3M_C2X_P2,9266600
v1_scalar_F5M_Q3M_C2X_P2,9152500
v1_scalar_F5M_Q3M_C2X_P2,9155900
v1_scalar_F5M_Q3M_C2X_P2,9633100
v1_scalar_F5M_Q3M_C2X_P2,9905700
v1_scalar_F5M_Q3M_C2X_P2,9603000
v1_scalar_F5M_Q3M_C2X_P2,9117400
v1_scalar_F5M_Q3M_C2X_P2,9162500
v1_scalar_F5M_Q3M_C2X_P2,9723800
v1_scalar_F5M_Q3M_C2X_P2,9587000
v1_scalar_F5M_Q3M_C2X_P2,9279200
v1_scalar_F5M_Q3M_C2X_P2,9356900
v1_scalar_F5M_Q3M_C2X_P2,9711700
v1_scalar_F5M_Q3M_C2X_P2,9776500
v1_scalar_F5M_Q3M_C2X_P2,9743000
v1_scalar_F5M_Q3M_C2X_P2,9381900
v1_scalar_F5M_Q3M_C2X_P2,9404300
v1_scalar_F5M_Q3M_C2X_P2,9739400
v1_scalar_F5M_Q3M_C2X_P2,9715700
v1_scalar_F5M_Q3M_C2X_P2,9690200
v1_scalar_F5M_Q3M_C2X_P2,9964700
v1_scalar_F5M_Q3M_C2X_P2,9470400
v1_scalar_F5M_Q3M_C2X_P2,9352900
v1_scalar_F5M_Q3M_C2X_P2,9310500
v1_scalar_F5M_Q3M_C2X_P2,9313100
v1_scalar_F5M_Q3M_C2X_P2,9572300
v1_scalar_F5M_Q3M_C2X_P2,9204000
v1_scalar_F5M_Q3M_C2X_P2,9564700
v1_scalar_F5M_Q3M_C2X_P2,9546700
v1_scalar_F5M_Q3M_C2X_P2,9217300
v1_scalar_F5M_Q3M_C2X_P2,9491200
v1_scalar_F5M_Q3M_C2X_P2,9595300
v1_scalar_F5M_Q3M_C2X_P2,9560400
v1_scalar_F5M_Q3M_C2X_P2,9496300
v1_scalar_F5M_Q3M_C2X_P2,10239200
v1_scalar_F5M_Q3M_C2X_P2,9670700
v1_scalar_F5M_Q3M_C2X_P2,9307400
v1_scalar_F5M_Q3M_C2X_P2,9328200
v1_scalar_F5M_Q3M_C2X_P2,9333600
v1_scalar_F5M_Q3M_C2X_P2,9458700
v1_scalar_F5M_Q3M_C2X_P2,9392600
v1_scalar_F5M_Q3M_C2X_P2,9405900
v1_scalar_F5M_Q3M_C2X_P2,9329100
v1_scalar_F5M_Q3M_C2X_P2,9350600
v1_scalar_F5M_Q3M_C2X_P2,9344700
v1_scalar_F5M_Q3M_C2X_P2,9813400
v1_scalar_F5M_Q3M_C2X_P2,9412200
v1_scalar_F5M_Q3M_C2X_P2,9268000
v1_scalar_F5M_Q3M_C2X_P2,9624100
v1_scalar_F5M_Q3M_C2X_P2,9394500
v1_scalar_F5M_Q3M_C2X_P2,9878800
v1_scalar_F5M_Q3M_C2X_P2,9498000
v1_scalar_F5M_Q3M_C2X_P2,9249800
v1_scalar_F5M_Q3M_C2X_P2,9336700
v1_scalar_F5M_Q3M_C2X_P2,9278600
v1_scalar_F5M_Q3M_C2X_P2,9247800
v1_scalar_F5M_Q3M_C2X_P2,9179400
v1_scalar_F5M_Q3M_C2X_P2,9170200
v1_scalar_F5M_Q3M_C2X_P2,9130900
v1_scalar_F5M_Q3M_C2X_P2,9137600
v1_scalar_F5M_Q3M_C2X_P2,9218200
v1_scalar_F5M_Q3M_C2X_P2,9189100
v1_scalar_F5M_Q3M_C2X_P2,9128000
v1_scalar_F5M_Q3M_C2X_P2,9529900
v1_scalar_F5M_Q3M_C2X_P2,9217600
v1_scalar_F5M_Q3M_C2X_P2,9254600
v1_scalar_F5M_Q3M_C2X_P2,10039600
v1_scalar_F5M_Q3M_C2X_P2,9422300
v1_scalar_F5M_Q3M_C2X_P2,9619000
v1_scalar_F5M_Q3M_C2X_P2,9496500
v1_scalar_F5M_Q3M_C2X_P2,9336100
v1_scalar_F5M_Q3M_C2X_P2,9389200
v1_scalar_F5M_Q3M_C2X_P2,9282500
v1_scalar_F5M_Q3M_C2X_P2,10127800
v1_scalar_F5M_Q3M_C2X_P2,10055300
v1_scalar_F5M_Q3M_C2X_P2,9486500
v1_scalar_F5M_Q3M_C2X_P2,9483400
v1_scalar_F5M_Q3M_C2X_P2,9650000
v1_scalar_F5M_Q3M_C2X_P2,9442700
v1_scalar_F5M_Q3M_C2X_P2,9587100
v1_scalar_F5M_Q3M_C2X_P2,9372000
v1_scalar_F5M_Q3M_C2X_P2,9506100
v1_scalar_F5M_Q3M_C2X_P2,9224600
v1_scalar_F5M_Q3M_C2X_P2,9276000
v1_scalar_F5M_Q3M_C2X_P2,9316100
v1_scalar_F5M_Q3M_C2X_P2,9393200
v1_scalar_F5M_Q3M_C2X_P2,9231100
v1_scalar_F5M_Q3M_C2X_P2,9677300
v1_scalar_F5M_Q3M_C2X_P2,9829100
v1_scalar_F5M_Q3M_C2X_P2,9375500
v1_scalar_F5M_Q3M_C2X_P2,9239000
v1_scalar_F5M_Q3M_C2X_P2,9602100
v1_scalar_F5M_Q3M_C2X_P2,9542700
v1_scalar_F5M_Q3M_C2X_P2,9156000
v1_scalar_F5M_Q3M_C2X_P2,9254100
v1_scalar_F5M_Q3M_C2X_P2,9618100
v1_scalar_F5M_Q3M_C2X_P2,11296300
v1_scalar_F5M_Q3M_C2X_P2,10323700
v1_scalar_F5M_Q3M_C2X_P2,9566700
v1_scalar_F5M_Q3M_C2X_P2,9317600
v1_scalar_F5M_Q3M_C2X_P2,9378300
v1_scalar_F5M_Q3M_C2X_P2,9425200
v1_scalar_F5M_Q3M_C2X_P2,9377300
v1_scalar_F5M_Q3M_C2X_P2,10631700
v1_scalar_F5M_Q3M_C2X_P2,9618700
v1_scalar_F5M_Q3M_C2X_P2,9354800
v1_scalar_F5M_Q3M_C2X_P2,9292400
v1_scalar_F5M_Q3M_C2X_P2,9254400
v1_scalar_F5M_Q3M_C2X_P2,9737300
v1_scalar_F5M_Q3M_C2X_P2,9343700
v1_scalar_F5M_Q3M_C2X_P2,9228900
v1_scalar_F5M_Q3M_C2X_P2,9203900
v1_scalar_F5M_Q3M_C2X_P2,9190500
v1_scalar_F5M_Q3M_C2X_P2,9402800
v1_scalar_F5M_Q3M_C2X_P2,9609400
v1_scalar_F5M_Q3M_C2X_P2,9391300
v1_scalar_F5M_Q3M_C2X_P2,9240300
v1_scalar_F5M_Q3M_C2X_P2,9281800
v1_scalar_F5M_Q3M_C2X_P2,9156100
v1_scalar_F5M_Q3M_C2X_P2,9342800
v1_scalar_F5M_Q3M_C2X_P2,9160600
v1_scalar_F5M_Q3M_C2X_P2,9307500
v1_scalar_F5M_Q3M_C2X_P2,9114000
v1_scalar_F5M_Q3M_C2X_P2,9402900
v1_scalar_F5M_Q3M_C2X_P2,9520400
v1_scalar_F5M_Q3M_C2X_P2,9634400
v1_scalar_F5M_Q3M_C2X_P2,9744000
v1_scalar_F5M_Q3M_C2X_P2,10025200
v1_scalar_F5M_Q3M_C2X_P2,9797600
v1_scalar_F5M_Q3M_C2X_P2,9739300
v1_scalar_F5M_Q3M_C2X_P2,9855500
v1_scalar_F5M_Q3M_C2X_P2,9245400
v1_scalar_F5M_Q3M_C2X_P2,9325300
v1_scalar_F5M_Q3M_C2X_P2,9282400
v1_scalar_F5M_Q3M_C2X_P2,9323500
v1_scalar_F5M_Q3M_C2X_P2,9269200
v1_scalar_F5M_Q3M_C2X_P2,9626700
v1_scalar_F5M_Q3M_C2X_P2,9377700
v1_scalar_F5M_Q3M_C2X_P2,9355200
v1_scalar_F5M_Q3M_C2X_P2,9586100
v1_scalar_F5M_Q3M_C2X_P2,10465800
v1_scalar_F5M_Q3M_C2X_P2,9500100
v1_scalar_F5M_Q3M_C2X_P2,9272700
v1_scalar_F5M_Q3M_C2X_P2,9510000
v1_scalar_F5M_Q3M_C2X_P2,9304700
v1_scalar_F5M_Q3M_C2X_P2,9289300
v1_scalar_F5M_Q3M_C2X_P2,9153200
v1_scalar_F5M_Q3M_C2X_P2,9383100
v1_scalar_F5M_Q3M_C2X_P2,9353000
v1_scalar_F5M_Q3M_C2X_P2,9377200
v1_scalar_F5M_Q3M_C2X_P2,9795600
v1_scalar_F5M_Q3M_C2X_P2,9498400
v1_scalar_F5M_Q3M_C2X_P2,9377300
v1_scalar_F5M_Q3M_C2X_P2,9399700
v1_scalar_F5M_Q3M_C2X_P2,9572700
v1_scalar_F5M_Q3M_C2X_P2,10639500
v1_scalar_F5M_Q3M_C2X_P2,9450800
v1_scalar_F5M_Q3M_C2X_P2,9177800
v1_scalar_F5M_Q3M_C2X_P2,9274500
v1_scalar_F5M_Q3M_C2X_P2,9249200
v1_scalar_F5M_Q3M_C2X_P2,9160500
v1_scalar_F5M_Q3M_C2X_P2,9353700
v1_scalar_F5M_Q3M_C2X_P2,9121000
v1_scalar_F5M_Q3M_C2X_P2,9618300
v1_scalar_F5M_Q3M_C2X_P2,9318300
v1_scalar_F5M_Q3M_C2X_P2,9287100
v1_scalar_F5M_Q3M_C2X_P2,9972900
v1_scalar_F5M_Q3M_C2X_P2,9299400
v1_scalar_F5M_Q3M_C3_P2,8036500
v1_scalar_F5M_Q3M_C3_P2,8017400
v1_scalar_F5M_Q3M_C3_P2,8044400
v1_scalar_F5M_Q3M_C3_P2,8096300
v1_scalar_F5M_Q3M_C3_P2,8615500
v1_scalar_F5M_Q3M_C3_P2,8622300
v1_scalar_F5M_Q3M_C3_P2,8677900
v1_scalar_F5M_Q3M_C3_P2,8526600
v1_scalar_F5M_Q3M_C3_P2,8632500
v1_scalar_F5M_Q3M_C3_P2,8704700
v1_scalar_F5M_Q3M_C3_P2,8509800
v1_scalar_F5M_Q3M_C3_P2,8026100
v1_scalar_F5M_Q3M_C3_P2,8884600
v1_scalar_F5M_Q3M_C3_P2,7989200
v1_scalar_F5M_Q3M_C3_P2,8351900
v1_scalar_F5M_Q3M_C3_P2,8002700
v1_scalar_F5M_Q3M_C3_P2,8613900
v1_scalar_F5M_Q3M_C3_P2,8593200
v1_scalar_F5M_Q3M_C3_P2,8552600
v1_scalar_F5M_Q3M_C3_P2,8156900
v1_scalar_F5M_Q3M_C3_P2,8512600
v1_scalar_F5M_Q3M_C3_P2,8404200
v1_scalar_F5M_Q3M_C3_P2,8207800
v1_scalar_F5M_Q3M_C3_P2,8049900
v1_scalar_F5M_Q3M_C3_P2,8080200
v1_scalar_F5M_Q3M_C3_P2,8037100
v1_scalar_F5M_Q3M_C3_P2,8022700
v1_scalar_F5M_Q3M_C3_P2,8194600
v1_scalar_F5M_Q3M_C3_P2,8142700
v1_scalar_F5M_Q3M_C3_P2,8042900
v1_scalar_F5M_Q3M_C3_P2,8091000
v1_scalar_F5M_Q3M_C3_P2,8193500
v1_scalar_F5M_Q3M_C3_P2,8766200
v1_scalar_F5M_Q3M_C3_P2,8249000
v1_scalar_F5M_Q3M_C3_P2,8165800
v1_scalar_F5M_Q3M_C3_P2,8129700
v1_scalar_F5M_Q3M_C3_P2,8571700
v1_scalar_F5M_Q3M_C3_P2,8140800
v1_scalar_F5M_Q3M_C3_P2,8091800
v1_scalar_F5M_Q3M_C3_P2,8080900
v1_scalar_F5M_Q3M_C3_P2,8124700
v1_scalar_F5M_Q3M_C3_P2,7996700
v1_scalar_F5M_Q3M_C3_P2,8029900
v1_scalar_F5M_Q3M_C3_P2,7934600
v1_scalar_F5M_Q3M_C3_P2,8027100
v1_scalar_F5M_Q3M_C3_P2,7999100
v1_scalar_F5M_Q3M_C3_P2,7992300
v1_scalar_F5M_Q3M_C3_P2,8122800
v1_scalar_F5M_Q3M_C3_P2,8255600
v1_scalar_F5M_Q3M_C3_P2,8163000
v1_scalar_F5M_Q3M_C3_P2,8054400
v1_scalar_F5M_Q3M_C3_P2,8070900
v1_scalar_F5M_Q3M_C3_P2,8023200
v1_scalar_F5M_Q3M_C3_P2,7979200
v1_scalar_F5M_Q3M_C3_P2,7991600
v1_scalar_F5M_Q3M_C3_P2,8174200
v1_scalar_F5M_Q3M_C3_P2,8038800
v1_scalar_F5M_Q3M_C3_P2,8070800
v1_scalar_F5M_Q3M_C3_P2,8006600
v1_scalar_F5M_Q3M_C3_P2,8054900
v1_scalar_F5M_Q3M_C3_P2,9043200
v1_scalar_F5M_Q3M_C3_P2,8296100
v1_scalar_F5M_Q3M_C3_P2,7978000
v1_scalar_F5M_Q3M_C3_P2,8000100
v1_scalar_F5M_Q3M_C3_P2,8116600
v1_scalar_F5M_Q3M_C3_P2,8367000
v1_scalar_F5M_Q3M_C3_P2,7970600
v1_scalar_F5M_Q3M_C3_P2,7999700
v1_scalar_F5M_Q3M_C3_P2,7955300
v1_scalar_F5M_Q3M_C3_P2,8077200
v1_scalar_F5M_Q3M_C3_P2,7972800
v1_scalar_F5M_Q3M_C3_P2,8359900
v1_scalar_F5M_Q3M_C3_P2,8467000
v1_scalar_F5M_Q3M_C3_P2,7978500
v1_scalar_F5M_Q3M_C3_P2,8013400
v1_scalar_F5M_Q3M_C3_P2,7971800
v1_scalar_F5M_Q3M_C3_P2,8042600
v1_scalar_F5M_Q3M_C3_P2,7959200
v1_scalar_F5M_Q3M_C3_P2,8292500
v1_scalar_F5M_Q3M_C3_P2,8341600
v1_scalar_F5M_Q3M_C3_P2,8515800
v1_scalar_F5M_Q3M_C3_P2,7984000
v1_scalar_F5M_Q3M_C3_P2,8060600
v1_scalar_F5M_Q3M_C3_P2,7978000
v1_scalar_F5M_Q3M_C3_P2,8832600
v1_scalar_F5M_Q3M_C3_P2,8414200
v1_scalar_F5M_Q3M_C3_P2,8082700
v1_scalar_F5M_Q3M_C3_P2,7984700
v1_scalar_F5M_Q3M_C3_P2,8119300
v1_scalar_F5M_Q3M_C3_P2,8400700
v1_scalar_F5M_Q3M_C3_P2,8032400
v1_scalar_F5M_Q3M_C3_P2,8900600
v1_scalar_F5M_Q3M_C3_P2,8019800
v1_scalar_F5M_Q3M_C3_P2,8012900
v1_scalar_F5M_Q3M_C3_P2,7990100
v1_scalar_F5M_Q3M_C3_P2,8038400
v1_scalar_F5M_Q3M_C3_P2,7968900
v1_scalar_F5M_Q3M_C3_P2,8369000
v1_scalar_F5M_Q3M_C3_P2,7990000
v1_scalar_F5M_Q3M_C3_P2,8545200
v1_scalar_F5M_Q3M_C3_P2,8583800
v1_scalar_F5M_Q3M_C3_P2,8075500
v1_scalar_F5M_Q3M_C3_P2,8070800
v1_scalar_F5M_Q3M_C3_P2,7969900
v1_scalar_F5M_Q3M_C3_P2,7962700
v1_scalar_F5M_Q3M_C3_P2,7968700
v1_scalar_F5M_Q3M_C3_P2,8261500
v1_scalar_F5M_Q3M_C3_P2,8574800
v1_scalar_F5M_Q3M_C3_P2,7975700
v1_scalar_F5M_Q3M_C3_P2,8005200
v1_scalar_F5M_Q3M_C3_P2,8104600
v1_scalar_F5M_Q3M_C3_P2,7995600
v1_scalar_F5M_Q3M_C3_P2,7994000
v1_scalar_F5M_Q3M_C3_P2,7987000
v1_scalar_F5M_Q3M_C3_P2,8010000
v1_scalar_F5M_Q3M_C3_P2,7951100
v1_scalar_F5M_Q3M_C3_P2,8665200
v1_scalar_F5M_Q3M_C3_P2,8491800
v1_scalar_F5M_Q3M_C3_P2,8405200
v1_scalar_F5M_Q3M_C3_P2,8365600
v1_scalar_F5M_Q3M_C3_P2,8125900
v1_scalar_F5M_Q3M_C3_P2,8280900
v1_scalar_F5M_Q3M_C3_P2,8573300
v1_scalar_F5M_Q3M_C3_P2,8624600
v1_scalar_F5M_Q3M_C3_P2,8591200
v1_scalar_F5M_Q3M_C3_P2,7979700
v1_scalar_F5M_Q3M_C3_P2,8075200
v1_scalar_F5M_Q3M_C3_P2,9708600
v1_scalar_F5M_Q3M_C3_P2,8832600
v1_scalar_F5M_Q3M_C3_P2,8040400
v1_scalar_F5M_Q3M_C3_P2,8193800
v1_scalar_F5M_Q3M_C3_P2,8093300
v1_scalar_F5M_Q3M_C3_P2,8294400
v1_scalar_F5M_Q3M_C3_P2,8180000
v1_scalar_F5M_Q3M_C3_P2,8120800
v1_scalar_F5M_Q3M_C3_P2,8229700
v1_scalar_F5M_Q3M_C3_P2,8083100
v1_scalar_F5M_Q3M_C3_P2,8209700
v1_scalar_F5M_Q3M_C3_P2,7976100
v1_scalar_F5M_Q3M_C3_P2,8087400
v1_scalar_F5M_Q3M_C3_P2,8042400
v1_scalar_F5M_Q3M_C3_P2,8320000
v1_scalar_F5M_Q3M_C3_P2,8346800
v1_scalar_F5M_Q3M_C3_P2,8753400
v1_scalar_F5M_Q3M_C3_P2,9141000
v1_scalar_F5M_Q3M_C3_P2,8102600
v1_scalar_F5M_Q3M_C3_P2,8247800
v1_scalar_F5M_Q3M_C3_P2,8138200
v1_scalar_F5M_Q3M_C3_P2,8187300
v1_scalar_F5M_Q3M_C3_P2,7998800
v1_scalar_F5M_Q3M_C3_P2,8143500
v1_scalar_F5M_Q3M_C3_P2,8002200
v1_scalar_F5M_Q3M_C3_P2,8059200
v1_scalar_F5M_Q3M_C3_P2,8078100
v1_scalar_F5M_Q3M_C3_P2,8204000
v1_scalar_F5M_Q3M_C3_P2,7997900
v1_scalar_F5M_Q3M_C3_P2,8135600
v1_scalar_F5M_Q3M_C3_P2,8649900
v1_scalar_F5M_Q3M_C3_P2,8461100
v1_scalar_F5M_Q3M_C3_P2,8425900
v1_scalar_F5M_Q3M_C3_P2,8029600
v1_scalar_F5M_Q3M_C3_P2,7973400
v1_scalar_F5M_Q3M_C3_P2,8133500
v1_scalar_F5M_Q3M_C3_P2,8983300
v1_scalar_F5M_Q3M_C3_P2,8550900
v1_scalar_F5M_Q3M_C3_P2,8112800
v1_scalar_F5M_Q3M_C3_P2,8098600
v1_scalar_F5M_Q3M_C3_P2,8219500
v1_scalar_F5M_Q3M_C3_P2,8170200
v1_scalar_F5M_Q3M_C3_P2,8197300
v1_scalar_F5M_Q3M_C3_P2,8286600
v1_scalar_F5M_Q3M_C3_P2,8569400
v1_scalar_F5M_Q3M_C3_P2,8299700
v1_scalar_F5M_Q3M_C3_P2,8036800
v1_scalar_F5M_Q3M_C3_P2,8123800
v1_scalar_F5M_Q3M_C3_P2,8088600
v1_scalar_F5M_Q3M_C3_P2,8545600
v1_scalar_F5M_Q3M_C3_P2,8043900
v1_scalar_F5M_Q3M_C3_P2,8142900
v1_scalar_F5M_Q3M_C3_P2,8009000
v1_scalar_F5M_Q3M_C3_P2,8067500
v1_scalar_F5M_Q3M_C3_P2,8077100
v1_scalar_F5M_Q3M_C3_P2,8101300
v1_scalar_F5M_Q3M_C3_P2,8098300
v1_scalar_F5M_Q3M_C3_P2,8050900
v1_scalar_F5M_Q3M_C3_P2,8093800
v1_scalar_F5M_Q3M_C3_P2,8033300
v1_scalar_F5M_Q3M_C3_P2,8260700
v1_scalar_F5M_Q3M_C3_P2,8127700
v1_scalar_F5M_Q3M_C3_P2,8255300
v1_scalar_F5M_Q3M_C3_P2,8124100
v1_scalar_F5M_Q3M_C3_P2,8217100
v1_scalar_F5M_Q3M_C3_P2,8001400
v1_scalar_F5M_Q3M_C3_P2,8136600
v1_scalar_F5M_Q3M_C3_P2,8044200
v1_scalar_F5M_Q3M_C3_P2,8061300
v1_scalar_F5M_Q3M_C3_P2,8085700
v1_scalar_F5M_Q3M_C3_P2,8184600
v1_scalar_F5M_Q3M_C3_P2,8135100
v1_scalar_F5M_Q3M_C3_P2,8335200
v1_scalar_F5M_Q3M_C3_P2,8363200
v1_scalar_F5M_Q3M_C3_P2,8349600
v1_scalar_F5M_Q3M_C3_P2,9615600
v1_scalar_F5M_Q3M_C3_P2,8254800
v1_scalar_F5M_Q3M_C3_P2,8520000
v1_scalar_F5M_Q3M_C3_P2,8408000
v1_scalar_F5M_Q3M_C3_P2,8175700
v1_scalar_F5M_Q3M_C3_P2,8054200
v1_scalar_F5M_Q3M_C3_P2,8041100
v1_scalar_F5M_Q3M_C3_P2,8112700
v1_scalar_F5M_Q3M_C3_P2,8167500
v1_scalar_F5M_Q3M_C3_P2,8090100
v1_scalar_F5M_Q3M_C3_P2,8159000
v1_scalar_F5M_Q3M_C3_P2,8183700
v1_scalar_F5M_Q3M_C3_P2,8158400
v1_scalar_F5M_Q3M_C3_P2,8204800
v1_scalar_F5M_Q3M_C3_P2,8064400
v1_scalar_F5M_Q3M_C3_P2,8070400
v1_scalar_F5M_Q3M_C3_P2,8664200
v1_scalar_F5M_Q3M_C3_P2,8205800
v1_scalar_F5M_Q3M_C3_P2,8419600
v1_scalar_F5M_Q3M_C3_P2,8292800
v1_scalar_F5M_Q3M_C3_P2,8183700
v1_scalar_F5M_Q3M_C3_P2,8072700
v1_scalar_F5M_Q3M_C3_P2,8274200
v1_scalar_F5M_Q3M_C3_P2,8307600
v1_scalar_F5M_Q3M_C3_P2,8266900
v1_scalar_F5M_Q3M_C3_P2,8155700
v1_scalar_F5M_Q3M_C3_P2,8146400
v1_scalar_F5M_Q3M_C3_P2,8066400
v1_scalar_F5M_Q3M_C3_P2,8286400
v1_scalar_F5M_Q3M_C3_P2,8109700
v1_scalar_F5M_Q3M_C3_P2,8083900
v1_scalar_F5M_Q3M_C3_P2,8351600
v1_scalar_F5M_Q3M_C3_P2,8037000
v1_scalar_F5M_Q3M_C3_P2,8061800
v1_scalar_F5M_Q3M_C3_P2,8002800
v1_scalar_F5M_Q3M_C3_P2,8001700
v1_scalar_F5M_Q3M_C4F_P2,8056200
v1_scalar_F5M_Q3M_C4F_P2,8045500
v1_scalar_F5M_Q3M_C4F_P2,8512300
v1_scalar_F5M_Q3M_C4F_P2,8195100
v1_scalar_F5M_Q3M_C4F_P2,8053300
v1_scalar_F5M_Q3M_C4F_P2,8052800
v1_scalar_F5M_Q3M_C4F_P2,8367400
v1_scalar_F5M_Q3M_C4F_P2,8125800
v1_scalar_F5M_Q3M_C4F_P2,8111700
v1_scalar_F5M_Q3M_C4F_P2,8013500
v1_scalar_F5M_Q3M_C4F_P2,8198100
v1_scalar_F5M_Q3M_C4F_P2,8023000
v1_scalar_F5M_Q3M_C4F_P2,8107200
v1_scalar_F5M_Q3M_C4F_P2,8083200
v1_scalar_F5M_Q3M_C4F_P2,8060000
v1_scalar_F5M_Q3M_C4F_P2,8011700
v1_scalar_F5M_Q3M_C4F_P2,8171200
v1_scalar_F5M_Q3M_C4F_P2,8274700
v1_scalar_F5M_Q3M_C4F_P2,8174300
v1_scalar_F5M_Q3M_C4F_P2,8274200
v1_scalar_F5M_Q3M_C4F_P2,8021800
v1_scalar_F5M_Q3M_C4F_P2,8083900
v1_scalar_F5M_Q3M_C4F_P2,8062100
v1_scalar_F5M_Q3M_C4F_P2,8330800
v1_scalar_F5M_Q3M_C4F_P2,8563700
v1_scalar_F5M_Q3M_C4F_P2,8475100
v1_scalar_F5M_Q3M_C4F_P2,8489600
v1_scalar_F5M_Q3M_C4F_P2,8832800
v1_scalar_F5M_Q3M_C4F_P2,8870100
v1_scalar_F5M_Q3M_C4F_P2,8512700
v1_scalar_F5M_Q3M_C4F_P2,9342500
v1_scalar_F5M_Q3M_C4F_P2,8598600
v1_scalar_F5M_Q3M_C4F_P2,8161800
v1_scalar_F5M_Q3M_C4F_P2,8040800
v1_scalar_F5M_Q3M_C4F_P2,8228500
v1_scalar_F5M_Q3M_C4F_P2,8124100
v1_scalar_F5M_Q3M_C4F_P2,8087100
v1_scalar_F5M_Q3M_C4F_P2,8357800
v1_scalar_F5M_Q3M_C4F_P2,8495200
v1_scalar_F5M_Q3M_C4F_P2,8133200
v1_scalar_F5M_Q3M_C4F_P2,8094300
v1_scalar_F5M_Q3M_C4F_P2,8306700
v1_scalar_F5M_Q3M_C4F_P2,8783900
v1_scalar_F5M_Q3M_C4F_P2,8589300
v1_scalar_F5M_Q3M_C4F_P2,8636200
v1_scalar_F5M_Q3M_C4F_P2,8424700
v1_scalar_F5M_Q3M_C4F_P2,8690200
v1_scalar_F5M_Q3M_C4F_P2,8975400
v1_scalar_F5M_Q3M_C4F_P2,8114600
v1_scalar_F5M_Q3M_C4F_P2,8007900
v1_scalar_F5M_Q3M_C4F_P2,8130100
v1_scalar_F5M_Q3M_C4F_P2,8063500
v1_scalar_F5M_Q3M_C4F_P2,8424200
v1_scalar_F5M_Q3M_C4F_P2,8520600
v1_scalar_F5M_Q3M_C4F_P2,8456300
v1_scalar_F5M_Q3M_C4F_P2,8110900
v1_scalar_F5M_Q3M_C4F_P2,8088600
v1_scalar_F5M_Q3M_C4F_P2,8149100
v1_scalar_F5M_Q3M_C4F_P2,8730600
v1_scalar_F5M_Q3M_C4F_P2,8387200
v1_scalar_F5M_Q3M_C4F_P2,8253000
v1_scalar_F5M_Q3M_C4F_P2,8618000
v1_scalar_F5M_Q3M_C4F_P2,8738800
v1_scalar_F5M_Q3M_C4F_P2,8613500
v1_scalar_F5M_Q3M_C4F_P2,8440700
v1_scalar_F5M_Q3M_C4F_P2,8462700
v1_scalar_F5M_Q3M_C4F_P2,8567000
v1_scalar_F5M_Q3M_C4F_P2,8452800
v1_scalar_F5M_Q3M_C4F_P2,8189500
v1_scalar_F5M_Q3M_C4F_P2,8088100
v1_scalar_F5M_Q3M_C4F_P2,8531300
v1_scalar_F5M_Q3M_C4F_P2,8052700
v1_scalar_F5M_Q3M_C4F_P2,8121100
v1_scalar_F5M_Q3M_C4F_P2,8208200
v1_scalar_F5M_Q3M_C4F_P2,8051200
v1_scalar_F5M_Q3M_C4F_P2,8084100
v1_scalar_F5M_Q3M_C4F_P2,8078700
v1_scalar_F5M_Q3M_C4F_P2,8157800
v1_scalar_F5M_Q3M_C4F_P2,8122100
v1_scalar_F5M_Q3M_C4F_P2,8149800
v1_scalar_F5M_Q3M_C4F_P2,8086900
v1_scalar_F5M_Q3M_C4F_P2,8381300
v1_scalar_F5M_Q3M_C4F_P2,8073300
v1_scalar_F5M_Q3M_C4F_P2,8252000
v1_scalar_F5M_Q3M_C4F_P2,8159400
v1_scalar_F5M_Q3M_C4F_P2,8137600
v1_scalar_F5M_Q3M_C4F_P2,8770000
v1_scalar_F5M_Q3M_C4F_P2,8307000
v1_scalar_F5M_Q3M_C4F_P2,9191000
v1_scalar_F5M_Q3M_C4F_P2,8954900
v1_scalar_F5M_Q3M_C4F_P2,9000900
v1_scalar_F5M_Q3M_C4F_P2,8919300
v1_scalar_F5M_Q3M_C4F_P2,8474500
v1_scalar_F5M_Q3M_C4F_P2,8408100
v1_scalar_F5M_Q3M_C4F_P2,8604600
v1_scalar_F5M_Q3M_C4F_P2,8214200
v1_scalar_F5M_Q3M_C4F_P2,8193100
v1_scalar_F5M_Q3M_C4F_P2,8622100
v1_scalar_F5M_Q3M_C4F_P2,8154300
v1_scalar_F5M_Q3M_C4F_P2,8301000
v1_scalar_F5M_Q3M_C4F_P2,8087600
v1_scalar_F5M_Q3M_C4F_P2,8041700
v1_scalar_F5M_Q3M_C4F_P2,8263000
v1_scalar_F5M_Q3M_C4F_P2,8224500
v1_scalar_F5M_Q3M_C4F_P2,8183200
v1_scalar_F5M_Q3M_C4F_P2,8107400
v1_scalar_F5M_Q3M_C4F_P2,8153000
v1_scalar_F5M_Q3M_C4F_P2,8094200
v1_scalar_F5M_Q3M_C4F_P2,8127700
v1_scalar_F5M_Q3M_C4F_P2,8592300
v1_scalar_F5M_Q3M_C4F_P2,8340200
v1_scalar_F5M_Q3M_C4F_P2,8123900
v1_scalar_F5M_Q3M_C4F_P2,8283300
v1_scalar_F5M_Q3M_C4F_P2,8134400
v1_scalar_F5M_Q3M_C4F_P2,8119800
v1_scalar_F5M_Q3M_C4F_P2,8065400
v1_scalar_F5M_Q3M_C4F_P2,8193700
v1_scalar_F5M_Q3M_C4F_P2,8329800
v1_scalar_F5M_Q3M_C4F_P2,8457400
v1_scalar_F5M_Q3M_C4F_P2,8785800
v1_scalar_F5M_Q3M_C4F_P2,8485900
v1_scalar_F5M_Q3M_C4F_P2,8379100
v1_scalar_F5M_Q3M_C4F_P2,8155400
v1_scalar_F5M_Q3M_C4F_P2,8481000
v1_scalar_F5M_Q3M_C4F_P2,8502400
v1_scalar_F5M_Q3M_C4F_P2,8543700
v1_scalar_F5M_Q3M_C4F_P2,8747900
v1_scalar_F5M_Q3M_C4F_P2,8380300
v1_scalar_F5M_Q3M_C4F_P2,8420500
v1_scalar_F5M_Q3M_C4F_P2,8088800
v1_scalar_F5M_Q3M_C4F_P2,8182900
v1_scalar_F5M_Q3M_C4F_P2,8125300
v1_scalar_F5M_Q3M_C4F_P2,8824900
v1_scalar_F5M_Q3M_C4F_P2,8621200
v1_scalar_F5M_Q3M_C4F_P2,8293100
v1_scalar_F5M_Q3M_C4F_P2,8264000
v1_scalar_F5M_Q3M_C4F_P2,8697400
v1_scalar_F5M_Q3M_C4F_P2,8454100
v1_scalar_F5M_Q3M_C4F_P2,8621200
v1_scalar_F5M_Q3M_C4F_P2,8521300
v1_scalar_F5M_Q3M_C4F_P2,8545200
v1_scalar_F5M_Q3M_C4F_P2,8246900
v1_scalar_F5M_Q3M_C4F_P2,8124900
v1_scalar_F5M_Q3M_C4F_P2,8162100
v1_scalar_F5M_Q3M_C4F_P2,8101800
v1_scalar_F5M_Q3M_C4F_P2,8197000
v1_scalar_F5M_Q3M_C4F_P2,8211400
v1_scalar_F5M_Q3M_C4F_P2,8030200
v1_scalar_F5M_Q3M_C4F_P2,8073800
v1_scalar_F5M_Q3M_C4F_P2,8006900
v1_scalar_F5M_Q3M_C4F_P2,8067400
v1_scalar_F5M_Q3M_C4F_P2,8182500
v1_scalar_F5M_Q3M_C4F_P2,8189200
v1_scalar_F5M_Q3M_C4F_P2,8616400
v1_scalar_F5M_Q3M_C4F_P2,8232500
v1_scalar_F5M_Q3M_C4F_P2,8062700
v1_scalar_F5M_Q3M_C4F_P2,8741700
v1_scalar_F5M_Q3M_C4F_P2,8427200
v1_scalar_F5M_Q3M_C4F_P2,8836000
v1_scalar_F5M_Q3M_C4F_P2,8852200
v1_scalar_F5M_Q3M_C4F_P2,8497400
v1_scalar_F5M_Q3M_C4F_P2,8404800
v1_scalar_F5M_Q3M_C4F_P2,8415800
v1_scalar_F5M_Q3M_C4F_P2,8133900
v1_scalar_F5M_Q3M_C4F_P2,8083200
v1_scalar_F5M_Q3M_C4F_P2,8064000
v1_scalar_F5M_Q3M_C4F_P2,8392000
v1_scalar_F5M_Q3M_C4F_P2,8709000
v1_scalar_F5M_Q3M_C4F_P2,8587400
v1_scalar_F5M_Q3M_C4F_P2,8047100
v1_scalar_F5M_Q3M_C4F_P2,8329800
v1_scalar_F5M_Q3M_C4F_P2,8162700
v1_scalar_F5M_Q3M_C4F_P2,8234600
v1_scalar_F5M_Q3M_C4F_P2,8586100
v1_scalar_F5M_Q3M_C4F_P2,8641400
v1_scalar_F5M_Q3M_C4F_P2,8989800
v1_scalar_F5M_Q3M_C4F_P2,8275800
v1_scalar_F5M_Q3M_C4F_P2,8218100
v1_scalar_F5M_Q3M_C4F_P2,8491800
v1_scalar_F5M_Q3M_C4F_P2,8751700
v1_scalar_F5M_Q3M_C4F_P2,8143800
v1_scalar_F5M_Q3M_C4F_P2,8127900
v1_scalar_F5M_Q3M_C4F_P2,8087800
v1_scalar_F5M_Q3M_C4F_P2,8186000
v1_scalar_F5M_Q3M_C4F_P2,8120000
v1_scalar_F5M_Q3M_C4F_P2,8262500
v1_scalar_F5M_Q3M_C4F_P2,8101700
v1_scalar_F5M_Q3M_C4F_P2,8198800
v1_scalar_F5M_Q3M_C4F_P2,8298400
v1_scalar_F5M_Q3M_C4F_P2,8221100
v1_scalar_F5M_Q3M_C4F_P2,8106700
v1_scalar_F5M_Q3M_C4F_P2,8075400
v1_scalar_F5M_Q3M_C4F_P2,8130100
v1_scalar_F5M_Q3M_C4F_P2,7987400
v1_scalar_F5M_Q3M_C4F_P2,8172100
v1_scalar_F5M_Q3M_C4F_P2,8105000
v1_scalar_F5M_Q3M_C4F_P2,8297600
v1_scalar_F5M_Q3M_C4F_P2,8010300
v1_scalar_F5M_Q3M_C4F_P2,8582800
v1_scalar_F5M_Q3M_C4F_P2,8525000
v1_scalar_F5M_Q3M_C4F_P2,8118400
v1_scalar_F5M_Q3M_C4F_P2,8025500
v1_scalar_F5M_Q3M_C4F_P2,8151000
v1_scalar_F5M_Q3M_C4F_P2,8114000
v1_scalar_F5M_Q3M_C4F_P2,8410100
v1_scalar_F5M_Q3M_C4F_P2,8509800
v1_scalar_F5M_Q3M_C4F_P2,8746000
v1_scalar_F5M_Q3M_C4F_P2,8174900
v1_scalar_F5M_Q3M_C4F_P2,8122500
v1_scalar_F5M_Q3M_C4F_P2,8271800
v1_scalar_F5M_Q3M_C4F_P2,8713800
v1_scalar_F5M_Q3M_C4F_P2,8547300
v1_scalar_F5M_Q3M_C4F_P2,8704300
v1_scalar_F5M_Q3M_C4F_P2,8293700
v1_scalar_F5M_Q3M_C4F_P2,9056200
v1_scalar_F5M_Q3M_C4F_P2,8174500
v1_scalar_F5M_Q3M_C4F_P2,8271600
v1_scalar_F5M_Q3M_C4F_P2,8079900
v1_scalar_F5M_Q3M_C4F_P2,8240800
v1_scalar_F5M_Q3M_C4F_P2,8092200
v1_scalar_F5M_Q3M_C4F_P2,8415400
v1_scalar_F5M_Q3M_C4F_P2,8431100
v1_scalar_F5M_Q3M_C4F_P2,8615700
v1_scalar_F5M_Q3M_C4F_P2,8469800
v1_scalar_F5M_Q3M_C4F_P2,8215000
v1_scalar_F5M_Q3M_C4F_P2,8556700
v1_scalar_F5M_Q3M_C4F_P2,8298400
v1_scalar_F5M_Q3M_C4F_P2,8351300
v1_scalar_F5M_Q3M_C4F_P2,8119100
v1_scalar_F5M_Q3M_C4F_P2,8520100
v1_scalar_F5M_Q3M_C4F_P2,8607900
v1_scalar_F5M_Q3M_C4F_P2,8132200
v1_scalar_F5M_Q3M_C4F_P2,8356600
v1_scalar_F5M_Q3M_C4F_P2,8502100
v1_scalar_F5M_Q3M_C4M_P2,8469700
v1_scalar_F5M_Q3M_C4M_P2,8485400
v1_scalar_F5M_Q3M_C4M_P2,8471300
v1_scalar_F5M_Q3M_C4M_P2,8464400
v1_scalar_F5M_Q3M_C4M_P2,8770400
v1_scalar_F5M_Q3M_C4M_P2,8455700
v1_scalar_F5M_Q3M_C4M_P2,8618200
v1_scalar_F5M_Q3M_C4M_P2,8455000
v1_scalar_F5M_Q3M_C4M_P2,8752300
v1_scalar_F5M_Q3M_C4M_P2,8569900
v1_scalar_F5M_Q3M_C4M_P2,8438200
v1_scalar_F5M_Q3M_C4M_P2,8520000
v1_scalar_F5M_Q3M_C4M_P2,8418600
v1_scalar_F5M_Q3M_C4M_P2,8521300
v1_scalar_F5M_Q3M_C4M_P2,8465400
v1_scalar_F5M_Q3M_C4M_P2,9192800
v1_scalar_F5M_Q3M_C4M_P2,8503100
v1_scalar_F5M_Q3M_C4M_P2,8640300
v1_scalar_F5M_Q3M_C4M_P2,8525900
v1_scalar_F5M_Q3M_C4M_P2,8542600
v1_scalar_F5M_Q3M_C4M_P2,8519900
v1_scalar_F5M_Q3M_C4M_P2,8427800
v1_scalar_F5M_Q3M_C4M_P2,8446800
v1_scalar_F5M_Q3M_C4M_P2,8444000
v1_scalar_F5M_Q3M_C4M_P2,8354300
v1_scalar_F5M_Q3M_C4M_P2,8810600
v1_scalar_F5M_Q3M_C4M_P2,9100500
v1_scalar_F5M_Q3M_C4M_P2,8679700
v1_scalar_F5M_Q3M_C4M_P2,8335700
v1_scalar_F5M_Q3M_C4M_P2,8536600
v1_scalar_F5M_Q3M_C4M_P2,9103600
v1_scalar_F5M_Q3M_C4M_P2,8748600
v1_scalar_F5M_Q3M_C4M_P2,8473600
v1_scalar_F5M_Q3M_C4M_P2,8450500
v1_scalar_F5M_Q3M_C4M_P2,8530100
v1_scalar_F5M_Q3M_C4M_P2,8455700
v1_scalar_F5M_Q3M_C4M_P2,8446800
v1_scalar_F5M_Q3M_C4M_P2,8525900
v1_scalar_F5M_Q3M_C4M_P2,8520500
v1_scalar_F5M_Q3M_C4M_P2,8519700
v1_scalar_F5M_Q3M_C4M_P2,8529300
v1_scalar_F5M_Q3M_C4M_P2,8346900
v1_scalar_F5M_Q3M_C4M_P2,8416900
v1_scalar_F5M_Q3M_C4M_P2,8398700
v1_scalar_F5M_Q3M_C4M_P2,8295400
v1_scalar_F5M_Q3M_C4M_P2,8343400
v1_scalar_F5M_Q3M_C4M_P2,8498600
v1_scalar_F5M_Q3M_C4M_P2,8646000
v1_scalar_F5M_Q3M_C4M_P2,8459200
v1_scalar_F5M_Q3M_C4M_P2,8570800
v1_scalar_F5M_Q3M_C4M_P2,8362400
v1_scalar_F5M_Q3M_C4M_P2,8378500
v1_scalar_F5M_Q3M_C4M_P2,8403100
v1_scalar_F5M_Q3M_C4M_P2,8929200
v1_scalar_F5M_Q3M_C4M_P2,8670100
v1_scalar_F5M_Q3M_C4M_P2,8438200
v1_scalar_F5M_Q3M_C4M_P2,8476700
v1_scalar_F5M_Q3M_C4M_P2,8422300
v1_scalar_F5M_Q3M_C4M_P2,8458800
v1_scalar_F5M_Q3M_C4M_P2,8409900
v1_scalar_F5M_Q3M_C4M_P2,8427900
v1_scalar_F5M_Q3M_C4M_P2,8408200
v1_scalar_F5M_Q3M_C4M_P2,8350400
v1_scalar_F5M_Q3M_C4M_P2,8975900
v1_scalar_F5M_Q3M_C4M_P2,8831600
v1_scalar_F5M_Q3M_C4M_P2,8864600
v1_scalar_F5M_Q3M_C4M_P2,8504500
v1_scalar_F5M_Q3M_C4M_P2,8703300
v1_scalar_F5M_Q3M_C4M_P2,8947900
v1_scalar_F5M_Q3M_C4M_P2,8614900
v1_scalar_F5M_Q3M_C4M_P2,8726100
v1_scalar_F5M_Q3M_C4M_P2,8777600
v1_scalar_F5M_Q3M_C4M_P2,9449600
v1_scalar_F5M_Q3M_C4M_P2,9122800
v1_scalar_F5M_Q3M_C4M_P2,8820700
v1_scalar_F5M_Q3M_C4M_P2,8716200
v1_scalar_F5M_Q3M_C4M_P2,8473300
v1_scalar_F5M_Q3M_C4M_P2,8710000
v1_scalar_F5M_Q3M_C4M_P2,8419600
v1_scalar_F5M_Q3M_C4M_P2,8502600
v1_scalar_F5M_Q3M_C4M_P2,8402200
v1_scalar_F5M_Q3M_C4M_P2,8469800
v1_scalar_F5M_Q3M_C4M_P2,8474700
v1_scalar_F5M_Q3M_C4M_P2,8380500
v1_scalar_F5M_Q3M_C4M_P2,8334600
v1_scalar_F5M_Q3M_C4M_P2,8375800
v1_scalar_F5M_Q3M_C4M_P2,8566000
v1_scalar_F5M_Q3M_C4M_P2,8769200
v1_scalar_F5M_Q3M_C4M_P2,8369800
v1_scalar_F5M_Q3M_C4M_P2,8371100
v1_scalar_F5M_Q3M_C4M_P2,8479800
v1_scalar_F5M_Q3M_C4M_P2,8331100
v1_scalar_F5M_Q3M_C4M_P2,8324800
v1_scalar_F5M_Q3M_C4M_P2,8349300
v1_scalar_F5M_Q3M_C4M_P2,8418000
v1_scalar_F5M_Q3M_C4M_P2,8512600
v1_scalar_F5M_Q3M_C4M_P2,8498900
v1_scalar_F5M_Q3M_C4M_P2,8660400
v1_scalar_F5M_Q3M_C4M_P2,8367200
v1_scalar_F5M_Q3M_C4M_P2,8371400
v1_scalar_F5M_Q3M_C4M_P2,8378300
v1_scalar_F5M_Q3M_C4M_P2,8453400
v1_scalar_F5M_Q3M_C4M_P2,8360900
v1_scalar_F5M_Q3M_C4M_P2,8902200
v1_scalar_F5M_Q3M_C4M_P2,8781500
v1_scalar_F5M_Q3M_C4M_P2,8402600
v1_scalar_F5M_Q3M_C4M_P2,8525000
v1_scalar_F5M_Q3M_C4M_P2,8360500
v1_scalar_F5M_Q3M_C4M_P2,8419400
v1_scalar_F5M_Q3M_C4M_P2,8350000
v1_scalar_F5M_Q3M_C4M_P2,8446900
v1_scalar_F5M_Q3M_C4M_P2,8357300
v1_scalar_F5M_Q3M_C4M_P2,9014400
v1_scalar_F5M_Q3M_C4M_P2,8788400
v1_scalar_F5M_Q3M_C4M_P2,8432200
v1_scalar_F5M_Q3M_C4M_P2,8535000
v1_scalar_F5M_Q3M_C4M_P2,8329500
v1_scalar_F5M_Q3M_C4M_P2,8432000
v1_scalar_F5M_Q3M_C4M_P2,8339100
v1_scalar_F5M_Q3M_C4M_P2,8441100
v1_scalar_F5M_Q3M_C4M_P2,8421400
v1_scalar_F5M_Q3M_C4M_P2,9224700
v1_scalar_F5M_Q3M_C4M_P2,8937800
v1_scalar_F5M_Q3M_C4M_P2,8378000
v1_scalar_F5M_Q3M_C4M_P2,8667300
v1_scalar_F5M_Q3M_C4M_P2,8449400
v1_scalar_F5M_Q3M_C4M_P2,8587600
v1_scalar_F5M_Q3M_C4M_P2,8410900
v1_scalar_F5M_Q3M_C4M_P2,8937900
v1_scalar_F5M_Q3M_C4M_P2,9115200
v1_scalar_F5M_Q3M_C4M_P2,8953500
v1_scalar_F5M_Q3M_C4M_P2,9141100
v1_scalar_F5M_Q3M_C4M_P2,8891700
v1_scalar_F5M_Q3M_C4M_P2,8508300
v1_scalar_F5M_Q3M_C4M_P2,8700000
v1_scalar_F5M_Q3M_C4M_P2,8504100
v1_scalar_F5M_Q3M_C4M_P2,8902300
v1_scalar_F5M_Q3M_C4M_P2,9106900
v1_scalar_F5M_Q3M_C4M_P2,8528000
v1_scalar_F5M_Q3M_C4M_P2,8536200
v1_scalar_F5M_Q3M_C4M_P2,8464100
v1_scalar_F5M_Q3M_C4M_P2,8628400
v1_scalar_F5M_Q3M_C4M_P2,8397100
v1_scalar_F5M_Q3M_C4M_P2,8554800
v1_scalar_F5M_Q3M_C4M_P2,8561100
v1_scalar_F5M_Q3M_C4M_P2,8769300
v1_scalar_F5M_Q3M_C4M_P2,8782300
v1_scalar_F5M_Q3M_C4M_P2,8608400
v1_scalar_F5M_Q3M_C4M_P2,9945700
v1_scalar_F5M_Q3M_C4M_P2,8523400
v1_scalar_F5M_Q3M_C4M_P2,8705500
v1_scalar_F5M_Q3M_C4M_P2,8699800
v1_scalar_F5M_Q3M_C4M_P2,8523500
v1_scalar_F5M_Q3M_C4M_P2,8501000
v1_scalar_F5M_Q3M_C4M_P2,8354000
v1_scalar_F5M_Q3M_C4M_P2,8380700
v1_scalar_F5M_Q3M_C4M_P2,8499300
v1_scalar_F5M_Q3M_C4M_P2,8710900
v1_scalar_F5M_Q3M_C4M_P2,8542600
v1_scalar_F5M_Q3M_C4M_P2,8378800
v1_scalar_F5M_Q3M_C4M_P2,8311500
v1_scalar_F5M_Q3M_C4M_P2,8454900
v1_scalar_F5M_Q3M_C4M_P2,8482500
v1_scalar_F5M_Q3M_C4M_P2,9124600
v1_scalar_F5M_Q3M_C4M_P2,8854800
v1_scalar_F5M_Q3M_C4M_P2,8399800
v1_scalar_F5M_Q3M_C4M_P2,8476700
v1_scalar_F5M_Q3M_C4M_P2,8386300
v1_scalar_F5M_Q3M_C4M_P2,8456200
v1_scalar_F5M_Q3M_C4M_P2,8433800
v1_scalar_F5M_Q3M_C4M_P2,8307500
v1_scalar_F5M_Q3M_C4M_P2,8601300
v1_scalar_F5M_Q3M_C4M_P2,8777100
v1_scalar_F5M_Q3M_C4M_P2,8822800
v1_scalar_F5M_Q3M_C4M_P2,9186800
v1_scalar_F5M_Q3M_C4M_P2,8461900
v1_scalar_F5M_Q3M_C4M_P2,8686700
v1_scalar_F5M_Q3M_C4M_P2,8592800
v1_scalar_F5M_Q3M_C4M_P2,8531600
v1_scalar_F5M_Q3M_C4M_P2,8487800
v1_scalar_F5M_Q3M_C4M_P2,9232500
v1_scalar_F5M_Q3M_C4M_P2,9500900
v1_scalar_F5M_Q3M_C4M_P2,9367600
v1_scalar_F5M_Q3M_C4M_P2,9643800
v1_scalar_F5M_Q3M_C4M_P2,9029000
v1_scalar_F5M_Q3M_C4M_P2,8933100
v1_scalar_F5M_Q3M_C4M_P2,8509700
v1_scalar_F5M_Q3M_C4M_P2,8739700
v1_scalar_F5M_Q3M_C4M_P2,8899600
v1_scalar_F5M_Q3M_C4M_P2,8842000
v1_scalar_F5M_Q3M_C4M_P2,8680900
v1_scalar_F5M_Q3M_C4M_P2,8419000
v1_scalar_F5M_Q3M_C4M_P2,8380900
v1_scalar_F5M_Q3M_C4M_P2,8469400
v1_scalar_F5M_Q3M_C4M_P2,8522100
v1_scalar_F5M_Q3M_C4M_P2,8386900
v1_scalar_F5M_Q3M_C4M_P2,8477100
v1_scalar_F5M_Q3M_C4M_P2,8593400
v1_scalar_F5M_Q3M_C4M_P2,8740300
v1_scalar_F5M_Q3M_C4M_P2,8904900
v1_scalar_F5M_Q3M_C4M_P2,8434100
v1_scalar_F5M_Q3M_C4M_P2,8655600
v1_scalar_F5M_Q3M_C4M_P2,8641100
v1_scalar_F5M_Q3M_C4M_P2,8902600
v1_scalar_F5M_Q3M_C4M_P2,8557500
v1_scalar_F5M_Q3M_C4M_P2,8485100
v1_scalar_F5M_Q3M_C4M_P2,8729300
v1_scalar_F5M_Q3M_C4M_P2,9303500
v1_scalar_F5M_Q3M_C4M_P2,8963600
v1_scalar_F5M_Q3M_C4M_P2,9185300
v1_scalar_F5M_Q3M_C4M_P2,8555400
v1_scalar_F5M_Q3M_C4M_P2,8859100
v1_scalar_F5M_Q3M_C4M_P2,8660500
v1_scalar_F5M_Q3M_C4M_P2,8778300
v1_scalar_F5M_Q3M_C4M_P2,8594100
v1_scalar_F5M_Q3M_C4M_P2,9055500
v1_scalar_F5M_Q3M_C4M_P2,8536300
v1_scalar_F5M_Q3M_C4M_P2,8491100
v1_scalar_F5M_Q3M_C4M_P2,8528500
v1_scalar_F5M_Q3M_C4M_P2,8472100
v1_scalar_F5M_Q3M_C4M_P2,8545300
v1_scalar_F5M_Q3M_C4M_P2,8484100
v1_scalar_F5M_Q3M_C4M_P2,8418900
v1_scalar_F5M_Q3M_C4M_P2,8391400
v1_scalar_F5M_Q3M_C4M_P2,8447000
v1_scalar_F5M_Q3M_C4M_P2,8615800
v1_scalar_F5M_Q3M_C4M_P2,9238600
v1_scalar_F5M_Q4F_C1R_P2,92452900
v1_scalar_F5M_Q4F_C1R_P2,93469600
v1_scalar_F5M_Q4F_C1R_P2,93579300
v1_scalar_F5M_Q4F_C1R_P2,91315600
v1_scalar_F5M_Q4F_C1R_P2,92094700
v1_scalar_F5M_Q4F_C1R_P2,91994500
v1_scalar_F5M_Q4F_C1R_P2,91765900
v1_scalar_F5M_Q4F_C1R_P2,91935900
v1_scalar_F5M_Q4F_C1R_P2,91326300
v1_scalar_F5M_Q4F_C1R_P2,94024500
v1_scalar_F5M_Q4F_C1R_P2,92557800
v1_scalar_F5M_Q4F_C1R_P2,91116300
v1_scalar_F5M_Q4F_C1R_P2,95318600
v1_scalar_F5M_Q4F_C1R_P2,92914700
v1_scalar_F5M_Q4F_C1R_P2,92859400
v1_scalar_F5M_Q4F_C1R_P2,92816600
v1_scalar_F5M_Q4F_C1R_P2,92239400
v1_scalar_F5M_Q4F_C1R_P2,91834300
v1_scalar_F5M_Q4F_C1R_P2,92703800
v1_scalar_F5M_Q4F_C1R_P2,92389400
v1_scalar_F5M_Q4F_C1R_P2,92389200
v1_scalar_F5M_Q4F_C1R_P2,92692300
v1_scalar_F5M_Q4F_C1R_P2,92647300
v1_scalar_F5M_Q4F_C1X_P2,57024300
v1_scalar_F5M_Q4F_C1X_P2,57630300
v1_scalar_F5M_Q4F_C1X_P2,59011800
v1_scalar_F5M_Q4F_C1X_P2,57666900
v1_scalar_F5M_Q4F_C1X_P2,57465100
v1_scalar_F5M_Q4F_C1X_P2,59259200
v1_scalar_F5M_Q4F_C1X_P2,58914600
v1_scalar_F5M_Q4F_C1X_P2,58097800
v1_scalar_F5M_Q4F_C1X_P2,57842300
v1_scalar_F5M_Q4F_C1X_P2,58152900
v1_scalar_F5M_Q4F_C1X_P2,57422200
v1_scalar_F5M_Q4F_C1X_P2,59502600
v1_scalar_F5M_Q4F_C1X_P2,57601100
v1_scalar_F5M_Q4F_C1X_P2,57175800
v1_scalar_F5M_Q4F_C1X_P2,70256900
v1_scalar_F5M_Q4F_C1X_P2,57271100
v1_scalar_F5M_Q4F_C1X_P2,57986600
v1_scalar_F5M_Q4F_C1X_P2,58485500
v1_scalar_F5M_Q4F_C1X_P2,57278900
v1_scalar_F5M_Q4F_C1X_P2,57755500
v1_scalar_F5M_Q4F_C1X_P2,58524200
v1_scalar_F5M_Q4F_C1X_P2,58438100
v1_scalar_F5M_Q4F_C1X_P2,57938500
v1_scalar_F5M_Q4F_C1X_P2,57376000
v1_scalar_F5M_Q4F_C1X_P2,57420100
v1_scalar_F5M_Q4F_C1X_P2,67417700
v1_scalar_F5M_Q4F_C1X_P2,57719500
v1_scalar_F5M_Q4F_C1X_P2,59238400
v1_scalar_F5M_Q4F_C1X_P2,57453200
v1_scalar_F5M_Q4F_C1X_P2,57883800
v1_scalar_F5M_Q4F_C1X_P2,58091000
v1_scalar_F5M_Q4F_C1X_P2,58270600
v1_scalar_F5M_Q4F_C1X_P2,57502100
v1_scalar_F5M_Q4F_C1X_P2,58028200
v1_scalar_F5M_Q4F_C1X_P2,58242400
v1_scalar_F5M_Q4F_C2R_P2,73748000
v1_scalar_F5M_Q4F_C2R_P2,74704400
v1_scalar_F5M_Q4F_C2R_P2,75082500
v1_scalar_F5M_Q4F_C2R_P2,76807400
v1_scalar_F5M_Q4F_C2R_P2,74504900
v1_scalar_F5M_Q4F_C2R_P2,76039800
v1_scalar_F5M_Q4F_C2R_P2,74029500
v1_scalar_F5M_Q4F_C2R_P2,75009000
v1_scalar_F5M_Q4F_C2R_P2,73790900
v1_scalar_F5M_Q4F_C2R_P2,74693800
v1_scalar_F5M_Q4F_C2R_P2,76311400
v1_scalar_F5M_Q4F_C2R_P2,75794800
v1_scalar_F5M_Q4F_C2R_P2,76883900
v1_scalar_F5M_Q4F_C2R_P2,75687100
v1_scalar_F5M_Q4F_C2R_P2,75894700
v1_scalar_F5M_Q4F_C2R_P2,75586100
v1_scalar_F5M_Q4F_C2R_P2,77770600
v1_scalar_F5M_Q4F_C2R_P2,75011100
v1_scalar_F5M_Q4F_C2R_P2,75176500
v1_scalar_F5M_Q4F_C2R_P2,74790400
v1_scalar_F5M_Q4F_C2R_P2,74148800
v1_scalar_F5M_Q4F_C2R_P2,74302700
v1_scalar_F5M_Q4F_C2R_P2,75278200
v1_scalar_F5M_Q4F_C2R_P2,73831800
v1_scalar_F5M_Q4F_C2R_P2,74510400
v1_scalar_F5M_Q4F_C2R_P2,75975600
v1_scalar_F5M_Q4F_C2R_P2,75644200
v1_scalar_F5M_Q4F_C2X_P2,56579200
v1_scalar_F5M_Q4F_C2X_P2,52416700
v1_scalar_F5M_Q4F_C2X_P2,49623900
v1_scalar_F5M_Q4F_C2X_P2,49727600
v1_scalar_F5M_Q4F_C2X_P2,49609600
v1_scalar_F5M_Q4F_C2X_P2,49855300
v1_scalar_F5M_Q4F_C2X_P2,49328600
v1_scalar_F5M_Q4F_C2X_P2,50608600
v1_scalar_F5M_Q4F_C2X_P2,50154600
v1_scalar_F5M_Q4F_C2X_P2,50227200
v1_scalar_F5M_Q4F_C2X_P2,49713700
v1_scalar_F5M_Q4F_C2X_P2,49414300
v1_scalar_F5M_Q4F_C2X_P2,50464700
v1_scalar_F5M_Q4F_C2X_P2,49247700
v1_scalar_F5M_Q4F_C2X_P2,48510700
v1_scalar_F5M_Q4F_C2X_P2,49833200
v1_scalar_F5M_Q4F_C2X_P2,48809400
v1_scalar_F5M_Q4F_C2X_P2,49729300
v1_scalar_F5M_Q4F_C2X_P2,49017800
v1_scalar_F5M_Q4F_C2X_P2,48760000
v1_scalar_F5M_Q4F_C2X_P2,48701800
v1_scalar_F5M_Q4F_C2X_P2,49011000
v1_scalar_F5M_Q4F_C2X_P2,50492000
v1_scalar_F5M_Q4F_C2X_P2,50475600
v1_scalar_F5M_Q4F_C2X_P2,49259000
v1_scalar_F5M_Q4F_C2X_P2,49247500
v1_scalar_F5M_Q4F_C2X_P2,49274000
v1_scalar_F5M_Q4F_C2X_P2,50391200
v1_scalar_F5M_Q4F_C2X_P2,50107400
v1_scalar_F5M_Q4F_C2X_P2,48753200
v1_scalar_F5M_Q4F_C2X_P2,50044200
v1_scalar_F5M_Q4F_C2X_P2,49909000
v1_scalar_F5M_Q4F_C2X_P2,48737000
v1_scalar_F5M_Q4F_C2X_P2,50503600
v1_scalar_F5M_Q4F_C2X_P2,49856900
v1_scalar_F5M_Q4F_C2X_P2,49702100
v1_scalar_F5M_Q4F_C2X_P2,49591100
v1_scalar_F5M_Q4F_C2X_P2,48496300
v1_scalar_F5M_Q4F_C2X_P2,48806800
v1_scalar_F5M_Q4F_C2X_P2,48672400
v1_scalar_F5M_Q4F_C2X_P2,49272500
v1_scalar_F5M_Q4F_C3_P2,39084600
v1_scalar_F5M_Q4F_C3_P2,39120100
v1_scalar_F5M_Q4F_C3_P2,38856400
v1_scalar_F5M_Q4F_C3_P2,40046200
v1_scalar_F5M_Q4F_C3_P2,39738300
v1_scalar_F5M_Q4F_C3_P2,39698500
v1_scalar_F5M_Q4F_C3_P2,39356500
v1_scalar_F5M_Q4F_C3_P2,39501200
v1_scalar_F5M_Q4F_C3_P2,39549400
v1_scalar_F5M_Q4F_C3_P2,38723600
v1_scalar_F5M_Q4F_C3_P2,38757600
v1_scalar_F5M_Q4F_C3_P2,38850200
v1_scalar_F5M_Q4F_C3_P2,39740900
v1_scalar_F5M_Q4F_C3_P2,39962500
v1_scalar_F5M_Q4F_C3_P2,38866500
v1_scalar_F5M_Q4F_C3_P2,38717400
v1_scalar_F5M_Q4F_C3_P2,38928600
v1_scalar_F5M_Q4F_C3_P2,39974200
v1_scalar_F5M_Q4F_C3_P2,39030800
v1_scalar_F5M_Q4F_C3_P2,38560200
v1_scalar_F5M_Q4F_C3_P2,39741800
v1_scalar_F5M_Q4F_C3_P2,39355800
v1_scalar_F5M_Q4F_C3_P2,39287400
v1_scalar_F5M_Q4F_C3_P2,39135000
v1_scalar_F5M_Q4F_C3_P2,38990500
v1_scalar_F5M_Q4F_C3_P2,38923700
v1_scalar_F5M_Q4F_C3_P2,38673100
v1_scalar_F5M_Q4F_C3_P2,39007400
v1_scalar_F5M_Q4F_C3_P2,40006300
v1_scalar_F5M_Q4F_C3_P2,38750100
v1_scalar_F5M_Q4F_C3_P2,38872000
v1_scalar_F5M_Q4F_C3_P2,39649200
v1_scalar_F5M_Q4F_C3_P2,38796300
v1_scalar_F5M_Q4F_C3_P2,39450600
v1_scalar_F5M_Q4F_C3_P2,38740700
v1_scalar_F5M_Q4F_C3_P2,40207300
v1_scalar_F5M_Q4F_C3_P2,40650000
v1_scalar_F5M_Q4F_C3_P2,38631500
v1_scalar_F5M_Q4F_C3_P2,38943000
v1_scalar_F5M_Q4F_C3_P2,38978200
v1_scalar_F5M_Q4F_C3_P2,38977500
v1_scalar_F5M_Q4F_C3_P2,39674000
v1_scalar_F5M_Q4F_C3_P2,38514000
v1_scalar_F5M_Q4F_C3_P2,39780700
v1_scalar_F5M_Q4F_C3_P2,38844100
v1_scalar_F5M_Q4F_C3_P2,39170400
v1_scalar_F5M_Q4F_C3_P2,39152400
v1_scalar_F5M_Q4F_C3_P2,39808800
v1_scalar_F5M_Q4F_C3_P2,39242300
v1_scalar_F5M_Q4F_C3_P2,39498400
v1_scalar_F5M_Q4F_C3_P2,38778000
v1_scalar_F5M_Q4F_C4F_P2,39239100
v1_scalar_F5M_Q4F_C4F_P2,40006100
v1_scalar_F5M_Q4F_C4F_P2,39501600
v1_scalar_F5M_Q4F_C4F_P2,39449600
v1_scalar_F5M_Q4F_C4F_P2,38965000
v1_scalar_F5M_Q4F_C4F_P2,39093500
v1_scalar_F5M_Q4F_C4F_P2,39250200
v1_scalar_F5M_Q4F_C4F_P2,40258100
v1_scalar_F5M_Q4F_C4F_P2,39203900
v1_scalar_F5M_Q4F_C4F_P2,39894600
v1_scalar_F5M_Q4F_C4F_P2,39680200
v1_scalar_F5M_Q4F_C4F_P2,38951000
v1_scalar_F5M_Q4F_C4F_P2,40210800
v1_scalar_F5M_Q4F_C4F_P2,39129600
v1_scalar_F5M_Q4F_C4F_P2,38974000
v1_scalar_F5M_Q4F_C4F_P2,39456800
v1_scalar_F5M_Q4F_C4F_P2,39673500
v1_scalar_F5M_Q4F_C4F_P2,39346500
v1_scalar_F5M_Q4F_C4F_P2,38858300
v1_scalar_F5M_Q4F_C4F_P2,39886300
v1_scalar_F5M_Q4F_C4F_P2,41754300
v1_scalar_F5M_Q4F_C4F_P2,39383900
v1_scalar_F5M_Q4F_C4F_P2,40119200
v1_scalar_F5M_Q4F_C4F_P2,39614000
v1_scalar_F5M_Q4F_C4F_P2,38903300
v1_scalar_F5M_Q4F_C4F_P2,39481600
v1_scalar_F5M_Q4F_C4F_P2,38945100
v1_scalar_F5M_Q4F_C4F_P2,39248000
v1_scalar_F5M_Q4F_C4F_P2,38965200
v1_scalar_F5M_Q4F_C4F_P2,39293800
v1_scalar_F5M_Q4F_C4F_P2,38901000
v1_scalar_F5M_Q4F_C4F_P2,38972900
v1_scalar_F5M_Q4F_C4F_P2,39887800
v1_scalar_F5M_Q4F_C4F_P2,40083300
v1_scalar_F5M_Q4F_C4F_P2,38970700
v1_scalar_F5M_Q4F_C4F_P2,39418300
v1_scalar_F5M_Q4F_C4F_P2,39264800
v1_scalar_F5M_Q4F_C4F_P2,39231600
v1_scalar_F5M_Q4F_C4F_P2,41095400
v1_scalar_F5M_Q4F_C4F_P2,39790900
v1_scalar_F5M_Q4F_C4F_P2,39016000
v1_scalar_F5M_Q4F_C4F_P2,39630500
v1_scalar_F5M_Q4F_C4F_P2,39651000
v1_scalar_F5M_Q4F_C4F_P2,38980300
v1_scalar_F5M_Q4F_C4F_P2,39316700
v1_scalar_F5M_Q4F_C4F_P2,40312000
v1_scalar_F5M_Q4F_C4F_P2,39844900
v1_scalar_F5M_Q4F_C4F_P2,39837400
v1_scalar_F5M_Q4F_C4F_P2,38710200
v1_scalar_F5M_Q4F_C4F_P2,38819000
v1_scalar_F5M_Q4F_C4F_P2,39569500
v1_scalar_F5M_Q4F_C4M_P2,41053300
v1_scalar_F5M_Q4F_C4M_P2,41091000
v1_scalar_F5M_Q4F_C4M_P2,43041900
v1_scalar_F5M_Q4F_C4M_P2,41163800
v1_scalar_F5M_Q4F_C4M_P2,40864300
v1_scalar_F5M_Q4F_C4M_P2,40555300
v1_scalar_F5M_Q4F_C4M_P2,40555900
v1_scalar_F5M_Q4F_C4M_P2,41247100
v1_scalar_F5M_Q4F_C4M_P2,40733400
v1_scalar_F5M_Q4F_C4M_P2,40792200
v1_scalar_F5M_Q4F_C4M_P2,40609700
v1_scalar_F5M_Q4F_C4M_P2,40677900
v1_scalar_F5M_Q4F_C4M_P2,41857400
v1_scalar_F5M_Q4F_C4M_P2,40513800
v1_scalar_F5M_Q4F_C4M_P2,41102600
v1_scalar_F5M_Q4F_C4M_P2,40509200
v1_scalar_F5M_Q4F_C4M_P2,40684000
v1_scalar_F5M_Q4F_C4M_P2,40705300
v1_scalar_F5M_Q4F_C4M_P2,40910300
v1_scalar_F5M_Q4F_C4M_P2,40991400
v1_scalar_F5M_Q4F_C4M_P2,41167200
v1_scalar_F5M_Q4F_C4M_P2,41755000
v1_scalar_F5M_Q4F_C4M_P2,43120700
v1_scalar_F5M_Q4F_C4M_P2,40857300
v1_scalar_F5M_Q4F_C4M_P2,40635100
v1_scalar_F5M_Q4F_C4M_P2,40563000
v1_scalar_F5M_Q4F_C4M_P2,41030900
v1_scalar_F5M_Q4F_C4M_P2,40964800
v1_scalar_F5M_Q4F_C4M_P2,40327300
v1_scalar_F5M_Q4F_C4M_P2,40597000
v1_scalar_F5M_Q4F_C4M_P2,41198600
v1_scalar_F5M_Q4F_C4M_P2,40593800
v1_scalar_F5M_Q4F_C4M_P2,40906100
v1_scalar_F5M_Q4F_C4M_P2,40444600
v1_scalar_F5M_Q4F_C4M_P2,40619000
v1_scalar_F5M_Q4F_C4M_P2,41160800
v1_scalar_F5M_Q4F_C4M_P2,40396800
v1_scalar_F5M_Q4F_C4M_P2,40457600
v1_scalar_F5M_Q4F_C4M_P2,41148700
v1_scalar_F5M_Q4F_C4M_P2,41128200
v1_scalar_F5M_Q4F_C4M_P2,40782600
v1_scalar_F5M_Q4F_C4M_P2,40988900
v1_scalar_F5M_Q4F_C4M_P2,40664700
v1_scalar_F5M_Q4F_C4M_P2,40402000
v1_scalar_F5M_Q4F_C4M_P2,40353500
v1_scalar_F5M_Q4F_C4M_P2,41846200
v1_scalar_F5M_Q4F_C4M_P2,40650600
v1_scalar_F5M_Q4F_C4M_P2,41469800
v1_scalar_F5M_Q4F_C4M_P2,40891500
v1_scalar_F5M_Q4M_C1R_P2,98670100
v1_scalar_F5M_Q4M_C1R_P2,99462200
v1_scalar_F5M_Q4M_C1R_P2,100891200
v1_scalar_F5M_Q4M_C1R_P2,101083900
v1_scalar_F5M_Q4M_C1R_P2,98031900
v1_scalar_F5M_Q4M_C1R_P2,99098000
v1_scalar_F5M_Q4M_C1R_P2,99566900
v1_scalar_F5M_Q4M_C1R_P2,100059500
v1_scalar_F5M_Q4M_C1R_P2,100681600
v1_scalar_F5M_Q4M_C1R_P2,98746900
v1_scalar_F5M_Q4M_C1R_P2,98889800
v1_scalar_F5M_Q4M_C1R_P2,97925500
v1_scalar_F5M_Q4M_C1R_P2,97247800
v1_scalar_F5M_Q4M_C1R_P2,98773000
v1_scalar_F5M_Q4M_C1R_P2,98638400
v1_scalar_F5M_Q4M_C1R_P2,98455100
v1_scalar_F5M_Q4M_C1R_P2,99412900
v1_scalar_F5M_Q4M_C1R_P2,100775100
v1_scalar_F5M_Q4M_C1R_P2,98796300
v1_scalar_F5M_Q4M_C1R_P2,97392100
v1_scalar_F5M_Q4M_C1R_P2,99667700
v1_scalar_F5M_Q4M_C1X_P2,66356600
v1_scalar_F5M_Q4M_C1X_P2,64052400
v1_scalar_F5M_Q4M_C1X_P2,66507700
v1_scalar_F5M_Q4M_C1X_P2,64662900
v1_scalar_F5M_Q4M_C1X_P2,63633600
v1_scalar_F5M_Q4M_C1X_P2,64428700
v1_scalar_F5M_Q4M_C1X_P2,64373300
v1_scalar_F5M_Q4M_C1X_P2,64475800
v1_scalar_F5M_Q4M_C1X_P2,64611100
v1_scalar_F5M_Q4M_C1X_P2,64923000
v1_scalar_F5M_Q4M_C1X_P2,64603000
v1_scalar_F5M_Q4M_C1X_P2,64060900
v1_scalar_F5M_Q4M_C1X_P2,63857300
v1_scalar_F5M_Q4M_C1X_P2,64141700
v1_scalar_F5M_Q4M_C1X_P2,63454800
v1_scalar_F5M_Q4M_C1X_P2,65292700
v1_scalar_F5M_Q4M_C1X_P2,64072500
v1_scalar_F5M_Q4M_C1X_P2,64750000
v1_scalar_F5M_Q4M_C1X_P2,64174200
v1_scalar_F5M_Q4M_C1X_P2,65919600
v1_scalar_F5M_Q4M_C1X_P2,64921500
v1_scalar_F5M_Q4M_C1X_P2,63988800
v1_scalar_F5M_Q4M_C1X_P2,65828700
v1_scalar_F5M_Q4M_C1X_P2,65591800
v1_scalar_F5M_Q4M_C1X_P2,63530900
v1_scalar_F5M_Q4M_C1X_P2,66224500
v1_scalar_F5M_Q4M_C1X_P2,63863900
v1_scalar_F5M_Q4M_C1X_P2,66389600
v1_scalar_F5M_Q4M_C1X_P2,65475000
v1_scalar_F5M_Q4M_C1X_P2,66223900
v1_scalar_F5M_Q4M_C1X_P2,69657700
v1_scalar_F5M_Q4M_C1X_P2,64336600
v1_scalar_F5M_Q4M_C2R_P2,79320100
v1_scalar_F5M_Q4M_C2R_P2,80560100
v1_scalar_F5M_Q4M_C2R_P2,80700600
v1_scalar_F5M_Q4M_C2R_P2,79791800
v1_scalar_F5M_Q4M_C2R_P2,80685300
v1_scalar_F5M_Q4M_C2R_P2,81775000
v1_scalar_F5M_Q4M_C2R_P2,81379800
v1_scalar_F5M_Q4M_C2R_P2,80987200
v1_scalar_F5M_Q4M_C2R_P2,79495900
v1_scalar_F5M_Q4M_C2R_P2,81165000
v1_scalar_F5M_Q4M_C2R_P2,80085400
v1_scalar_F5M_Q4M_C2R_P2,80507600
v1_scalar_F5M_Q4M_C2R_P2,81040400
v1_scalar_F5M_Q4M_C2R_P2,81035500
v1_scalar_F5M_Q4M_C2R_P2,80232900
v1_scalar_F5M_Q4M_C2R_P2,80090300
v1_scalar_F5M_Q4M_C2R_P2,80033500
v1_scalar_F5M_Q4M_C2R_P2,80483700
v1_scalar_F5M_Q4M_C2R_P2,80932100
v1_scalar_F5M_Q4M_C2R_P2,79861700
v1_scalar_F5M_Q4M_C2R_P2,78892600
v1_scalar_F5M_Q4M_C2R_P2,80163600
v1_scalar_F5M_Q4M_C2R_P2,80602000
v1_scalar_F5M_Q4M_C2R_P2,79985400
v1_scalar_F5M_Q4M_C2R_P2,82965300
v1_scalar_F5M_Q4M_C2X_P2,55669300
v1_scalar_F5M_Q4M_C2X_P2,57023600
v1_scalar_F5M_Q4M_C2X_P2,57626500
v1_scalar_F5M_Q4M_C2X_P2,55226700
v1_scalar_F5M_Q4M_C2X_P2,55743900
v1_scalar_F5M_Q4M_C2X_P2,55526700
v1_scalar_F5M_Q4M_C2X_P2,55955700
v1_scalar_F5M_Q4M_C2X_P2,56870700
v1_scalar_F5M_Q4M_C2X_P2,56167300
v1_scalar_F5M_Q4M_C2X_P2,54838100
v1_scalar_F5M_Q4M_C2X_P2,56249400
v1_scalar_F5M_Q4M_C2X_P2,55349000
v1_scalar_F5M_Q4M_C2X_P2,55809600
v1_scalar_F5M_Q4M_C2X_P2,56262800
v1_scalar_F5M_Q4M_C2X_P2,56666000
v1_scalar_F5M_Q4M_C2X_P2,55304300
v1_scalar_F5M_Q4M_C2X_P2,56229400
v1_scalar_F5M_Q4M_C2X_P2,56085000
v1_scalar_F5M_Q4M_C2X_P2,56149400
v1_scalar_F5M_Q4M_C2X_P2,55502100
v1_scalar_F5M_Q4M_C2X_P2,55208800
v1_scalar_F5M_Q4M_C2X_P2,55293800
v1_scalar_F5M_Q4M_C2X_P2,55822500
v1_scalar_F5M_Q4M_C2X_P2,55420000
v1_scalar_F5M_Q4M_C2X_P2,56422600
v1_scalar_F5M_Q4M_C2X_P2,56602600
v1_scalar_F5M_Q4M_C2X_P2,56672700
v1_scalar_F5M_Q4M_C2X_P2,55229500
v1_scalar_F5M_Q4M_C2X_P2,55960700
v1_scalar_F5M_Q4M_C2X_P2,55275700
v1_scalar_F5M_Q4M_C2X_P2,55938500
v1_scalar_F5M_Q4M_C2X_P2,55916100
v1_scalar_F5M_Q4M_C2X_P2,55358300
v1_scalar_F5M_Q4M_C2X_P2,57610200
v1_scalar_F5M_Q4M_C2X_P2,55138500
v1_scalar_F5M_Q4M_C2X_P2,57171600
v1_scalar_F5M_Q4M_C2X_P2,56690700
v1_scalar_F5M_Q4M_C3_P2,46590300
v1_scalar_F5M_Q4M_C3_P2,47279600
v1_scalar_F5M_Q4M_C3_P2,46189100
v1_scalar_F5M_Q4M_C3_P2,46677900
v1_scalar_F5M_Q4M_C3_P2,46648000
v1_scalar_F5M_Q4M_C3_P2,46068300
v1_scalar_F5M_Q4M_C3_P2,46584200
v1_scalar_F5M_Q4M_C3_P2,46066000
v1_scalar_F5M_Q4M_C3_P2,46437700
v1_scalar_F5M_Q4M_C3_P2,46477700
v1_scalar_F5M_Q4M_C3_P2,46592300
v1_scalar_F5M_Q4M_C3_P2,46552500
v1_scalar_F5M_Q4M_C3_P2,45789000
v1_scalar_F5M_Q4M_C3_P2,46482800
v1_scalar_F5M_Q4M_C3_P2,46912900
v1_scalar_F5M_Q4M_C3_P2,47953100
v1_scalar_F5M_Q4M_C3_P2,45794600
v1_scalar_F5M_Q4M_C3_P2,47011100
v1_scalar_F5M_Q4M_C3_P2,45614300
v1_scalar_F5M_Q4M_C3_P2,45790500
v1_scalar_F5M_Q4M_C3_P2,47075000
v1_scalar_F5M_Q4M_C3_P2,46602000
v1_scalar_F5M_Q4M_C3_P2,46538500
v1_scalar_F5M_Q4M_C3_P2,46410200
v1_scalar_F5M_Q4M_C3_P2,46235200
v1_scalar_F5M_Q4M_C3_P2,47940600
v1_scalar_F5M_Q4M_C3_P2,46857900
v1_scalar_F5M_Q4M_C3_P2,46686400
v1_scalar_F5M_Q4M_C3_P2,46418000
v1_scalar_F5M_Q4M_C3_P2,46822900
v1_scalar_F5M_Q4M_C3_P2,45660200
v1_scalar_F5M_Q4M_C3_P2,46840900
v1_scalar_F5M_Q4M_C3_P2,45850600
v1_scalar_F5M_Q4M_C3_P2,46464700
v1_scalar_F5M_Q4M_C3_P2,46718600
v1_scalar_F5M_Q4M_C3_P2,46495500
v1_scalar_F5M_Q4M_C3_P2,46641100
v1_scalar_F5M_Q4M_C3_P2,46213900
v1_scalar_F5M_Q4M_C3_P2,45933600
v1_scalar_F5M_Q4M_C3_P2,46263900
v1_scalar_F5M_Q4M_C3_P2,46635700
v1_scalar_F5M_Q4M_C3_P2,46759300
v1_scalar_F5M_Q4M_C3_P2,46582400
v1_scalar_F5M_Q4M_C4F_P2,46455900
v1_scalar_F5M_Q4M_C4F_P2,47429600
v1_scalar_F5M_Q4M_C4F_P2,48440000
v1_scalar_F5M_Q4M_C4F_P2,46493900
v1_scalar_F5M_Q4M_C4F_P2,46487100
v1_scalar_F5M_Q4M_C4F_P2,46912500
v1_scalar_F5M_Q4M_C4F_P2,46175100
v1_scalar_F5M_Q4M_C4F_P2,46632500
v1_scalar_F5M_Q4M_C4F_P2,46820100
v1_scalar_F5M_Q4M_C4F_P2,46251600
v1_scalar_F5M_Q4M_C4F_P2,47218600
v1_scalar_F5M_Q4M_C4F_P2,47635200
v1_scalar_F5M_Q4M_C4F_P2,46736700
v1_scalar_F5M_Q4M_C4F_P2,46513900
v1_scalar_F5M_Q4M_C4F_P2,46401900
v1_scalar_F5M_Q4M_C4F_P2,46707600
v1_scalar_F5M_Q4M_C4F_P2,46416500
v1_scalar_F5M_Q4M_C4F_P2,46816400
v1_scalar_F5M_Q4M_C4F_P2,46346300
v1_scalar_F5M_Q4M_C4F_P2,46652000
v1_scalar_F5M_Q4M_C4F_P2,46663100
v1_scalar_F5M_Q4M_C4F_P2,46746100
v1_scalar_F5M_Q4M_C4F_P2,46409800
v1_scalar_F5M_Q4M_C4F_P2,47371700
v1_scalar_F5M_Q4M_C4F_P2,47266100
v1_scalar_F5M_Q4M_C4F_P2,46898300
v1_scalar_F5M_Q4M_C4F_P2,46534800
v1_scalar_F5M_Q4M_C4F_P2,46290300
v1_scalar_F5M_Q4M_C4F_P2,46339800
v1_scalar_F5M_Q4M_C4F_P2,47013800
v1_scalar_F5M_Q4M_C4F_P2,46153500
v1_scalar_F5M_Q4M_C4F_P2,46946700
v1_scalar_F5M_Q4M_C4F_P2,49536800
v1_scalar_F5M_Q4M_C4F_P2,46600500
v1_scalar_F5M_Q4M_C4F_P2,46629800
v1_scalar_F5M_Q4M_C4F_P2,46578800
v1_scalar_F5M_Q4M_C4F_P2,47329600
v1_scalar_F5M_Q4M_C4F_P2,47498800
v1_scalar_F5M_Q4M_C4F_P2,47734900
v1_scalar_F5M_Q4M_C4F_P2,46554500
v1_scalar_F5M_Q4M_C4F_P2,47124200
v1_scalar_F5M_Q4M_C4F_P2,46989200
v1_scalar_F5M_Q4M_C4F_P2,46698900
v1_scalar_F5M_Q4M_C4M_P2,47797500
v1_scalar_F5M_Q4M_C4M_P2,48766100
v1_scalar_F5M_Q4M_C4M_P2,48808100
v1_scalar_F5M_Q4M_C4M_P2,49087100
v1_scalar_F5M_Q4M_C4M_P2,51421100
v1_scalar_F5M_Q4M_C4M_P2,48428200
v1_scalar_F5M_Q4M_C4M_P2,49010500
v1_scalar_F5M_Q4M_C4M_P2,48039400
v1_scalar_F5M_Q4M_C4M_P2,48901800
v1_scalar_F5M_Q4M_C4M_P2,47644400
v1_scalar_F5M_Q4M_C4M_P2,47682600
v1_scalar_F5M_Q4M_C4M_P2,48208200
v1_scalar_F5M_Q4M_C4M_P2,48965200
v1_scalar_F5M_Q4M_C4M_P2,48552100
v1_scalar_F5M_Q4M_C4M_P2,48262600
v1_scalar_F5M_Q4M_C4M_P2,47957200
v1_scalar_F5M_Q4M_C4M_P2,49771100
v1_scalar_F5M_Q4M_C4M_P2,49624300
v1_scalar_F5M_Q4M_C4M_P2,49698100
v1_scalar_F5M_Q4M_C4M_P2,48962600
v1_scalar_F5M_Q4M_C4M_P2,48691600
v1_scalar_F5M_Q4M_C4M_P2,48679200
v1_scalar_F5M_Q4M_C4M_P2,48007200
v1_scalar_F5M_Q4M_C4M_P2,49559100
v1_scalar_F5M_Q4M_C4M_P2,48943100
v1_scalar_F5M_Q4M_C4M_P2,48166300
v1_scalar_F5M_Q4M_C4M_P2,47835400
v1_scalar_F5M_Q4M_C4M_P2,49088600
v1_scalar_F5M_Q4M_C4M_P2,49328100
v1_scalar_F5M_Q4M_C4M_P2,48688200
v1_scalar_F5M_Q4M_C4M_P2,49176100
v1_scalar_F5M_Q4M_C4M_P2,48080900
v1_scalar_F5M_Q4M_C4M_P2,48859500
v1_scalar_F5M_Q4M_C4M_P2,48695300
v1_scalar_F5M_Q4M_C4M_P2,49237800
v1_scalar_F5M_Q4M_C4M_P2,47995800
v1_scalar_F5M_Q4M_C4M_P2,48329200
v1_scalar_F5M_Q4M_C4M_P2,48199800
v1_scalar_F5M_Q4M_C4M_P2,48779300
v1_scalar_F5M_Q4M_C4M_P2,48403300
v1_scalar_F5M_Q4M_C4M_P2,48294700
