V0_object_F1R_Q1_C1R_P2,9301235500
V0_object_F1R_Q1_C1R_P2,9441148400
V0_object_F1R_Q1_C1R_P2,9343951400
V0_object_F1R_Q1_C1R_P2,9068255500
V0_object_F1R_Q1_C1R_P2,9124950700
V0_object_F1R_Q1_C1X_P2,8871659600
V0_object_F1R_Q1_C1X_P2,8989051000
V0_object_F1R_Q1_C1X_P2,8952906400
V0_object_F1R_Q1_C1X_P2,8846219900
V0_object_F1R_Q1_C1X_P2,8977656700
V0_object_F1X_Q1_C1R_P2,2424829400
V0_object_F1X_Q1_C1R_P2,2531318500
V0_object_F1X_Q1_C1R_P2,2454104600
V0_object_F1X_Q1_C1R_P2,2602248700
V0_object_F1X_Q1_C1R_P2,2471427900
V0_object_F1X_Q1_C1X_P2,2132076500
V0_object_F1X_Q1_C1X_P2,2119547100
V0_object_F1X_Q1_C1X_P2,1965757100
V0_object_F1X_Q1_C1X_P2,2152908100
V0_object_F1X_Q1_C1X_P2,2099490700
V0_object_F2R_Q1_C1R_P2,138270300
V0_object_F2R_Q1_C1R_P2,133783700
V0_object_F2R_Q1_C1R_P2,132539400
V0_object_F2R_Q1_C1R_P2,131670800
V0_object_F2R_Q1_C1R_P2,136901100
V0_object_F2R_Q1_C1R_P2,134983400
V0_object_F2R_Q1_C1R_P2,131570700
V0_object_F2R_Q1_C1R_P2,134338600
V0_object_F2R_Q1_C1R_P2,134307800
V0_object_F2R_Q1_C1R_P2,129982000
V0_object_F2R_Q1_C1R_P2,134394900
V0_object_F2R_Q1_C1R_P2,139224900
V0_object_F2R_Q1_C1R_P2,133640000
V0_object_F2R_Q1_C1R_P2,134204200
V0_object_F2R_Q1_C1R_P2,138287500
V0_object_F2R_Q1_C1X_P2,103433600
V0_object_F2R_Q1_C1X_P2,104370200
V0_object_F2R_Q1_C1X_P2,103912800
V0_object_F2R_Q1_C1X_P2,105642400
V0_object_F2R_Q1_C1X_P2,103627200
V0_object_F2R_Q1_C1X_P2,100867100
V0_object_F2R_Q1_C1X_P2,101218000
V0_object_F2R_Q1_C1X_P2,99870300
V0_object_F2R_Q1_C1X_P2,100371300
V0_object_F2R_Q1_C1X_P2,100348100
V0_object_F2R_Q1_C1X_P2,101737400
V0_object_F2R_Q1_C1X_P2,99787000
V0_object_F2R_Q1_C1X_P2,101130800
V0_object_F2R_Q1_C1X_P2,100655800
V0_object_F2R_Q1_C1X_P2,102258100
V0_object_F2R_Q1_C1X_P2,99742200
V0_object_F2R_Q1_C1X_P2,101267800
V0_object_F2R_Q1_C1X_P2,100945800
V0_object_F2R_Q1_C1X_P2,100310100
V0_object_F2R_Q1_C1X_P2,99359800
V0_object_F2X_Q1_C1R_P2,80634000
V0_object_F2X_Q1_C1R_P2,81039600
V0_object_F2X_Q1_C1R_P2,80027500
V0_object_F2X_Q1_C1R_P2,88738200
V0_object_F2X_Q1_C1R_P2,83311400
V0_object_F2X_Q1_C1R_P2,80132600
V0_object_F2X_Q1_C1R_P2,78790200
V0_object_F2X_Q1_C1R_P2,80965200
V0_object_F2X_Q1_C1R_P2,82638400
V0_object_F2X_Q1_C1R_P2,84472400
V0_object_F2X_Q1_C1R_P2,82455900
V0_object_F2X_Q1_C1R_P2,83556400
V0_object_F2X_Q1_C1R_P2,82703900
V0_object_F2X_Q1_C1R_P2,82032800
V0_object_F2X_Q1_C1R_P2,82145500
V0_object_F2X_Q1_C1R_P2,81863500
V0_object_F2X_Q1_C1R_P2,80197600
V0_object_F2X_Q1_C1R_P2,79757600
V0_object_F2X_Q1_C1R_P2,79249500
V0_object_F2X_Q1_C1R_P2,81264800
V0_object_F2X_Q1_C1R_P2,79117700
V0_object_F2X_Q1_C1R_P2,81329400
V0_object_F2X_Q1_C1R_P2,81744500
V0_object_F2X_Q1_C1R_P2,80818300
V0_object_F2X_Q1_C1X_P2,58407800
V0_object_F2X_Q1_C1X_P2,58496000
V0_object_F2X_Q1_C1X_P2,60323400
V0_object_F2X_Q1_C1X_P2,61019200
V0_object_F2X_Q1_C1X_P2,58316400
V0_object_F2X_Q1_C1X_P2,58174000
V0_object_F2X_Q1_C1X_P2,58204200
V0_object_F2X_Q1_C1X_P2,58179900
V0_object_F2X_Q1_C1X_P2,59616800
V0_object_F2X_Q1_C1X_P2,58381300
V0_object_F2X_Q1_C1X_P2,58125800
V0_object_F2X_Q1_C1X_P2,57986100
V0_object_F2X_Q1_C1X_P2,61125800
V0_object_F2X_Q1_C1X_P2,58777300
V0_object_F2X_Q1_C1X_P2,60519200
V0_object_F2X_Q1_C1X_P2,60792400
V0_object_F2X_Q1_C1X_P2,59282800
V0_object_F2X_Q1_C1X_P2,59302000
V0_object_F2X_Q1_C1X_P2,59479600
V0_object_F2X_Q1_C1X_P2,57730200
V0_object_F2X_Q1_C1X_P2,58576400
V0_object_F2X_Q1_C1X_P2,58492000
V0_object_F2X_Q1_C1X_P2,57990300
V0_object_F2X_Q1_C1X_P2,59672300
V0_object_F2X_Q1_C1X_P2,58695600
V0_object_F2X_Q1_C1X_P2,58388500
V0_object_F2X_Q1_C1X_P2,57927200
V0_object_F2X_Q1_C1X_P2,57715900
V0_object_F2X_Q1_C1X_P2,59462700
V0_object_F2X_Q1_C1X_P2,58876400
V0_object_F2X_Q1_C1X_P2,57905500
V0_object_F2X_Q1_C1X_P2,60245900
V0_object_F2X_Q1_C1X_P2,58333000
V0_object_F3R_Q1_C1R_P2,107325000
V0_object_F3R_Q1_C1R_P2,109710500
V0_object_F3R_Q1_C1R_P2,108071900
V0_object_F3R_Q1_C1R_P2,108859400
V0_object_F3R_Q1_C1R_P2,107940900
V0_object_F3R_Q1_C1R_P2,113150200
V0_object_F3R_Q1_C1R_P2,109185700
V0_object_F3R_Q1_C1R_P2,110954300
V0_object_F3R_Q1_C1R_P2,108068300
V0_object_F3R_Q1_C1R_P2,108562100
V0_object_F3R_Q1_C1R_P2,134850100
V0_object_F3R_Q1_C1R_P2,128889600
V0_object_F3R_Q1_C1R_P2,108192600
V0_object_F3R_Q1_C1R_P2,107397600
V0_object_F3R_Q1_C1R_P2,114695500
V0_object_F3R_Q1_C1R_P2,112522900
V0_object_F3R_Q1_C1R_P2,118397500
V0_object_F3R_Q1_C1R_P2,114116700
V0_object_F3R_Q1_C1X_P2,87639400
V0_object_F3R_Q1_C1X_P2,85897500
V0_object_F3R_Q1_C1X_P2,83593800
V0_object_F3R_Q1_C1X_P2,83535900
V0_object_F3R_Q1_C1X_P2,89561500
V0_object_F3R_Q1_C1X_P2,85800300
V0_object_F3R_Q1_C1X_P2,87019800
V0_object_F3R_Q1_C1X_P2,91542100
V0_object_F3R_Q1_C1X_P2,84895800
V0_object_F3R_Q1_C1X_P2,86592600
V0_object_F3R_Q1_C1X_P2,85788900
V0_object_F3R_Q1_C1X_P2,90417500
V0_object_F3R_Q1_C1X_P2,85516300
V0_object_F3R_Q1_C1X_P2,85296900
V0_object_F3R_Q1_C1X_P2,85045400
V0_object_F3R_Q1_C1X_P2,84730100
V0_object_F3R_Q1_C1X_P2,83569500
V0_object_F3R_Q1_C1X_P2,85060500
V0_object_F3R_Q1_C1X_P2,86723500
V0_object_F3R_Q1_C1X_P2,84952800
V0_object_F3R_Q1_C1X_P2,84715300
V0_object_F3R_Q1_C1X_P2,87833400
V0_object_F3R_Q1_C1X_P2,86222700
V0_object_F3X_Q1_C1R_P2,75798100
V0_object_F3X_Q1_C1R_P2,83859200
V0_object_F3X_Q1_C1R_P2,75394700
V0_object_F3X_Q1_C1R_P2,76944500
V0_object_F3X_Q1_C1R_P2,73241900
V0_object_F3X_Q1_C1R_P2,76977800
V0_object_F3X_Q1_C1R_P2,74446400
V0_object_F3X_Q1_C1R_P2,76349800
V0_object_F3X_Q1_C1R_P2,77734900
V0_object_F3X_Q1_C1R_P2,83846200
V0_object_F3X_Q1_C1R_P2,78642800
V0_object_F3X_Q1_C1R_P2,78623000
V0_object_F3X_Q1_C1R_P2,75464200
V0_object_F3X_Q1_C1R_P2,74792700
V0_object_F3X_Q1_C1R_P2,75962900
V0_object_F3X_Q1_C1R_P2,77858600
V0_object_F3X_Q1_C1R_P2,77620900
V0_object_F3X_Q1_C1R_P2,78440000
V0_object_F3X_Q1_C1R_P2,75599100
V0_object_F3X_Q1_C1R_P2,73225100
V0_object_F3X_Q1_C1R_P2,72405900
V0_object_F3X_Q1_C1R_P2,80679900
V0_object_F3X_Q1_C1R_P2,95461700
V0_object_F3X_Q1_C1R_P2,102906200
V0_object_F3X_Q1_C1R_P2,77454200
V0_object_F3X_Q1_C1X_P2,55064400
V0_object_F3X_Q1_C1X_P2,52285700
V0_object_F3X_Q1_C1X_P2,52301100
V0_object_F3X_Q1_C1X_P2,54000800
V0_object_F3X_Q1_C1X_P2,53595700
V0_object_F3X_Q1_C1X_P2,53195200
V0_object_F3X_Q1_C1X_P2,53594200
V0_object_F3X_Q1_C1X_P2,52077200
V0_object_F3X_Q1_C1X_P2,53518800
V0_object_F3X_Q1_C1X_P2,51981600
V0_object_F3X_Q1_C1X_P2,53231600
V0_object_F3X_Q1_C1X_P2,53757400
V0_object_F3X_Q1_C1X_P2,55935500
V0_object_F3X_Q1_C1X_P2,53792900
V0_object_F3X_Q1_C1X_P2,52914300
V0_object_F3X_Q1_C1X_P2,53806000
V0_object_F3X_Q1_C1X_P2,53971500
V0_object_F3X_Q1_C1X_P2,59934600
V0_object_F3X_Q1_C1X_P2,58473700
V0_object_F3X_Q1_C1X_P2,53628800
V0_object_F3X_Q1_C1X_P2,53505200
V0_object_F3X_Q1_C1X_P2,57423900
V0_object_F3X_Q1_C1X_P2,57243800
V0_object_F3X_Q1_C1X_P2,54456300
V0_object_F3X_Q1_C1X_P2,54169600
V0_object_F3X_Q1_C1X_P2,53281300
V0_object_F3X_Q1_C1X_P2,54771700
V0_object_F3X_Q1_C1X_P2,56503100
V0_object_F3X_Q1_C1X_P2,52844200
V0_object_F3X_Q1_C1X_P2,52388200
V0_object_F3X_Q1_C1X_P2,52744100
V0_object_F3X_Q1_C1X_P2,51928300
V0_object_F3X_Q1_C1X_P2,52723500
V0_object_F3X_Q1_C1X_P2,53340900
V0_object_F3X_Q1_C1X_P2,55588600
V0_object_F4_Q1_C1R_P2,533401400
V0_object_F4_Q1_C1R_P2,552119600
V0_object_F4_Q1_C1R_P2,542101800
V0_object_F4_Q1_C1R_P2,540687500
V0_object_F4_Q1_C1R_P2,539075700
V0_object_F4_Q1_C1X_P2,334644400
V0_object_F4_Q1_C1X_P2,339518700
V0_object_F4_Q1_C1X_P2,326756800
V0_object_F4_Q1_C1X_P2,336166100
V0_object_F4_Q1_C1X_P2,332354900
V0_object_F4_Q1_C1X_P2,332065500
V1_scalar_F1R_Q1_C1R_P2,6277086700
V1_scalar_F1R_Q1_C1R_P2,6295188500
V1_scalar_F1R_Q1_C1R_P2,6329607500
V1_scalar_F1R_Q1_C1R_P2,6279041400
V1_scalar_F1R_Q1_C1R_P2,6273847200
V1_scalar_F1R_Q1_C1X_P2,5742382400
V1_scalar_F1R_Q1_C1X_P2,5849649000
V1_scalar_F1R_Q1_C1X_P2,5901113200
V1_scalar_F1R_Q1_C1X_P2,5860928100
V1_scalar_F1R_Q1_C1X_P2,5982467100
V1_scalar_F1R_Q1_C2R_P2,6125388100
V1_scalar_F1R_Q1_C2R_P2,6034520700
V1_scalar_F1R_Q1_C2R_P2,5975890200
V1_scalar_F1R_Q1_C2R_P2,6112867500
V1_scalar_F1R_Q1_C2R_P2,6167668900
V1_scalar_F1R_Q1_C2X_P2,5745802100
V1_scalar_F1R_Q1_C2X_P2,5684714400
V1_scalar_F1R_Q1_C2X_P2,5666509500
V1_scalar_F1R_Q1_C2X_P2,5637247900
V1_scalar_F1R_Q1_C2X_P2,5707100000
V1_scalar_F1R_Q1_C3_P2,5632190900
V1_scalar_F1R_Q1_C3_P2,5581266700
V1_scalar_F1R_Q1_C3_P2,5637562600
V1_scalar_F1R_Q1_C3_P2,5679472600
V1_scalar_F1R_Q1_C3_P2,5624518500
V1_scalar_F1R_Q1_C4F_P2,5603929600
V1_scalar_F1R_Q1_C4F_P2,5579387900
V1_scalar_F1R_Q1_C4F_P2,5694364100
V1_scalar_F1R_Q1_C4F_P2,5671390600
V1_scalar_F1R_Q1_C4F_P2,5792717700
V1_scalar_F1R_Q1_C4M_P2,5719145800
V1_scalar_F1R_Q1_C4M_P2,5714515500
V1_scalar_F1R_Q1_C4M_P2,5709207300
V1_scalar_F1R_Q1_C4M_P2,5712473100
V1_scalar_F1R_Q1_C4M_P2,5651666800
V1_scalar_F1R_Q1_C5F_P2,5644190500
V1_scalar_F1R_Q1_C5F_P2,5650243700
V1_scalar_F1R_Q1_C5F_P2,5754862100
V1_scalar_F1R_Q1_C5F_P2,5505290900
V1_scalar_F1R_Q1_C5F_P2,5515979600
V1_scalar_F1R_Q1_C5M_P2,5493552400
V1_scalar_F1R_Q1_C5M_P2,5538361700
V1_scalar_F1R_Q1_C5M_P2,5501494000
V1_scalar_F1R_Q1_C5M_P2,5509920200
V1_scalar_F1R_Q1_C5M_P2,5492481200
V1_scalar_F1R_Q2R_C1R_P2,6461443300
V1_scalar_F1R_Q2R_C1R_P2,6427944600
V1_scalar_F1R_Q2R_C1R_P2,6490673000
V1_scalar_F1R_Q2R_C1R_P2,6471616600
V1_scalar_F1R_Q2R_C1R_P2,6462663100
V1_scalar_F1R_Q2R_C1X_P2,6182830200
V1_scalar_F1R_Q2R_C1X_P2,6183685700
V1_scalar_F1R_Q2R_C1X_P2,6195363900
V1_scalar_F1R_Q2R_C1X_P2,6171801600
V1_scalar_F1R_Q2R_C1X_P2,6153961200
V1_scalar_F1R_Q2R_C2R_P2,6357009400
V1_scalar_F1R_Q2R_C2R_P2,6422619100
V1_scalar_F1R_Q2R_C2R_P2,6389324600
V1_scalar_F1R_Q2R_C2R_P2,6408355200
V1_scalar_F1R_Q2R_C2R_P2,6389926600
V1_scalar_F1R_Q2R_C2X_P2,6115969300
V1_scalar_F1R_Q2R_C2X_P2,6129346900
V1_scalar_F1R_Q2R_C2X_P2,6152116800
V1_scalar_F1R_Q2R_C2X_P2,6145369600
V1_scalar_F1R_Q2R_C2X_P2,6117835500
V1_scalar_F1R_Q2R_C3_P2,5940583900
V1_scalar_F1R_Q2R_C3_P2,6013969400
V1_scalar_F1R_Q2R_C3_P2,5976379800
V1_scalar_F1R_Q2R_C3_P2,5950052300
V1_scalar_F1R_Q2R_C3_P2,5954023800
V1_scalar_F1R_Q2R_C4F_P2,5943340300
V1_scalar_F1R_Q2R_C4F_P2,6004233200
V1_scalar_F1R_Q2R_C4F_P2,5979613100
V1_scalar_F1R_Q2R_C4F_P2,6118763200
V1_scalar_F1R_Q2R_C4F_P2,6129698500
V1_scalar_F1R_Q2R_C4M_P2,6060005900
V1_scalar_F1R_Q2R_C4M_P2,5957211400
V1_scalar_F1R_Q2R_C4M_P2,6003348400
V1_scalar_F1R_Q2R_C4M_P2,5978031800
V1_scalar_F1R_Q2R_C4M_P2,5960720400
V1_scalar_F1R_Q2R_C5F_P2,5849008400
V1_scalar_F1R_Q2R_C5F_P2,5862709100
V1_scalar_F1R_Q2R_C5F_P2,5869418500
V1_scalar_F1R_Q2R_C5F_P2,5883350700
V1_scalar_F1R_Q2R_C5F_P2,5885019800
V1_scalar_F1R_Q2R_C5M_P2,5935642700
V1_scalar_F1R_Q2R_C5M_P2,6078711500
V1_scalar_F1R_Q2R_C5M_P2,6325561300
V1_scalar_F1R_Q2R_C5M_P2,6071412600
V1_scalar_F1R_Q2R_C5M_P2,6064262900
V1_scalar_F1R_Q2X_C1R_P2,6278630000
V1_scalar_F1R_Q2X_C1R_P2,6288455200
V1_scalar_F1R_Q2X_C1R_P2,6267540300
V1_scalar_F1R_Q2X_C1R_P2,6270399000
V1_scalar_F1R_Q2X_C1R_P2,6241779300
V1_scalar_F1R_Q2X_C1X_P2,5937938400
V1_scalar_F1R_Q2X_C1X_P2,5963429000
V1_scalar_F1R_Q2X_C1X_P2,5980628300
V1_scalar_F1R_Q2X_C1X_P2,5931871700
V1_scalar_F1R_Q2X_C1X_P2,5948100800
V1_scalar_F1R_Q2X_C2R_P2,6190232200
V1_scalar_F1R_Q2X_C2R_P2,6516739700
V1_scalar_F1R_Q2X_C2R_P2,6477456600
V1_scalar_F1R_Q2X_C2R_P2,6663054500
V1_scalar_F1R_Q2X_C2R_P2,6218346500
V1_scalar_F1R_Q2X_C2X_P2,5921167200
V1_scalar_F1R_Q2X_C2X_P2,5875079200
V1_scalar_F1R_Q2X_C2X_P2,5890997500
V1_scalar_F1R_Q2X_C2X_P2,5971079000
V1_scalar_F1R_Q2X_C2X_P2,5873754100
V1_scalar_F1R_Q2X_C3_P2,5740571700
V1_scalar_F1R_Q2X_C3_P2,5758093800
V1_scalar_F1R_Q2X_C3_P2,5770591300
V1_scalar_F1R_Q2X_C3_P2,5755675700
V1_scalar_F1R_Q2X_C3_P2,5764939500
V1_scalar_F1R_Q2X_C4F_P2,5763423400
V1_scalar_F1R_Q2X_C4F_P2,5752583400
V1_scalar_F1R_Q2X_C4F_P2,5749206900
V1_scalar_F1R_Q2X_C4F_P2,5747618200
V1_scalar_F1R_Q2X_C4F_P2,5778751700
V1_scalar_F1R_Q2X_C4M_P2,5769668600
V1_scalar_F1R_Q2X_C4M_P2,5806162100
V1_scalar_F1R_Q2X_C4M_P2,5765270600
V1_scalar_F1R_Q2X_C4M_P2,5805109800
V1_scalar_F1R_Q2X_C4M_P2,5792808200
V1_scalar_F1R_Q2X_C5F_P2,5681735000
V1_scalar_F1R_Q2X_C5F_P2,5699367500
V1_scalar_F1R_Q2X_C5F_P2,5630954500
V1_scalar_F1R_Q2X_C5F_P2,5652586100
V1_scalar_F1R_Q2X_C5F_P2,5727449000
V1_scalar_F1R_Q2X_C5M_P2,5713342900
V1_scalar_F1R_Q2X_C5M_P2,5735653400
V1_scalar_F1R_Q2X_C5M_P2,5709911400
V1_scalar_F1R_Q2X_C5M_P2,5731232400
V1_scalar_F1R_Q2X_C5M_P2,5749358300
V1_scalar_F1R_Q3M_C1R_P2,866497300
V1_scalar_F1R_Q3M_C1R_P2,872267700
V1_scalar_F1R_Q3M_C1R_P2,861311600
V1_scalar_F1R_Q3M_C1R_P2,860243000
V1_scalar_F1R_Q3M_C1R_P2,879786700
V1_scalar_F1R_Q3M_C1X_P2,855408800
V1_scalar_F1R_Q3M_C1X_P2,860093200
V1_scalar_F1R_Q3M_C1X_P2,860580200
V1_scalar_F1R_Q3M_C1X_P2,853024000
V1_scalar_F1R_Q3M_C1X_P2,860627200
V1_scalar_F1R_Q3M_C2R_P2,851897500
V1_scalar_F1R_Q3M_C2R_P2,858924200
V1_scalar_F1R_Q3M_C2R_P2,842578900
V1_scalar_F1R_Q3M_C2R_P2,842801000
V1_scalar_F1R_Q3M_C2R_P2,857836700
V1_scalar_F1R_Q3M_C2X_P2,844999400
V1_scalar_F1R_Q3M_C2X_P2,842442700
V1_scalar_F1R_Q3M_C2X_P2,839822700
V1_scalar_F1R_Q3M_C2X_P2,838223700
V1_scalar_F1R_Q3M_C2X_P2,826185600
V1_scalar_F1R_Q3M_C3_P2,825593800
V1_scalar_F1R_Q3M_C3_P2,836645800
V1_scalar_F1R_Q3M_C3_P2,836202100
V1_scalar_F1R_Q3M_C3_P2,834182200
V1_scalar_F1R_Q3M_C3_P2,834470800
V1_scalar_F1R_Q3M_C4F_P2,841567700
V1_scalar_F1R_Q3M_C4F_P2,854040100
V1_scalar_F1R_Q3M_C4F_P2,837047300
V1_scalar_F1R_Q3M_C4F_P2,825156600
V1_scalar_F1R_Q3M_C4F_P2,833046400
V1_scalar_F1R_Q3M_C4M_P2,828224200
V1_scalar_F1R_Q3M_C4M_P2,833155900
V1_scalar_F1R_Q3M_C4M_P2,840688500
V1_scalar_F1R_Q3M_C4M_P2,831208900
V1_scalar_F1R_Q3M_C4M_P2,837843100
V1_scalar_F1R_Q3M_C5F_P2,833991900
V1_scalar_F1R_Q3M_C5F_P2,835157000
V1_scalar_F1R_Q3M_C5F_P2,839924300
V1_scalar_F1R_Q3M_C5F_P2,832476300
V1_scalar_F1R_Q3M_C5F_P2,840092600
V1_scalar_F1R_Q3M_C5M_P2,843327600
V1_scalar_F1R_Q3M_C5M_P2,846488600
V1_scalar_F1R_Q3M_C5M_P2,845979000
V1_scalar_F1R_Q3M_C5M_P2,843974200
V1_scalar_F1R_Q3M_C5M_P2,847224000
V1_scalar_F1R_Q4F_C1R_P2,6037864500
V1_scalar_F1R_Q4F_C1R_P2,6026691500
V1_scalar_F1R_Q4F_C1R_P2,5991960300
V1_scalar_F1R_Q4F_C1R_P2,6032253800
V1_scalar_F1R_Q4F_C1R_P2,6026901500
V1_scalar_F1R_Q4F_C1X_P2,5700907600
V1_scalar_F1R_Q4F_C1X_P2,5690758200
V1_scalar_F1R_Q4F_C1X_P2,5705466900
V1_scalar_F1R_Q4F_C1X_P2,5743012900
V1_scalar_F1R_Q4F_C1X_P2,5740159600
V1_scalar_F1R_Q4F_C2R_P2,5922164500
V1_scalar_F1R_Q4F_C2R_P2,5982174600
V1_scalar_F1R_Q4F_C2R_P2,5942610600
V1_scalar_F1R_Q4F_C2R_P2,5932998000
V1_scalar_F1R_Q4F_C2R_P2,5918404600
V1_scalar_F1R_Q4F_C2X_P2,5647742600
V1_scalar_F1R_Q4F_C2X_P2,5645359100
V1_scalar_F1R_Q4F_C2X_P2,5640657200
V1_scalar_F1R_Q4F_C2X_P2,5637233400
V1_scalar_F1R_Q4F_C2X_P2,5636276800
V1_scalar_F1R_Q4F_C3_P2,5493946500
V1_scalar_F1R_Q4F_C3_P2,5483336800
V1_scalar_F1R_Q4F_C3_P2,5499056500
V1_scalar_F1R_Q4F_C3_P2,5487438600
V1_scalar_F1R_Q4F_C3_P2,5496358100
V1_scalar_F1R_Q4F_C4F_P2,5516477100
V1_scalar_F1R_Q4F_C4F_P2,5516336000
V1_scalar_F1R_Q4F_C4F_P2,5613797500
V1_scalar_F1R_Q4F_C4F_P2,5497459900
V1_scalar_F1R_Q4F_C4F_P2,5534450000
V1_scalar_F1R_Q4F_C4M_P2,5522851500
V1_scalar_F1R_Q4F_C4M_P2,5497973400
V1_scalar_F1R_Q4F_C4M_P2,5535992800
V1_scalar_F1R_Q4F_C4M_P2,5484604200
V1_scalar_F1R_Q4F_C4M_P2,5484966900
V1_scalar_F1R_Q4F_C5F_P2,5454513500
V1_scalar_F1R_Q4F_C5F_P2,5463457600
V1_scalar_F1R_Q4F_C5F_P2,5445743400
V1_scalar_F1R_Q4F_C5F_P2,5457106600
V1_scalar_F1R_Q4F_C5F_P2,5456405800
V1_scalar_F1R_Q4F_C5M_P2,5511369900
V1_scalar_F1R_Q4F_C5M_P2,5505640400
V1_scalar_F1R_Q4F_C5M_P2,5519396300
V1_scalar_F1R_Q4F_C5M_P2,5532332600
V1_scalar_F1R_Q4F_C5M_P2,5528932000
V1_scalar_F1R_Q4M_C1R_P2,6062944900
V1_scalar_F1R_Q4M_C1R_P2,6059525500
V1_scalar_F1R_Q4M_C1R_P2,6049410800
V1_scalar_F1R_Q4M_C1R_P2,6020070500
V1_scalar_F1R_Q4M_C1R_P2,6057433100
V1_scalar_F1R_Q4M_C1X_P2,5675000100
V1_scalar_F1R_Q4M_C1X_P2,5704645000
V1_scalar_F1R_Q4M_C1X_P2,5758171600
V1_scalar_F1R_Q4M_C1X_P2,5714924700
V1_scalar_F1R_Q4M_C1X_P2,5732795700
V1_scalar_F1R_Q4M_C2R_P2,5931825700
V1_scalar_F1R_Q4M_C2R_P2,5964806100
V1_scalar_F1R_Q4M_C2R_P2,5948846300
V1_scalar_F1R_Q4M_C2R_P2,5935344400
V1_scalar_F1R_Q4M_C2R_P2,5925582300
V1_scalar_F1R_Q4M_C2X_P2,5673597900
V1_scalar_F1R_Q4M_C2X_P2,5687512100
V1_scalar_F1R_Q4M_C2X_P2,5678490900
V1_scalar_F1R_Q4M_C2X_P2,5701323900
V1_scalar_F1R_Q4M_C2X_P2,5673628600
V1_scalar_F1R_Q4M_C3_P2,5541058000
V1_scalar_F1R_Q4M_C3_P2,5516611400
V1_scalar_F1R_Q4M_C3_P2,5548465000
V1_scalar_F1R_Q4M_C3_P2,5494714100
V1_scalar_F1R_Q4M_C3_P2,5544356800
V1_scalar_F1R_Q4M_C4F_P2,5540317900
V1_scalar_F1R_Q4M_C4F_P2,5541271900
V1_scalar_F1R_Q4M_C4F_P2,5537173200
V1_scalar_F1R_Q4M_C4F_P2,5514632200
V1_scalar_F1R_Q4M_C4F_P2,5555731200
V1_scalar_F1R_Q4M_C4M_P2,5552682000
V1_scalar_F1R_Q4M_C4M_P2,5507596000
V1_scalar_F1R_Q4M_C4M_P2,5530577100
V1_scalar_F1R_Q4M_C4M_P2,5537090100
V1_scalar_F1R_Q4M_C4M_P2,5554032200
V1_scalar_F1R_Q4M_C5F_P2,5521227800
V1_scalar_F1R_Q4M_C5F_P2,5475103600
V1_scalar_F1R_Q4M_C5F_P2,5450339500
V1_scalar_F1R_Q4M_C5F_P2,5495056500
V1_scalar_F1R_Q4M_C5F_P2,5487328800
V1_scalar_F1R_Q4M_C5M_P2,5547747000
V1_scalar_F1R_Q4M_C5M_P2,5540553200
V1_scalar_F1R_Q4M_C5M_P2,5548775700
V1_scalar_F1R_Q4M_C5M_P2,5554128500
V1_scalar_F1R_Q4M_C5M_P2,5550667000
V1_scalar_F1X_Q1_C1R_P2,1781377900
V1_scalar_F1X_Q1_C1R_P2,1780892500
V1_scalar_F1X_Q1_C1R_P2,1785685200
V1_scalar_F1X_Q1_C1R_P2,1774553500
V1_scalar_F1X_Q1_C1R_P2,1789147100
V1_scalar_F1X_Q1_C1X_P2,1552343500
V1_scalar_F1X_Q1_C1X_P2,1551776400
V1_scalar_F1X_Q1_C1X_P2,1540570800
V1_scalar_F1X_Q1_C1X_P2,1544897800
V1_scalar_F1X_Q1_C1X_P2,1538033900
V1_scalar_F1X_Q1_C2R_P2,1702758800
V1_scalar_F1X_Q1_C2R_P2,1702931500
V1_scalar_F1X_Q1_C2R_P2,1701084400
V1_scalar_F1X_Q1_C2R_P2,1701106700
V1_scalar_F1X_Q1_C2R_P2,1687294100
V1_scalar_F1X_Q1_C2X_P2,1513555600
V1_scalar_F1X_Q1_C2X_P2,1510766400
V1_scalar_F1X_Q1_C2X_P2,1501148400
V1_scalar_F1X_Q1_C2X_P2,1533975100
V1_scalar_F1X_Q1_C2X_P2,1503396700
V1_scalar_F1X_Q1_C3_P2,1415022900
V1_scalar_F1X_Q1_C3_P2,1423180400
V1_scalar_F1X_Q1_C3_P2,1415902500
V1_scalar_F1X_Q1_C3_P2,1415913500
V1_scalar_F1X_Q1_C3_P2,1411754000
V1_scalar_F1X_Q1_C4F_P2,1429550800
V1_scalar_F1X_Q1_C4F_P2,1424988000
V1_scalar_F1X_Q1_C4F_P2,1435754900
V1_scalar_F1X_Q1_C4F_P2,1437201700
V1_scalar_F1X_Q1_C4F_P2,1430668100
V1_scalar_F1X_Q1_C4M_P2,1461809600
V1_scalar_F1X_Q1_C4M_P2,1453114700
V1_scalar_F1X_Q1_C4M_P2,1455964400
V1_scalar_F1X_Q1_C4M_P2,1450859400
V1_scalar_F1X_Q1_C4M_P2,1439114500
V1_scalar_F1X_Q1_C5F_P2,1420890400
V1_scalar_F1X_Q1_C5F_P2,1414415400
V1_scalar_F1X_Q1_C5F_P2,1427370700
V1_scalar_F1X_Q1_C5F_P2,1416600800
V1_scalar_F1X_Q1_C5F_P2,1427348100
V1_scalar_F1X_Q1_C5M_P2,1446559400
V1_scalar_F1X_Q1_C5M_P2,1455442400
V1_scalar_F1X_Q1_C5M_P2,1461195800
V1_scalar_F1X_Q1_C5M_P2,1454357900
V1_scalar_F1X_Q1_C5M_P2,1467115400
V1_scalar_F1X_Q2R_C1R_P2,2153134000
V1_scalar_F1X_Q2R_C1R_P2,2144370000
V1_scalar_F1X_Q2R_C1R_P2,2167974300
V1_scalar_F1X_Q2R_C1R_P2,2153173000
V1_scalar_F1X_Q2R_C1R_P2,2161163100
V1_scalar_F1X_Q2R_C1X_P2,1889977200
V1_scalar_F1X_Q2R_C1X_P2,1888352900
V1_scalar_F1X_Q2R_C1X_P2,1880383900
V1_scalar_F1X_Q2R_C1X_P2,1888092600
V1_scalar_F1X_Q2R_C1X_P2,1899060400
V1_scalar_F1X_Q2R_C2R_P2,2048934300
V1_scalar_F1X_Q2R_C2R_P2,2046860000
V1_scalar_F1X_Q2R_C2R_P2,2024810200
V1_scalar_F1X_Q2R_C2R_P2,2044341400
V1_scalar_F1X_Q2R_C2R_P2,2043329000
V1_scalar_F1X_Q2R_C2X_P2,1846596800
V1_scalar_F1X_Q2R_C2X_P2,1835769000
V1_scalar_F1X_Q2R_C2X_P2,1843372300
V1_scalar_F1X_Q2R_C2X_P2,1848475200
V1_scalar_F1X_Q2R_C2X_P2,1844334500
V1_scalar_F1X_Q2R_C3_P2,1734552800
V1_scalar_F1X_Q2R_C3_P2,1732954100
V1_scalar_F1X_Q2R_C3_P2,1740813300
V1_scalar_F1X_Q2R_C3_P2,1741669400
V1_scalar_F1X_Q2R_C3_P2,1746886200
V1_scalar_F1X_Q2R_C4F_P2,1743219600
V1_scalar_F1X_Q2R_C4F_P2,1750627700
V1_scalar_F1X_Q2R_C4F_P2,1729153900
V1_scalar_F1X_Q2R_C4F_P2,1754046700
V1_scalar_F1X_Q2R_C4F_P2,1757979600
V1_scalar_F1X_Q2R_C4M_P2,1765890600
V1_scalar_F1X_Q2R_C4M_P2,1751851200
V1_scalar_F1X_Q2R_C4M_P2,1757802300
V1_scalar_F1X_Q2R_C4M_P2,1750366400
V1_scalar_F1X_Q2R_C4M_P2,1761677200
V1_scalar_F1X_Q2R_C5F_P2,1717134700
V1_scalar_F1X_Q2R_C5F_P2,1715464200
V1_scalar_F1X_Q2R_C5F_P2,1706664600
V1_scalar_F1X_Q2R_C5F_P2,1715740500
V1_scalar_F1X_Q2R_C5F_P2,1716093700
V1_scalar_F1X_Q2R_C5M_P2,1762739800
V1_scalar_F1X_Q2R_C5M_P2,1753391300
V1_scalar_F1X_Q2R_C5M_P2,1769844800
V1_scalar_F1X_Q2R_C5M_P2,1751966800
V1_scalar_F1X_Q2R_C5M_P2,1749107300
V1_scalar_F1X_Q2X_C1R_P2,1982734400
V1_scalar_F1X_Q2X_C1R_P2,1964730500
V1_scalar_F1X_Q2X_C1R_P2,1974037700
V1_scalar_F1X_Q2X_C1R_P2,1969446100
V1_scalar_F1X_Q2X_C1R_P2,1969982300
V1_scalar_F1X_Q2X_C1X_P2,1709845700
V1_scalar_F1X_Q2X_C1X_P2,1718388300
V1_scalar_F1X_Q2X_C1X_P2,1712853000
V1_scalar_F1X_Q2X_C1X_P2,1695578900
V1_scalar_F1X_Q2X_C1X_P2,1704740400
V1_scalar_F1X_Q2X_C2R_P2,1956032500
V1_scalar_F1X_Q2X_C2R_P2,1944259700
V1_scalar_F1X_Q2X_C2R_P2,1950433700
V1_scalar_F1X_Q2X_C2R_P2,1970924700
V1_scalar_F1X_Q2X_C2R_P2,1956739900
V1_scalar_F1X_Q2X_C2X_P2,1664680700
V1_scalar_F1X_Q2X_C2X_P2,1640053300
V1_scalar_F1X_Q2X_C2X_P2,1667748800
V1_scalar_F1X_Q2X_C2X_P2,1641869400
V1_scalar_F1X_Q2X_C2X_P2,1650743900
V1_scalar_F1X_Q2X_C3_P2,1568660300
V1_scalar_F1X_Q2X_C3_P2,1609519500
V1_scalar_F1X_Q2X_C3_P2,1615620200
V1_scalar_F1X_Q2X_C3_P2,1580378900
V1_scalar_F1X_Q2X_C3_P2,1587981800
V1_scalar_F1X_Q2X_C4F_P2,1599861300
V1_scalar_F1X_Q2X_C4F_P2,1584673700
V1_scalar_F1X_Q2X_C4F_P2,1585796800
V1_scalar_F1X_Q2X_C4F_P2,1582868200
V1_scalar_F1X_Q2X_C4F_P2,1594104700
V1_scalar_F1X_Q2X_C4M_P2,1594150500
V1_scalar_F1X_Q2X_C4M_P2,1590701500
V1_scalar_F1X_Q2X_C4M_P2,1598233200
V1_scalar_F1X_Q2X_C4M_P2,1600872000
V1_scalar_F1X_Q2X_C4M_P2,1587139600
V1_scalar_F1X_Q2X_C5F_P2,1552374000
V1_scalar_F1X_Q2X_C5F_P2,1559796200
V1_scalar_F1X_Q2X_C5F_P2,1544567600
V1_scalar_F1X_Q2X_C5F_P2,1564235200
V1_scalar_F1X_Q2X_C5F_P2,1560490600
V1_scalar_F1X_Q2X_C5M_P2,1615087800
V1_scalar_F1X_Q2X_C5M_P2,1614284100
V1_scalar_F1X_Q2X_C5M_P2,1625151800
V1_scalar_F1X_Q2X_C5M_P2,1601115500
V1_scalar_F1X_Q2X_C5M_P2,1597737300
V1_scalar_F1X_Q3M_C1R_P2,243481400
V1_scalar_F1X_Q3M_C1R_P2,248481700
V1_scalar_F1X_Q3M_C1R_P2,243734200
V1_scalar_F1X_Q3M_C1R_P2,241630500
V1_scalar_F1X_Q3M_C1R_P2,249925500
V1_scalar_F1X_Q3M_C1R_P2,243596900
V1_scalar_F1X_Q3M_C1R_P2,247333300
V1_scalar_F1X_Q3M_C1R_P2,240863400
V1_scalar_F1X_Q3M_C1X_P2,232092100
V1_scalar_F1X_Q3M_C1X_P2,230787700
V1_scalar_F1X_Q3M_C1X_P2,233352400
V1_scalar_F1X_Q3M_C1X_P2,233077600
V1_scalar_F1X_Q3M_C1X_P2,229593500
V1_scalar_F1X_Q3M_C1X_P2,235681500
V1_scalar_F1X_Q3M_C1X_P2,233906500
V1_scalar_F1X_Q3M_C1X_P2,230547300
V1_scalar_F1X_Q3M_C1X_P2,233084400
V1_scalar_F1X_Q3M_C2R_P2,231292400
V1_scalar_F1X_Q3M_C2R_P2,230994400
V1_scalar_F1X_Q3M_C2R_P2,231175400
V1_scalar_F1X_Q3M_C2R_P2,229344100
V1_scalar_F1X_Q3M_C2R_P2,228110200
V1_scalar_F1X_Q3M_C2R_P2,229777200
V1_scalar_F1X_Q3M_C2R_P2,231306600
V1_scalar_F1X_Q3M_C2R_P2,232935700
V1_scalar_F1X_Q3M_C2R_P2,232071300
V1_scalar_F1X_Q3M_C2X_P2,221860300
V1_scalar_F1X_Q3M_C2X_P2,221691000
V1_scalar_F1X_Q3M_C2X_P2,223088000
V1_scalar_F1X_Q3M_C2X_P2,233004300
V1_scalar_F1X_Q3M_C2X_P2,219132100
V1_scalar_F1X_Q3M_C2X_P2,231981800
V1_scalar_F1X_Q3M_C2X_P2,226663100
V1_scalar_F1X_Q3M_C2X_P2,224351600
V1_scalar_F1X_Q3M_C2X_P2,220804500
V1_scalar_F1X_Q3M_C3_P2,218894000
V1_scalar_F1X_Q3M_C3_P2,215061300
V1_scalar_F1X_Q3M_C3_P2,223728200
V1_scalar_F1X_Q3M_C3_P2,218067400
V1_scalar_F1X_Q3M_C3_P2,219327000
V1_scalar_F1X_Q3M_C3_P2,223589700
V1_scalar_F1X_Q3M_C3_P2,226403500
V1_scalar_F1X_Q3M_C3_P2,223864200
V1_scalar_F1X_Q3M_C3_P2,219480600
V1_scalar_F1X_Q3M_C4F_P2,220805000
V1_scalar_F1X_Q3M_C4F_P2,216866300
V1_scalar_F1X_Q3M_C4F_P2,220311100
V1_scalar_F1X_Q3M_C4F_P2,219171700
V1_scalar_F1X_Q3M_C4F_P2,218695400
V1_scalar_F1X_Q3M_C4F_P2,217555600
V1_scalar_F1X_Q3M_C4F_P2,220603500
V1_scalar_F1X_Q3M_C4F_P2,216034100
V1_scalar_F1X_Q3M_C4F_P2,221204300
V1_scalar_F1X_Q3M_C4M_P2,222128000
V1_scalar_F1X_Q3M_C4M_P2,221180300
V1_scalar_F1X_Q3M_C4M_P2,219600900
V1_scalar_F1X_Q3M_C4M_P2,222109000
V1_scalar_F1X_Q3M_C4M_P2,214788600
V1_scalar_F1X_Q3M_C4M_P2,220979800
V1_scalar_F1X_Q3M_C4M_P2,219115400
V1_scalar_F1X_Q3M_C4M_P2,222798500
V1_scalar_F1X_Q3M_C4M_P2,216113600
V1_scalar_F1X_Q3M_C5F_P2,225849700
V1_scalar_F1X_Q3M_C5F_P2,225786800
V1_scalar_F1X_Q3M_C5F_P2,226342200
V1_scalar_F1X_Q3M_C5F_P2,231191300
V1_scalar_F1X_Q3M_C5F_P2,223666900
V1_scalar_F1X_Q3M_C5F_P2,224495300
V1_scalar_F1X_Q3M_C5F_P2,224686600
V1_scalar_F1X_Q3M_C5F_P2,227787500
V1_scalar_F1X_Q3M_C5F_P2,226424400
V1_scalar_F1X_Q3M_C5M_P2,232613400
V1_scalar_F1X_Q3M_C5M_P2,230386800
V1_scalar_F1X_Q3M_C5M_P2,229436700
V1_scalar_F1X_Q3M_C5M_P2,229899400
V1_scalar_F1X_Q3M_C5M_P2,233806100
V1_scalar_F1X_Q3M_C5M_P2,234845500
V1_scalar_F1X_Q3M_C5M_P2,232593000
V1_scalar_F1X_Q3M_C5M_P2,232230800
V1_scalar_F1X_Q3M_C5M_P2,232159200
V1_scalar_F1X_Q4F_C1R_P2,1790321400
V1_scalar_F1X_Q4F_C1R_P2,1778775100
V1_scalar_F1X_Q4F_C1R_P2,1789108500
V1_scalar_F1X_Q4F_C1R_P2,1779293200
V1_scalar_F1X_Q4F_C1R_P2,1791485700
V1_scalar_F1X_Q4F_C1X_P2,1551627400
V1_scalar_F1X_Q4F_C1X_P2,1557964200
V1_scalar_F1X_Q4F_C1X_P2,1565397800
V1_scalar_F1X_Q4F_C1X_P2,1572531600
V1_scalar_F1X_Q4F_C1X_P2,1574154200
V1_scalar_F1X_Q4F_C2R_P2,1717996100
V1_scalar_F1X_Q4F_C2R_P2,1732633200
V1_scalar_F1X_Q4F_C2R_P2,1716063900
V1_scalar_F1X_Q4F_C2R_P2,1729251700
V1_scalar_F1X_Q4F_C2R_P2,1738496800
V1_scalar_F1X_Q4F_C2X_P2,1506275800
V1_scalar_F1X_Q4F_C2X_P2,1487672900
V1_scalar_F1X_Q4F_C2X_P2,1510580100
V1_scalar_F1X_Q4F_C2X_P2,1510452900
V1_scalar_F1X_Q4F_C2X_P2,1522705300
V1_scalar_F1X_Q4F_C3_P2,1446423500
V1_scalar_F1X_Q4F_C3_P2,1446283100
V1_scalar_F1X_Q4F_C3_P2,1446812600
V1_scalar_F1X_Q4F_C3_P2,1452204200
V1_scalar_F1X_Q4F_C3_P2,1453958000
V1_scalar_F1X_Q4F_C4F_P2,1448863500
V1_scalar_F1X_Q4F_C4F_P2,1450033600
V1_scalar_F1X_Q4F_C4F_P2,1452486800
V1_scalar_F1X_Q4F_C4F_P2,1439113100
V1_scalar_F1X_Q4F_C4F_P2,1472503800
V1_scalar_F1X_Q4F_C4M_P2,1473952800
V1_scalar_F1X_Q4F_C4M_P2,1477531200
V1_scalar_F1X_Q4F_C4M_P2,1474111600
V1_scalar_F1X_Q4F_C4M_P2,1474813800
V1_scalar_F1X_Q4F_C4M_P2,1481324000
V1_scalar_F1X_Q4F_C5F_P2,1445861400
V1_scalar_F1X_Q4F_C5F_P2,1445518500
V1_scalar_F1X_Q4F_C5F_P2,1440135100
V1_scalar_F1X_Q4F_C5F_P2,1439007400
V1_scalar_F1X_Q4F_C5F_P2,1439225200
V1_scalar_F1X_Q4F_C5M_P2,1490965600
V1_scalar_F1X_Q4F_C5M_P2,1467762700
V1_scalar_F1X_Q4F_C5M_P2,1488256100
V1_scalar_F1X_Q4F_C5M_P2,1469505900
V1_scalar_F1X_Q4F_C5M_P2,1510767500
V1_scalar_F1X_Q4M_C1R_P2,1804642200
V1_scalar_F1X_Q4M_C1R_P2,1796105900
V1_scalar_F1X_Q4M_C1R_P2,1805209400
V1_scalar_F1X_Q4M_C1R_P2,1814936800
V1_scalar_F1X_Q4M_C1R_P2,1818507800
V1_scalar_F1X_Q4M_C1X_P2,1575740200
V1_scalar_F1X_Q4M_C1X_P2,1582818700
V1_scalar_F1X_Q4M_C1X_P2,1591221100
V1_scalar_F1X_Q4M_C1X_P2,1573824100
V1_scalar_F1X_Q4M_C1X_P2,1581682900
V1_scalar_F1X_Q4M_C2R_P2,1735877100
V1_scalar_F1X_Q4M_C2R_P2,1728093500
V1_scalar_F1X_Q4M_C2R_P2,1735438400
V1_scalar_F1X_Q4M_C2R_P2,1722647500
V1_scalar_F1X_Q4M_C2R_P2,1732864300
V1_scalar_F1X_Q4M_C2X_P2,1529264800
V1_scalar_F1X_Q4M_C2X_P2,1530348100
V1_scalar_F1X_Q4M_C2X_P2,1544663600
V1_scalar_F1X_Q4M_C2X_P2,1524438700
V1_scalar_F1X_Q4M_C2X_P2,1524217400
V1_scalar_F1X_Q4M_C3_P2,1462520500
V1_scalar_F1X_Q4M_C3_P2,1472485300
V1_scalar_F1X_Q4M_C3_P2,1477145700
V1_scalar_F1X_Q4M_C3_P2,1458181300
V1_scalar_F1X_Q4M_C3_P2,1479832500
V1_scalar_F1X_Q4M_C4F_P2,1473105200
V1_scalar_F1X_Q4M_C4F_P2,1453642600
V1_scalar_F1X_Q4M_C4F_P2,1448401500
V1_scalar_F1X_Q4M_C4F_P2,1452798600
V1_scalar_F1X_Q4M_C4F_P2,1449931400
V1_scalar_F1X_Q4M_C4M_P2,1475518300
V1_scalar_F1X_Q4M_C4M_P2,1476492200
V1_scalar_F1X_Q4M_C4M_P2,1481987300
V1_scalar_F1X_Q4M_C4M_P2,1483960000
V1_scalar_F1X_Q4M_C4M_P2,1479628900
V1_scalar_F1X_Q4M_C5F_P2,1443455800
V1_scalar_F1X_Q4M_C5F_P2,1441623600
V1_scalar_F1X_Q4M_C5F_P2,1443353900
V1_scalar_F1X_Q4M_C5F_P2,1444347700
V1_scalar_F1X_Q4M_C5F_P2,1445236100
V1_scalar_F1X_Q4M_C5M_P2,1472625300
V1_scalar_F1X_Q4M_C5M_P2,1482005900
V1_scalar_F1X_Q4M_C5M_P2,1487548600
V1_scalar_F1X_Q4M_C5M_P2,1479127700
V1_scalar_F1X_Q4M_C5M_P2,1486818100
V1_scalar_F2R_Q1_C1R_P2,111613300
V1_scalar_F2R_Q1_C1R_P2,112553400
V1_scalar_F2R_Q1_C1R_P2,112471600
V1_scalar_F2R_Q1_C1R_P2,114687200
V1_scalar_F2R_Q1_C1R_P2,113966100
V1_scalar_F2R_Q1_C1R_P2,112056700
V1_scalar_F2R_Q1_C1R_P2,111857600
V1_scalar_F2R_Q1_C1R_P2,114496500
V1_scalar_F2R_Q1_C1R_P2,112552600
V1_scalar_F2R_Q1_C1R_P2,112376600
V1_scalar_F2R_Q1_C1R_P2,113930700
V1_scalar_F2R_Q1_C1R_P2,117866800
V1_scalar_F2R_Q1_C1R_P2,112613000
V1_scalar_F2R_Q1_C1R_P2,114136200
V1_scalar_F2R_Q1_C1R_P2,113119400
V1_scalar_F2R_Q1_C1R_P2,113475000
V1_scalar_F2R_Q1_C1R_P2,114315300
V1_scalar_F2R_Q1_C1R_P2,112326200
V1_scalar_F2R_Q1_C1X_P2,92195400
V1_scalar_F2R_Q1_C1X_P2,90681300
V1_scalar_F2R_Q1_C1X_P2,92280900
V1_scalar_F2R_Q1_C1X_P2,90042300
V1_scalar_F2R_Q1_C1X_P2,90683700
V1_scalar_F2R_Q1_C1X_P2,91958900
V1_scalar_F2R_Q1_C1X_P2,94034700
V1_scalar_F2R_Q1_C1X_P2,92776600
V1_scalar_F2R_Q1_C1X_P2,91213100
V1_scalar_F2R_Q1_C1X_P2,90829300
V1_scalar_F2R_Q1_C1X_P2,89900900
V1_scalar_F2R_Q1_C1X_P2,89471300
V1_scalar_F2R_Q1_C1X_P2,92147700
V1_scalar_F2R_Q1_C1X_P2,89647600
V1_scalar_F2R_Q1_C1X_P2,93650800
V1_scalar_F2R_Q1_C1X_P2,91260800
V1_scalar_F2R_Q1_C1X_P2,89847100
V1_scalar_F2R_Q1_C1X_P2,91607600
V1_scalar_F2R_Q1_C1X_P2,90243900
V1_scalar_F2R_Q1_C1X_P2,94186100
V1_scalar_F2R_Q1_C1X_P2,90299700
V1_scalar_F2R_Q1_C1X_P2,90080300
V1_scalar_F2R_Q1_C2R_P2,105495700
V1_scalar_F2R_Q1_C2R_P2,105117600
V1_scalar_F2R_Q1_C2R_P2,105786200
V1_scalar_F2R_Q1_C2R_P2,105475900
V1_scalar_F2R_Q1_C2R_P2,105966000
V1_scalar_F2R_Q1_C2R_P2,105052900
V1_scalar_F2R_Q1_C2R_P2,106745800
V1_scalar_F2R_Q1_C2R_P2,105200000
V1_scalar_F2R_Q1_C2R_P2,107319200
V1_scalar_F2R_Q1_C2R_P2,107114200
V1_scalar_F2R_Q1_C2R_P2,105023700
V1_scalar_F2R_Q1_C2R_P2,105462700
V1_scalar_F2R_Q1_C2R_P2,105955300
V1_scalar_F2R_Q1_C2R_P2,104450700
V1_scalar_F2R_Q1_C2R_P2,105645300
V1_scalar_F2R_Q1_C2R_P2,106088100
V1_scalar_F2R_Q1_C2R_P2,104846500
V1_scalar_F2R_Q1_C2R_P2,105408900
V1_scalar_F2R_Q1_C2R_P2,106209000
V1_scalar_F2R_Q1_C2X_P2,86448500
V1_scalar_F2R_Q1_C2X_P2,88642300
V1_scalar_F2R_Q1_C2X_P2,90096100
V1_scalar_F2R_Q1_C2X_P2,87997400
V1_scalar_F2R_Q1_C2X_P2,88436800
V1_scalar_F2R_Q1_C2X_P2,86835000
V1_scalar_F2R_Q1_C2X_P2,86236600
V1_scalar_F2R_Q1_C2X_P2,88672900
V1_scalar_F2R_Q1_C2X_P2,88704800
V1_scalar_F2R_Q1_C2X_P2,86732400
V1_scalar_F2R_Q1_C2X_P2,91394600
V1_scalar_F2R_Q1_C2X_P2,86576300
V1_scalar_F2R_Q1_C2X_P2,88160100
V1_scalar_F2R_Q1_C2X_P2,86816100
V1_scalar_F2R_Q1_C2X_P2,87427700
V1_scalar_F2R_Q1_C2X_P2,87754800
V1_scalar_F2R_Q1_C2X_P2,91640500
V1_scalar_F2R_Q1_C2X_P2,88831300
V1_scalar_F2R_Q1_C2X_P2,87274400
V1_scalar_F2R_Q1_C2X_P2,87533000
V1_scalar_F2R_Q1_C2X_P2,86686800
V1_scalar_F2R_Q1_C2X_P2,88253900
V1_scalar_F2R_Q1_C3_P2,81548500
V1_scalar_F2R_Q1_C3_P2,81576700
V1_scalar_F2R_Q1_C3_P2,86240300
V1_scalar_F2R_Q1_C3_P2,82611300
V1_scalar_F2R_Q1_C3_P2,85607100
V1_scalar_F2R_Q1_C3_P2,81972700
V1_scalar_F2R_Q1_C3_P2,82191000
V1_scalar_F2R_Q1_C3_P2,81759400
V1_scalar_F2R_Q1_C3_P2,83054300
V1_scalar_F2R_Q1_C3_P2,84988000
V1_scalar_F2R_Q1_C3_P2,82997100
V1_scalar_F2R_Q1_C3_P2,81588400
V1_scalar_F2R_Q1_C3_P2,84413500
V1_scalar_F2R_Q1_C3_P2,81816500
V1_scalar_F2R_Q1_C3_P2,83033100
V1_scalar_F2R_Q1_C3_P2,81746100
V1_scalar_F2R_Q1_C3_P2,81434600
V1_scalar_F2R_Q1_C3_P2,81997900
V1_scalar_F2R_Q1_C3_P2,82755500
V1_scalar_F2R_Q1_C3_P2,81510500
V1_scalar_F2R_Q1_C3_P2,82006100
V1_scalar_F2R_Q1_C3_P2,83608900
V1_scalar_F2R_Q1_C3_P2,83380900
V1_scalar_F2R_Q1_C3_P2,84450700
V1_scalar_F2R_Q1_C4F_P2,83996100
V1_scalar_F2R_Q1_C4F_P2,82407500
V1_scalar_F2R_Q1_C4F_P2,81341400
V1_scalar_F2R_Q1_C4F_P2,84511400
V1_scalar_F2R_Q1_C4F_P2,84284000
V1_scalar_F2R_Q1_C4F_P2,86586000
V1_scalar_F2R_Q1_C4F_P2,86894900
V1_scalar_F2R_Q1_C4F_P2,83791500
V1_scalar_F2R_Q1_C4F_P2,84433500
V1_scalar_F2R_Q1_C4F_P2,84623300
V1_scalar_F2R_Q1_C4F_P2,83798500
V1_scalar_F2R_Q1_C4F_P2,86187100
V1_scalar_F2R_Q1_C4F_P2,82182300
V1_scalar_F2R_Q1_C4F_P2,84418600
V1_scalar_F2R_Q1_C4F_P2,83719500
V1_scalar_F2R_Q1_C4F_P2,85442400
V1_scalar_F2R_Q1_C4F_P2,83065900
V1_scalar_F2R_Q1_C4F_P2,82787800
V1_scalar_F2R_Q1_C4F_P2,81909900
V1_scalar_F2R_Q1_C4F_P2,82662700
V1_scalar_F2R_Q1_C4F_P2,82926200
V1_scalar_F2R_Q1_C4F_P2,86390400
V1_scalar_F2R_Q1_C4F_P2,82343600
V1_scalar_F2R_Q1_C4M_P2,83196000
V1_scalar_F2R_Q1_C4M_P2,82705400
V1_scalar_F2R_Q1_C4M_P2,82129800
V1_scalar_F2R_Q1_C4M_P2,83545000
V1_scalar_F2R_Q1_C4M_P2,82364800
V1_scalar_F2R_Q1_C4M_P2,83479100
V1_scalar_F2R_Q1_C4M_P2,83719700
V1_scalar_F2R_Q1_C4M_P2,83597800
V1_scalar_F2R_Q1_C4M_P2,85300600
V1_scalar_F2R_Q1_C4M_P2,82161500
V1_scalar_F2R_Q1_C4M_P2,83139600
V1_scalar_F2R_Q1_C4M_P2,82355900
V1_scalar_F2R_Q1_C4M_P2,83774200
V1_scalar_F2R_Q1_C4M_P2,83162200
V1_scalar_F2R_Q1_C4M_P2,84699200
V1_scalar_F2R_Q1_C4M_P2,83616400
V1_scalar_F2R_Q1_C4M_P2,82956000
V1_scalar_F2R_Q1_C4M_P2,83169300
V1_scalar_F2R_Q1_C4M_P2,81942800
V1_scalar_F2R_Q1_C4M_P2,84265700
V1_scalar_F2R_Q1_C4M_P2,85278600
V1_scalar_F2R_Q1_C4M_P2,83406900
V1_scalar_F2R_Q1_C4M_P2,87202600
V1_scalar_F2R_Q1_C5F_P2,87434300
V1_scalar_F2R_Q1_C5F_P2,84763100
V1_scalar_F2R_Q1_C5F_P2,86144400
V1_scalar_F2R_Q1_C5F_P2,88357100
V1_scalar_F2R_Q1_C5F_P2,88935100
V1_scalar_F2R_Q1_C5F_P2,87397300
V1_scalar_F2R_Q1_C5F_P2,84560600
V1_scalar_F2R_Q1_C5F_P2,85548100
V1_scalar_F2R_Q1_C5F_P2,84837000
V1_scalar_F2R_Q1_C5F_P2,87030600
V1_scalar_F2R_Q1_C5F_P2,88476800
V1_scalar_F2R_Q1_C5F_P2,85605400
V1_scalar_F2R_Q1_C5F_P2,87034600
V1_scalar_F2R_Q1_C5F_P2,89461000
V1_scalar_F2R_Q1_C5F_P2,84767700
V1_scalar_F2R_Q1_C5F_P2,86138700
V1_scalar_F2R_Q1_C5F_P2,87372100
V1_scalar_F2R_Q1_C5F_P2,87228900
V1_scalar_F2R_Q1_C5F_P2,87916800
V1_scalar_F2R_Q1_C5F_P2,86943500
V1_scalar_F2R_Q1_C5F_P2,86972200
V1_scalar_F2R_Q1_C5F_P2,87248700
V1_scalar_F2R_Q1_C5M_P2,92809200
V1_scalar_F2R_Q1_C5M_P2,94883600
V1_scalar_F2R_Q1_C5M_P2,92016300
V1_scalar_F2R_Q1_C5M_P2,92464000
V1_scalar_F2R_Q1_C5M_P2,94950600
V1_scalar_F2R_Q1_C5M_P2,92051000
V1_scalar_F2R_Q1_C5M_P2,93517100
V1_scalar_F2R_Q1_C5M_P2,94654800
V1_scalar_F2R_Q1_C5M_P2,92960500
V1_scalar_F2R_Q1_C5M_P2,92317400
V1_scalar_F2R_Q1_C5M_P2,93049000
V1_scalar_F2R_Q1_C5M_P2,95213500
V1_scalar_F2R_Q1_C5M_P2,97392200
V1_scalar_F2R_Q1_C5M_P2,93286000
V1_scalar_F2R_Q1_C5M_P2,92491900
V1_scalar_F2R_Q1_C5M_P2,92931800
V1_scalar_F2R_Q1_C5M_P2,92718700
V1_scalar_F2R_Q1_C5M_P2,96513700
V1_scalar_F2R_Q1_C5M_P2,96023100
V1_scalar_F2R_Q1_C5M_P2,93127200
V1_scalar_F2R_Q1_C5M_P2,95497000
V1_scalar_F2R_Q2R_C1R_P2,133344800
V1_scalar_F2R_Q2R_C1R_P2,133106200
V1_scalar_F2R_Q2R_C1R_P2,138804900
V1_scalar_F2R_Q2R_C1R_P2,135987200
V1_scalar_F2R_Q2R_C1R_P2,133119600
V1_scalar_F2R_Q2R_C1R_P2,137442500
V1_scalar_F2R_Q2R_C1R_P2,134433600
V1_scalar_F2R_Q2R_C1R_P2,136585100
V1_scalar_F2R_Q2R_C1R_P2,135088600
V1_scalar_F2R_Q2R_C1R_P2,138267200
V1_scalar_F2R_Q2R_C1R_P2,131703200
V1_scalar_F2R_Q2R_C1R_P2,133588700
V1_scalar_F2R_Q2R_C1R_P2,135075000
V1_scalar_F2R_Q2R_C1R_P2,131687800
V1_scalar_F2R_Q2R_C1R_P2,132038100
V1_scalar_F2R_Q2R_C1X_P2,110060000
V1_scalar_F2R_Q2R_C1X_P2,119729500
V1_scalar_F2R_Q2R_C1X_P2,110806800
V1_scalar_F2R_Q2R_C1X_P2,110037000
V1_scalar_F2R_Q2R_C1X_P2,112928500
V1_scalar_F2R_Q2R_C1X_P2,110416600
V1_scalar_F2R_Q2R_C1X_P2,111129300
V1_scalar_F2R_Q2R_C1X_P2,110474700
V1_scalar_F2R_Q2R_C1X_P2,113206500
V1_scalar_F2R_Q2R_C1X_P2,109464100
V1_scalar_F2R_Q2R_C1X_P2,111047600
V1_scalar_F2R_Q2R_C1X_P2,110797700
V1_scalar_F2R_Q2R_C1X_P2,114477000
V1_scalar_F2R_Q2R_C1X_P2,117445300
V1_scalar_F2R_Q2R_C1X_P2,113251900
V1_scalar_F2R_Q2R_C1X_P2,117478000
V1_scalar_F2R_Q2R_C1X_P2,113129000
V1_scalar_F2R_Q2R_C1X_P2,115722100
V1_scalar_F2R_Q2R_C2R_P2,129013300
V1_scalar_F2R_Q2R_C2R_P2,132380900
V1_scalar_F2R_Q2R_C2R_P2,125298900
V1_scalar_F2R_Q2R_C2R_P2,126180000
V1_scalar_F2R_Q2R_C2R_P2,125906200
V1_scalar_F2R_Q2R_C2R_P2,127343200
V1_scalar_F2R_Q2R_C2R_P2,126147100
V1_scalar_F2R_Q2R_C2R_P2,124025000
V1_scalar_F2R_Q2R_C2R_P2,127894700
V1_scalar_F2R_Q2R_C2R_P2,126110500
V1_scalar_F2R_Q2R_C2R_P2,125906400
V1_scalar_F2R_Q2R_C2R_P2,124798200
V1_scalar_F2R_Q2R_C2R_P2,125624300
V1_scalar_F2R_Q2R_C2R_P2,129075600
V1_scalar_F2R_Q2R_C2R_P2,124569400
V1_scalar_F2R_Q2R_C2X_P2,109331600
V1_scalar_F2R_Q2R_C2X_P2,109314000
V1_scalar_F2R_Q2R_C2X_P2,110571300
V1_scalar_F2R_Q2R_C2X_P2,111012500
V1_scalar_F2R_Q2R_C2X_P2,107465300
V1_scalar_F2R_Q2R_C2X_P2,110021500
V1_scalar_F2R_Q2R_C2X_P2,109752800
V1_scalar_F2R_Q2R_C2X_P2,106971400
V1_scalar_F2R_Q2R_C2X_P2,110555900
V1_scalar_F2R_Q2R_C2X_P2,106564800
V1_scalar_F2R_Q2R_C2X_P2,108682300
V1_scalar_F2R_Q2R_C2X_P2,108205200
V1_scalar_F2R_Q2R_C2X_P2,109100300
V1_scalar_F2R_Q2R_C2X_P2,112795200
V1_scalar_F2R_Q2R_C2X_P2,106425100
V1_scalar_F2R_Q2R_C2X_P2,111165400
V1_scalar_F2R_Q2R_C2X_P2,109066700
V1_scalar_F2R_Q2R_C2X_P2,112333000
V1_scalar_F2R_Q2R_C3_P2,102045700
V1_scalar_F2R_Q2R_C3_P2,100357100
V1_scalar_F2R_Q2R_C3_P2,108506400
V1_scalar_F2R_Q2R_C3_P2,103380700
V1_scalar_F2R_Q2R_C3_P2,101407300
V1_scalar_F2R_Q2R_C3_P2,104998200
V1_scalar_F2R_Q2R_C3_P2,102621600
V1_scalar_F2R_Q2R_C3_P2,102078800
V1_scalar_F2R_Q2R_C3_P2,101586400
V1_scalar_F2R_Q2R_C3_P2,101326600
V1_scalar_F2R_Q2R_C3_P2,102352100
V1_scalar_F2R_Q2R_C3_P2,102830200
V1_scalar_F2R_Q2R_C3_P2,102823200
V1_scalar_F2R_Q2R_C3_P2,101796300
V1_scalar_F2R_Q2R_C3_P2,104960900
V1_scalar_F2R_Q2R_C3_P2,101364800
V1_scalar_F2R_Q2R_C3_P2,105261200
V1_scalar_F2R_Q2R_C3_P2,108930300
V1_scalar_F2R_Q2R_C3_P2,103742800
V1_scalar_F2R_Q2R_C4F_P2,103049900
V1_scalar_F2R_Q2R_C4F_P2,101084100
V1_scalar_F2R_Q2R_C4F_P2,100240800
V1_scalar_F2R_Q2R_C4F_P2,100446300
V1_scalar_F2R_Q2R_C4F_P2,102403600
V1_scalar_F2R_Q2R_C4F_P2,101360800
V1_scalar_F2R_Q2R_C4F_P2,102957200
V1_scalar_F2R_Q2R_C4F_P2,103375700
V1_scalar_F2R_Q2R_C4F_P2,101008400
V1_scalar_F2R_Q2R_C4F_P2,100615600
V1_scalar_F2R_Q2R_C4F_P2,103403000
V1_scalar_F2R_Q2R_C4F_P2,105745700
V1_scalar_F2R_Q2R_C4F_P2,101575400
V1_scalar_F2R_Q2R_C4F_P2,105645800
V1_scalar_F2R_Q2R_C4F_P2,102621400
V1_scalar_F2R_Q2R_C4F_P2,100251200
V1_scalar_F2R_Q2R_C4F_P2,102002700
V1_scalar_F2R_Q2R_C4F_P2,105293800
V1_scalar_F2R_Q2R_C4F_P2,104367900
V1_scalar_F2R_Q2R_C4M_P2,101844500
V1_scalar_F2R_Q2R_C4M_P2,102316500
V1_scalar_F2R_Q2R_C4M_P2,103402700
V1_scalar_F2R_Q2R_C4M_P2,103282700
V1_scalar_F2R_Q2R_C4M_P2,102623000
V1_scalar_F2R_Q2R_C4M_P2,101407200
V1_scalar_F2R_Q2R_C4M_P2,104416100
V1_scalar_F2R_Q2R_C4M_P2,101753900
V1_scalar_F2R_Q2R_C4M_P2,104989900
V1_scalar_F2R_Q2R_C4M_P2,102257600
V1_scalar_F2R_Q2R_C4M_P2,105910800
V1_scalar_F2R_Q2R_C4M_P2,103087000
V1_scalar_F2R_Q2R_C4M_P2,101788700
V1_scalar_F2R_Q2R_C4M_P2,100992900
V1_scalar_F2R_Q2R_C4M_P2,102970700
V1_scalar_F2R_Q2R_C4M_P2,103154100
V1_scalar_F2R_Q2R_C4M_P2,100588100
V1_scalar_F2R_Q2R_C4M_P2,103598500
V1_scalar_F2R_Q2R_C4M_P2,102170900
V1_scalar_F2R_Q2R_C5F_P2,107095500
V1_scalar_F2R_Q2R_C5F_P2,107402500
V1_scalar_F2R_Q2R_C5F_P2,105375500
V1_scalar_F2R_Q2R_C5F_P2,107779400
V1_scalar_F2R_Q2R_C5F_P2,107941100
V1_scalar_F2R_Q2R_C5F_P2,108978000
V1_scalar_F2R_Q2R_C5F_P2,105764700
V1_scalar_F2R_Q2R_C5F_P2,107379600
V1_scalar_F2R_Q2R_C5F_P2,106623700
V1_scalar_F2R_Q2R_C5F_P2,106811600
V1_scalar_F2R_Q2R_C5F_P2,106237300
V1_scalar_F2R_Q2R_C5F_P2,106136100
V1_scalar_F2R_Q2R_C5F_P2,104616500
V1_scalar_F2R_Q2R_C5F_P2,107703000
V1_scalar_F2R_Q2R_C5F_P2,104993600
V1_scalar_F2R_Q2R_C5F_P2,105133400
V1_scalar_F2R_Q2R_C5F_P2,105580400
V1_scalar_F2R_Q2R_C5F_P2,105785900
V1_scalar_F2R_Q2R_C5M_P2,114830800
V1_scalar_F2R_Q2R_C5M_P2,113337700
V1_scalar_F2R_Q2R_C5M_P2,115031700
V1_scalar_F2R_Q2R_C5M_P2,115754100
V1_scalar_F2R_Q2R_C5M_P2,116376500
V1_scalar_F2R_Q2R_C5M_P2,113733900
V1_scalar_F2R_Q2R_C5M_P2,115344900
V1_scalar_F2R_Q2R_C5M_P2,113896700
V1_scalar_F2R_Q2R_C5M_P2,115492100
V1_scalar_F2R_Q2R_C5M_P2,118783900
V1_scalar_F2R_Q2R_C5M_P2,116505700
V1_scalar_F2R_Q2R_C5M_P2,115980700
V1_scalar_F2R_Q2R_C5M_P2,116662100
V1_scalar_F2R_Q2R_C5M_P2,114023600
V1_scalar_F2R_Q2R_C5M_P2,114195900
V1_scalar_F2R_Q2R_C5M_P2,115592700
V1_scalar_F2R_Q2R_C5M_P2,113509600
V1_scalar_F2R_Q2X_C1R_P2,127573900
V1_scalar_F2R_Q2X_C1R_P2,128169000
V1_scalar_F2R_Q2X_C1R_P2,122963600
V1_scalar_F2R_Q2X_C1R_P2,124149400
V1_scalar_F2R_Q2X_C1R_P2,123813300
V1_scalar_F2R_Q2X_C1R_P2,124892200
V1_scalar_F2R_Q2X_C1R_P2,123033500
V1_scalar_F2R_Q2X_C1R_P2,132031600
V1_scalar_F2R_Q2X_C1R_P2,123390100
V1_scalar_F2R_Q2X_C1R_P2,124408300
V1_scalar_F2R_Q2X_C1R_P2,125500400
V1_scalar_F2R_Q2X_C1R_P2,124621400
V1_scalar_F2R_Q2X_C1R_P2,123387500
V1_scalar_F2R_Q2X_C1R_P2,125227200
V1_scalar_F2R_Q2X_C1R_P2,126185300
V1_scalar_F2R_Q2X_C1R_P2,125035500
V1_scalar_F2R_Q2X_C1X_P2,100545200
V1_scalar_F2R_Q2X_C1X_P2,101314200
V1_scalar_F2R_Q2X_C1X_P2,100071700
V1_scalar_F2R_Q2X_C1X_P2,103917400
V1_scalar_F2R_Q2X_C1X_P2,103973100
V1_scalar_F2R_Q2X_C1X_P2,99550100
V1_scalar_F2R_Q2X_C1X_P2,99540800
V1_scalar_F2R_Q2X_C1X_P2,100566100
V1_scalar_F2R_Q2X_C1X_P2,100782300
V1_scalar_F2R_Q2X_C1X_P2,100877800
V1_scalar_F2R_Q2X_C1X_P2,99342800
V1_scalar_F2R_Q2X_C1X_P2,100647800
V1_scalar_F2R_Q2X_C1X_P2,100771000
V1_scalar_F2R_Q2X_C1X_P2,101205100
V1_scalar_F2R_Q2X_C1X_P2,99186200
V1_scalar_F2R_Q2X_C1X_P2,106777000
V1_scalar_F2R_Q2X_C1X_P2,102753500
V1_scalar_F2R_Q2X_C1X_P2,99255500
V1_scalar_F2R_Q2X_C1X_P2,99862500
V1_scalar_F2R_Q2X_C1X_P2,99844000
V1_scalar_F2R_Q2X_C2R_P2,116749100
V1_scalar_F2R_Q2X_C2R_P2,118040600
V1_scalar_F2R_Q2X_C2R_P2,116148300
V1_scalar_F2R_Q2X_C2R_P2,116290400
V1_scalar_F2R_Q2X_C2R_P2,116086900
V1_scalar_F2R_Q2X_C2R_P2,118640700
V1_scalar_F2R_Q2X_C2R_P2,117994200
V1_scalar_F2R_Q2X_C2R_P2,118557700
V1_scalar_F2R_Q2X_C2R_P2,117629900
V1_scalar_F2R_Q2X_C2R_P2,121335400
V1_scalar_F2R_Q2X_C2R_P2,118567300
V1_scalar_F2R_Q2X_C2R_P2,118170500
V1_scalar_F2R_Q2X_C2R_P2,120190500
V1_scalar_F2R_Q2X_C2R_P2,115563900
V1_scalar_F2R_Q2X_C2R_P2,117235600
V1_scalar_F2R_Q2X_C2R_P2,116531800
V1_scalar_F2R_Q2X_C2R_P2,115587800
V1_scalar_F2R_Q2X_C2X_P2,100829900
V1_scalar_F2R_Q2X_C2X_P2,96377400
V1_scalar_F2R_Q2X_C2X_P2,96289200
V1_scalar_F2R_Q2X_C2X_P2,97445000
V1_scalar_F2R_Q2X_C2X_P2,97059400
V1_scalar_F2R_Q2X_C2X_P2,99456700
V1_scalar_F2R_Q2X_C2X_P2,99680700
V1_scalar_F2R_Q2X_C2X_P2,101098400
V1_scalar_F2R_Q2X_C2X_P2,101083300
V1_scalar_F2R_Q2X_C2X_P2,96773500
V1_scalar_F2R_Q2X_C2X_P2,102932300
V1_scalar_F2R_Q2X_C2X_P2,97805700
V1_scalar_F2R_Q2X_C2X_P2,96710600
V1_scalar_F2R_Q2X_C2X_P2,101110900
V1_scalar_F2R_Q2X_C2X_P2,99579700
V1_scalar_F2R_Q2X_C2X_P2,102746100
V1_scalar_F2R_Q2X_C2X_P2,97123600
V1_scalar_F2R_Q2X_C2X_P2,101491900
V1_scalar_F2R_Q2X_C2X_P2,95554700
V1_scalar_F2R_Q2X_C2X_P2,98144800
V1_scalar_F2R_Q2X_C3_P2,91447000
V1_scalar_F2R_Q2X_C3_P2,98274600
V1_scalar_F2R_Q2X_C3_P2,93300800
V1_scalar_F2R_Q2X_C3_P2,93886100
V1_scalar_F2R_Q2X_C3_P2,95354900
V1_scalar_F2R_Q2X_C3_P2,92134400
V1_scalar_F2R_Q2X_C3_P2,94617900
V1_scalar_F2R_Q2X_C3_P2,94201700
V1_scalar_F2R_Q2X_C3_P2,90908800
V1_scalar_F2R_Q2X_C3_P2,92326900
V1_scalar_F2R_Q2X_C3_P2,91143600
V1_scalar_F2R_Q2X_C3_P2,91683400
V1_scalar_F2R_Q2X_C3_P2,90448200
V1_scalar_F2R_Q2X_C3_P2,94584500
V1_scalar_F2R_Q2X_C3_P2,90582500
V1_scalar_F2R_Q2X_C3_P2,93191700
V1_scalar_F2R_Q2X_C3_P2,91821500
V1_scalar_F2R_Q2X_C3_P2,91116200
V1_scalar_F2R_Q2X_C3_P2,94546900
V1_scalar_F2R_Q2X_C3_P2,90344600
V1_scalar_F2R_Q2X_C3_P2,91180300
V1_scalar_F2R_Q2X_C4F_P2,91905300
V1_scalar_F2R_Q2X_C4F_P2,91816300
V1_scalar_F2R_Q2X_C4F_P2,91526200
V1_scalar_F2R_Q2X_C4F_P2,93574000
V1_scalar_F2R_Q2X_C4F_P2,92221800
V1_scalar_F2R_Q2X_C4F_P2,92851400
V1_scalar_F2R_Q2X_C4F_P2,93465500
V1_scalar_F2R_Q2X_C4F_P2,94755700
V1_scalar_F2R_Q2X_C4F_P2,93236000
V1_scalar_F2R_Q2X_C4F_P2,92617800
V1_scalar_F2R_Q2X_C4F_P2,90616600
V1_scalar_F2R_Q2X_C4F_P2,91432200
V1_scalar_F2R_Q2X_C4F_P2,91688100
V1_scalar_F2R_Q2X_C4F_P2,94818400
V1_scalar_F2R_Q2X_C4F_P2,95111200
V1_scalar_F2R_Q2X_C4F_P2,91087500
V1_scalar_F2R_Q2X_C4F_P2,91229800
V1_scalar_F2R_Q2X_C4F_P2,95338100
V1_scalar_F2R_Q2X_C4F_P2,90458300
V1_scalar_F2R_Q2X_C4F_P2,94165700
V1_scalar_F2R_Q2X_C4F_P2,93908400
V1_scalar_F2R_Q2X_C4M_P2,93153500
V1_scalar_F2R_Q2X_C4M_P2,93205900
V1_scalar_F2R_Q2X_C4M_P2,92104200
V1_scalar_F2R_Q2X_C4M_P2,91509800
V1_scalar_F2R_Q2X_C4M_P2,92473100
V1_scalar_F2R_Q2X_C4M_P2,95916500
V1_scalar_F2R_Q2X_C4M_P2,93732300
V1_scalar_F2R_Q2X_C4M_P2,93495300
V1_scalar_F2R_Q2X_C4M_P2,93118800
V1_scalar_F2R_Q2X_C4M_P2,91924300
V1_scalar_F2R_Q2X_C4M_P2,91693200
V1_scalar_F2R_Q2X_C4M_P2,93719000
V1_scalar_F2R_Q2X_C4M_P2,94197700
V1_scalar_F2R_Q2X_C4M_P2,93556300
V1_scalar_F2R_Q2X_C4M_P2,92493900
V1_scalar_F2R_Q2X_C4M_P2,94158800
V1_scalar_F2R_Q2X_C4M_P2,93209500
V1_scalar_F2R_Q2X_C4M_P2,93445900
V1_scalar_F2R_Q2X_C4M_P2,93183600
V1_scalar_F2R_Q2X_C4M_P2,92256200
V1_scalar_F2R_Q2X_C4M_P2,92345700
V1_scalar_F2R_Q2X_C5F_P2,96422000
V1_scalar_F2R_Q2X_C5F_P2,98390100
V1_scalar_F2R_Q2X_C5F_P2,100308500
V1_scalar_F2R_Q2X_C5F_P2,96460100
V1_scalar_F2R_Q2X_C5F_P2,95552700
V1_scalar_F2R_Q2X_C5F_P2,95464200
V1_scalar_F2R_Q2X_C5F_P2,98928100
V1_scalar_F2R_Q2X_C5F_P2,95950800
V1_scalar_F2R_Q2X_C5F_P2,95154600
V1_scalar_F2R_Q2X_C5F_P2,98494200
V1_scalar_F2R_Q2X_C5F_P2,96950200
V1_scalar_F2R_Q2X_C5F_P2,95659000
V1_scalar_F2R_Q2X_C5F_P2,95219600
V1_scalar_F2R_Q2X_C5F_P2,95119200
V1_scalar_F2R_Q2X_C5F_P2,96321600
V1_scalar_F2R_Q2X_C5F_P2,98443000
V1_scalar_F2R_Q2X_C5F_P2,97877000
V1_scalar_F2R_Q2X_C5F_P2,94847000
V1_scalar_F2R_Q2X_C5F_P2,97440300
V1_scalar_F2R_Q2X_C5F_P2,97523800
V1_scalar_F2R_Q2X_C5M_P2,106104700
V1_scalar_F2R_Q2X_C5M_P2,108729700
V1_scalar_F2R_Q2X_C5M_P2,105451100
V1_scalar_F2R_Q2X_C5M_P2,103960400
V1_scalar_F2R_Q2X_C5M_P2,103278200
V1_scalar_F2R_Q2X_C5M_P2,108269600
V1_scalar_F2R_Q2X_C5M_P2,108658700
V1_scalar_F2R_Q2X_C5M_P2,105435700
V1_scalar_F2R_Q2X_C5M_P2,104826100
V1_scalar_F2R_Q2X_C5M_P2,105691300
V1_scalar_F2R_Q2X_C5M_P2,105206700
V1_scalar_F2R_Q2X_C5M_P2,109780200
V1_scalar_F2R_Q2X_C5M_P2,103750500
V1_scalar_F2R_Q2X_C5M_P2,103752700
V1_scalar_F2R_Q2X_C5M_P2,103868100
V1_scalar_F2R_Q2X_C5M_P2,105864800
V1_scalar_F2R_Q2X_C5M_P2,106911900
V1_scalar_F2R_Q2X_C5M_P2,104416000
V1_scalar_F2R_Q2X_C5M_P2,108767200
V1_scalar_F2R_Q3M_C1R_P2,123194800
V1_scalar_F2R_Q3M_C1R_P2,124741600
V1_scalar_F2R_Q3M_C1R_P2,124938000
V1_scalar_F2R_Q3M_C1R_P2,123539500
V1_scalar_F2R_Q3M_C1R_P2,125224600
V1_scalar_F2R_Q3M_C1R_P2,123552700
V1_scalar_F2R_Q3M_C1R_P2,123742500
V1_scalar_F2R_Q3M_C1R_P2,124888100
V1_scalar_F2R_Q3M_C1R_P2,124838800
V1_scalar_F2R_Q3M_C1R_P2,125780300
V1_scalar_F2R_Q3M_C1R_P2,124113700
V1_scalar_F2R_Q3M_C1R_P2,127927800
V1_scalar_F2R_Q3M_C1R_P2,126442000
V1_scalar_F2R_Q3M_C1R_P2,124813000
V1_scalar_F2R_Q3M_C1R_P2,125738600
V1_scalar_F2R_Q3M_C1R_P2,123689000
V1_scalar_F2R_Q3M_C1R_P2,123713600
V1_scalar_F2R_Q3M_C1X_P2,102578700
V1_scalar_F2R_Q3M_C1X_P2,107196700
V1_scalar_F2R_Q3M_C1X_P2,103117500
V1_scalar_F2R_Q3M_C1X_P2,105770900
V1_scalar_F2R_Q3M_C1X_P2,103713400
V1_scalar_F2R_Q3M_C1X_P2,103196600
V1_scalar_F2R_Q3M_C1X_P2,105613300
V1_scalar_F2R_Q3M_C1X_P2,103076200
V1_scalar_F2R_Q3M_C1X_P2,103597500
V1_scalar_F2R_Q3M_C1X_P2,103916700
V1_scalar_F2R_Q3M_C1X_P2,102918800
V1_scalar_F2R_Q3M_C1X_P2,104739600
V1_scalar_F2R_Q3M_C1X_P2,104000300
V1_scalar_F2R_Q3M_C1X_P2,103208600
V1_scalar_F2R_Q3M_C1X_P2,106213700
V1_scalar_F2R_Q3M_C1X_P2,105765100
V1_scalar_F2R_Q3M_C1X_P2,103573400
V1_scalar_F2R_Q3M_C1X_P2,104717500
V1_scalar_F2R_Q3M_C1X_P2,105135100
V1_scalar_F2R_Q3M_C1X_P2,103116900
V1_scalar_F2R_Q3M_C2R_P2,121145600
V1_scalar_F2R_Q3M_C2R_P2,116270500
V1_scalar_F2R_Q3M_C2R_P2,119440600
V1_scalar_F2R_Q3M_C2R_P2,114724900
V1_scalar_F2R_Q3M_C2R_P2,113450300
V1_scalar_F2R_Q3M_C2R_P2,118036900
V1_scalar_F2R_Q3M_C2R_P2,116068400
V1_scalar_F2R_Q3M_C2R_P2,114342000
V1_scalar_F2R_Q3M_C2R_P2,115370800
V1_scalar_F2R_Q3M_C2R_P2,114992100
V1_scalar_F2R_Q3M_C2R_P2,115880100
V1_scalar_F2R_Q3M_C2R_P2,114318900
V1_scalar_F2R_Q3M_C2R_P2,117115800
V1_scalar_F2R_Q3M_C2R_P2,114082800
V1_scalar_F2R_Q3M_C2R_P2,115244100
V1_scalar_F2R_Q3M_C2R_P2,114479500
V1_scalar_F2R_Q3M_C2R_P2,116636200
V1_scalar_F2R_Q3M_C2R_P2,113728000
V1_scalar_F2R_Q3M_C2X_P2,98527800
V1_scalar_F2R_Q3M_C2X_P2,100377800
V1_scalar_F2R_Q3M_C2X_P2,98427100
V1_scalar_F2R_Q3M_C2X_P2,98151600
V1_scalar_F2R_Q3M_C2X_P2,99380900
V1_scalar_F2R_Q3M_C2X_P2,97807900
V1_scalar_F2R_Q3M_C2X_P2,100894100
V1_scalar_F2R_Q3M_C2X_P2,99537600
V1_scalar_F2R_Q3M_C2X_P2,98742900
V1_scalar_F2R_Q3M_C2X_P2,101510800
V1_scalar_F2R_Q3M_C2X_P2,102093800
V1_scalar_F2R_Q3M_C2X_P2,98809800
V1_scalar_F2R_Q3M_C2X_P2,98533500
V1_scalar_F2R_Q3M_C2X_P2,97874000
V1_scalar_F2R_Q3M_C2X_P2,97660400
V1_scalar_F2R_Q3M_C2X_P2,99597200
V1_scalar_F2R_Q3M_C2X_P2,98100900
V1_scalar_F2R_Q3M_C2X_P2,100022400
V1_scalar_F2R_Q3M_C2X_P2,99822900
V1_scalar_F2R_Q3M_C2X_P2,100554900
V1_scalar_F2R_Q3M_C2X_P2,100577000
V1_scalar_F2R_Q3M_C3_P2,98294000
V1_scalar_F2R_Q3M_C3_P2,94089500
V1_scalar_F2R_Q3M_C3_P2,92259900
V1_scalar_F2R_Q3M_C3_P2,94219300
V1_scalar_F2R_Q3M_C3_P2,92801700
V1_scalar_F2R_Q3M_C3_P2,99864000
V1_scalar_F2R_Q3M_C3_P2,93294800
V1_scalar_F2R_Q3M_C3_P2,94713700
V1_scalar_F2R_Q3M_C3_P2,93273300
V1_scalar_F2R_Q3M_C3_P2,93132000
V1_scalar_F2R_Q3M_C3_P2,93163200
V1_scalar_F2R_Q3M_C3_P2,94628500
V1_scalar_F2R_Q3M_C3_P2,92543700
V1_scalar_F2R_Q3M_C3_P2,97453700
V1_scalar_F2R_Q3M_C3_P2,92520700
V1_scalar_F2R_Q3M_C3_P2,93092100
V1_scalar_F2R_Q3M_C3_P2,93842500
V1_scalar_F2R_Q3M_C3_P2,96194400
V1_scalar_F2R_Q3M_C3_P2,94728400
V1_scalar_F2R_Q3M_C3_P2,93113100
V1_scalar_F2R_Q3M_C3_P2,92979700
V1_scalar_F2R_Q3M_C4F_P2,91894100
V1_scalar_F2R_Q3M_C4F_P2,91570900
V1_scalar_F2R_Q3M_C4F_P2,93574500
V1_scalar_F2R_Q3M_C4F_P2,91603900
V1_scalar_F2R_Q3M_C4F_P2,91876500
V1_scalar_F2R_Q3M_C4F_P2,92337100
V1_scalar_F2R_Q3M_C4F_P2,92211000
V1_scalar_F2R_Q3M_C4F_P2,91728900
V1_scalar_F2R_Q3M_C4F_P2,91487500
V1_scalar_F2R_Q3M_C4F_P2,92086700
V1_scalar_F2R_Q3M_C4F_P2,92929700
V1_scalar_F2R_Q3M_C4F_P2,93365800
V1_scalar_F2R_Q3M_C4F_P2,91771600
V1_scalar_F2R_Q3M_C4F_P2,91913800
V1_scalar_F2R_Q3M_C4F_P2,96733900
V1_scalar_F2R_Q3M_C4F_P2,92997900
V1_scalar_F2R_Q3M_C4F_P2,95501100
V1_scalar_F2R_Q3M_C4F_P2,91293700
V1_scalar_F2R_Q3M_C4F_P2,94321600
V1_scalar_F2R_Q3M_C4F_P2,92437100
V1_scalar_F2R_Q3M_C4F_P2,92395700
V1_scalar_F2R_Q3M_C4M_P2,96666600
V1_scalar_F2R_Q3M_C4M_P2,94846400
V1_scalar_F2R_Q3M_C4M_P2,94189900
V1_scalar_F2R_Q3M_C4M_P2,94386700
V1_scalar_F2R_Q3M_C4M_P2,97734700
V1_scalar_F2R_Q3M_C4M_P2,95828700
V1_scalar_F2R_Q3M_C4M_P2,94200200
V1_scalar_F2R_Q3M_C4M_P2,96790800
V1_scalar_F2R_Q3M_C4M_P2,96096600
V1_scalar_F2R_Q3M_C4M_P2,96884600
V1_scalar_F2R_Q3M_C4M_P2,94463600
V1_scalar_F2R_Q3M_C4M_P2,94152700
V1_scalar_F2R_Q3M_C4M_P2,94378500
V1_scalar_F2R_Q3M_C4M_P2,95714500
V1_scalar_F2R_Q3M_C4M_P2,95709700
V1_scalar_F2R_Q3M_C4M_P2,94384600
V1_scalar_F2R_Q3M_C4M_P2,95048000
V1_scalar_F2R_Q3M_C4M_P2,94857500
V1_scalar_F2R_Q3M_C4M_P2,95752600
V1_scalar_F2R_Q3M_C4M_P2,95568300
V1_scalar_F2R_Q3M_C4M_P2,95226400
V1_scalar_F2R_Q3M_C4M_P2,97349800
V1_scalar_F2R_Q3M_C5F_P2,97740300
V1_scalar_F2R_Q3M_C5F_P2,96770500
V1_scalar_F2R_Q3M_C5F_P2,102648900
V1_scalar_F2R_Q3M_C5F_P2,98031400
V1_scalar_F2R_Q3M_C5F_P2,99127600
V1_scalar_F2R_Q3M_C5F_P2,99729900
V1_scalar_F2R_Q3M_C5F_P2,98175600
V1_scalar_F2R_Q3M_C5F_P2,97780800
V1_scalar_F2R_Q3M_C5F_P2,98580100
V1_scalar_F2R_Q3M_C5F_P2,97300400
V1_scalar_F2R_Q3M_C5F_P2,101434900
V1_scalar_F2R_Q3M_C5F_P2,99573500
V1_scalar_F2R_Q3M_C5F_P2,97134400
V1_scalar_F2R_Q3M_C5F_P2,98769500
V1_scalar_F2R_Q3M_C5F_P2,97845800
V1_scalar_F2R_Q3M_C5F_P2,100726400
V1_scalar_F2R_Q3M_C5F_P2,96922600
V1_scalar_F2R_Q3M_C5F_P2,98979100
V1_scalar_F2R_Q3M_C5F_P2,97285200
V1_scalar_F2R_Q3M_C5F_P2,102215900
V1_scalar_F2R_Q3M_C5F_P2,100600600
V1_scalar_F2R_Q3M_C5M_P2,105527300
V1_scalar_F2R_Q3M_C5M_P2,105345200
V1_scalar_F2R_Q3M_C5M_P2,108295300
V1_scalar_F2R_Q3M_C5M_P2,107290100
V1_scalar_F2R_Q3M_C5M_P2,105342300
V1_scalar_F2R_Q3M_C5M_P2,106403400
V1_scalar_F2R_Q3M_C5M_P2,107970400
V1_scalar_F2R_Q3M_C5M_P2,110984800
V1_scalar_F2R_Q3M_C5M_P2,105283400
V1_scalar_F2R_Q3M_C5M_P2,106313200
V1_scalar_F2R_Q3M_C5M_P2,107258300
V1_scalar_F2R_Q3M_C5M_P2,111851600
V1_scalar_F2R_Q3M_C5M_P2,106645200
V1_scalar_F2R_Q3M_C5M_P2,107888700
V1_scalar_F2R_Q3M_C5M_P2,104196100
V1_scalar_F2R_Q3M_C5M_P2,105782500
V1_scalar_F2R_Q3M_C5M_P2,106756300
V1_scalar_F2R_Q3M_C5M_P2,106794200
V1_scalar_F2R_Q3M_C5M_P2,105405100
V1_scalar_F2R_Q4F_C1R_P2,115045200
V1_scalar_F2R_Q4F_C1R_P2,117449900
V1_scalar_F2R_Q4F_C1R_P2,114229400
V1_scalar_F2R_Q4F_C1R_P2,115038500
V1_scalar_F2R_Q4F_C1R_P2,116460400
V1_scalar_F2R_Q4F_C1R_P2,114127000
V1_scalar_F2R_Q4F_C1R_P2,115998100
V1_scalar_F2R_Q4F_C1R_P2,116388300
V1_scalar_F2R_Q4F_C1R_P2,115385500
V1_scalar_F2R_Q4F_C1R_P2,116928900
V1_scalar_F2R_Q4F_C1R_P2,114548600
V1_scalar_F2R_Q4F_C1R_P2,114250900
V1_scalar_F2R_Q4F_C1R_P2,118161100
V1_scalar_F2R_Q4F_C1R_P2,117086300
V1_scalar_F2R_Q4F_C1R_P2,115217500
V1_scalar_F2R_Q4F_C1R_P2,117144500
V1_scalar_F2R_Q4F_C1R_P2,118008300
V1_scalar_F2R_Q4F_C1R_P2,119664300
V1_scalar_F2R_Q4F_C1X_P2,91198200
V1_scalar_F2R_Q4F_C1X_P2,91272400
V1_scalar_F2R_Q4F_C1X_P2,92782500
V1_scalar_F2R_Q4F_C1X_P2,94925000
V1_scalar_F2R_Q4F_C1X_P2,91185400
V1_scalar_F2R_Q4F_C1X_P2,91537200
V1_scalar_F2R_Q4F_C1X_P2,90645800
V1_scalar_F2R_Q4F_C1X_P2,92021600
V1_scalar_F2R_Q4F_C1X_P2,92323000
V1_scalar_F2R_Q4F_C1X_P2,91742800
V1_scalar_F2R_Q4F_C1X_P2,93002700
V1_scalar_F2R_Q4F_C1X_P2,90985700
V1_scalar_F2R_Q4F_C1X_P2,97974600
V1_scalar_F2R_Q4F_C1X_P2,95262500
V1_scalar_F2R_Q4F_C1X_P2,91614400
V1_scalar_F2R_Q4F_C1X_P2,92190000
V1_scalar_F2R_Q4F_C1X_P2,92893800
V1_scalar_F2R_Q4F_C1X_P2,91727600
V1_scalar_F2R_Q4F_C1X_P2,91436600
V1_scalar_F2R_Q4F_C1X_P2,91069400
V1_scalar_F2R_Q4F_C1X_P2,90498300
V1_scalar_F2R_Q4F_C1X_P2,90806000
V1_scalar_F2R_Q4F_C2R_P2,108082800
V1_scalar_F2R_Q4F_C2R_P2,105394300
V1_scalar_F2R_Q4F_C2R_P2,106209800
V1_scalar_F2R_Q4F_C2R_P2,112554600
V1_scalar_F2R_Q4F_C2R_P2,106771100
V1_scalar_F2R_Q4F_C2R_P2,108015000
V1_scalar_F2R_Q4F_C2R_P2,107174300
V1_scalar_F2R_Q4F_C2R_P2,106646500
V1_scalar_F2R_Q4F_C2R_P2,106247000
V1_scalar_F2R_Q4F_C2R_P2,107888700
V1_scalar_F2R_Q4F_C2R_P2,105660400
V1_scalar_F2R_Q4F_C2R_P2,105284900
V1_scalar_F2R_Q4F_C2R_P2,106018400
V1_scalar_F2R_Q4F_C2R_P2,109378600
V1_scalar_F2R_Q4F_C2R_P2,106299100
V1_scalar_F2R_Q4F_C2R_P2,107466500
V1_scalar_F2R_Q4F_C2R_P2,105040100
V1_scalar_F2R_Q4F_C2R_P2,107296600
V1_scalar_F2R_Q4F_C2R_P2,106599200
V1_scalar_F2R_Q4F_C2X_P2,87608200
V1_scalar_F2R_Q4F_C2X_P2,87711300
V1_scalar_F2R_Q4F_C2X_P2,88146800
V1_scalar_F2R_Q4F_C2X_P2,88737500
V1_scalar_F2R_Q4F_C2X_P2,88697300
V1_scalar_F2R_Q4F_C2X_P2,90316900
V1_scalar_F2R_Q4F_C2X_P2,87308500
V1_scalar_F2R_Q4F_C2X_P2,88650200
V1_scalar_F2R_Q4F_C2X_P2,87472500
V1_scalar_F2R_Q4F_C2X_P2,86811900
V1_scalar_F2R_Q4F_C2X_P2,91401000
V1_scalar_F2R_Q4F_C2X_P2,89989900
V1_scalar_F2R_Q4F_C2X_P2,92056900
V1_scalar_F2R_Q4F_C2X_P2,89298200
V1_scalar_F2R_Q4F_C2X_P2,88336700
V1_scalar_F2R_Q4F_C2X_P2,93108800
V1_scalar_F2R_Q4F_C2X_P2,88231400
V1_scalar_F2R_Q4F_C2X_P2,87984700
V1_scalar_F2R_Q4F_C2X_P2,92000000
V1_scalar_F2R_Q4F_C2X_P2,87279300
V1_scalar_F2R_Q4F_C2X_P2,88463200
V1_scalar_F2R_Q4F_C2X_P2,90400000
V1_scalar_F2R_Q4F_C3_P2,82942500
V1_scalar_F2R_Q4F_C3_P2,82500700
V1_scalar_F2R_Q4F_C3_P2,84673100
V1_scalar_F2R_Q4F_C3_P2,84192900
V1_scalar_F2R_Q4F_C3_P2,84725400
V1_scalar_F2R_Q4F_C3_P2,82979200
V1_scalar_F2R_Q4F_C3_P2,81527000
V1_scalar_F2R_Q4F_C3_P2,84784900
V1_scalar_F2R_Q4F_C3_P2,82826400
V1_scalar_F2R_Q4F_C3_P2,84858900
V1_scalar_F2R_Q4F_C3_P2,82234600
V1_scalar_F2R_Q4F_C3_P2,84547700
V1_scalar_F2R_Q4F_C3_P2,81812300
V1_scalar_F2R_Q4F_C3_P2,82356700
V1_scalar_F2R_Q4F_C3_P2,82826800
V1_scalar_F2R_Q4F_C3_P2,84334100
V1_scalar_F2R_Q4F_C3_P2,84861100
V1_scalar_F2R_Q4F_C3_P2,82539600
V1_scalar_F2R_Q4F_C3_P2,82023600
V1_scalar_F2R_Q4F_C3_P2,83289400
V1_scalar_F2R_Q4F_C3_P2,82723600
V1_scalar_F2R_Q4F_C3_P2,81649600
V1_scalar_F2R_Q4F_C3_P2,84393700
V1_scalar_F2R_Q4F_C4F_P2,84246500
V1_scalar_F2R_Q4F_C4F_P2,85018600
V1_scalar_F2R_Q4F_C4F_P2,83933000
V1_scalar_F2R_Q4F_C4F_P2,86538100
V1_scalar_F2R_Q4F_C4F_P2,82338600
V1_scalar_F2R_Q4F_C4F_P2,83286300
V1_scalar_F2R_Q4F_C4F_P2,82833400
V1_scalar_F2R_Q4F_C4F_P2,82927900
V1_scalar_F2R_Q4F_C4F_P2,82495800
V1_scalar_F2R_Q4F_C4F_P2,83048300
V1_scalar_F2R_Q4F_C4F_P2,82927700
V1_scalar_F2R_Q4F_C4F_P2,83834400
V1_scalar_F2R_Q4F_C4F_P2,82844700
V1_scalar_F2R_Q4F_C4F_P2,83168300
V1_scalar_F2R_Q4F_C4F_P2,83607000
V1_scalar_F2R_Q4F_C4F_P2,83072600
V1_scalar_F2R_Q4F_C4F_P2,86230000
V1_scalar_F2R_Q4F_C4F_P2,85217800
V1_scalar_F2R_Q4F_C4F_P2,83211200
V1_scalar_F2R_Q4F_C4F_P2,83204000
V1_scalar_F2R_Q4F_C4F_P2,82713900
V1_scalar_F2R_Q4F_C4F_P2,85445500
V1_scalar_F2R_Q4F_C4F_P2,83757300
V1_scalar_F2R_Q4F_C4M_P2,83378500
V1_scalar_F2R_Q4F_C4M_P2,84491400
V1_scalar_F2R_Q4F_C4M_P2,83592500
V1_scalar_F2R_Q4F_C4M_P2,83040600
V1_scalar_F2R_Q4F_C4M_P2,83680800
V1_scalar_F2R_Q4F_C4M_P2,83711700
V1_scalar_F2R_Q4F_C4M_P2,86705100
V1_scalar_F2R_Q4F_C4M_P2,83257600
V1_scalar_F2R_Q4F_C4M_P2,83816000
V1_scalar_F2R_Q4F_C4M_P2,85246200
V1_scalar_F2R_Q4F_C4M_P2,85920600
V1_scalar_F2R_Q4F_C4M_P2,86887000
V1_scalar_F2R_Q4F_C4M_P2,84334900
V1_scalar_F2R_Q4F_C4M_P2,85328500
V1_scalar_F2R_Q4F_C4M_P2,86852300
V1_scalar_F2R_Q4F_C4M_P2,84000500
V1_scalar_F2R_Q4F_C4M_P2,84289800
V1_scalar_F2R_Q4F_C4M_P2,84212300
V1_scalar_F2R_Q4F_C4M_P2,85843000
V1_scalar_F2R_Q4F_C4M_P2,83305100
V1_scalar_F2R_Q4F_C4M_P2,83461200
V1_scalar_F2R_Q4F_C4M_P2,84052100
V1_scalar_F2R_Q4F_C4M_P2,84148100
V1_scalar_F2R_Q4F_C5F_P2,85941700
V1_scalar_F2R_Q4F_C5F_P2,89187100
V1_scalar_F2R_Q4F_C5F_P2,86933700
V1_scalar_F2R_Q4F_C5F_P2,87457600
V1_scalar_F2R_Q4F_C5F_P2,88971100
V1_scalar_F2R_Q4F_C5F_P2,89112500
V1_scalar_F2R_Q4F_C5F_P2,88487000
V1_scalar_F2R_Q4F_C5F_P2,86618500
V1_scalar_F2R_Q4F_C5F_P2,85617000
V1_scalar_F2R_Q4F_C5F_P2,86187100
V1_scalar_F2R_Q4F_C5F_P2,87951100
V1_scalar_F2R_Q4F_C5F_P2,90066400
V1_scalar_F2R_Q4F_C5F_P2,86417400
V1_scalar_F2R_Q4F_C5F_P2,86114200
V1_scalar_F2R_Q4F_C5F_P2,85633600
V1_scalar_F2R_Q4F_C5F_P2,86018000
V1_scalar_F2R_Q4F_C5F_P2,85577900
V1_scalar_F2R_Q4F_C5F_P2,86180200
V1_scalar_F2R_Q4F_C5F_P2,87219600
V1_scalar_F2R_Q4F_C5F_P2,86613000
V1_scalar_F2R_Q4F_C5F_P2,87594300
V1_scalar_F2R_Q4F_C5F_P2,87793900
V1_scalar_F2R_Q4F_C5M_P2,93532800
V1_scalar_F2R_Q4F_C5M_P2,96546100
V1_scalar_F2R_Q4F_C5M_P2,93697500
V1_scalar_F2R_Q4F_C5M_P2,94446200
V1_scalar_F2R_Q4F_C5M_P2,97683700
V1_scalar_F2R_Q4F_C5M_P2,96081400
V1_scalar_F2R_Q4F_C5M_P2,97283800
V1_scalar_F2R_Q4F_C5M_P2,95915300
V1_scalar_F2R_Q4F_C5M_P2,92828200
V1_scalar_F2R_Q4F_C5M_P2,95738700
V1_scalar_F2R_Q4F_C5M_P2,94331100
V1_scalar_F2R_Q4F_C5M_P2,96250400
V1_scalar_F2R_Q4F_C5M_P2,93877500
V1_scalar_F2R_Q4F_C5M_P2,94162000
V1_scalar_F2R_Q4F_C5M_P2,94475800
V1_scalar_F2R_Q4F_C5M_P2,92953500
V1_scalar_F2R_Q4F_C5M_P2,95837400
V1_scalar_F2R_Q4F_C5M_P2,93957900
V1_scalar_F2R_Q4F_C5M_P2,94222700
V1_scalar_F2R_Q4F_C5M_P2,95627100
V1_scalar_F2R_Q4F_C5M_P2,94839200
V1_scalar_F2R_Q4M_C1R_P2,116390100
V1_scalar_F2R_Q4M_C1R_P2,115922700
V1_scalar_F2R_Q4M_C1R_P2,117693500
V1_scalar_F2R_Q4M_C1R_P2,118895300
V1_scalar_F2R_Q4M_C1R_P2,115855800
V1_scalar_F2R_Q4M_C1R_P2,114714800
V1_scalar_F2R_Q4M_C1R_P2,115494100
V1_scalar_F2R_Q4M_C1R_P2,115933000
V1_scalar_F2R_Q4M_C1R_P2,117392000
V1_scalar_F2R_Q4M_C1R_P2,115867300
V1_scalar_F2R_Q4M_C1R_P2,117040900
V1_scalar_F2R_Q4M_C1R_P2,119195700
V1_scalar_F2R_Q4M_C1R_P2,115414100
V1_scalar_F2R_Q4M_C1R_P2,114273200
V1_scalar_F2R_Q4M_C1R_P2,117862900
V1_scalar_F2R_Q4M_C1R_P2,117570000
V1_scalar_F2R_Q4M_C1R_P2,114665500
V1_scalar_F2R_Q4M_C1R_P2,118087100
V1_scalar_F2R_Q4M_C1X_P2,95938400
V1_scalar_F2R_Q4M_C1X_P2,95925200
V1_scalar_F2R_Q4M_C1X_P2,95595700
V1_scalar_F2R_Q4M_C1X_P2,94020600
V1_scalar_F2R_Q4M_C1X_P2,92660000
V1_scalar_F2R_Q4M_C1X_P2,95663900
V1_scalar_F2R_Q4M_C1X_P2,95045700
V1_scalar_F2R_Q4M_C1X_P2,94340000
V1_scalar_F2R_Q4M_C1X_P2,92903600
V1_scalar_F2R_Q4M_C1X_P2,93138400
V1_scalar_F2R_Q4M_C1X_P2,93380000
V1_scalar_F2R_Q4M_C1X_P2,94128300
V1_scalar_F2R_Q4M_C1X_P2,93161200
V1_scalar_F2R_Q4M_C1X_P2,94292400
V1_scalar_F2R_Q4M_C1X_P2,92795400
V1_scalar_F2R_Q4M_C1X_P2,93586000
V1_scalar_F2R_Q4M_C1X_P2,92363100
V1_scalar_F2R_Q4M_C1X_P2,93495200
V1_scalar_F2R_Q4M_C1X_P2,92912600
V1_scalar_F2R_Q4M_C1X_P2,95393800
V1_scalar_F2R_Q4M_C1X_P2,93521100
V1_scalar_F2R_Q4M_C2R_P2,107908400
V1_scalar_F2R_Q4M_C2R_P2,107094200
V1_scalar_F2R_Q4M_C2R_P2,109881000
V1_scalar_F2R_Q4M_C2R_P2,107923200
V1_scalar_F2R_Q4M_C2R_P2,110146900
V1_scalar_F2R_Q4M_C2R_P2,107648300
V1_scalar_F2R_Q4M_C2R_P2,108696800
V1_scalar_F2R_Q4M_C2R_P2,109729900
V1_scalar_F2R_Q4M_C2R_P2,107818500
V1_scalar_F2R_Q4M_C2R_P2,108092600
V1_scalar_F2R_Q4M_C2R_P2,110548200
V1_scalar_F2R_Q4M_C2R_P2,107572800
V1_scalar_F2R_Q4M_C2R_P2,108969000
V1_scalar_F2R_Q4M_C2R_P2,110905000
V1_scalar_F2R_Q4M_C2R_P2,111583600
V1_scalar_F2R_Q4M_C2R_P2,108436600
V1_scalar_F2R_Q4M_C2R_P2,107742000
V1_scalar_F2R_Q4M_C2R_P2,112371000
V1_scalar_F2R_Q4M_C2R_P2,109563300
V1_scalar_F2R_Q4M_C2X_P2,90285100
V1_scalar_F2R_Q4M_C2X_P2,90296600
V1_scalar_F2R_Q4M_C2X_P2,92919600
V1_scalar_F2R_Q4M_C2X_P2,90119600
V1_scalar_F2R_Q4M_C2X_P2,89343800
V1_scalar_F2R_Q4M_C2X_P2,89930500
V1_scalar_F2R_Q4M_C2X_P2,91493300
V1_scalar_F2R_Q4M_C2X_P2,90207200
V1_scalar_F2R_Q4M_C2X_P2,90976800
V1_scalar_F2R_Q4M_C2X_P2,89794900
V1_scalar_F2R_Q4M_C2X_P2,90000000
V1_scalar_F2R_Q4M_C2X_P2,94487900
V1_scalar_F2R_Q4M_C2X_P2,92125400
V1_scalar_F2R_Q4M_C2X_P2,92167700
V1_scalar_F2R_Q4M_C2X_P2,90171400
V1_scalar_F2R_Q4M_C2X_P2,92622300
V1_scalar_F2R_Q4M_C2X_P2,90850600
V1_scalar_F2R_Q4M_C2X_P2,90181600
V1_scalar_F2R_Q4M_C2X_P2,92440900
V1_scalar_F2R_Q4M_C2X_P2,90546400
V1_scalar_F2R_Q4M_C2X_P2,91318800
V1_scalar_F2R_Q4M_C3_P2,88087300
V1_scalar_F2R_Q4M_C3_P2,85504600
V1_scalar_F2R_Q4M_C3_P2,86513300
V1_scalar_F2R_Q4M_C3_P2,85691400
V1_scalar_F2R_Q4M_C3_P2,85551800
V1_scalar_F2R_Q4M_C3_P2,89737000
V1_scalar_F2R_Q4M_C3_P2,88463800
V1_scalar_F2R_Q4M_C3_P2,88294800
V1_scalar_F2R_Q4M_C3_P2,84650200
V1_scalar_F2R_Q4M_C3_P2,86877500
V1_scalar_F2R_Q4M_C3_P2,85730000
V1_scalar_F2R_Q4M_C3_P2,84764500
V1_scalar_F2R_Q4M_C3_P2,86980700
V1_scalar_F2R_Q4M_C3_P2,87519300
V1_scalar_F2R_Q4M_C3_P2,85500900
V1_scalar_F2R_Q4M_C3_P2,85000600
V1_scalar_F2R_Q4M_C3_P2,87050100
V1_scalar_F2R_Q4M_C3_P2,86052600
V1_scalar_F2R_Q4M_C3_P2,87395300
V1_scalar_F2R_Q4M_C3_P2,85581400
V1_scalar_F2R_Q4M_C3_P2,86031300
V1_scalar_F2R_Q4M_C3_P2,84941200
V1_scalar_F2R_Q4M_C3_P2,87314400
V1_scalar_F2R_Q4M_C4F_P2,85774700
V1_scalar_F2R_Q4M_C4F_P2,85030500
V1_scalar_F2R_Q4M_C4F_P2,85176200
V1_scalar_F2R_Q4M_C4F_P2,85137500
V1_scalar_F2R_Q4M_C4F_P2,89761300
V1_scalar_F2R_Q4M_C4F_P2,86214000
V1_scalar_F2R_Q4M_C4F_P2,85860900
V1_scalar_F2R_Q4M_C4F_P2,86552600
V1_scalar_F2R_Q4M_C4F_P2,84973000
V1_scalar_F2R_Q4M_C4F_P2,85199600
V1_scalar_F2R_Q4M_C4F_P2,85204400
V1_scalar_F2R_Q4M_C4F_P2,87607000
V1_scalar_F2R_Q4M_C4F_P2,85314200
V1_scalar_F2R_Q4M_C4F_P2,85319100
V1_scalar_F2R_Q4M_C4F_P2,85268500
V1_scalar_F2R_Q4M_C4F_P2,85270300
V1_scalar_F2R_Q4M_C4F_P2,87488800
V1_scalar_F2R_Q4M_C4F_P2,84732400
V1_scalar_F2R_Q4M_C4F_P2,86583100
V1_scalar_F2R_Q4M_C4F_P2,85077700
V1_scalar_F2R_Q4M_C4F_P2,84480100
V1_scalar_F2R_Q4M_C4F_P2,85948800
V1_scalar_F2R_Q4M_C4F_P2,85330500
V1_scalar_F2R_Q4M_C4M_P2,86717500
V1_scalar_F2R_Q4M_C4M_P2,87680100
V1_scalar_F2R_Q4M_C4M_P2,86758800
V1_scalar_F2R_Q4M_C4M_P2,88922200
V1_scalar_F2R_Q4M_C4M_P2,86669800
V1_scalar_F2R_Q4M_C4M_P2,85596700
V1_scalar_F2R_Q4M_C4M_P2,85784900
V1_scalar_F2R_Q4M_C4M_P2,86153600
V1_scalar_F2R_Q4M_C4M_P2,89457900
V1_scalar_F2R_Q4M_C4M_P2,85811200
V1_scalar_F2R_Q4M_C4M_P2,87880100
V1_scalar_F2R_Q4M_C4M_P2,87302100
V1_scalar_F2R_Q4M_C4M_P2,87458000
V1_scalar_F2R_Q4M_C4M_P2,88060800
V1_scalar_F2R_Q4M_C4M_P2,85373000
V1_scalar_F2R_Q4M_C4M_P2,85751100
V1_scalar_F2R_Q4M_C4M_P2,85867100
V1_scalar_F2R_Q4M_C4M_P2,85832100
V1_scalar_F2R_Q4M_C4M_P2,86712500
V1_scalar_F2R_Q4M_C4M_P2,87203900
V1_scalar_F2R_Q4M_C4M_P2,86675800
V1_scalar_F2R_Q4M_C4M_P2,88232000
V1_scalar_F2R_Q4M_C5F_P2,87119600
V1_scalar_F2R_Q4M_C5F_P2,87062500
V1_scalar_F2R_Q4M_C5F_P2,91098100
V1_scalar_F2R_Q4M_C5F_P2,87674600
V1_scalar_F2R_Q4M_C5F_P2,87459400
V1_scalar_F2R_Q4M_C5F_P2,89899600
V1_scalar_F2R_Q4M_C5F_P2,88729500
V1_scalar_F2R_Q4M_C5F_P2,87684800
V1_scalar_F2R_Q4M_C5F_P2,86846100
V1_scalar_F2R_Q4M_C5F_P2,89006000
V1_scalar_F2R_Q4M_C5F_P2,86722500
V1_scalar_F2R_Q4M_C5F_P2,89847700
V1_scalar_F2R_Q4M_C5F_P2,88419000
V1_scalar_F2R_Q4M_C5F_P2,88824200
V1_scalar_F2R_Q4M_C5F_P2,87714900
V1_scalar_F2R_Q4M_C5F_P2,87360900
V1_scalar_F2R_Q4M_C5F_P2,89572400
V1_scalar_F2R_Q4M_C5F_P2,86922200
V1_scalar_F2R_Q4M_C5F_P2,87399000
V1_scalar_F2R_Q4M_C5F_P2,91099400
V1_scalar_F2R_Q4M_C5F_P2,87201900
V1_scalar_F2R_Q4M_C5F_P2,92410000
V1_scalar_F2R_Q4M_C5M_P2,95244700
V1_scalar_F2R_Q4M_C5M_P2,96179200
V1_scalar_F2R_Q4M_C5M_P2,94979200
V1_scalar_F2R_Q4M_C5M_P2,97719400
V1_scalar_F2R_Q4M_C5M_P2,95499800
V1_scalar_F2R_Q4M_C5M_P2,94383900
V1_scalar_F2R_Q4M_C5M_P2,94656600
V1_scalar_F2R_Q4M_C5M_P2,94337900
V1_scalar_F2R_Q4M_C5M_P2,94215100
V1_scalar_F2R_Q4M_C5M_P2,95637700
V1_scalar_F2R_Q4M_C5M_P2,94196100
V1_scalar_F2R_Q4M_C5M_P2,97772200
V1_scalar_F2R_Q4M_C5M_P2,97098700
V1_scalar_F2R_Q4M_C5M_P2,96776100
V1_scalar_F2R_Q4M_C5M_P2,94616000
V1_scalar_F2R_Q4M_C5M_P2,94904000
V1_scalar_F2R_Q4M_C5M_P2,99229200
V1_scalar_F2R_Q4M_C5M_P2,96395800
V1_scalar_F2R_Q4M_C5M_P2,95401600
V1_scalar_F2R_Q4M_C5M_P2,94117100
V1_scalar_F2R_Q4M_C5M_P2,98011400
V1_scalar_F2X_Q1_C1R_P2,68224000
V1_scalar_F2X_Q1_C1R_P2,69043900
V1_scalar_F2X_Q1_C1R_P2,69283100
V1_scalar_F2X_Q1_C1R_P2,68875600
V1_scalar_F2X_Q1_C1R_P2,68484100
V1_scalar_F2X_Q1_C1R_P2,68511400
V1_scalar_F2X_Q1_C1R_P2,68260500
V1_scalar_F2X_Q1_C1R_P2,68702300
V1_scalar_F2X_Q1_C1R_P2,67928100
V1_scalar_F2X_Q1_C1R_P2,68466500
V1_scalar_F2X_Q1_C1R_P2,67806900
V1_scalar_F2X_Q1_C1R_P2,70029900
V1_scalar_F2X_Q1_C1R_P2,70259500
V1_scalar_F2X_Q1_C1R_P2,68163000
V1_scalar_F2X_Q1_C1R_P2,67985200
V1_scalar_F2X_Q1_C1R_P2,71435300
V1_scalar_F2X_Q1_C1R_P2,68523700
V1_scalar_F2X_Q1_C1R_P2,67684400
V1_scalar_F2X_Q1_C1R_P2,68747300
V1_scalar_F2X_Q1_C1R_P2,67746000
V1_scalar_F2X_Q1_C1R_P2,68114200
V1_scalar_F2X_Q1_C1R_P2,68778000
V1_scalar_F2X_Q1_C1R_P2,68375300
V1_scalar_F2X_Q1_C1R_P2,68109600
V1_scalar_F2X_Q1_C1R_P2,67644500
V1_scalar_F2X_Q1_C1R_P2,68341900
V1_scalar_F2X_Q1_C1R_P2,70602800
V1_scalar_F2X_Q1_C1R_P2,67754100
V1_scalar_F2X_Q1_C1R_P2,67981200
V1_scalar_F2X_Q1_C1R_P2,68866600
V1_scalar_F2X_Q1_C1X_P2,49535400
V1_scalar_F2X_Q1_C1X_P2,50473700
V1_scalar_F2X_Q1_C1X_P2,50705900
V1_scalar_F2X_Q1_C1X_P2,49749700
V1_scalar_F2X_Q1_C1X_P2,49227200
V1_scalar_F2X_Q1_C1X_P2,49329700
V1_scalar_F2X_Q1_C1X_P2,49255100
V1_scalar_F2X_Q1_C1X_P2,49315000
V1_scalar_F2X_Q1_C1X_P2,48984700
V1_scalar_F2X_Q1_C1X_P2,49097000
V1_scalar_F2X_Q1_C1X_P2,48907900
V1_scalar_F2X_Q1_C1X_P2,48853100
V1_scalar_F2X_Q1_C1X_P2,51726400
V1_scalar_F2X_Q1_C1X_P2,48951000
V1_scalar_F2X_Q1_C1X_P2,49691100
V1_scalar_F2X_Q1_C1X_P2,49359800
V1_scalar_F2X_Q1_C1X_P2,49706200
V1_scalar_F2X_Q1_C1X_P2,50140900
V1_scalar_F2X_Q1_C1X_P2,51843500
V1_scalar_F2X_Q1_C1X_P2,50812600
V1_scalar_F2X_Q1_C1X_P2,49759500
V1_scalar_F2X_Q1_C1X_P2,50677300
V1_scalar_F2X_Q1_C1X_P2,49070300
V1_scalar_F2X_Q1_C1X_P2,49321300
V1_scalar_F2X_Q1_C1X_P2,48977600
V1_scalar_F2X_Q1_C1X_P2,49006200
V1_scalar_F2X_Q1_C1X_P2,48773900
V1_scalar_F2X_Q1_C1X_P2,49894700
V1_scalar_F2X_Q1_C1X_P2,49527300
V1_scalar_F2X_Q1_C1X_P2,48941100
V1_scalar_F2X_Q1_C1X_P2,48900000
V1_scalar_F2X_Q1_C1X_P2,49102000
V1_scalar_F2X_Q1_C1X_P2,51234700
V1_scalar_F2X_Q1_C1X_P2,48692000
V1_scalar_F2X_Q1_C1X_P2,49121800
V1_scalar_F2X_Q1_C1X_P2,52218200
V1_scalar_F2X_Q1_C1X_P2,48805600
V1_scalar_F2X_Q1_C1X_P2,51429400
V1_scalar_F2X_Q1_C1X_P2,49474800
V1_scalar_F2X_Q1_C1X_P2,49452200
V1_scalar_F2X_Q1_C2R_P2,61058300
V1_scalar_F2X_Q1_C2R_P2,60465400
V1_scalar_F2X_Q1_C2R_P2,61215900
V1_scalar_F2X_Q1_C2R_P2,62697700
V1_scalar_F2X_Q1_C2R_P2,62751600
V1_scalar_F2X_Q1_C2R_P2,60256200
V1_scalar_F2X_Q1_C2R_P2,60955500
V1_scalar_F2X_Q1_C2R_P2,61691900
V1_scalar_F2X_Q1_C2R_P2,61057200
V1_scalar_F2X_Q1_C2R_P2,62836300
V1_scalar_F2X_Q1_C2R_P2,60745700
V1_scalar_F2X_Q1_C2R_P2,59831800
V1_scalar_F2X_Q1_C2R_P2,59855400
V1_scalar_F2X_Q1_C2R_P2,61636700
V1_scalar_F2X_Q1_C2R_P2,64117400
V1_scalar_F2X_Q1_C2R_P2,62745600
V1_scalar_F2X_Q1_C2R_P2,63647900
V1_scalar_F2X_Q1_C2R_P2,61551900
V1_scalar_F2X_Q1_C2R_P2,60915500
V1_scalar_F2X_Q1_C2R_P2,61987100
V1_scalar_F2X_Q1_C2R_P2,60154300
V1_scalar_F2X_Q1_C2R_P2,63331500
V1_scalar_F2X_Q1_C2R_P2,60716700
V1_scalar_F2X_Q1_C2R_P2,60086300
V1_scalar_F2X_Q1_C2R_P2,60513500
V1_scalar_F2X_Q1_C2R_P2,59969000
V1_scalar_F2X_Q1_C2R_P2,59833400
V1_scalar_F2X_Q1_C2R_P2,63303300
V1_scalar_F2X_Q1_C2R_P2,63441700
V1_scalar_F2X_Q1_C2R_P2,62472700
V1_scalar_F2X_Q1_C2R_P2,60325500
V1_scalar_F2X_Q1_C2X_P2,45192000
V1_scalar_F2X_Q1_C2X_P2,44867600
V1_scalar_F2X_Q1_C2X_P2,44864800
V1_scalar_F2X_Q1_C2X_P2,45758800
V1_scalar_F2X_Q1_C2X_P2,44979200
V1_scalar_F2X_Q1_C2X_P2,44655000
V1_scalar_F2X_Q1_C2X_P2,45313600
V1_scalar_F2X_Q1_C2X_P2,45723700
V1_scalar_F2X_Q1_C2X_P2,44701700
V1_scalar_F2X_Q1_C2X_P2,44365300
V1_scalar_F2X_Q1_C2X_P2,44385200
V1_scalar_F2X_Q1_C2X_P2,47582500
V1_scalar_F2X_Q1_C2X_P2,45099900
V1_scalar_F2X_Q1_C2X_P2,45780100
V1_scalar_F2X_Q1_C2X_P2,45587600
V1_scalar_F2X_Q1_C2X_P2,45698500
V1_scalar_F2X_Q1_C2X_P2,46439200
V1_scalar_F2X_Q1_C2X_P2,45588900
V1_scalar_F2X_Q1_C2X_P2,44839400
V1_scalar_F2X_Q1_C2X_P2,44960400
V1_scalar_F2X_Q1_C2X_P2,44532300
V1_scalar_F2X_Q1_C2X_P2,44634200
V1_scalar_F2X_Q1_C2X_P2,44528800
V1_scalar_F2X_Q1_C2X_P2,45882200
V1_scalar_F2X_Q1_C2X_P2,44200700
V1_scalar_F2X_Q1_C2X_P2,45311400
V1_scalar_F2X_Q1_C2X_P2,44637700
V1_scalar_F2X_Q1_C2X_P2,44537900
V1_scalar_F2X_Q1_C2X_P2,45502200
V1_scalar_F2X_Q1_C2X_P2,44901900
V1_scalar_F2X_Q1_C2X_P2,44694600
V1_scalar_F2X_Q1_C2X_P2,45244200
V1_scalar_F2X_Q1_C2X_P2,45240000
V1_scalar_F2X_Q1_C2X_P2,44492300
V1_scalar_F2X_Q1_C2X_P2,44921000
V1_scalar_F2X_Q1_C2X_P2,44665800
V1_scalar_F2X_Q1_C2X_P2,48011400
V1_scalar_F2X_Q1_C2X_P2,44794000
V1_scalar_F2X_Q1_C2X_P2,44345200
V1_scalar_F2X_Q1_C2X_P2,44895200
V1_scalar_F2X_Q1_C2X_P2,46625200
V1_scalar_F2X_Q1_C2X_P2,45641200
V1_scalar_F2X_Q1_C3_P2,40908900
V1_scalar_F2X_Q1_C3_P2,42824600
V1_scalar_F2X_Q1_C3_P2,41766300
V1_scalar_F2X_Q1_C3_P2,41080300
V1_scalar_F2X_Q1_C3_P2,40873700
V1_scalar_F2X_Q1_C3_P2,40898400
V1_scalar_F2X_Q1_C3_P2,41556800
V1_scalar_F2X_Q1_C3_P2,40442500
V1_scalar_F2X_Q1_C3_P2,40231000
V1_scalar_F2X_Q1_C3_P2,41426300
V1_scalar_F2X_Q1_C3_P2,40330900
V1_scalar_F2X_Q1_C3_P2,40641400
V1_scalar_F2X_Q1_C3_P2,40390100
V1_scalar_F2X_Q1_C3_P2,42555500
V1_scalar_F2X_Q1_C3_P2,40532600
V1_scalar_F2X_Q1_C3_P2,41275500
V1_scalar_F2X_Q1_C3_P2,42748700
V1_scalar_F2X_Q1_C3_P2,41781300
V1_scalar_F2X_Q1_C3_P2,43015300
V1_scalar_F2X_Q1_C3_P2,42463900
V1_scalar_F2X_Q1_C3_P2,40657300
V1_scalar_F2X_Q1_C3_P2,41504100
V1_scalar_F2X_Q1_C3_P2,40806900
V1_scalar_F2X_Q1_C3_P2,41369700
V1_scalar_F2X_Q1_C3_P2,43263300
V1_scalar_F2X_Q1_C3_P2,40686400
V1_scalar_F2X_Q1_C3_P2,41315500
V1_scalar_F2X_Q1_C3_P2,42457500
V1_scalar_F2X_Q1_C3_P2,40657600
V1_scalar_F2X_Q1_C3_P2,41057000
V1_scalar_F2X_Q1_C3_P2,40903400
V1_scalar_F2X_Q1_C3_P2,42562000
V1_scalar_F2X_Q1_C3_P2,40901700
V1_scalar_F2X_Q1_C3_P2,42212900
V1_scalar_F2X_Q1_C3_P2,40858600
V1_scalar_F2X_Q1_C3_P2,42328000
V1_scalar_F2X_Q1_C3_P2,41140300
V1_scalar_F2X_Q1_C3_P2,40553200
V1_scalar_F2X_Q1_C3_P2,41074900
V1_scalar_F2X_Q1_C3_P2,43075700
V1_scalar_F2X_Q1_C3_P2,40566300
V1_scalar_F2X_Q1_C3_P2,40872000
V1_scalar_F2X_Q1_C3_P2,40785400
V1_scalar_F2X_Q1_C3_P2,41017800
V1_scalar_F2X_Q1_C3_P2,40584500
V1_scalar_F2X_Q1_C4F_P2,40511600
V1_scalar_F2X_Q1_C4F_P2,42140400
V1_scalar_F2X_Q1_C4F_P2,40618000
V1_scalar_F2X_Q1_C4F_P2,42169400
V1_scalar_F2X_Q1_C4F_P2,42701100
V1_scalar_F2X_Q1_C4F_P2,43685100
V1_scalar_F2X_Q1_C4F_P2,41302200
V1_scalar_F2X_Q1_C4F_P2,42806600
V1_scalar_F2X_Q1_C4F_P2,43651200
V1_scalar_F2X_Q1_C4F_P2,42197200
V1_scalar_F2X_Q1_C4F_P2,42019100
V1_scalar_F2X_Q1_C4F_P2,42617200
V1_scalar_F2X_Q1_C4F_P2,41390900
V1_scalar_F2X_Q1_C4F_P2,43628200
V1_scalar_F2X_Q1_C4F_P2,41941200
V1_scalar_F2X_Q1_C4F_P2,42089100
V1_scalar_F2X_Q1_C4F_P2,42338300
V1_scalar_F2X_Q1_C4F_P2,40500600
V1_scalar_F2X_Q1_C4F_P2,40403600
V1_scalar_F2X_Q1_C4F_P2,41369000
V1_scalar_F2X_Q1_C4F_P2,41444900
V1_scalar_F2X_Q1_C4F_P2,40398500
V1_scalar_F2X_Q1_C4F_P2,40501300
V1_scalar_F2X_Q1_C4F_P2,42176500
V1_scalar_F2X_Q1_C4F_P2,41462900
V1_scalar_F2X_Q1_C4F_P2,41386900
V1_scalar_F2X_Q1_C4F_P2,40804500
V1_scalar_F2X_Q1_C4F_P2,40782400
V1_scalar_F2X_Q1_C4F_P2,42189400
V1_scalar_F2X_Q1_C4F_P2,42657600
V1_scalar_F2X_Q1_C4F_P2,40879000
V1_scalar_F2X_Q1_C4F_P2,41205500
V1_scalar_F2X_Q1_C4F_P2,42213900
V1_scalar_F2X_Q1_C4F_P2,42848800
V1_scalar_F2X_Q1_C4F_P2,43244900
V1_scalar_F2X_Q1_C4F_P2,41187800
V1_scalar_F2X_Q1_C4F_P2,41295200
V1_scalar_F2X_Q1_C4F_P2,42267300
V1_scalar_F2X_Q1_C4F_P2,40940600
V1_scalar_F2X_Q1_C4F_P2,43609700
V1_scalar_F2X_Q1_C4F_P2,41346500
V1_scalar_F2X_Q1_C4F_P2,42108600
V1_scalar_F2X_Q1_C4F_P2,42902300
V1_scalar_F2X_Q1_C4F_P2,41400800
V1_scalar_F2X_Q1_C4M_P2,41365100
V1_scalar_F2X_Q1_C4M_P2,44613400
V1_scalar_F2X_Q1_C4M_P2,42962200
V1_scalar_F2X_Q1_C4M_P2,41759100
V1_scalar_F2X_Q1_C4M_P2,43089600
V1_scalar_F2X_Q1_C4M_P2,42275800
V1_scalar_F2X_Q1_C4M_P2,41745000
V1_scalar_F2X_Q1_C4M_P2,41636600
V1_scalar_F2X_Q1_C4M_P2,44086100
V1_scalar_F2X_Q1_C4M_P2,41606700
V1_scalar_F2X_Q1_C4M_P2,41292400
V1_scalar_F2X_Q1_C4M_P2,41175800
V1_scalar_F2X_Q1_C4M_P2,44891500
V1_scalar_F2X_Q1_C4M_P2,43671600
V1_scalar_F2X_Q1_C4M_P2,42329400
V1_scalar_F2X_Q1_C4M_P2,41089400
V1_scalar_F2X_Q1_C4M_P2,41844800
V1_scalar_F2X_Q1_C4M_P2,43303600
V1_scalar_F2X_Q1_C4M_P2,44054500
V1_scalar_F2X_Q1_C4M_P2,42441600
V1_scalar_F2X_Q1_C4M_P2,41439100
V1_scalar_F2X_Q1_C4M_P2,43360900
V1_scalar_F2X_Q1_C4M_P2,41439100
V1_scalar_F2X_Q1_C4M_P2,42169200
V1_scalar_F2X_Q1_C4M_P2,42333700
V1_scalar_F2X_Q1_C4M_P2,41460500
V1_scalar_F2X_Q1_C4M_P2,41560200
V1_scalar_F2X_Q1_C4M_P2,41315300
V1_scalar_F2X_Q1_C4M_P2,41935700
V1_scalar_F2X_Q1_C4M_P2,42616700
V1_scalar_F2X_Q1_C4M_P2,41326500
V1_scalar_F2X_Q1_C4M_P2,41347500
V1_scalar_F2X_Q1_C4M_P2,44160600
V1_scalar_F2X_Q1_C4M_P2,41370900
V1_scalar_F2X_Q1_C4M_P2,41667900
V1_scalar_F2X_Q1_C4M_P2,41446600
V1_scalar_F2X_Q1_C4M_P2,43697900
V1_scalar_F2X_Q1_C4M_P2,41545300
V1_scalar_F2X_Q1_C4M_P2,43657800
V1_scalar_F2X_Q1_C4M_P2,41269600
V1_scalar_F2X_Q1_C4M_P2,41666000
V1_scalar_F2X_Q1_C4M_P2,42772200
V1_scalar_F2X_Q1_C4M_P2,41664100
V1_scalar_F2X_Q1_C4M_P2,42747000
V1_scalar_F2X_Q1_C5F_P2,51043400
V1_scalar_F2X_Q1_C5F_P2,49920700
V1_scalar_F2X_Q1_C5F_P2,50262200
V1_scalar_F2X_Q1_C5F_P2,49090000
V1_scalar_F2X_Q1_C5F_P2,48705900
V1_scalar_F2X_Q1_C5F_P2,47320500
V1_scalar_F2X_Q1_C5F_P2,47707000
V1_scalar_F2X_Q1_C5F_P2,47447700
V1_scalar_F2X_Q1_C5F_P2,48627100
V1_scalar_F2X_Q1_C5F_P2,48728100
V1_scalar_F2X_Q1_C5F_P2,48330200
V1_scalar_F2X_Q1_C5F_P2,50838000
V1_scalar_F2X_Q1_C5F_P2,47525100
V1_scalar_F2X_Q1_C5F_P2,47128000
V1_scalar_F2X_Q1_C5F_P2,47267300
V1_scalar_F2X_Q1_C5F_P2,48795300
V1_scalar_F2X_Q1_C5F_P2,47800200
V1_scalar_F2X_Q1_C5F_P2,46982300
V1_scalar_F2X_Q1_C5F_P2,47599600
V1_scalar_F2X_Q1_C5F_P2,47493400
V1_scalar_F2X_Q1_C5F_P2,47301700
V1_scalar_F2X_Q1_C5F_P2,48082300
V1_scalar_F2X_Q1_C5F_P2,48139700
V1_scalar_F2X_Q1_C5F_P2,50313700
V1_scalar_F2X_Q1_C5F_P2,48028400
V1_scalar_F2X_Q1_C5F_P2,49709500
V1_scalar_F2X_Q1_C5F_P2,47200900
V1_scalar_F2X_Q1_C5F_P2,50190900
V1_scalar_F2X_Q1_C5F_P2,51444000
V1_scalar_F2X_Q1_C5F_P2,47999100
V1_scalar_F2X_Q1_C5F_P2,48869000
V1_scalar_F2X_Q1_C5F_P2,48202600
V1_scalar_F2X_Q1_C5F_P2,47590000
V1_scalar_F2X_Q1_C5F_P2,49203500
V1_scalar_F2X_Q1_C5F_P2,47277900
V1_scalar_F2X_Q1_C5F_P2,51450200
V1_scalar_F2X_Q1_C5F_P2,48429100
V1_scalar_F2X_Q1_C5F_P2,47664200
V1_scalar_F2X_Q1_C5F_P2,47377400
V1_scalar_F2X_Q1_C5M_P2,54315800
V1_scalar_F2X_Q1_C5M_P2,53036800
V1_scalar_F2X_Q1_C5M_P2,54616100
V1_scalar_F2X_Q1_C5M_P2,56974400
V1_scalar_F2X_Q1_C5M_P2,56392100
V1_scalar_F2X_Q1_C5M_P2,53915500
V1_scalar_F2X_Q1_C5M_P2,52920600
V1_scalar_F2X_Q1_C5M_P2,52860500
V1_scalar_F2X_Q1_C5M_P2,53971000
V1_scalar_F2X_Q1_C5M_P2,52676200
V1_scalar_F2X_Q1_C5M_P2,52711000
V1_scalar_F2X_Q1_C5M_P2,53811500
V1_scalar_F2X_Q1_C5M_P2,52325500
V1_scalar_F2X_Q1_C5M_P2,55540700
V1_scalar_F2X_Q1_C5M_P2,53302500
V1_scalar_F2X_Q1_C5M_P2,53375900
V1_scalar_F2X_Q1_C5M_P2,53463300
V1_scalar_F2X_Q1_C5M_P2,53721200
V1_scalar_F2X_Q1_C5M_P2,53033400
V1_scalar_F2X_Q1_C5M_P2,52937400
V1_scalar_F2X_Q1_C5M_P2,52494200
V1_scalar_F2X_Q1_C5M_P2,55600500
V1_scalar_F2X_Q1_C5M_P2,54561300
V1_scalar_F2X_Q1_C5M_P2,54309400
V1_scalar_F2X_Q1_C5M_P2,53308800
V1_scalar_F2X_Q1_C5M_P2,55670100
V1_scalar_F2X_Q1_C5M_P2,52921700
V1_scalar_F2X_Q1_C5M_P2,52612200
V1_scalar_F2X_Q1_C5M_P2,54315000
V1_scalar_F2X_Q1_C5M_P2,53314100
V1_scalar_F2X_Q1_C5M_P2,54593900
V1_scalar_F2X_Q1_C5M_P2,54652400
V1_scalar_F2X_Q1_C5M_P2,52946400
V1_scalar_F2X_Q1_C5M_P2,54208500
V1_scalar_F2X_Q1_C5M_P2,52635800
V1_scalar_F2X_Q2R_C1R_P2,87100800
V1_scalar_F2X_Q2R_C1R_P2,87788400
V1_scalar_F2X_Q2R_C1R_P2,88819000
V1_scalar_F2X_Q2R_C1R_P2,89822600
V1_scalar_F2X_Q2R_C1R_P2,86181000
V1_scalar_F2X_Q2R_C1R_P2,86666400
V1_scalar_F2X_Q2R_C1R_P2,87724300
V1_scalar_F2X_Q2R_C1R_P2,87467300
V1_scalar_F2X_Q2R_C1R_P2,87723800
V1_scalar_F2X_Q2R_C1R_P2,91279400
V1_scalar_F2X_Q2R_C1R_P2,85934500
V1_scalar_F2X_Q2R_C1R_P2,87605500
V1_scalar_F2X_Q2R_C1R_P2,89514000
V1_scalar_F2X_Q2R_C1R_P2,89698300
V1_scalar_F2X_Q2R_C1R_P2,87733700
V1_scalar_F2X_Q2R_C1R_P2,86496400
V1_scalar_F2X_Q2R_C1R_P2,87993900
V1_scalar_F2X_Q2R_C1R_P2,86969200
V1_scalar_F2X_Q2R_C1R_P2,87165700
V1_scalar_F2X_Q2R_C1R_P2,89082400
V1_scalar_F2X_Q2R_C1R_P2,87310600
V1_scalar_F2X_Q2R_C1X_P2,69682100
V1_scalar_F2X_Q2R_C1X_P2,68596400
V1_scalar_F2X_Q2R_C1X_P2,68669000
V1_scalar_F2X_Q2R_C1X_P2,67943300
V1_scalar_F2X_Q2R_C1X_P2,68644200
V1_scalar_F2X_Q2R_C1X_P2,68620000
V1_scalar_F2X_Q2R_C1X_P2,69073400
V1_scalar_F2X_Q2R_C1X_P2,68283500
V1_scalar_F2X_Q2R_C1X_P2,67594300
V1_scalar_F2X_Q2R_C1X_P2,67550200
V1_scalar_F2X_Q2R_C1X_P2,68890400
V1_scalar_F2X_Q2R_C1X_P2,68949700
V1_scalar_F2X_Q2R_C1X_P2,69178900
V1_scalar_F2X_Q2R_C1X_P2,71150600
V1_scalar_F2X_Q2R_C1X_P2,68278600
V1_scalar_F2X_Q2R_C1X_P2,69174300
V1_scalar_F2X_Q2R_C1X_P2,68427100
V1_scalar_F2X_Q2R_C1X_P2,67371800
V1_scalar_F2X_Q2R_C1X_P2,72418700
V1_scalar_F2X_Q2R_C1X_P2,69787000
V1_scalar_F2X_Q2R_C1X_P2,68008900
V1_scalar_F2X_Q2R_C1X_P2,72059800
V1_scalar_F2X_Q2R_C1X_P2,69772800
V1_scalar_F2X_Q2R_C1X_P2,68903900
V1_scalar_F2X_Q2R_C1X_P2,68850800
V1_scalar_F2X_Q2R_C1X_P2,67696000
V1_scalar_F2X_Q2R_C1X_P2,69381700
V1_scalar_F2X_Q2R_C2R_P2,79873200
V1_scalar_F2X_Q2R_C2R_P2,78321100
V1_scalar_F2X_Q2R_C2R_P2,78920500
V1_scalar_F2X_Q2R_C2R_P2,78824300
V1_scalar_F2X_Q2R_C2R_P2,77699300
V1_scalar_F2X_Q2R_C2R_P2,80166000
V1_scalar_F2X_Q2R_C2R_P2,79016100
V1_scalar_F2X_Q2R_C2R_P2,79931100
V1_scalar_F2X_Q2R_C2R_P2,78420100
V1_scalar_F2X_Q2R_C2R_P2,82084000
V1_scalar_F2X_Q2R_C2R_P2,83499300
V1_scalar_F2X_Q2R_C2R_P2,77999600
V1_scalar_F2X_Q2R_C2R_P2,78654400
V1_scalar_F2X_Q2R_C2R_P2,79599700
V1_scalar_F2X_Q2R_C2R_P2,82329200
V1_scalar_F2X_Q2R_C2R_P2,79745100
V1_scalar_F2X_Q2R_C2R_P2,79998300
V1_scalar_F2X_Q2R_C2R_P2,80999700
V1_scalar_F2X_Q2R_C2R_P2,78156100
V1_scalar_F2X_Q2R_C2R_P2,83683100
V1_scalar_F2X_Q2R_C2R_P2,82095100
V1_scalar_F2X_Q2R_C2R_P2,78499900
V1_scalar_F2X_Q2R_C2R_P2,80933000
V1_scalar_F2X_Q2R_C2X_P2,64786700
V1_scalar_F2X_Q2R_C2X_P2,64235900
V1_scalar_F2X_Q2R_C2X_P2,63137200
V1_scalar_F2X_Q2R_C2X_P2,63613300
V1_scalar_F2X_Q2R_C2X_P2,62545500
V1_scalar_F2X_Q2R_C2X_P2,64536400
V1_scalar_F2X_Q2R_C2X_P2,65061200
V1_scalar_F2X_Q2R_C2X_P2,63031300
V1_scalar_F2X_Q2R_C2X_P2,63501600
V1_scalar_F2X_Q2R_C2X_P2,62586800
V1_scalar_F2X_Q2R_C2X_P2,63450600
V1_scalar_F2X_Q2R_C2X_P2,63133400
V1_scalar_F2X_Q2R_C2X_P2,67094100
V1_scalar_F2X_Q2R_C2X_P2,62375000
V1_scalar_F2X_Q2R_C2X_P2,62828000
V1_scalar_F2X_Q2R_C2X_P2,64696100
V1_scalar_F2X_Q2R_C2X_P2,62750900
V1_scalar_F2X_Q2R_C2X_P2,68053200
V1_scalar_F2X_Q2R_C2X_P2,65384600
V1_scalar_F2X_Q2R_C2X_P2,65479900
V1_scalar_F2X_Q2R_C2X_P2,67367500
V1_scalar_F2X_Q2R_C2X_P2,63471200
V1_scalar_F2X_Q2R_C2X_P2,62387600
V1_scalar_F2X_Q2R_C2X_P2,62570000
V1_scalar_F2X_Q2R_C2X_P2,66259000
V1_scalar_F2X_Q2R_C2X_P2,64272000
V1_scalar_F2X_Q2R_C2X_P2,62378000
V1_scalar_F2X_Q2R_C2X_P2,62882400
V1_scalar_F2X_Q2R_C3_P2,58877100
V1_scalar_F2X_Q2R_C3_P2,58043600
V1_scalar_F2X_Q2R_C3_P2,59103900
V1_scalar_F2X_Q2R_C3_P2,60245100
V1_scalar_F2X_Q2R_C3_P2,57521000
V1_scalar_F2X_Q2R_C3_P2,57771800
V1_scalar_F2X_Q2R_C3_P2,59001800
V1_scalar_F2X_Q2R_C3_P2,58097900
V1_scalar_F2X_Q2R_C3_P2,57845700
V1_scalar_F2X_Q2R_C3_P2,59349900
V1_scalar_F2X_Q2R_C3_P2,58881100
V1_scalar_F2X_Q2R_C3_P2,57866700
V1_scalar_F2X_Q2R_C3_P2,60460000
V1_scalar_F2X_Q2R_C3_P2,59512900
V1_scalar_F2X_Q2R_C3_P2,59411300
V1_scalar_F2X_Q2R_C3_P2,57764600
V1_scalar_F2X_Q2R_C3_P2,56953200
V1_scalar_F2X_Q2R_C3_P2,59215100
V1_scalar_F2X_Q2R_C3_P2,62446500
V1_scalar_F2X_Q2R_C3_P2,57527300
V1_scalar_F2X_Q2R_C3_P2,60717700
V1_scalar_F2X_Q2R_C3_P2,59364600
V1_scalar_F2X_Q2R_C3_P2,57347200
V1_scalar_F2X_Q2R_C3_P2,57747100
V1_scalar_F2X_Q2R_C3_P2,58175500
V1_scalar_F2X_Q2R_C3_P2,60345200
V1_scalar_F2X_Q2R_C3_P2,58001500
V1_scalar_F2X_Q2R_C3_P2,60013200
V1_scalar_F2X_Q2R_C3_P2,57358100
V1_scalar_F2X_Q2R_C3_P2,57624000
V1_scalar_F2X_Q2R_C4F_P2,60817000
V1_scalar_F2X_Q2R_C4F_P2,57526900
V1_scalar_F2X_Q2R_C4F_P2,57530600
V1_scalar_F2X_Q2R_C4F_P2,59958900
V1_scalar_F2X_Q2R_C4F_P2,58964000
V1_scalar_F2X_Q2R_C4F_P2,59476500
V1_scalar_F2X_Q2R_C4F_P2,57708800
V1_scalar_F2X_Q2R_C4F_P2,59384000
V1_scalar_F2X_Q2R_C4F_P2,59539000
V1_scalar_F2X_Q2R_C4F_P2,59715400
V1_scalar_F2X_Q2R_C4F_P2,58513800
V1_scalar_F2X_Q2R_C4F_P2,58312600
V1_scalar_F2X_Q2R_C4F_P2,60799100
V1_scalar_F2X_Q2R_C4F_P2,58618000
V1_scalar_F2X_Q2R_C4F_P2,57486200
V1_scalar_F2X_Q2R_C4F_P2,62480900
V1_scalar_F2X_Q2R_C4F_P2,57872600
V1_scalar_F2X_Q2R_C4F_P2,57684800
V1_scalar_F2X_Q2R_C4F_P2,61072900
V1_scalar_F2X_Q2R_C4F_P2,60617100
V1_scalar_F2X_Q2R_C4F_P2,58418300
V1_scalar_F2X_Q2R_C4F_P2,57495200
V1_scalar_F2X_Q2R_C4F_P2,59537000
V1_scalar_F2X_Q2R_C4F_P2,59668300
V1_scalar_F2X_Q2R_C4F_P2,57978300
V1_scalar_F2X_Q2R_C4F_P2,58531300
V1_scalar_F2X_Q2R_C4F_P2,57418600
V1_scalar_F2X_Q2R_C4F_P2,57726000
V1_scalar_F2X_Q2R_C4F_P2,58671400
V1_scalar_F2X_Q2R_C4F_P2,59161900
V1_scalar_F2X_Q2R_C4M_P2,63460300
V1_scalar_F2X_Q2R_C4M_P2,59451400
V1_scalar_F2X_Q2R_C4M_P2,59886800
V1_scalar_F2X_Q2R_C4M_P2,61290000
V1_scalar_F2X_Q2R_C4M_P2,58922400
V1_scalar_F2X_Q2R_C4M_P2,59905500
V1_scalar_F2X_Q2R_C4M_P2,63343600
V1_scalar_F2X_Q2R_C4M_P2,58588300
V1_scalar_F2X_Q2R_C4M_P2,59542700
V1_scalar_F2X_Q2R_C4M_P2,61690000
V1_scalar_F2X_Q2R_C4M_P2,62681900
V1_scalar_F2X_Q2R_C4M_P2,60874200
V1_scalar_F2X_Q2R_C4M_P2,63346900
V1_scalar_F2X_Q2R_C4M_P2,61051900
V1_scalar_F2X_Q2R_C4M_P2,61230400
V1_scalar_F2X_Q2R_C4M_P2,62958800
V1_scalar_F2X_Q2R_C4M_P2,63151200
V1_scalar_F2X_Q2R_C4M_P2,62666700
V1_scalar_F2X_Q2R_C4M_P2,63685900
V1_scalar_F2X_Q2R_C4M_P2,62039200
V1_scalar_F2X_Q2R_C4M_P2,59840600
V1_scalar_F2X_Q2R_C4M_P2,60837100
V1_scalar_F2X_Q2R_C4M_P2,60555300
V1_scalar_F2X_Q2R_C4M_P2,61792800
V1_scalar_F2X_Q2R_C4M_P2,60237600
V1_scalar_F2X_Q2R_C4M_P2,58295000
V1_scalar_F2X_Q2R_C4M_P2,62195400
V1_scalar_F2X_Q2R_C4M_P2,60713100
V1_scalar_F2X_Q2R_C4M_P2,59206800
V1_scalar_F2X_Q2R_C5F_P2,68580600
V1_scalar_F2X_Q2R_C5F_P2,65884900
V1_scalar_F2X_Q2R_C5F_P2,68423000
V1_scalar_F2X_Q2R_C5F_P2,69241200
V1_scalar_F2X_Q2R_C5F_P2,64239200
V1_scalar_F2X_Q2R_C5F_P2,64939900
V1_scalar_F2X_Q2R_C5F_P2,66861300
V1_scalar_F2X_Q2R_C5F_P2,68874400
V1_scalar_F2X_Q2R_C5F_P2,70944000
V1_scalar_F2X_Q2R_C5F_P2,65727200
V1_scalar_F2X_Q2R_C5F_P2,68224300
V1_scalar_F2X_Q2R_C5F_P2,69048500
V1_scalar_F2X_Q2R_C5F_P2,70350500
V1_scalar_F2X_Q2R_C5F_P2,70236800
V1_scalar_F2X_Q2R_C5F_P2,67778100
V1_scalar_F2X_Q2R_C5F_P2,64428800
V1_scalar_F2X_Q2R_C5F_P2,69956300
V1_scalar_F2X_Q2R_C5F_P2,66913800
V1_scalar_F2X_Q2R_C5F_P2,65278000
V1_scalar_F2X_Q2R_C5F_P2,65076500
V1_scalar_F2X_Q2R_C5F_P2,66873200
V1_scalar_F2X_Q2R_C5F_P2,67087200
V1_scalar_F2X_Q2R_C5F_P2,65612600
V1_scalar_F2X_Q2R_C5F_P2,64228700
V1_scalar_F2X_Q2R_C5F_P2,66304400
V1_scalar_F2X_Q2R_C5F_P2,64399500
V1_scalar_F2X_Q2R_C5F_P2,68981000
V1_scalar_F2X_Q2R_C5M_P2,74021000
V1_scalar_F2X_Q2R_C5M_P2,71329500
V1_scalar_F2X_Q2R_C5M_P2,73006300
V1_scalar_F2X_Q2R_C5M_P2,71793600
V1_scalar_F2X_Q2R_C5M_P2,75140200
V1_scalar_F2X_Q2R_C5M_P2,72747900
V1_scalar_F2X_Q2R_C5M_P2,72976400
V1_scalar_F2X_Q2R_C5M_P2,73224400
V1_scalar_F2X_Q2R_C5M_P2,72458800
V1_scalar_F2X_Q2R_C5M_P2,73573400
V1_scalar_F2X_Q2R_C5M_P2,73105400
V1_scalar_F2X_Q2R_C5M_P2,72665800
V1_scalar_F2X_Q2R_C5M_P2,73887700
V1_scalar_F2X_Q2R_C5M_P2,75019500
V1_scalar_F2X_Q2R_C5M_P2,72755000
V1_scalar_F2X_Q2R_C5M_P2,72144900
V1_scalar_F2X_Q2R_C5M_P2,73269300
V1_scalar_F2X_Q2R_C5M_P2,77139800
V1_scalar_F2X_Q2R_C5M_P2,71945900
V1_scalar_F2X_Q2R_C5M_P2,71464600
V1_scalar_F2X_Q2R_C5M_P2,71204000
V1_scalar_F2X_Q2R_C5M_P2,72535600
V1_scalar_F2X_Q2R_C5M_P2,73559800
V1_scalar_F2X_Q2R_C5M_P2,73821000
V1_scalar_F2X_Q2R_C5M_P2,72857100
V1_scalar_F2X_Q2X_C1R_P2,77289600
V1_scalar_F2X_Q2X_C1R_P2,79901600
V1_scalar_F2X_Q2X_C1R_P2,77228200
V1_scalar_F2X_Q2X_C1R_P2,81993500
V1_scalar_F2X_Q2X_C1R_P2,80623000
V1_scalar_F2X_Q2X_C1R_P2,79007900
V1_scalar_F2X_Q2X_C1R_P2,79055100
V1_scalar_F2X_Q2X_C1R_P2,80464400
V1_scalar_F2X_Q2X_C1R_P2,80451100
V1_scalar_F2X_Q2X_C1R_P2,77243600
V1_scalar_F2X_Q2X_C1R_P2,78962800
V1_scalar_F2X_Q2X_C1R_P2,78726900
V1_scalar_F2X_Q2X_C1R_P2,77753200
V1_scalar_F2X_Q2X_C1R_P2,77714900
V1_scalar_F2X_Q2X_C1R_P2,80367900
V1_scalar_F2X_Q2X_C1R_P2,82837500
V1_scalar_F2X_Q2X_C1R_P2,77346300
V1_scalar_F2X_Q2X_C1R_P2,78021300
V1_scalar_F2X_Q2X_C1R_P2,80068800
V1_scalar_F2X_Q2X_C1R_P2,80697600
V1_scalar_F2X_Q2X_C1R_P2,79153400
V1_scalar_F2X_Q2X_C1R_P2,79373100
V1_scalar_F2X_Q2X_C1R_P2,82073400
V1_scalar_F2X_Q2X_C1R_P2,78772500
V1_scalar_F2X_Q2X_C1X_P2,61544100
V1_scalar_F2X_Q2X_C1X_P2,58728900
V1_scalar_F2X_Q2X_C1X_P2,61401300
V1_scalar_F2X_Q2X_C1X_P2,58614200
V1_scalar_F2X_Q2X_C1X_P2,58863500
V1_scalar_F2X_Q2X_C1X_P2,61081500
V1_scalar_F2X_Q2X_C1X_P2,62480500
V1_scalar_F2X_Q2X_C1X_P2,59805900
V1_scalar_F2X_Q2X_C1X_P2,62968800
V1_scalar_F2X_Q2X_C1X_P2,60513600
V1_scalar_F2X_Q2X_C1X_P2,62296900
V1_scalar_F2X_Q2X_C1X_P2,59110700
V1_scalar_F2X_Q2X_C1X_P2,60380400
V1_scalar_F2X_Q2X_C1X_P2,59502800
V1_scalar_F2X_Q2X_C1X_P2,59368000
V1_scalar_F2X_Q2X_C1X_P2,59125300
V1_scalar_F2X_Q2X_C1X_P2,58449800
V1_scalar_F2X_Q2X_C1X_P2,61111700
V1_scalar_F2X_Q2X_C1X_P2,58446200
V1_scalar_F2X_Q2X_C1X_P2,58332200
V1_scalar_F2X_Q2X_C1X_P2,60849600
V1_scalar_F2X_Q2X_C1X_P2,62412900
V1_scalar_F2X_Q2X_C1X_P2,60413400
V1_scalar_F2X_Q2X_C1X_P2,60575800
V1_scalar_F2X_Q2X_C1X_P2,59053100
V1_scalar_F2X_Q2X_C1X_P2,63327500
V1_scalar_F2X_Q2X_C1X_P2,61160200
V1_scalar_F2X_Q2X_C1X_P2,60723300
V1_scalar_F2X_Q2X_C1X_P2,62026000
V1_scalar_F2X_Q2X_C1X_P2,58857000
V1_scalar_F2X_Q2X_C1X_P2,58594500
V1_scalar_F2X_Q2X_C1X_P2,61653100
V1_scalar_F2X_Q2X_C2R_P2,71294200
V1_scalar_F2X_Q2X_C2R_P2,70304300
V1_scalar_F2X_Q2X_C2R_P2,73599600
V1_scalar_F2X_Q2X_C2R_P2,69696400
V1_scalar_F2X_Q2X_C2R_P2,72650100
V1_scalar_F2X_Q2X_C2R_P2,72183400
V1_scalar_F2X_Q2X_C2R_P2,69786500
V1_scalar_F2X_Q2X_C2R_P2,73322600
V1_scalar_F2X_Q2X_C2R_P2,71448600
V1_scalar_F2X_Q2X_C2R_P2,72771300
V1_scalar_F2X_Q2X_C2R_P2,71542300
V1_scalar_F2X_Q2X_C2R_P2,71086500
V1_scalar_F2X_Q2X_C2R_P2,68711900
V1_scalar_F2X_Q2X_C2R_P2,70393200
V1_scalar_F2X_Q2X_C2R_P2,70503800
V1_scalar_F2X_Q2X_C2R_P2,69063700
V1_scalar_F2X_Q2X_C2R_P2,70910200
V1_scalar_F2X_Q2X_C2R_P2,69949800
V1_scalar_F2X_Q2X_C2R_P2,71823000
V1_scalar_F2X_Q2X_C2R_P2,71273000
V1_scalar_F2X_Q2X_C2R_P2,70953700
V1_scalar_F2X_Q2X_C2R_P2,71793600
V1_scalar_F2X_Q2X_C2R_P2,70483900
V1_scalar_F2X_Q2X_C2R_P2,75020400
V1_scalar_F2X_Q2X_C2R_P2,74996700
V1_scalar_F2X_Q2X_C2R_P2,70035600
V1_scalar_F2X_Q2X_C2X_P2,55017800
V1_scalar_F2X_Q2X_C2X_P2,54999800
V1_scalar_F2X_Q2X_C2X_P2,55049900
V1_scalar_F2X_Q2X_C2X_P2,53832500
V1_scalar_F2X_Q2X_C2X_P2,56723200
V1_scalar_F2X_Q2X_C2X_P2,56151100
V1_scalar_F2X_Q2X_C2X_P2,56264700
V1_scalar_F2X_Q2X_C2X_P2,53972600
V1_scalar_F2X_Q2X_C2X_P2,53792200
V1_scalar_F2X_Q2X_C2X_P2,55995900
V1_scalar_F2X_Q2X_C2X_P2,54886200
V1_scalar_F2X_Q2X_C2X_P2,57179300
V1_scalar_F2X_Q2X_C2X_P2,56733000
V1_scalar_F2X_Q2X_C2X_P2,53682200
V1_scalar_F2X_Q2X_C2X_P2,57030600
V1_scalar_F2X_Q2X_C2X_P2,55149500
V1_scalar_F2X_Q2X_C2X_P2,54809700
V1_scalar_F2X_Q2X_C2X_P2,55623200
V1_scalar_F2X_Q2X_C2X_P2,58485000
V1_scalar_F2X_Q2X_C2X_P2,57329900
V1_scalar_F2X_Q2X_C2X_P2,55261100
V1_scalar_F2X_Q2X_C2X_P2,54862200
V1_scalar_F2X_Q2X_C2X_P2,56842200
V1_scalar_F2X_Q2X_C2X_P2,53895200
V1_scalar_F2X_Q2X_C2X_P2,55000200
V1_scalar_F2X_Q2X_C2X_P2,55279300
V1_scalar_F2X_Q2X_C2X_P2,57159200
V1_scalar_F2X_Q2X_C2X_P2,54924200
V1_scalar_F2X_Q2X_C2X_P2,54398500
V1_scalar_F2X_Q2X_C2X_P2,53907000
V1_scalar_F2X_Q2X_C2X_P2,54186900
V1_scalar_F2X_Q2X_C2X_P2,54998700
V1_scalar_F2X_Q2X_C3_P2,48207200
V1_scalar_F2X_Q2X_C3_P2,49045200
V1_scalar_F2X_Q2X_C3_P2,48755200
V1_scalar_F2X_Q2X_C3_P2,48801100
V1_scalar_F2X_Q2X_C3_P2,48715800
V1_scalar_F2X_Q2X_C3_P2,48531800
V1_scalar_F2X_Q2X_C3_P2,48708000
V1_scalar_F2X_Q2X_C3_P2,54479200
V1_scalar_F2X_Q2X_C3_P2,48006900
V1_scalar_F2X_Q2X_C3_P2,48611100
V1_scalar_F2X_Q2X_C3_P2,49385600
V1_scalar_F2X_Q2X_C3_P2,50657000
V1_scalar_F2X_Q2X_C3_P2,52172300
V1_scalar_F2X_Q2X_C3_P2,49963900
V1_scalar_F2X_Q2X_C3_P2,48175700
V1_scalar_F2X_Q2X_C3_P2,48441300
V1_scalar_F2X_Q2X_C3_P2,50591100
V1_scalar_F2X_Q2X_C3_P2,49126300
V1_scalar_F2X_Q2X_C3_P2,48703800
V1_scalar_F2X_Q2X_C3_P2,50146500
V1_scalar_F2X_Q2X_C3_P2,51498200
V1_scalar_F2X_Q2X_C3_P2,52159700
V1_scalar_F2X_Q2X_C3_P2,48563300
V1_scalar_F2X_Q2X_C3_P2,51702100
V1_scalar_F2X_Q2X_C3_P2,49173300
V1_scalar_F2X_Q2X_C3_P2,49286600
V1_scalar_F2X_Q2X_C3_P2,48605800
V1_scalar_F2X_Q2X_C3_P2,52240300
V1_scalar_F2X_Q2X_C3_P2,52175400
V1_scalar_F2X_Q2X_C3_P2,51507300
V1_scalar_F2X_Q2X_C3_P2,52190900
V1_scalar_F2X_Q2X_C3_P2,52102800
V1_scalar_F2X_Q2X_C3_P2,48341000
V1_scalar_F2X_Q2X_C3_P2,50671100
V1_scalar_F2X_Q2X_C3_P2,50986600
V1_scalar_F2X_Q2X_C4F_P2,48739200
V1_scalar_F2X_Q2X_C4F_P2,51888400
V1_scalar_F2X_Q2X_C4F_P2,52321600
V1_scalar_F2X_Q2X_C4F_P2,49282200
V1_scalar_F2X_Q2X_C4F_P2,49690900
V1_scalar_F2X_Q2X_C4F_P2,52242300
V1_scalar_F2X_Q2X_C4F_P2,49116500
V1_scalar_F2X_Q2X_C4F_P2,50224300
V1_scalar_F2X_Q2X_C4F_P2,54321600
V1_scalar_F2X_Q2X_C4F_P2,50112600
V1_scalar_F2X_Q2X_C4F_P2,49192600
V1_scalar_F2X_Q2X_C4F_P2,49618000
V1_scalar_F2X_Q2X_C4F_P2,52758200
V1_scalar_F2X_Q2X_C4F_P2,49359400
V1_scalar_F2X_Q2X_C4F_P2,50287500
V1_scalar_F2X_Q2X_C4F_P2,49329300
V1_scalar_F2X_Q2X_C4F_P2,49028200
V1_scalar_F2X_Q2X_C4F_P2,48618100
V1_scalar_F2X_Q2X_C4F_P2,49478800
V1_scalar_F2X_Q2X_C4F_P2,49114200
V1_scalar_F2X_Q2X_C4F_P2,52796100
V1_scalar_F2X_Q2X_C4F_P2,51779100
V1_scalar_F2X_Q2X_C4F_P2,51776600
V1_scalar_F2X_Q2X_C4F_P2,49524900
V1_scalar_F2X_Q2X_C4F_P2,49356800
V1_scalar_F2X_Q2X_C4F_P2,49359900
V1_scalar_F2X_Q2X_C4F_P2,49396300
V1_scalar_F2X_Q2X_C4F_P2,49819100
V1_scalar_F2X_Q2X_C4F_P2,49330400
V1_scalar_F2X_Q2X_C4F_P2,49310100
V1_scalar_F2X_Q2X_C4F_P2,49064500
V1_scalar_F2X_Q2X_C4F_P2,52230000
V1_scalar_F2X_Q2X_C4F_P2,51589900
V1_scalar_F2X_Q2X_C4F_P2,51182400
V1_scalar_F2X_Q2X_C4F_P2,50251600
V1_scalar_F2X_Q2X_C4M_P2,52772500
V1_scalar_F2X_Q2X_C4M_P2,50206300
V1_scalar_F2X_Q2X_C4M_P2,51544300
V1_scalar_F2X_Q2X_C4M_P2,52378300
V1_scalar_F2X_Q2X_C4M_P2,52773800
V1_scalar_F2X_Q2X_C4M_P2,50305700
V1_scalar_F2X_Q2X_C4M_P2,51974700
V1_scalar_F2X_Q2X_C4M_P2,52106200
V1_scalar_F2X_Q2X_C4M_P2,52708900
V1_scalar_F2X_Q2X_C4M_P2,52586800
V1_scalar_F2X_Q2X_C4M_P2,50798800
V1_scalar_F2X_Q2X_C4M_P2,52746300
V1_scalar_F2X_Q2X_C4M_P2,53211900
V1_scalar_F2X_Q2X_C4M_P2,50238700
V1_scalar_F2X_Q2X_C4M_P2,49871300
V1_scalar_F2X_Q2X_C4M_P2,54957400
V1_scalar_F2X_Q2X_C4M_P2,50865600
V1_scalar_F2X_Q2X_C4M_P2,49813500
V1_scalar_F2X_Q2X_C4M_P2,50903900
V1_scalar_F2X_Q2X_C4M_P2,50686200
V1_scalar_F2X_Q2X_C4M_P2,51507800
V1_scalar_F2X_Q2X_C4M_P2,50101600
V1_scalar_F2X_Q2X_C4M_P2,52758800
V1_scalar_F2X_Q2X_C4M_P2,53891500
V1_scalar_F2X_Q2X_C4M_P2,50469100
V1_scalar_F2X_Q2X_C4M_P2,50300700
V1_scalar_F2X_Q2X_C4M_P2,50207600
V1_scalar_F2X_Q2X_C4M_P2,50354900
V1_scalar_F2X_Q2X_C4M_P2,49773700
V1_scalar_F2X_Q2X_C4M_P2,50111900
V1_scalar_F2X_Q2X_C4M_P2,50381700
V1_scalar_F2X_Q2X_C4M_P2,51453200
V1_scalar_F2X_Q2X_C4M_P2,51501700
V1_scalar_F2X_Q2X_C4M_P2,49848200
V1_scalar_F2X_Q2X_C4M_P2,52494200
V1_scalar_F2X_Q2X_C5F_P2,58990500
V1_scalar_F2X_Q2X_C5F_P2,56086200
V1_scalar_F2X_Q2X_C5F_P2,58130600
V1_scalar_F2X_Q2X_C5F_P2,57651300
V1_scalar_F2X_Q2X_C5F_P2,56891200
V1_scalar_F2X_Q2X_C5F_P2,60571600
V1_scalar_F2X_Q2X_C5F_P2,58718000
V1_scalar_F2X_Q2X_C5F_P2,58847600
V1_scalar_F2X_Q2X_C5F_P2,59173700
V1_scalar_F2X_Q2X_C5F_P2,57832500
V1_scalar_F2X_Q2X_C5F_P2,61607600
V1_scalar_F2X_Q2X_C5F_P2,56349800
V1_scalar_F2X_Q2X_C5F_P2,57836400
V1_scalar_F2X_Q2X_C5F_P2,56527400
V1_scalar_F2X_Q2X_C5F_P2,56575500
V1_scalar_F2X_Q2X_C5F_P2,56468200
V1_scalar_F2X_Q2X_C5F_P2,61175500
V1_scalar_F2X_Q2X_C5F_P2,58956600
V1_scalar_F2X_Q2X_C5F_P2,57456900
V1_scalar_F2X_Q2X_C5F_P2,56948600
V1_scalar_F2X_Q2X_C5F_P2,57323200
V1_scalar_F2X_Q2X_C5F_P2,59475500
V1_scalar_F2X_Q2X_C5F_P2,59631200
V1_scalar_F2X_Q2X_C5F_P2,60344800
V1_scalar_F2X_Q2X_C5F_P2,56219200
V1_scalar_F2X_Q2X_C5F_P2,58825000
V1_scalar_F2X_Q2X_C5F_P2,57788000
V1_scalar_F2X_Q2X_C5F_P2,58995100
V1_scalar_F2X_Q2X_C5F_P2,59843100
V1_scalar_F2X_Q2X_C5F_P2,58191700
V1_scalar_F2X_Q2X_C5F_P2,57132100
V1_scalar_F2X_Q2X_C5F_P2,58426100
V1_scalar_F2X_Q2X_C5M_P2,63489400
V1_scalar_F2X_Q2X_C5M_P2,63815100
V1_scalar_F2X_Q2X_C5M_P2,73475100
V1_scalar_F2X_Q2X_C5M_P2,70137900
V1_scalar_F2X_Q2X_C5M_P2,63774600
V1_scalar_F2X_Q2X_C5M_P2,63941500
V1_scalar_F2X_Q2X_C5M_P2,65828800
V1_scalar_F2X_Q2X_C5M_P2,63298300
V1_scalar_F2X_Q2X_C5M_P2,65496400
V1_scalar_F2X_Q2X_C5M_P2,63386200
V1_scalar_F2X_Q2X_C5M_P2,63959900
V1_scalar_F2X_Q2X_C5M_P2,65554200
V1_scalar_F2X_Q2X_C5M_P2,65548400
V1_scalar_F2X_Q2X_C5M_P2,63462600
V1_scalar_F2X_Q2X_C5M_P2,65390100
V1_scalar_F2X_Q2X_C5M_P2,65084900
V1_scalar_F2X_Q2X_C5M_P2,67710800
V1_scalar_F2X_Q2X_C5M_P2,68101600
V1_scalar_F2X_Q2X_C5M_P2,63516100
V1_scalar_F2X_Q2X_C5M_P2,65899000
V1_scalar_F2X_Q2X_C5M_P2,63558700
V1_scalar_F2X_Q2X_C5M_P2,67748400
V1_scalar_F2X_Q2X_C5M_P2,63127400
V1_scalar_F2X_Q2X_C5M_P2,67960800
V1_scalar_F2X_Q2X_C5M_P2,64379500
V1_scalar_F2X_Q2X_C5M_P2,69675800
V1_scalar_F2X_Q2X_C5M_P2,65214100
V1_scalar_F2X_Q2X_C5M_P2,67388300
V1_scalar_F2X_Q3M_C1R_P2,184122200
V1_scalar_F2X_Q3M_C1R_P2,184541700
V1_scalar_F2X_Q3M_C1R_P2,183396200
V1_scalar_F2X_Q3M_C1R_P2,181660500
V1_scalar_F2X_Q3M_C1R_P2,183736600
V1_scalar_F2X_Q3M_C1R_P2,186423700
V1_scalar_F2X_Q3M_C1R_P2,182494800
V1_scalar_F2X_Q3M_C1R_P2,184055600
V1_scalar_F2X_Q3M_C1R_P2,183659200
V1_scalar_F2X_Q3M_C1R_P2,184761800
V1_scalar_F2X_Q3M_C1R_P2,183577100
V1_scalar_F2X_Q3M_C1X_P2,142978200
V1_scalar_F2X_Q3M_C1X_P2,143160300
V1_scalar_F2X_Q3M_C1X_P2,144701400
V1_scalar_F2X_Q3M_C1X_P2,138898300
V1_scalar_F2X_Q3M_C1X_P2,138717800
V1_scalar_F2X_Q3M_C1X_P2,143849000
V1_scalar_F2X_Q3M_C1X_P2,139776100
V1_scalar_F2X_Q3M_C1X_P2,142384300
V1_scalar_F2X_Q3M_C1X_P2,141682000
V1_scalar_F2X_Q3M_C1X_P2,143719000
V1_scalar_F2X_Q3M_C1X_P2,141242300
V1_scalar_F2X_Q3M_C1X_P2,142454200
V1_scalar_F2X_Q3M_C1X_P2,147234400
V1_scalar_F2X_Q3M_C1X_P2,143532300
V1_scalar_F2X_Q3M_C1X_P2,141482300
V1_scalar_F2X_Q3M_C2R_P2,175703000
V1_scalar_F2X_Q3M_C2R_P2,177419500
V1_scalar_F2X_Q3M_C2R_P2,175869100
V1_scalar_F2X_Q3M_C2R_P2,172647300
V1_scalar_F2X_Q3M_C2R_P2,176498600
V1_scalar_F2X_Q3M_C2R_P2,179636800
V1_scalar_F2X_Q3M_C2R_P2,173288300
V1_scalar_F2X_Q3M_C2R_P2,174873700
V1_scalar_F2X_Q3M_C2R_P2,179247500
V1_scalar_F2X_Q3M_C2R_P2,174576300
V1_scalar_F2X_Q3M_C2R_P2,176538500
V1_scalar_F2X_Q3M_C2R_P2,178206100
V1_scalar_F2X_Q3M_C2X_P2,133953000
V1_scalar_F2X_Q3M_C2X_P2,134643000
V1_scalar_F2X_Q3M_C2X_P2,137220100
V1_scalar_F2X_Q3M_C2X_P2,131191800
V1_scalar_F2X_Q3M_C2X_P2,133012300
V1_scalar_F2X_Q3M_C2X_P2,131481000
V1_scalar_F2X_Q3M_C2X_P2,133286400
V1_scalar_F2X_Q3M_C2X_P2,132943000
V1_scalar_F2X_Q3M_C2X_P2,131106500
V1_scalar_F2X_Q3M_C2X_P2,131465100
V1_scalar_F2X_Q3M_C2X_P2,130903100
V1_scalar_F2X_Q3M_C2X_P2,132381900
V1_scalar_F2X_Q3M_C2X_P2,134419800
V1_scalar_F2X_Q3M_C2X_P2,152277500
V1_scalar_F2X_Q3M_C2X_P2,143833000
V1_scalar_F2X_Q3M_C3_P2,123282800
V1_scalar_F2X_Q3M_C3_P2,123490700
V1_scalar_F2X_Q3M_C3_P2,124859800
V1_scalar_F2X_Q3M_C3_P2,123372200
V1_scalar_F2X_Q3M_C3_P2,123331200
V1_scalar_F2X_Q3M_C3_P2,120911700
V1_scalar_F2X_Q3M_C3_P2,122507300
V1_scalar_F2X_Q3M_C3_P2,122009900
V1_scalar_F2X_Q3M_C3_P2,120884800
V1_scalar_F2X_Q3M_C3_P2,121544800
V1_scalar_F2X_Q3M_C3_P2,120884000
V1_scalar_F2X_Q3M_C3_P2,121477400
V1_scalar_F2X_Q3M_C3_P2,121473000
V1_scalar_F2X_Q3M_C3_P2,120548300
V1_scalar_F2X_Q3M_C3_P2,123283900
V1_scalar_F2X_Q3M_C3_P2,120498200
V1_scalar_F2X_Q3M_C3_P2,121299000
V1_scalar_F2X_Q3M_C4F_P2,125743200
V1_scalar_F2X_Q3M_C4F_P2,123872000
V1_scalar_F2X_Q3M_C4F_P2,128622700
V1_scalar_F2X_Q3M_C4F_P2,128108600
V1_scalar_F2X_Q3M_C4F_P2,128216700
V1_scalar_F2X_Q3M_C4F_P2,127278800
V1_scalar_F2X_Q3M_C4F_P2,128276600
V1_scalar_F2X_Q3M_C4F_P2,124922900
V1_scalar_F2X_Q3M_C4F_P2,125243900
V1_scalar_F2X_Q3M_C4F_P2,125864800
V1_scalar_F2X_Q3M_C4F_P2,129628500
V1_scalar_F2X_Q3M_C4F_P2,125167100
V1_scalar_F2X_Q3M_C4F_P2,127497200
V1_scalar_F2X_Q3M_C4F_P2,127465800
V1_scalar_F2X_Q3M_C4F_P2,125428500
V1_scalar_F2X_Q3M_C4F_P2,133223000
V1_scalar_F2X_Q3M_C4M_P2,123220700
V1_scalar_F2X_Q3M_C4M_P2,122807000
V1_scalar_F2X_Q3M_C4M_P2,126479600
V1_scalar_F2X_Q3M_C4M_P2,124741000
V1_scalar_F2X_Q3M_C4M_P2,122783300
V1_scalar_F2X_Q3M_C4M_P2,127949000
V1_scalar_F2X_Q3M_C4M_P2,123594900
V1_scalar_F2X_Q3M_C4M_P2,126735500
V1_scalar_F2X_Q3M_C4M_P2,123680000
V1_scalar_F2X_Q3M_C4M_P2,122267700
V1_scalar_F2X_Q3M_C4M_P2,122485800
V1_scalar_F2X_Q3M_C4M_P2,123177800
V1_scalar_F2X_Q3M_C4M_P2,125403600
V1_scalar_F2X_Q3M_C4M_P2,129840300
V1_scalar_F2X_Q3M_C4M_P2,122444500
V1_scalar_F2X_Q3M_C4M_P2,125074200
V1_scalar_F2X_Q3M_C4M_P2,126193000
V1_scalar_F2X_Q3M_C5F_P2,117579300
V1_scalar_F2X_Q3M_C5F_P2,123230500
V1_scalar_F2X_Q3M_C5F_P2,118968600
V1_scalar_F2X_Q3M_C5F_P2,119315100
V1_scalar_F2X_Q3M_C5F_P2,120630800
V1_scalar_F2X_Q3M_C5F_P2,118285900
V1_scalar_F2X_Q3M_C5F_P2,119784000
V1_scalar_F2X_Q3M_C5F_P2,116948700
V1_scalar_F2X_Q3M_C5F_P2,120041500
V1_scalar_F2X_Q3M_C5F_P2,119657500
V1_scalar_F2X_Q3M_C5F_P2,123725000
V1_scalar_F2X_Q3M_C5F_P2,120059200
V1_scalar_F2X_Q3M_C5F_P2,117999100
V1_scalar_F2X_Q3M_C5F_P2,119416900
V1_scalar_F2X_Q3M_C5F_P2,117353900
V1_scalar_F2X_Q3M_C5F_P2,116789800
V1_scalar_F2X_Q3M_C5F_P2,116365600
V1_scalar_F2X_Q3M_C5F_P2,116770400
V1_scalar_F2X_Q3M_C5M_P2,133968900
V1_scalar_F2X_Q3M_C5M_P2,130941600
V1_scalar_F2X_Q3M_C5M_P2,131800100
V1_scalar_F2X_Q3M_C5M_P2,131533300
V1_scalar_F2X_Q3M_C5M_P2,129732900
V1_scalar_F2X_Q3M_C5M_P2,133952200
V1_scalar_F2X_Q3M_C5M_P2,133508800
V1_scalar_F2X_Q3M_C5M_P2,128984100
V1_scalar_F2X_Q3M_C5M_P2,132628000
V1_scalar_F2X_Q3M_C5M_P2,129798700
V1_scalar_F2X_Q3M_C5M_P2,134781200
V1_scalar_F2X_Q3M_C5M_P2,131076000
V1_scalar_F2X_Q3M_C5M_P2,129891100
V1_scalar_F2X_Q3M_C5M_P2,132378700
V1_scalar_F2X_Q3M_C5M_P2,135062100
V1_scalar_F2X_Q3M_C5M_P2,128627400
V1_scalar_F2X_Q4F_C1R_P2,72964400
V1_scalar_F2X_Q4F_C1R_P2,71216600
V1_scalar_F2X_Q4F_C1R_P2,70289300
V1_scalar_F2X_Q4F_C1R_P2,69770800
V1_scalar_F2X_Q4F_C1R_P2,71652400
V1_scalar_F2X_Q4F_C1R_P2,73650400
V1_scalar_F2X_Q4F_C1R_P2,69016900
V1_scalar_F2X_Q4F_C1R_P2,69455400
V1_scalar_F2X_Q4F_C1R_P2,69163800
V1_scalar_F2X_Q4F_C1R_P2,72181500
V1_scalar_F2X_Q4F_C1R_P2,73580400
V1_scalar_F2X_Q4F_C1R_P2,70979100
V1_scalar_F2X_Q4F_C1R_P2,69076700
V1_scalar_F2X_Q4F_C1R_P2,72219900
V1_scalar_F2X_Q4F_C1R_P2,69528200
V1_scalar_F2X_Q4F_C1R_P2,69922100
V1_scalar_F2X_Q4F_C1R_P2,70124700
V1_scalar_F2X_Q4F_C1R_P2,70055200
V1_scalar_F2X_Q4F_C1R_P2,70841800
V1_scalar_F2X_Q4F_C1R_P2,72771700
V1_scalar_F2X_Q4F_C1R_P2,69515500
V1_scalar_F2X_Q4F_C1R_P2,69311000
V1_scalar_F2X_Q4F_C1R_P2,71320600
V1_scalar_F2X_Q4F_C1R_P2,70846700
V1_scalar_F2X_Q4F_C1R_P2,69520700
V1_scalar_F2X_Q4F_C1R_P2,71356500
V1_scalar_F2X_Q4F_C1R_P2,71322100
V1_scalar_F2X_Q4F_C1R_P2,70242300
V1_scalar_F2X_Q4F_C1R_P2,71021800
V1_scalar_F2X_Q4F_C1X_P2,49894800
V1_scalar_F2X_Q4F_C1X_P2,51845100
V1_scalar_F2X_Q4F_C1X_P2,51727300
V1_scalar_F2X_Q4F_C1X_P2,52660900
V1_scalar_F2X_Q4F_C1X_P2,53843900
V1_scalar_F2X_Q4F_C1X_P2,50815300
V1_scalar_F2X_Q4F_C1X_P2,49823800
V1_scalar_F2X_Q4F_C1X_P2,50474100
V1_scalar_F2X_Q4F_C1X_P2,51463300
V1_scalar_F2X_Q4F_C1X_P2,52280400
V1_scalar_F2X_Q4F_C1X_P2,50603900
V1_scalar_F2X_Q4F_C1X_P2,49715000
V1_scalar_F2X_Q4F_C1X_P2,49736600
V1_scalar_F2X_Q4F_C1X_P2,53121500
V1_scalar_F2X_Q4F_C1X_P2,49879900
V1_scalar_F2X_Q4F_C1X_P2,51133000
V1_scalar_F2X_Q4F_C1X_P2,49772200
V1_scalar_F2X_Q4F_C1X_P2,50043900
V1_scalar_F2X_Q4F_C1X_P2,50230900
V1_scalar_F2X_Q4F_C1X_P2,50762800
V1_scalar_F2X_Q4F_C1X_P2,49671500
V1_scalar_F2X_Q4F_C1X_P2,49554100
V1_scalar_F2X_Q4F_C1X_P2,49934200
V1_scalar_F2X_Q4F_C1X_P2,50537700
V1_scalar_F2X_Q4F_C1X_P2,50540800
V1_scalar_F2X_Q4F_C1X_P2,53668500
V1_scalar_F2X_Q4F_C1X_P2,52199800
V1_scalar_F2X_Q4F_C1X_P2,49683400
V1_scalar_F2X_Q4F_C1X_P2,51735100
V1_scalar_F2X_Q4F_C1X_P2,50388100
V1_scalar_F2X_Q4F_C1X_P2,50123300
V1_scalar_F2X_Q4F_C1X_P2,50047400
V1_scalar_F2X_Q4F_C1X_P2,52367600
V1_scalar_F2X_Q4F_C1X_P2,52204200
V1_scalar_F2X_Q4F_C1X_P2,49877400
V1_scalar_F2X_Q4F_C1X_P2,49720200
V1_scalar_F2X_Q4F_C1X_P2,51340700
V1_scalar_F2X_Q4F_C1X_P2,62894600
V1_scalar_F2X_Q4F_C1X_P2,56574100
V1_scalar_F2X_Q4F_C2R_P2,63268600
V1_scalar_F2X_Q4F_C2R_P2,60812600
V1_scalar_F2X_Q4F_C2R_P2,63217000
V1_scalar_F2X_Q4F_C2R_P2,60802000
V1_scalar_F2X_Q4F_C2R_P2,62227700
V1_scalar_F2X_Q4F_C2R_P2,64179200
V1_scalar_F2X_Q4F_C2R_P2,63456200
V1_scalar_F2X_Q4F_C2R_P2,61499000
V1_scalar_F2X_Q4F_C2R_P2,62282200
V1_scalar_F2X_Q4F_C2R_P2,61627500
V1_scalar_F2X_Q4F_C2R_P2,61672700
V1_scalar_F2X_Q4F_C2R_P2,60507900
V1_scalar_F2X_Q4F_C2R_P2,60342200
V1_scalar_F2X_Q4F_C2R_P2,62130900
V1_scalar_F2X_Q4F_C2R_P2,60464600
V1_scalar_F2X_Q4F_C2R_P2,64721600
V1_scalar_F2X_Q4F_C2R_P2,60572200
V1_scalar_F2X_Q4F_C2R_P2,61609600
V1_scalar_F2X_Q4F_C2R_P2,60647400
V1_scalar_F2X_Q4F_C2R_P2,63683100
V1_scalar_F2X_Q4F_C2R_P2,61530600
V1_scalar_F2X_Q4F_C2R_P2,61527700
V1_scalar_F2X_Q4F_C2R_P2,63045600
V1_scalar_F2X_Q4F_C2R_P2,62258900
V1_scalar_F2X_Q4F_C2R_P2,64132900
V1_scalar_F2X_Q4F_C2R_P2,62901300
V1_scalar_F2X_Q4F_C2R_P2,63247100
V1_scalar_F2X_Q4F_C2R_P2,62604800
V1_scalar_F2X_Q4F_C2R_P2,61481300
V1_scalar_F2X_Q4F_C2R_P2,61756000
V1_scalar_F2X_Q4F_C2R_P2,63875000
V1_scalar_F2X_Q4F_C2R_P2,60387800
V1_scalar_F2X_Q4F_C2X_P2,45879200
V1_scalar_F2X_Q4F_C2X_P2,46057300
V1_scalar_F2X_Q4F_C2X_P2,46982300
V1_scalar_F2X_Q4F_C2X_P2,47757000
V1_scalar_F2X_Q4F_C2X_P2,45235900
V1_scalar_F2X_Q4F_C2X_P2,45963100
V1_scalar_F2X_Q4F_C2X_P2,47663000
V1_scalar_F2X_Q4F_C2X_P2,46745900
V1_scalar_F2X_Q4F_C2X_P2,45360300
V1_scalar_F2X_Q4F_C2X_P2,44768700
V1_scalar_F2X_Q4F_C2X_P2,45490300
V1_scalar_F2X_Q4F_C2X_P2,44879400
V1_scalar_F2X_Q4F_C2X_P2,46629700
V1_scalar_F2X_Q4F_C2X_P2,48008900
V1_scalar_F2X_Q4F_C2X_P2,48104800
V1_scalar_F2X_Q4F_C2X_P2,45066000
V1_scalar_F2X_Q4F_C2X_P2,44826500
V1_scalar_F2X_Q4F_C2X_P2,45793600
V1_scalar_F2X_Q4F_C2X_P2,47512000
V1_scalar_F2X_Q4F_C2X_P2,45122300
V1_scalar_F2X_Q4F_C2X_P2,45428500
V1_scalar_F2X_Q4F_C2X_P2,46338500
V1_scalar_F2X_Q4F_C2X_P2,48352900
V1_scalar_F2X_Q4F_C2X_P2,45254700
V1_scalar_F2X_Q4F_C2X_P2,46289900
V1_scalar_F2X_Q4F_C2X_P2,47304400
V1_scalar_F2X_Q4F_C2X_P2,46009200
V1_scalar_F2X_Q4F_C2X_P2,45248500
V1_scalar_F2X_Q4F_C2X_P2,46564700
V1_scalar_F2X_Q4F_C2X_P2,44759000
V1_scalar_F2X_Q4F_C2X_P2,45528500
V1_scalar_F2X_Q4F_C2X_P2,45298700
V1_scalar_F2X_Q4F_C2X_P2,48511200
V1_scalar_F2X_Q4F_C2X_P2,44724400
V1_scalar_F2X_Q4F_C2X_P2,45273400
V1_scalar_F2X_Q4F_C2X_P2,45284100
V1_scalar_F2X_Q4F_C2X_P2,45226800
V1_scalar_F2X_Q4F_C2X_P2,48801600
V1_scalar_F2X_Q4F_C2X_P2,45490300
V1_scalar_F2X_Q4F_C2X_P2,46614300
V1_scalar_F2X_Q4F_C2X_P2,45235900
V1_scalar_F2X_Q4F_C3_P2,42951900
V1_scalar_F2X_Q4F_C3_P2,42649800
V1_scalar_F2X_Q4F_C3_P2,41555900
V1_scalar_F2X_Q4F_C3_P2,40971600
V1_scalar_F2X_Q4F_C3_P2,40994000
V1_scalar_F2X_Q4F_C3_P2,41207300
V1_scalar_F2X_Q4F_C3_P2,43029500
V1_scalar_F2X_Q4F_C3_P2,42424000
V1_scalar_F2X_Q4F_C3_P2,42173300
V1_scalar_F2X_Q4F_C3_P2,41404500
V1_scalar_F2X_Q4F_C3_P2,41282400
V1_scalar_F2X_Q4F_C3_P2,41047300
V1_scalar_F2X_Q4F_C3_P2,43750000
V1_scalar_F2X_Q4F_C3_P2,41243700
V1_scalar_F2X_Q4F_C3_P2,41462200
V1_scalar_F2X_Q4F_C3_P2,41091400
V1_scalar_F2X_Q4F_C3_P2,41873100
V1_scalar_F2X_Q4F_C3_P2,44528200
V1_scalar_F2X_Q4F_C3_P2,41469200
V1_scalar_F2X_Q4F_C3_P2,41737500
V1_scalar_F2X_Q4F_C3_P2,43597600
V1_scalar_F2X_Q4F_C3_P2,42344500
V1_scalar_F2X_Q4F_C3_P2,42073800
V1_scalar_F2X_Q4F_C3_P2,41809600
V1_scalar_F2X_Q4F_C3_P2,41469500
V1_scalar_F2X_Q4F_C3_P2,43041700
V1_scalar_F2X_Q4F_C3_P2,43315400
V1_scalar_F2X_Q4F_C3_P2,41790500
V1_scalar_F2X_Q4F_C3_P2,44094400
V1_scalar_F2X_Q4F_C3_P2,41983300
V1_scalar_F2X_Q4F_C3_P2,42050900
V1_scalar_F2X_Q4F_C3_P2,43158700
V1_scalar_F2X_Q4F_C3_P2,42811000
V1_scalar_F2X_Q4F_C3_P2,41343600
V1_scalar_F2X_Q4F_C3_P2,43799000
V1_scalar_F2X_Q4F_C3_P2,42450100
V1_scalar_F2X_Q4F_C3_P2,41145400
V1_scalar_F2X_Q4F_C3_P2,41586200
V1_scalar_F2X_Q4F_C3_P2,43620500
V1_scalar_F2X_Q4F_C3_P2,41265900
V1_scalar_F2X_Q4F_C3_P2,41396300
V1_scalar_F2X_Q4F_C3_P2,41356900
V1_scalar_F2X_Q4F_C3_P2,41646100
V1_scalar_F2X_Q4F_C3_P2,40948000
V1_scalar_F2X_Q4F_C4F_P2,41775700
V1_scalar_F2X_Q4F_C4F_P2,43725700
V1_scalar_F2X_Q4F_C4F_P2,41720700
V1_scalar_F2X_Q4F_C4F_P2,41126200
V1_scalar_F2X_Q4F_C4F_P2,41065100
V1_scalar_F2X_Q4F_C4F_P2,42606300
V1_scalar_F2X_Q4F_C4F_P2,41328300
V1_scalar_F2X_Q4F_C4F_P2,41178100
V1_scalar_F2X_Q4F_C4F_P2,41458000
V1_scalar_F2X_Q4F_C4F_P2,41417800
V1_scalar_F2X_Q4F_C4F_P2,41392100
V1_scalar_F2X_Q4F_C4F_P2,41448300
V1_scalar_F2X_Q4F_C4F_P2,44695000
V1_scalar_F2X_Q4F_C4F_P2,43410100
V1_scalar_F2X_Q4F_C4F_P2,43189400
V1_scalar_F2X_Q4F_C4F_P2,42987500
V1_scalar_F2X_Q4F_C4F_P2,43241200
V1_scalar_F2X_Q4F_C4F_P2,42146800
V1_scalar_F2X_Q4F_C4F_P2,43596600
V1_scalar_F2X_Q4F_C4F_P2,43368600
V1_scalar_F2X_Q4F_C4F_P2,41351600
V1_scalar_F2X_Q4F_C4F_P2,42011500
V1_scalar_F2X_Q4F_C4F_P2,41866700
V1_scalar_F2X_Q4F_C4F_P2,42045100
V1_scalar_F2X_Q4F_C4F_P2,41836400
V1_scalar_F2X_Q4F_C4F_P2,42348400
V1_scalar_F2X_Q4F_C4F_P2,41447000
V1_scalar_F2X_Q4F_C4F_P2,41246600
V1_scalar_F2X_Q4F_C4F_P2,41177800
V1_scalar_F2X_Q4F_C4F_P2,41261900
V1_scalar_F2X_Q4F_C4F_P2,41363000
V1_scalar_F2X_Q4F_C4F_P2,41571200
V1_scalar_F2X_Q4F_C4F_P2,43656300
V1_scalar_F2X_Q4F_C4F_P2,41812500
V1_scalar_F2X_Q4F_C4F_P2,42247300
V1_scalar_F2X_Q4F_C4F_P2,41038000
V1_scalar_F2X_Q4F_C4F_P2,41992800
V1_scalar_F2X_Q4F_C4F_P2,41589800
V1_scalar_F2X_Q4F_C4F_P2,41540600
V1_scalar_F2X_Q4F_C4F_P2,44012000
V1_scalar_F2X_Q4F_C4F_P2,41690400
V1_scalar_F2X_Q4F_C4F_P2,43087900
V1_scalar_F2X_Q4F_C4F_P2,41911900
V1_scalar_F2X_Q4F_C4F_P2,40882200
V1_scalar_F2X_Q4F_C4M_P2,44464800
V1_scalar_F2X_Q4F_C4M_P2,42268700
V1_scalar_F2X_Q4F_C4M_P2,43038800
V1_scalar_F2X_Q4F_C4M_P2,44405800
V1_scalar_F2X_Q4F_C4M_P2,44496100
V1_scalar_F2X_Q4F_C4M_P2,41797600
V1_scalar_F2X_Q4F_C4M_P2,41822400
V1_scalar_F2X_Q4F_C4M_P2,42299200
V1_scalar_F2X_Q4F_C4M_P2,42365000
V1_scalar_F2X_Q4F_C4M_P2,42725800
V1_scalar_F2X_Q4F_C4M_P2,42289400
V1_scalar_F2X_Q4F_C4M_P2,44297700
V1_scalar_F2X_Q4F_C4M_P2,42193600
V1_scalar_F2X_Q4F_C4M_P2,45001900
V1_scalar_F2X_Q4F_C4M_P2,42105700
V1_scalar_F2X_Q4F_C4M_P2,43061400
V1_scalar_F2X_Q4F_C4M_P2,42419500
V1_scalar_F2X_Q4F_C4M_P2,44146600
V1_scalar_F2X_Q4F_C4M_P2,44974400
V1_scalar_F2X_Q4F_C4M_P2,42579200
V1_scalar_F2X_Q4F_C4M_P2,42521500
V1_scalar_F2X_Q4F_C4M_P2,41644800
V1_scalar_F2X_Q4F_C4M_P2,41852800
V1_scalar_F2X_Q4F_C4M_P2,42228300
V1_scalar_F2X_Q4F_C4M_P2,42882800
V1_scalar_F2X_Q4F_C4M_P2,41556600
V1_scalar_F2X_Q4F_C4M_P2,43708600
V1_scalar_F2X_Q4F_C4M_P2,41638600
V1_scalar_F2X_Q4F_C4M_P2,44125200
V1_scalar_F2X_Q4F_C4M_P2,44013000
V1_scalar_F2X_Q4F_C4M_P2,42712200
V1_scalar_F2X_Q4F_C4M_P2,42174000
V1_scalar_F2X_Q4F_C4M_P2,42140400
V1_scalar_F2X_Q4F_C4M_P2,42209800
V1_scalar_F2X_Q4F_C4M_P2,41849400
V1_scalar_F2X_Q4F_C4M_P2,41711700
V1_scalar_F2X_Q4F_C4M_P2,41842500
V1_scalar_F2X_Q4F_C4M_P2,42137200
V1_scalar_F2X_Q4F_C4M_P2,41569200
V1_scalar_F2X_Q4F_C4M_P2,44669700
V1_scalar_F2X_Q4F_C4M_P2,42370600
V1_scalar_F2X_Q4F_C4M_P2,41882700
V1_scalar_F2X_Q4F_C4M_P2,41941200
V1_scalar_F2X_Q4F_C4M_P2,41895200
V1_scalar_F2X_Q4F_C5F_P2,48421500
V1_scalar_F2X_Q4F_C5F_P2,48687500
V1_scalar_F2X_Q4F_C5F_P2,50237000
V1_scalar_F2X_Q4F_C5F_P2,50991300
V1_scalar_F2X_Q4F_C5F_P2,47639300
V1_scalar_F2X_Q4F_C5F_P2,47469400
V1_scalar_F2X_Q4F_C5F_P2,48396900
V1_scalar_F2X_Q4F_C5F_P2,47313800
V1_scalar_F2X_Q4F_C5F_P2,52521400
V1_scalar_F2X_Q4F_C5F_P2,50428700
V1_scalar_F2X_Q4F_C5F_P2,47989800
V1_scalar_F2X_Q4F_C5F_P2,49257500
V1_scalar_F2X_Q4F_C5F_P2,47744800
V1_scalar_F2X_Q4F_C5F_P2,48109400
V1_scalar_F2X_Q4F_C5F_P2,47765600
V1_scalar_F2X_Q4F_C5F_P2,50462100
V1_scalar_F2X_Q4F_C5F_P2,48421400
V1_scalar_F2X_Q4F_C5F_P2,47720300
V1_scalar_F2X_Q4F_C5F_P2,48748500
V1_scalar_F2X_Q4F_C5F_P2,49216500
V1_scalar_F2X_Q4F_C5F_P2,48981100
V1_scalar_F2X_Q4F_C5F_P2,48254500
V1_scalar_F2X_Q4F_C5F_P2,47578000
V1_scalar_F2X_Q4F_C5F_P2,47601400
V1_scalar_F2X_Q4F_C5F_P2,48211000
V1_scalar_F2X_Q4F_C5F_P2,50416400
V1_scalar_F2X_Q4F_C5F_P2,51218000
V1_scalar_F2X_Q4F_C5F_P2,54591000
V1_scalar_F2X_Q4F_C5F_P2,51123200
V1_scalar_F2X_Q4F_C5F_P2,49871200
V1_scalar_F2X_Q4F_C5F_P2,49712300
V1_scalar_F2X_Q4F_C5F_P2,48763100
V1_scalar_F2X_Q4F_C5F_P2,49788400
V1_scalar_F2X_Q4F_C5F_P2,47765000
V1_scalar_F2X_Q4F_C5F_P2,49816500
V1_scalar_F2X_Q4F_C5F_P2,48181300
V1_scalar_F2X_Q4F_C5F_P2,47562200
V1_scalar_F2X_Q4F_C5F_P2,49544600
V1_scalar_F2X_Q4F_C5F_P2,47667500
V1_scalar_F2X_Q4F_C5M_P2,54144600
V1_scalar_F2X_Q4F_C5M_P2,53598500
V1_scalar_F2X_Q4F_C5M_P2,55243700
V1_scalar_F2X_Q4F_C5M_P2,56124100
V1_scalar_F2X_Q4F_C5M_P2,55076500
V1_scalar_F2X_Q4F_C5M_P2,53310800
V1_scalar_F2X_Q4F_C5M_P2,53224200
V1_scalar_F2X_Q4F_C5M_P2,53570100
V1_scalar_F2X_Q4F_C5M_P2,53073300
V1_scalar_F2X_Q4F_C5M_P2,55325000
V1_scalar_F2X_Q4F_C5M_P2,54523500
V1_scalar_F2X_Q4F_C5M_P2,54205000
V1_scalar_F2X_Q4F_C5M_P2,55866400
V1_scalar_F2X_Q4F_C5M_P2,55518200
V1_scalar_F2X_Q4F_C5M_P2,54285200
V1_scalar_F2X_Q4F_C5M_P2,53815100
V1_scalar_F2X_Q4F_C5M_P2,53819400
V1_scalar_F2X_Q4F_C5M_P2,54213200
V1_scalar_F2X_Q4F_C5M_P2,56290500
V1_scalar_F2X_Q4F_C5M_P2,53337300
V1_scalar_F2X_Q4F_C5M_P2,53107300
V1_scalar_F2X_Q4F_C5M_P2,55195200
V1_scalar_F2X_Q4F_C5M_P2,53551100
V1_scalar_F2X_Q4F_C5M_P2,56231400
V1_scalar_F2X_Q4F_C5M_P2,53307900
V1_scalar_F2X_Q4F_C5M_P2,53592900
V1_scalar_F2X_Q4F_C5M_P2,55859800
V1_scalar_F2X_Q4F_C5M_P2,53480100
V1_scalar_F2X_Q4F_C5M_P2,54608100
V1_scalar_F2X_Q4F_C5M_P2,53870300
V1_scalar_F2X_Q4F_C5M_P2,53367900
V1_scalar_F2X_Q4F_C5M_P2,52954100
V1_scalar_F2X_Q4F_C5M_P2,55838100
V1_scalar_F2X_Q4F_C5M_P2,56038600
V1_scalar_F2X_Q4F_C5M_P2,54820100
V1_scalar_F2X_Q4M_C1R_P2,74664100
V1_scalar_F2X_Q4M_C1R_P2,70208400
V1_scalar_F2X_Q4M_C1R_P2,70172100
V1_scalar_F2X_Q4M_C1R_P2,74463800
V1_scalar_F2X_Q4M_C1R_P2,73210300
V1_scalar_F2X_Q4M_C1R_P2,70072700
V1_scalar_F2X_Q4M_C1R_P2,70026400
V1_scalar_F2X_Q4M_C1R_P2,74472700
V1_scalar_F2X_Q4M_C1R_P2,71932600
V1_scalar_F2X_Q4M_C1R_P2,71343300
V1_scalar_F2X_Q4M_C1R_P2,70492800
V1_scalar_F2X_Q4M_C1R_P2,71393000
V1_scalar_F2X_Q4M_C1R_P2,70507600
V1_scalar_F2X_Q4M_C1R_P2,70169000
V1_scalar_F2X_Q4M_C1R_P2,71851700
V1_scalar_F2X_Q4M_C1R_P2,72289600
V1_scalar_F2X_Q4M_C1R_P2,70207600
V1_scalar_F2X_Q4M_C1R_P2,70096500
V1_scalar_F2X_Q4M_C1R_P2,71603300
V1_scalar_F2X_Q4M_C1R_P2,70241500
V1_scalar_F2X_Q4M_C1R_P2,71682200
V1_scalar_F2X_Q4M_C1R_P2,71569000
V1_scalar_F2X_Q4M_C1R_P2,70539300
V1_scalar_F2X_Q4M_C1R_P2,70437300
V1_scalar_F2X_Q4M_C1R_P2,70055000
V1_scalar_F2X_Q4M_C1R_P2,69954400
V1_scalar_F2X_Q4M_C1R_P2,71271100
V1_scalar_F2X_Q4M_C1R_P2,74715300
V1_scalar_F2X_Q4M_C1X_P2,51260400
V1_scalar_F2X_Q4M_C1X_P2,51355200
V1_scalar_F2X_Q4M_C1X_P2,52611900
V1_scalar_F2X_Q4M_C1X_P2,50688600
V1_scalar_F2X_Q4M_C1X_P2,50818300
V1_scalar_F2X_Q4M_C1X_P2,50748500
V1_scalar_F2X_Q4M_C1X_P2,50591700
V1_scalar_F2X_Q4M_C1X_P2,51179700
V1_scalar_F2X_Q4M_C1X_P2,52349900
V1_scalar_F2X_Q4M_C1X_P2,50582900
V1_scalar_F2X_Q4M_C1X_P2,55868500
V1_scalar_F2X_Q4M_C1X_P2,54190800
V1_scalar_F2X_Q4M_C1X_P2,52215200
V1_scalar_F2X_Q4M_C1X_P2,51253100
V1_scalar_F2X_Q4M_C1X_P2,51169300
V1_scalar_F2X_Q4M_C1X_P2,50659200
V1_scalar_F2X_Q4M_C1X_P2,50724200
V1_scalar_F2X_Q4M_C1X_P2,51677900
V1_scalar_F2X_Q4M_C1X_P2,51195400
V1_scalar_F2X_Q4M_C1X_P2,53647800
V1_scalar_F2X_Q4M_C1X_P2,50522500
V1_scalar_F2X_Q4M_C1X_P2,51995500
V1_scalar_F2X_Q4M_C1X_P2,50912400
V1_scalar_F2X_Q4M_C1X_P2,50969600
V1_scalar_F2X_Q4M_C1X_P2,50555200
V1_scalar_F2X_Q4M_C1X_P2,50946300
V1_scalar_F2X_Q4M_C1X_P2,52204900
V1_scalar_F2X_Q4M_C1X_P2,52678900
V1_scalar_F2X_Q4M_C1X_P2,51038800
V1_scalar_F2X_Q4M_C1X_P2,51129600
V1_scalar_F2X_Q4M_C1X_P2,51854600
V1_scalar_F2X_Q4M_C1X_P2,50510900
V1_scalar_F2X_Q4M_C1X_P2,50779600
V1_scalar_F2X_Q4M_C1X_P2,51253100
V1_scalar_F2X_Q4M_C1X_P2,50646900
V1_scalar_F2X_Q4M_C1X_P2,51011100
V1_scalar_F2X_Q4M_C1X_P2,53854900
V1_scalar_F2X_Q4M_C1X_P2,54208200
V1_scalar_F2X_Q4M_C2R_P2,61903300
V1_scalar_F2X_Q4M_C2R_P2,61763000
V1_scalar_F2X_Q4M_C2R_P2,62117300
V1_scalar_F2X_Q4M_C2R_P2,61825900
V1_scalar_F2X_Q4M_C2R_P2,63183800
V1_scalar_F2X_Q4M_C2R_P2,63561500
V1_scalar_F2X_Q4M_C2R_P2,61828700
V1_scalar_F2X_Q4M_C2R_P2,61799700
V1_scalar_F2X_Q4M_C2R_P2,62117300
V1_scalar_F2X_Q4M_C2R_P2,62018000
V1_scalar_F2X_Q4M_C2R_P2,62756100
V1_scalar_F2X_Q4M_C2R_P2,61150200
V1_scalar_F2X_Q4M_C2R_P2,61274700
V1_scalar_F2X_Q4M_C2R_P2,62655600
V1_scalar_F2X_Q4M_C2R_P2,61946300
V1_scalar_F2X_Q4M_C2R_P2,61625000
V1_scalar_F2X_Q4M_C2R_P2,62612400
V1_scalar_F2X_Q4M_C2R_P2,63026600
V1_scalar_F2X_Q4M_C2R_P2,62220900
V1_scalar_F2X_Q4M_C2R_P2,61418400
V1_scalar_F2X_Q4M_C2R_P2,64377400
V1_scalar_F2X_Q4M_C2R_P2,66362200
V1_scalar_F2X_Q4M_C2R_P2,66463900
V1_scalar_F2X_Q4M_C2R_P2,63308400
V1_scalar_F2X_Q4M_C2R_P2,61562400
V1_scalar_F2X_Q4M_C2R_P2,62230000
V1_scalar_F2X_Q4M_C2R_P2,64301800
V1_scalar_F2X_Q4M_C2R_P2,61048900
V1_scalar_F2X_Q4M_C2R_P2,61992400
V1_scalar_F2X_Q4M_C2R_P2,62048600
V1_scalar_F2X_Q4M_C2R_P2,61887600
V1_scalar_F2X_Q4M_C2X_P2,45838600
V1_scalar_F2X_Q4M_C2X_P2,46596400
V1_scalar_F2X_Q4M_C2X_P2,46448700
V1_scalar_F2X_Q4M_C2X_P2,46192500
V1_scalar_F2X_Q4M_C2X_P2,47112900
V1_scalar_F2X_Q4M_C2X_P2,46156800
V1_scalar_F2X_Q4M_C2X_P2,46232400
V1_scalar_F2X_Q4M_C2X_P2,47105700
V1_scalar_F2X_Q4M_C2X_P2,45987300
V1_scalar_F2X_Q4M_C2X_P2,46602400
V1_scalar_F2X_Q4M_C2X_P2,47061400
V1_scalar_F2X_Q4M_C2X_P2,46626100
V1_scalar_F2X_Q4M_C2X_P2,47437400
V1_scalar_F2X_Q4M_C2X_P2,46583900
V1_scalar_F2X_Q4M_C2X_P2,45969300
V1_scalar_F2X_Q4M_C2X_P2,45879100
V1_scalar_F2X_Q4M_C2X_P2,47187900
V1_scalar_F2X_Q4M_C2X_P2,46680700
V1_scalar_F2X_Q4M_C2X_P2,46938600
V1_scalar_F2X_Q4M_C2X_P2,46473700
V1_scalar_F2X_Q4M_C2X_P2,46559200
V1_scalar_F2X_Q4M_C2X_P2,46465000
V1_scalar_F2X_Q4M_C2X_P2,47889200
V1_scalar_F2X_Q4M_C2X_P2,46274700
V1_scalar_F2X_Q4M_C2X_P2,48851000
V1_scalar_F2X_Q4M_C2X_P2,46270000
V1_scalar_F2X_Q4M_C2X_P2,46355100
V1_scalar_F2X_Q4M_C2X_P2,46266800
V1_scalar_F2X_Q4M_C2X_P2,46403500
V1_scalar_F2X_Q4M_C2X_P2,46225800
V1_scalar_F2X_Q4M_C2X_P2,46898300
V1_scalar_F2X_Q4M_C2X_P2,48388000
V1_scalar_F2X_Q4M_C2X_P2,48881800
V1_scalar_F2X_Q4M_C2X_P2,47089700
V1_scalar_F2X_Q4M_C2X_P2,46123600
V1_scalar_F2X_Q4M_C2X_P2,46014700
V1_scalar_F2X_Q4M_C2X_P2,46858100
V1_scalar_F2X_Q4M_C2X_P2,49673600
V1_scalar_F2X_Q4M_C2X_P2,46713900
V1_scalar_F2X_Q4M_C2X_P2,47349500
V1_scalar_F2X_Q4M_C2X_P2,48090600
V1_scalar_F2X_Q4M_C3_P2,42995200
V1_scalar_F2X_Q4M_C3_P2,42203000
V1_scalar_F2X_Q4M_C3_P2,43215600
V1_scalar_F2X_Q4M_C3_P2,41723500
V1_scalar_F2X_Q4M_C3_P2,42707300
V1_scalar_F2X_Q4M_C3_P2,42689300
V1_scalar_F2X_Q4M_C3_P2,42430200
V1_scalar_F2X_Q4M_C3_P2,42183600
V1_scalar_F2X_Q4M_C3_P2,43088100
V1_scalar_F2X_Q4M_C3_P2,43658800
V1_scalar_F2X_Q4M_C3_P2,42428000
V1_scalar_F2X_Q4M_C3_P2,43501400
V1_scalar_F2X_Q4M_C3_P2,43042700
V1_scalar_F2X_Q4M_C3_P2,42875700
V1_scalar_F2X_Q4M_C3_P2,42782200
V1_scalar_F2X_Q4M_C3_P2,42401500
V1_scalar_F2X_Q4M_C3_P2,42049300
V1_scalar_F2X_Q4M_C3_P2,41842200
V1_scalar_F2X_Q4M_C3_P2,42082600
V1_scalar_F2X_Q4M_C3_P2,42589100
V1_scalar_F2X_Q4M_C3_P2,43629100
V1_scalar_F2X_Q4M_C3_P2,44335100
V1_scalar_F2X_Q4M_C3_P2,42881100
V1_scalar_F2X_Q4M_C3_P2,45524000
V1_scalar_F2X_Q4M_C3_P2,43484200
V1_scalar_F2X_Q4M_C3_P2,42547600
V1_scalar_F2X_Q4M_C3_P2,42608100
V1_scalar_F2X_Q4M_C3_P2,43181300
V1_scalar_F2X_Q4M_C3_P2,42422400
V1_scalar_F2X_Q4M_C3_P2,41870600
V1_scalar_F2X_Q4M_C3_P2,42223300
V1_scalar_F2X_Q4M_C3_P2,43733200
V1_scalar_F2X_Q4M_C3_P2,42124300
V1_scalar_F2X_Q4M_C3_P2,42023100
V1_scalar_F2X_Q4M_C3_P2,42261100
V1_scalar_F2X_Q4M_C3_P2,42299200
V1_scalar_F2X_Q4M_C3_P2,41948000
V1_scalar_F2X_Q4M_C3_P2,42030400
V1_scalar_F2X_Q4M_C3_P2,44098300
V1_scalar_F2X_Q4M_C3_P2,42339600
V1_scalar_F2X_Q4M_C3_P2,42440000
V1_scalar_F2X_Q4M_C3_P2,41710300
V1_scalar_F2X_Q4M_C3_P2,42019200
V1_scalar_F2X_Q4M_C4F_P2,43726800
V1_scalar_F2X_Q4M_C4F_P2,42460200
V1_scalar_F2X_Q4M_C4F_P2,42313400
V1_scalar_F2X_Q4M_C4F_P2,42336400
V1_scalar_F2X_Q4M_C4F_P2,43510800
V1_scalar_F2X_Q4M_C4F_P2,42210000
V1_scalar_F2X_Q4M_C4F_P2,42907600
V1_scalar_F2X_Q4M_C4F_P2,44839300
V1_scalar_F2X_Q4M_C4F_P2,42147400
V1_scalar_F2X_Q4M_C4F_P2,42214200
V1_scalar_F2X_Q4M_C4F_P2,45051300
V1_scalar_F2X_Q4M_C4F_P2,45488500
V1_scalar_F2X_Q4M_C4F_P2,45129200
V1_scalar_F2X_Q4M_C4F_P2,42148500
V1_scalar_F2X_Q4M_C4F_P2,44528500
V1_scalar_F2X_Q4M_C4F_P2,42060300
V1_scalar_F2X_Q4M_C4F_P2,42374300
V1_scalar_F2X_Q4M_C4F_P2,42644700
V1_scalar_F2X_Q4M_C4F_P2,43943000
V1_scalar_F2X_Q4M_C4F_P2,43191900
V1_scalar_F2X_Q4M_C4F_P2,45212800
V1_scalar_F2X_Q4M_C4F_P2,45093600
V1_scalar_F2X_Q4M_C4F_P2,42004200
V1_scalar_F2X_Q4M_C4F_P2,42404800
V1_scalar_F2X_Q4M_C4F_P2,43064500
V1_scalar_F2X_Q4M_C4F_P2,42493900
V1_scalar_F2X_Q4M_C4F_P2,42737200
V1_scalar_F2X_Q4M_C4F_P2,42456400
V1_scalar_F2X_Q4M_C4F_P2,43612100
V1_scalar_F2X_Q4M_C4F_P2,43128200
V1_scalar_F2X_Q4M_C4F_P2,44785100
V1_scalar_F2X_Q4M_C4F_P2,42345000
V1_scalar_F2X_Q4M_C4F_P2,42307900
V1_scalar_F2X_Q4M_C4F_P2,44365200
V1_scalar_F2X_Q4M_C4F_P2,42232200
V1_scalar_F2X_Q4M_C4F_P2,44239400
V1_scalar_F2X_Q4M_C4F_P2,43838900
V1_scalar_F2X_Q4M_C4F_P2,43960400
V1_scalar_F2X_Q4M_C4F_P2,44780300
V1_scalar_F2X_Q4M_C4F_P2,43996400
V1_scalar_F2X_Q4M_C4F_P2,43152100
V1_scalar_F2X_Q4M_C4F_P2,42271800
V1_scalar_F2X_Q4M_C4F_P2,42188600
V1_scalar_F2X_Q4M_C4M_P2,42924000
V1_scalar_F2X_Q4M_C4M_P2,43050300
V1_scalar_F2X_Q4M_C4M_P2,44469100
V1_scalar_F2X_Q4M_C4M_P2,42513000
V1_scalar_F2X_Q4M_C4M_P2,43821900
V1_scalar_F2X_Q4M_C4M_P2,45083200
V1_scalar_F2X_Q4M_C4M_P2,43148600
V1_scalar_F2X_Q4M_C4M_P2,43331900
V1_scalar_F2X_Q4M_C4M_P2,42814700
V1_scalar_F2X_Q4M_C4M_P2,43151200
V1_scalar_F2X_Q4M_C4M_P2,43194800
V1_scalar_F2X_Q4M_C4M_P2,42710300
V1_scalar_F2X_Q4M_C4M_P2,43096100
V1_scalar_F2X_Q4M_C4M_P2,43031800
V1_scalar_F2X_Q4M_C4M_P2,46309800
V1_scalar_F2X_Q4M_C4M_P2,42571300
V1_scalar_F2X_Q4M_C4M_P2,42569900
V1_scalar_F2X_Q4M_C4M_P2,45417200
V1_scalar_F2X_Q4M_C4M_P2,45449100
V1_scalar_F2X_Q4M_C4M_P2,43004300
V1_scalar_F2X_Q4M_C4M_P2,42670400
V1_scalar_F2X_Q4M_C4M_P2,43246700
V1_scalar_F2X_Q4M_C4M_P2,42450000
V1_scalar_F2X_Q4M_C4M_P2,42600100
V1_scalar_F2X_Q4M_C4M_P2,42709600
V1_scalar_F2X_Q4M_C4M_P2,43996700
V1_scalar_F2X_Q4M_C4M_P2,43846100
V1_scalar_F2X_Q4M_C4M_P2,43449800
V1_scalar_F2X_Q4M_C4M_P2,42554700
V1_scalar_F2X_Q4M_C4M_P2,44241400
V1_scalar_F2X_Q4M_C4M_P2,44035100
V1_scalar_F2X_Q4M_C4M_P2,44021800
V1_scalar_F2X_Q4M_C4M_P2,43209400
V1_scalar_F2X_Q4M_C4M_P2,43086400
V1_scalar_F2X_Q4M_C4M_P2,42632900
V1_scalar_F2X_Q4M_C4M_P2,43337500
V1_scalar_F2X_Q4M_C4M_P2,42825300
V1_scalar_F2X_Q4M_C4M_P2,43375900
V1_scalar_F2X_Q4M_C4M_P2,44848500
V1_scalar_F2X_Q4M_C4M_P2,46592800
V1_scalar_F2X_Q4M_C4M_P2,47028800
V1_scalar_F2X_Q4M_C4M_P2,46731700
V1_scalar_F2X_Q4M_C4M_P2,42405800
V1_scalar_F2X_Q4M_C5F_P2,48458400
V1_scalar_F2X_Q4M_C5F_P2,51560800
V1_scalar_F2X_Q4M_C5F_P2,49133400
V1_scalar_F2X_Q4M_C5F_P2,48429000
V1_scalar_F2X_Q4M_C5F_P2,50014800
V1_scalar_F2X_Q4M_C5F_P2,50427000
V1_scalar_F2X_Q4M_C5F_P2,50552800
V1_scalar_F2X_Q4M_C5F_P2,50579600
V1_scalar_F2X_Q4M_C5F_P2,49110500
V1_scalar_F2X_Q4M_C5F_P2,49689900
V1_scalar_F2X_Q4M_C5F_P2,49894500
V1_scalar_F2X_Q4M_C5F_P2,48285700
V1_scalar_F2X_Q4M_C5F_P2,47991700
V1_scalar_F2X_Q4M_C5F_P2,48935100
V1_scalar_F2X_Q4M_C5F_P2,50226000
V1_scalar_F2X_Q4M_C5F_P2,48654400
V1_scalar_F2X_Q4M_C5F_P2,48484400
V1_scalar_F2X_Q4M_C5F_P2,48333900
V1_scalar_F2X_Q4M_C5F_P2,47913300
V1_scalar_F2X_Q4M_C5F_P2,49522400
V1_scalar_F2X_Q4M_C5F_P2,48905600
V1_scalar_F2X_Q4M_C5F_P2,48792500
V1_scalar_F2X_Q4M_C5F_P2,49807300
V1_scalar_F2X_Q4M_C5F_P2,48694400
V1_scalar_F2X_Q4M_C5F_P2,49112200
V1_scalar_F2X_Q4M_C5F_P2,47903000
V1_scalar_F2X_Q4M_C5F_P2,49714100
V1_scalar_F2X_Q4M_C5F_P2,50847300
V1_scalar_F2X_Q4M_C5F_P2,52993400
V1_scalar_F2X_Q4M_C5F_P2,48172700
V1_scalar_F2X_Q4M_C5F_P2,48270200
V1_scalar_F2X_Q4M_C5F_P2,48389300
V1_scalar_F2X_Q4M_C5F_P2,49256900
V1_scalar_F2X_Q4M_C5F_P2,49923700
V1_scalar_F2X_Q4M_C5F_P2,48740600
V1_scalar_F2X_Q4M_C5F_P2,49871900
V1_scalar_F2X_Q4M_C5F_P2,51403600
V1_scalar_F2X_Q4M_C5F_P2,51426800
V1_scalar_F2X_Q4M_C5F_P2,50183000
V1_scalar_F2X_Q4M_C5M_P2,56918500
V1_scalar_F2X_Q4M_C5M_P2,55749200
V1_scalar_F2X_Q4M_C5M_P2,54342600
V1_scalar_F2X_Q4M_C5M_P2,55078600
V1_scalar_F2X_Q4M_C5M_P2,55585100
V1_scalar_F2X_Q4M_C5M_P2,53917600
V1_scalar_F2X_Q4M_C5M_P2,53538800
V1_scalar_F2X_Q4M_C5M_P2,54192100
V1_scalar_F2X_Q4M_C5M_P2,54806400
V1_scalar_F2X_Q4M_C5M_P2,56708000
V1_scalar_F2X_Q4M_C5M_P2,53841500
V1_scalar_F2X_Q4M_C5M_P2,53592900
V1_scalar_F2X_Q4M_C5M_P2,55631500
V1_scalar_F2X_Q4M_C5M_P2,53524900
V1_scalar_F2X_Q4M_C5M_P2,53782400
V1_scalar_F2X_Q4M_C5M_P2,54717500
V1_scalar_F2X_Q4M_C5M_P2,53718400
V1_scalar_F2X_Q4M_C5M_P2,53430900
V1_scalar_F2X_Q4M_C5M_P2,53724000
V1_scalar_F2X_Q4M_C5M_P2,54673200
V1_scalar_F2X_Q4M_C5M_P2,54241200
V1_scalar_F2X_Q4M_C5M_P2,55973700
V1_scalar_F2X_Q4M_C5M_P2,53762400
V1_scalar_F2X_Q4M_C5M_P2,55484500
V1_scalar_F2X_Q4M_C5M_P2,56534600
V1_scalar_F2X_Q4M_C5M_P2,53804600
V1_scalar_F2X_Q4M_C5M_P2,57341900
V1_scalar_F2X_Q4M_C5M_P2,53980800
V1_scalar_F2X_Q4M_C5M_P2,53595900
V1_scalar_F2X_Q4M_C5M_P2,53982000
V1_scalar_F2X_Q4M_C5M_P2,54505500
V1_scalar_F2X_Q4M_C5M_P2,53487800
V1_scalar_F2X_Q4M_C5M_P2,54446100
V1_scalar_F2X_Q4M_C5M_P2,54006100
V1_scalar_F2X_Q4M_C5M_P2,56003000
V1_scalar_F3R_Q1_C1R_P2,104612300
V1_scalar_F3R_Q1_C1R_P2,98333800
V1_scalar_F3R_Q1_C1R_P2,97133800
V1_scalar_F3R_Q1_C1R_P2,97086600
V1_scalar_F3R_Q1_C1R_P2,97563800
V1_scalar_F3R_Q1_C1R_P2,98228700
V1_scalar_F3R_Q1_C1R_P2,101029900
V1_scalar_F3R_Q1_C1R_P2,98949200
V1_scalar_F3R_Q1_C1R_P2,99107200
V1_scalar_F3R_Q1_C1R_P2,97931900
V1_scalar_F3R_Q1_C1R_P2,99390100
V1_scalar_F3R_Q1_C1R_P2,97610700
V1_scalar_F3R_Q1_C1R_P2,101625800
V1_scalar_F3R_Q1_C1R_P2,98186900
V1_scalar_F3R_Q1_C1R_P2,97469000
V1_scalar_F3R_Q1_C1R_P2,100943000
V1_scalar_F3R_Q1_C1R_P2,98250100
V1_scalar_F3R_Q1_C1R_P2,98496200
V1_scalar_F3R_Q1_C1R_P2,99978800
V1_scalar_F3R_Q1_C1R_P2,97275600
V1_scalar_F3R_Q1_C1R_P2,99001200
V1_scalar_F3R_Q1_C1X_P2,76094300
V1_scalar_F3R_Q1_C1X_P2,76735300
V1_scalar_F3R_Q1_C1X_P2,75717600
V1_scalar_F3R_Q1_C1X_P2,77206300
V1_scalar_F3R_Q1_C1X_P2,75933600
V1_scalar_F3R_Q1_C1X_P2,77949600
V1_scalar_F3R_Q1_C1X_P2,77025100
V1_scalar_F3R_Q1_C1X_P2,78342900
V1_scalar_F3R_Q1_C1X_P2,76844300
V1_scalar_F3R_Q1_C1X_P2,76796000
V1_scalar_F3R_Q1_C1X_P2,80439500
V1_scalar_F3R_Q1_C1X_P2,76583700
V1_scalar_F3R_Q1_C1X_P2,75517600
V1_scalar_F3R_Q1_C1X_P2,76205200
V1_scalar_F3R_Q1_C1X_P2,76175400
V1_scalar_F3R_Q1_C1X_P2,75859100
V1_scalar_F3R_Q1_C1X_P2,76211100
V1_scalar_F3R_Q1_C1X_P2,75754900
V1_scalar_F3R_Q1_C1X_P2,75760400
V1_scalar_F3R_Q1_C1X_P2,75702900
V1_scalar_F3R_Q1_C1X_P2,76398600
V1_scalar_F3R_Q1_C1X_P2,76289700
V1_scalar_F3R_Q1_C1X_P2,76494600
V1_scalar_F3R_Q1_C1X_P2,80171200
V1_scalar_F3R_Q1_C1X_P2,76287000
V1_scalar_F3R_Q1_C1X_P2,80623400
V1_scalar_F3R_Q1_C2R_P2,91197700
V1_scalar_F3R_Q1_C2R_P2,92035100
V1_scalar_F3R_Q1_C2R_P2,94095000
V1_scalar_F3R_Q1_C2R_P2,92870500
V1_scalar_F3R_Q1_C2R_P2,91386900
V1_scalar_F3R_Q1_C2R_P2,92948800
V1_scalar_F3R_Q1_C2R_P2,90775700
V1_scalar_F3R_Q1_C2R_P2,92104600
V1_scalar_F3R_Q1_C2R_P2,95738600
V1_scalar_F3R_Q1_C2R_P2,92167500
V1_scalar_F3R_Q1_C2R_P2,94424700
V1_scalar_F3R_Q1_C2R_P2,92748900
V1_scalar_F3R_Q1_C2R_P2,90714900
V1_scalar_F3R_Q1_C2R_P2,90857500
V1_scalar_F3R_Q1_C2R_P2,92971800
V1_scalar_F3R_Q1_C2R_P2,93430500
V1_scalar_F3R_Q1_C2R_P2,91759700
V1_scalar_F3R_Q1_C2R_P2,90361300
V1_scalar_F3R_Q1_C2R_P2,91825200
V1_scalar_F3R_Q1_C2R_P2,91262600
V1_scalar_F3R_Q1_C2R_P2,91825300
V1_scalar_F3R_Q1_C2X_P2,73088800
V1_scalar_F3R_Q1_C2X_P2,73029200
V1_scalar_F3R_Q1_C2X_P2,74235200
V1_scalar_F3R_Q1_C2X_P2,77173800
V1_scalar_F3R_Q1_C2X_P2,73059400
V1_scalar_F3R_Q1_C2X_P2,73322400
V1_scalar_F3R_Q1_C2X_P2,72749900
V1_scalar_F3R_Q1_C2X_P2,71842200
V1_scalar_F3R_Q1_C2X_P2,74016500
V1_scalar_F3R_Q1_C2X_P2,74645100
V1_scalar_F3R_Q1_C2X_P2,71689100
V1_scalar_F3R_Q1_C2X_P2,72230900
V1_scalar_F3R_Q1_C2X_P2,73111700
V1_scalar_F3R_Q1_C2X_P2,71848900
V1_scalar_F3R_Q1_C2X_P2,72845700
V1_scalar_F3R_Q1_C2X_P2,73682000
V1_scalar_F3R_Q1_C2X_P2,72894900
V1_scalar_F3R_Q1_C2X_P2,72130300
V1_scalar_F3R_Q1_C2X_P2,73251100
V1_scalar_F3R_Q1_C2X_P2,71396100
V1_scalar_F3R_Q1_C2X_P2,71713100
V1_scalar_F3R_Q1_C2X_P2,72025500
V1_scalar_F3R_Q1_C2X_P2,72272700
V1_scalar_F3R_Q1_C2X_P2,71817500
V1_scalar_F3R_Q1_C2X_P2,72097400
V1_scalar_F3R_Q1_C2X_P2,76462400
V1_scalar_F3R_Q1_C2X_P2,71910400
V1_scalar_F3R_Q1_C3_P2,67925900
V1_scalar_F3R_Q1_C3_P2,67660200
V1_scalar_F3R_Q1_C3_P2,68537600
V1_scalar_F3R_Q1_C3_P2,69686300
V1_scalar_F3R_Q1_C3_P2,68513400
V1_scalar_F3R_Q1_C3_P2,67369800
V1_scalar_F3R_Q1_C3_P2,69182800
V1_scalar_F3R_Q1_C3_P2,70300300
V1_scalar_F3R_Q1_C3_P2,67672600
V1_scalar_F3R_Q1_C3_P2,67427600
V1_scalar_F3R_Q1_C3_P2,68344800
V1_scalar_F3R_Q1_C3_P2,75387600
V1_scalar_F3R_Q1_C3_P2,69995300
V1_scalar_F3R_Q1_C3_P2,68812100
V1_scalar_F3R_Q1_C3_P2,70699400
V1_scalar_F3R_Q1_C3_P2,68239800
V1_scalar_F3R_Q1_C3_P2,68847300
V1_scalar_F3R_Q1_C3_P2,68419800
V1_scalar_F3R_Q1_C3_P2,70205300
V1_scalar_F3R_Q1_C3_P2,67325900
V1_scalar_F3R_Q1_C3_P2,68680500
V1_scalar_F3R_Q1_C3_P2,68297400
V1_scalar_F3R_Q1_C3_P2,69932800
V1_scalar_F3R_Q1_C3_P2,67699300
V1_scalar_F3R_Q1_C3_P2,71969600
V1_scalar_F3R_Q1_C3_P2,68727000
V1_scalar_F3R_Q1_C3_P2,67173200
V1_scalar_F3R_Q1_C3_P2,69473300
V1_scalar_F3R_Q1_C4F_P2,68588500
V1_scalar_F3R_Q1_C4F_P2,67943800
V1_scalar_F3R_Q1_C4F_P2,69659400
V1_scalar_F3R_Q1_C4F_P2,68602900
V1_scalar_F3R_Q1_C4F_P2,69155400
V1_scalar_F3R_Q1_C4F_P2,67197400
V1_scalar_F3R_Q1_C4F_P2,67602800
V1_scalar_F3R_Q1_C4F_P2,67479800
V1_scalar_F3R_Q1_C4F_P2,67471500
V1_scalar_F3R_Q1_C4F_P2,67227100
V1_scalar_F3R_Q1_C4F_P2,67459800
V1_scalar_F3R_Q1_C4F_P2,67975400
V1_scalar_F3R_Q1_C4F_P2,67467500
V1_scalar_F3R_Q1_C4F_P2,67216100
V1_scalar_F3R_Q1_C4F_P2,69323900
V1_scalar_F3R_Q1_C4F_P2,67996900
V1_scalar_F3R_Q1_C4F_P2,68101800
V1_scalar_F3R_Q1_C4F_P2,67475100
V1_scalar_F3R_Q1_C4F_P2,68160200
V1_scalar_F3R_Q1_C4F_P2,70724800
V1_scalar_F3R_Q1_C4F_P2,67444800
V1_scalar_F3R_Q1_C4F_P2,67816100
V1_scalar_F3R_Q1_C4F_P2,68830000
V1_scalar_F3R_Q1_C4F_P2,70187100
V1_scalar_F3R_Q1_C4F_P2,69948700
V1_scalar_F3R_Q1_C4F_P2,67544300
V1_scalar_F3R_Q1_C4F_P2,71003500
V1_scalar_F3R_Q1_C4F_P2,69981100
V1_scalar_F3R_Q1_C4M_P2,68134000
V1_scalar_F3R_Q1_C4M_P2,72236600
V1_scalar_F3R_Q1_C4M_P2,72977300
V1_scalar_F3R_Q1_C4M_P2,70674000
V1_scalar_F3R_Q1_C4M_P2,71236200
V1_scalar_F3R_Q1_C4M_P2,72011000
V1_scalar_F3R_Q1_C4M_P2,68696100
V1_scalar_F3R_Q1_C4M_P2,70670100
V1_scalar_F3R_Q1_C4M_P2,69451400
V1_scalar_F3R_Q1_C4M_P2,69125300
V1_scalar_F3R_Q1_C4M_P2,68712000
V1_scalar_F3R_Q1_C4M_P2,68238000
V1_scalar_F3R_Q1_C4M_P2,70039400
V1_scalar_F3R_Q1_C4M_P2,71415100
V1_scalar_F3R_Q1_C4M_P2,68155100
V1_scalar_F3R_Q1_C4M_P2,69785100
V1_scalar_F3R_Q1_C4M_P2,68031200
V1_scalar_F3R_Q1_C4M_P2,68026700
V1_scalar_F3R_Q1_C4M_P2,67962900
V1_scalar_F3R_Q1_C4M_P2,67822100
V1_scalar_F3R_Q1_C4M_P2,68310300
V1_scalar_F3R_Q1_C4M_P2,69838500
V1_scalar_F3R_Q1_C4M_P2,69486300
V1_scalar_F3R_Q1_C4M_P2,69929900
V1_scalar_F3R_Q1_C4M_P2,68577700
V1_scalar_F3R_Q1_C4M_P2,68248100
V1_scalar_F3R_Q1_C4M_P2,68875000
V1_scalar_F3R_Q1_C4M_P2,68318200
V1_scalar_F3R_Q1_C5F_P2,73955000
V1_scalar_F3R_Q1_C5F_P2,70224100
V1_scalar_F3R_Q1_C5F_P2,70928500
V1_scalar_F3R_Q1_C5F_P2,74019300
V1_scalar_F3R_Q1_C5F_P2,71350200
V1_scalar_F3R_Q1_C5F_P2,74129200
V1_scalar_F3R_Q1_C5F_P2,69922200
V1_scalar_F3R_Q1_C5F_P2,73438600
V1_scalar_F3R_Q1_C5F_P2,72003000
V1_scalar_F3R_Q1_C5F_P2,71901300
V1_scalar_F3R_Q1_C5F_P2,70860800
V1_scalar_F3R_Q1_C5F_P2,72643400
V1_scalar_F3R_Q1_C5F_P2,71132600
V1_scalar_F3R_Q1_C5F_P2,71982400
V1_scalar_F3R_Q1_C5F_P2,71212400
V1_scalar_F3R_Q1_C5F_P2,70095800
V1_scalar_F3R_Q1_C5F_P2,71725900
V1_scalar_F3R_Q1_C5F_P2,72625200
V1_scalar_F3R_Q1_C5F_P2,73379100
V1_scalar_F3R_Q1_C5F_P2,71301100
V1_scalar_F3R_Q1_C5F_P2,70331800
V1_scalar_F3R_Q1_C5F_P2,74930100
V1_scalar_F3R_Q1_C5F_P2,71461500
V1_scalar_F3R_Q1_C5F_P2,72376000
V1_scalar_F3R_Q1_C5F_P2,70507900
V1_scalar_F3R_Q1_C5F_P2,72642700
V1_scalar_F3R_Q1_C5F_P2,74628200
V1_scalar_F3R_Q1_C5M_P2,78303600
V1_scalar_F3R_Q1_C5M_P2,78955800
V1_scalar_F3R_Q1_C5M_P2,77624900
V1_scalar_F3R_Q1_C5M_P2,78505300
V1_scalar_F3R_Q1_C5M_P2,80075100
V1_scalar_F3R_Q1_C5M_P2,76368000
V1_scalar_F3R_Q1_C5M_P2,77791100
V1_scalar_F3R_Q1_C5M_P2,77047300
V1_scalar_F3R_Q1_C5M_P2,78140300
V1_scalar_F3R_Q1_C5M_P2,78440200
V1_scalar_F3R_Q1_C5M_P2,78792800
V1_scalar_F3R_Q1_C5M_P2,76672000
V1_scalar_F3R_Q1_C5M_P2,77153900
V1_scalar_F3R_Q1_C5M_P2,79281400
V1_scalar_F3R_Q1_C5M_P2,77589600
V1_scalar_F3R_Q1_C5M_P2,77016400
V1_scalar_F3R_Q1_C5M_P2,76693000
V1_scalar_F3R_Q1_C5M_P2,77809100
V1_scalar_F3R_Q1_C5M_P2,77414100
V1_scalar_F3R_Q1_C5M_P2,78390500
V1_scalar_F3R_Q1_C5M_P2,76986400
V1_scalar_F3R_Q1_C5M_P2,77586500
V1_scalar_F3R_Q1_C5M_P2,78991100
V1_scalar_F3R_Q1_C5M_P2,76906000
V1_scalar_F3R_Q1_C5M_P2,79235700
V1_scalar_F3R_Q2R_C1R_P2,121020100
V1_scalar_F3R_Q2R_C1R_P2,123765100
V1_scalar_F3R_Q2R_C1R_P2,117869900
V1_scalar_F3R_Q2R_C1R_P2,119370400
V1_scalar_F3R_Q2R_C1R_P2,118069000
V1_scalar_F3R_Q2R_C1R_P2,118811000
V1_scalar_F3R_Q2R_C1R_P2,120706200
V1_scalar_F3R_Q2R_C1R_P2,121274000
V1_scalar_F3R_Q2R_C1R_P2,118523100
V1_scalar_F3R_Q2R_C1R_P2,117291800
V1_scalar_F3R_Q2R_C1R_P2,119916100
V1_scalar_F3R_Q2R_C1R_P2,118836000
V1_scalar_F3R_Q2R_C1R_P2,120500600
V1_scalar_F3R_Q2R_C1R_P2,118909500
V1_scalar_F3R_Q2R_C1R_P2,120957700
V1_scalar_F3R_Q2R_C1R_P2,117797900
V1_scalar_F3R_Q2R_C1R_P2,117192800
V1_scalar_F3R_Q2R_C1X_P2,96214300
V1_scalar_F3R_Q2R_C1X_P2,95697500
V1_scalar_F3R_Q2R_C1X_P2,95930200
V1_scalar_F3R_Q2R_C1X_P2,97628300
V1_scalar_F3R_Q2R_C1X_P2,99737200
V1_scalar_F3R_Q2R_C1X_P2,96372000
V1_scalar_F3R_Q2R_C1X_P2,96079000
V1_scalar_F3R_Q2R_C1X_P2,96682400
V1_scalar_F3R_Q2R_C1X_P2,96427800
V1_scalar_F3R_Q2R_C1X_P2,98800600
V1_scalar_F3R_Q2R_C1X_P2,100339800
V1_scalar_F3R_Q2R_C1X_P2,97390000
V1_scalar_F3R_Q2R_C1X_P2,99948000
V1_scalar_F3R_Q2R_C1X_P2,98192300
V1_scalar_F3R_Q2R_C1X_P2,97709200
V1_scalar_F3R_Q2R_C1X_P2,96394900
V1_scalar_F3R_Q2R_C1X_P2,99957300
V1_scalar_F3R_Q2R_C1X_P2,95827300
V1_scalar_F3R_Q2R_C1X_P2,95542000
V1_scalar_F3R_Q2R_C1X_P2,96254900
V1_scalar_F3R_Q2R_C2R_P2,111688200
V1_scalar_F3R_Q2R_C2R_P2,113141500
V1_scalar_F3R_Q2R_C2R_P2,114018300
V1_scalar_F3R_Q2R_C2R_P2,109836300
V1_scalar_F3R_Q2R_C2R_P2,110952600
V1_scalar_F3R_Q2R_C2R_P2,109935800
V1_scalar_F3R_Q2R_C2R_P2,111183800
V1_scalar_F3R_Q2R_C2R_P2,109570700
V1_scalar_F3R_Q2R_C2R_P2,111511500
V1_scalar_F3R_Q2R_C2R_P2,111227300
V1_scalar_F3R_Q2R_C2R_P2,112720400
V1_scalar_F3R_Q2R_C2R_P2,111484200
V1_scalar_F3R_Q2R_C2R_P2,113034600
V1_scalar_F3R_Q2R_C2R_P2,115071700
V1_scalar_F3R_Q2R_C2R_P2,115493800
V1_scalar_F3R_Q2R_C2R_P2,115401600
V1_scalar_F3R_Q2R_C2R_P2,114421000
V1_scalar_F3R_Q2R_C2X_P2,94079100
V1_scalar_F3R_Q2R_C2X_P2,94246500
V1_scalar_F3R_Q2R_C2X_P2,99120200
V1_scalar_F3R_Q2R_C2X_P2,93235100
V1_scalar_F3R_Q2R_C2X_P2,97351600
V1_scalar_F3R_Q2R_C2X_P2,94547600
V1_scalar_F3R_Q2R_C2X_P2,95585400
V1_scalar_F3R_Q2R_C2X_P2,93129300
V1_scalar_F3R_Q2R_C2X_P2,93734400
V1_scalar_F3R_Q2R_C2X_P2,97545900
V1_scalar_F3R_Q2R_C2X_P2,98161400
V1_scalar_F3R_Q2R_C2X_P2,96637400
V1_scalar_F3R_Q2R_C2X_P2,92922500
V1_scalar_F3R_Q2R_C2X_P2,93583100
V1_scalar_F3R_Q2R_C2X_P2,93612600
V1_scalar_F3R_Q2R_C2X_P2,92209700
V1_scalar_F3R_Q2R_C2X_P2,95095200
V1_scalar_F3R_Q2R_C2X_P2,94071700
V1_scalar_F3R_Q2R_C2X_P2,93591600
V1_scalar_F3R_Q2R_C2X_P2,93069400
V1_scalar_F3R_Q2R_C3_P2,87748900
V1_scalar_F3R_Q2R_C3_P2,86477200
V1_scalar_F3R_Q2R_C3_P2,89252900
V1_scalar_F3R_Q2R_C3_P2,90620500
V1_scalar_F3R_Q2R_C3_P2,88159600
V1_scalar_F3R_Q2R_C3_P2,87401900
V1_scalar_F3R_Q2R_C3_P2,88582700
V1_scalar_F3R_Q2R_C3_P2,89251600
V1_scalar_F3R_Q2R_C3_P2,89255500
V1_scalar_F3R_Q2R_C3_P2,87574000
V1_scalar_F3R_Q2R_C3_P2,86166100
V1_scalar_F3R_Q2R_C3_P2,94238400
V1_scalar_F3R_Q2R_C3_P2,86896900
V1_scalar_F3R_Q2R_C3_P2,89838600
V1_scalar_F3R_Q2R_C3_P2,89756300
V1_scalar_F3R_Q2R_C3_P2,87334200
V1_scalar_F3R_Q2R_C3_P2,87633100
V1_scalar_F3R_Q2R_C3_P2,89318200
V1_scalar_F3R_Q2R_C3_P2,88312500
V1_scalar_F3R_Q2R_C3_P2,91591200
V1_scalar_F3R_Q2R_C3_P2,88879500
V1_scalar_F3R_Q2R_C4F_P2,90397700
V1_scalar_F3R_Q2R_C4F_P2,89046000
V1_scalar_F3R_Q2R_C4F_P2,90233600
V1_scalar_F3R_Q2R_C4F_P2,90252400
V1_scalar_F3R_Q2R_C4F_P2,87790600
V1_scalar_F3R_Q2R_C4F_P2,86519500
V1_scalar_F3R_Q2R_C4F_P2,87388800
V1_scalar_F3R_Q2R_C4F_P2,87076200
V1_scalar_F3R_Q2R_C4F_P2,88207600
V1_scalar_F3R_Q2R_C4F_P2,86734500
V1_scalar_F3R_Q2R_C4F_P2,89426600
V1_scalar_F3R_Q2R_C4F_P2,87993200
V1_scalar_F3R_Q2R_C4F_P2,91527700
V1_scalar_F3R_Q2R_C4F_P2,88225800
V1_scalar_F3R_Q2R_C4F_P2,88326600
V1_scalar_F3R_Q2R_C4F_P2,86530000
V1_scalar_F3R_Q2R_C4F_P2,87023400
V1_scalar_F3R_Q2R_C4F_P2,90503500
V1_scalar_F3R_Q2R_C4F_P2,87721800
V1_scalar_F3R_Q2R_C4F_P2,88685700
V1_scalar_F3R_Q2R_C4F_P2,88440900
V1_scalar_F3R_Q2R_C4M_P2,87371000
V1_scalar_F3R_Q2R_C4M_P2,86749300
V1_scalar_F3R_Q2R_C4M_P2,87147600
V1_scalar_F3R_Q2R_C4M_P2,90357100
V1_scalar_F3R_Q2R_C4M_P2,92255000
V1_scalar_F3R_Q2R_C4M_P2,88686100
V1_scalar_F3R_Q2R_C4M_P2,87056500
V1_scalar_F3R_Q2R_C4M_P2,90475200
V1_scalar_F3R_Q2R_C4M_P2,88031800
V1_scalar_F3R_Q2R_C4M_P2,90143300
V1_scalar_F3R_Q2R_C4M_P2,91456600
V1_scalar_F3R_Q2R_C4M_P2,89216000
V1_scalar_F3R_Q2R_C4M_P2,88837100
V1_scalar_F3R_Q2R_C4M_P2,87586400
V1_scalar_F3R_Q2R_C4M_P2,91570500
V1_scalar_F3R_Q2R_C4M_P2,88228000
V1_scalar_F3R_Q2R_C4M_P2,86801600
V1_scalar_F3R_Q2R_C4M_P2,88216800
V1_scalar_F3R_Q2R_C4M_P2,91735500
V1_scalar_F3R_Q2R_C4M_P2,89315000
V1_scalar_F3R_Q2R_C4M_P2,91164600
V1_scalar_F3R_Q2R_C5F_P2,90732400
V1_scalar_F3R_Q2R_C5F_P2,92039300
V1_scalar_F3R_Q2R_C5F_P2,92052500
V1_scalar_F3R_Q2R_C5F_P2,95006000
V1_scalar_F3R_Q2R_C5F_P2,92612200
V1_scalar_F3R_Q2R_C5F_P2,89443900
V1_scalar_F3R_Q2R_C5F_P2,92263600
V1_scalar_F3R_Q2R_C5F_P2,91752900
V1_scalar_F3R_Q2R_C5F_P2,96734300
V1_scalar_F3R_Q2R_C5F_P2,90576000
V1_scalar_F3R_Q2R_C5F_P2,93907100
V1_scalar_F3R_Q2R_C5F_P2,91698600
V1_scalar_F3R_Q2R_C5F_P2,90989600
V1_scalar_F3R_Q2R_C5F_P2,90606000
V1_scalar_F3R_Q2R_C5F_P2,91679800
V1_scalar_F3R_Q2R_C5F_P2,92699500
V1_scalar_F3R_Q2R_C5F_P2,92114300
V1_scalar_F3R_Q2R_C5F_P2,92168900
V1_scalar_F3R_Q2R_C5F_P2,92356800
V1_scalar_F3R_Q2R_C5F_P2,93413200
V1_scalar_F3R_Q2R_C5F_P2,93097000
V1_scalar_F3R_Q2R_C5M_P2,101530500
V1_scalar_F3R_Q2R_C5M_P2,97973000
V1_scalar_F3R_Q2R_C5M_P2,100448900
V1_scalar_F3R_Q2R_C5M_P2,97793900
V1_scalar_F3R_Q2R_C5M_P2,101341800
V1_scalar_F3R_Q2R_C5M_P2,97837400
V1_scalar_F3R_Q2R_C5M_P2,101761900
V1_scalar_F3R_Q2R_C5M_P2,98843200
V1_scalar_F3R_Q2R_C5M_P2,103450800
V1_scalar_F3R_Q2R_C5M_P2,98786900
V1_scalar_F3R_Q2R_C5M_P2,99629900
V1_scalar_F3R_Q2R_C5M_P2,101963100
V1_scalar_F3R_Q2R_C5M_P2,98785200
V1_scalar_F3R_Q2R_C5M_P2,99742600
V1_scalar_F3R_Q2R_C5M_P2,98417500
V1_scalar_F3R_Q2R_C5M_P2,99692000
V1_scalar_F3R_Q2R_C5M_P2,98264600
V1_scalar_F3R_Q2R_C5M_P2,100339700
V1_scalar_F3R_Q2R_C5M_P2,99586300
V1_scalar_F3R_Q2X_C1R_P2,107951600
V1_scalar_F3R_Q2X_C1R_P2,114421400
V1_scalar_F3R_Q2X_C1R_P2,108481200
V1_scalar_F3R_Q2X_C1R_P2,108488600
V1_scalar_F3R_Q2X_C1R_P2,110631100
V1_scalar_F3R_Q2X_C1R_P2,108061900
V1_scalar_F3R_Q2X_C1R_P2,110896700
V1_scalar_F3R_Q2X_C1R_P2,110547100
V1_scalar_F3R_Q2X_C1R_P2,108019400
V1_scalar_F3R_Q2X_C1R_P2,109426400
V1_scalar_F3R_Q2X_C1R_P2,107478400
V1_scalar_F3R_Q2X_C1R_P2,107059600
V1_scalar_F3R_Q2X_C1R_P2,109990600
V1_scalar_F3R_Q2X_C1R_P2,108502000
V1_scalar_F3R_Q2X_C1R_P2,107480800
V1_scalar_F3R_Q2X_C1R_P2,112011800
V1_scalar_F3R_Q2X_C1R_P2,110556600
V1_scalar_F3R_Q2X_C1R_P2,110403600
V1_scalar_F3R_Q2X_C1X_P2,85168900
V1_scalar_F3R_Q2X_C1X_P2,85364100
V1_scalar_F3R_Q2X_C1X_P2,88986800
V1_scalar_F3R_Q2X_C1X_P2,86717700
V1_scalar_F3R_Q2X_C1X_P2,88474700
V1_scalar_F3R_Q2X_C1X_P2,86044700
V1_scalar_F3R_Q2X_C1X_P2,86396500
V1_scalar_F3R_Q2X_C1X_P2,87023900
V1_scalar_F3R_Q2X_C1X_P2,89132400
V1_scalar_F3R_Q2X_C1X_P2,85163200
V1_scalar_F3R_Q2X_C1X_P2,85230100
V1_scalar_F3R_Q2X_C1X_P2,88802500
V1_scalar_F3R_Q2X_C1X_P2,89521600
V1_scalar_F3R_Q2X_C1X_P2,85423000
V1_scalar_F3R_Q2X_C1X_P2,86289200
V1_scalar_F3R_Q2X_C1X_P2,85825300
V1_scalar_F3R_Q2X_C1X_P2,85403300
V1_scalar_F3R_Q2X_C1X_P2,86867400
V1_scalar_F3R_Q2X_C1X_P2,87147700
V1_scalar_F3R_Q2X_C1X_P2,85175300
V1_scalar_F3R_Q2X_C1X_P2,87866700
V1_scalar_F3R_Q2X_C1X_P2,90011800
V1_scalar_F3R_Q2X_C2R_P2,103480000
V1_scalar_F3R_Q2X_C2R_P2,101445500
V1_scalar_F3R_Q2X_C2R_P2,102145700
V1_scalar_F3R_Q2X_C2R_P2,104328200
V1_scalar_F3R_Q2X_C2R_P2,102038600
V1_scalar_F3R_Q2X_C2R_P2,105649200
V1_scalar_F3R_Q2X_C2R_P2,99990900
V1_scalar_F3R_Q2X_C2R_P2,101625600
V1_scalar_F3R_Q2X_C2R_P2,107224700
V1_scalar_F3R_Q2X_C2R_P2,103992400
V1_scalar_F3R_Q2X_C2R_P2,101219600
V1_scalar_F3R_Q2X_C2R_P2,102480700
V1_scalar_F3R_Q2X_C2R_P2,103924900
V1_scalar_F3R_Q2X_C2R_P2,101812800
V1_scalar_F3R_Q2X_C2R_P2,105504000
V1_scalar_F3R_Q2X_C2R_P2,103269500
V1_scalar_F3R_Q2X_C2R_P2,101074900
V1_scalar_F3R_Q2X_C2R_P2,102095300
V1_scalar_F3R_Q2X_C2R_P2,101452200
V1_scalar_F3R_Q2X_C2X_P2,82440300
V1_scalar_F3R_Q2X_C2X_P2,86792900
V1_scalar_F3R_Q2X_C2X_P2,85018500
V1_scalar_F3R_Q2X_C2X_P2,83602000
V1_scalar_F3R_Q2X_C2X_P2,86832100
V1_scalar_F3R_Q2X_C2X_P2,88117300
V1_scalar_F3R_Q2X_C2X_P2,84840400
V1_scalar_F3R_Q2X_C2X_P2,83285200
V1_scalar_F3R_Q2X_C2X_P2,82467700
V1_scalar_F3R_Q2X_C2X_P2,84212600
V1_scalar_F3R_Q2X_C2X_P2,82355000
V1_scalar_F3R_Q2X_C2X_P2,83441000
V1_scalar_F3R_Q2X_C2X_P2,83788300
V1_scalar_F3R_Q2X_C2X_P2,86757100
V1_scalar_F3R_Q2X_C2X_P2,82355600
V1_scalar_F3R_Q2X_C2X_P2,87141500
V1_scalar_F3R_Q2X_C2X_P2,86646700
V1_scalar_F3R_Q2X_C2X_P2,86381200
V1_scalar_F3R_Q2X_C2X_P2,85165600
V1_scalar_F3R_Q2X_C2X_P2,84801000
V1_scalar_F3R_Q2X_C2X_P2,82867100
V1_scalar_F3R_Q2X_C2X_P2,84011400
V1_scalar_F3R_Q2X_C3_P2,77553200
V1_scalar_F3R_Q2X_C3_P2,80832800
V1_scalar_F3R_Q2X_C3_P2,79704300
V1_scalar_F3R_Q2X_C3_P2,80177500
V1_scalar_F3R_Q2X_C3_P2,78454500
V1_scalar_F3R_Q2X_C3_P2,78583100
V1_scalar_F3R_Q2X_C3_P2,78143300
V1_scalar_F3R_Q2X_C3_P2,79259300
V1_scalar_F3R_Q2X_C3_P2,77772400
V1_scalar_F3R_Q2X_C3_P2,80607000
V1_scalar_F3R_Q2X_C3_P2,79899200
V1_scalar_F3R_Q2X_C3_P2,77718800
V1_scalar_F3R_Q2X_C3_P2,77319700
V1_scalar_F3R_Q2X_C3_P2,77366800
V1_scalar_F3R_Q2X_C3_P2,78017100
V1_scalar_F3R_Q2X_C3_P2,78552500
V1_scalar_F3R_Q2X_C3_P2,78677900
V1_scalar_F3R_Q2X_C3_P2,78430600
V1_scalar_F3R_Q2X_C3_P2,81102700
V1_scalar_F3R_Q2X_C3_P2,80131500
V1_scalar_F3R_Q2X_C3_P2,79298300
V1_scalar_F3R_Q2X_C3_P2,82866500
V1_scalar_F3R_Q2X_C3_P2,76591700
V1_scalar_F3R_Q2X_C3_P2,79116900
V1_scalar_F3R_Q2X_C4F_P2,76810800
V1_scalar_F3R_Q2X_C4F_P2,78008300
V1_scalar_F3R_Q2X_C4F_P2,82815900
V1_scalar_F3R_Q2X_C4F_P2,77594500
V1_scalar_F3R_Q2X_C4F_P2,77580800
V1_scalar_F3R_Q2X_C4F_P2,77213800
V1_scalar_F3R_Q2X_C4F_P2,78628700
V1_scalar_F3R_Q2X_C4F_P2,77591600
V1_scalar_F3R_Q2X_C4F_P2,79883200
V1_scalar_F3R_Q2X_C4F_P2,83929100
V1_scalar_F3R_Q2X_C4F_P2,77714800
V1_scalar_F3R_Q2X_C4F_P2,77733300
V1_scalar_F3R_Q2X_C4F_P2,82757400
V1_scalar_F3R_Q2X_C4F_P2,79868100
V1_scalar_F3R_Q2X_C4F_P2,76875000
V1_scalar_F3R_Q2X_C4F_P2,77574100
V1_scalar_F3R_Q2X_C4F_P2,77604300
V1_scalar_F3R_Q2X_C4F_P2,77230400
V1_scalar_F3R_Q2X_C4F_P2,77825200
V1_scalar_F3R_Q2X_C4F_P2,79335000
V1_scalar_F3R_Q2X_C4F_P2,78015300
V1_scalar_F3R_Q2X_C4F_P2,77893200
V1_scalar_F3R_Q2X_C4F_P2,82829700
V1_scalar_F3R_Q2X_C4F_P2,79519100
V1_scalar_F3R_Q2X_C4M_P2,81101700
V1_scalar_F3R_Q2X_C4M_P2,78923700
V1_scalar_F3R_Q2X_C4M_P2,78393400
V1_scalar_F3R_Q2X_C4M_P2,77638800
V1_scalar_F3R_Q2X_C4M_P2,79545200
V1_scalar_F3R_Q2X_C4M_P2,77910700
V1_scalar_F3R_Q2X_C4M_P2,80178000
V1_scalar_F3R_Q2X_C4M_P2,88682100
V1_scalar_F3R_Q2X_C4M_P2,79203100
V1_scalar_F3R_Q2X_C4M_P2,77854800
V1_scalar_F3R_Q2X_C4M_P2,79339400
V1_scalar_F3R_Q2X_C4M_P2,77399600
V1_scalar_F3R_Q2X_C4M_P2,77773400
V1_scalar_F3R_Q2X_C4M_P2,78925300
V1_scalar_F3R_Q2X_C4M_P2,79766300
V1_scalar_F3R_Q2X_C4M_P2,79896100
V1_scalar_F3R_Q2X_C4M_P2,81062400
V1_scalar_F3R_Q2X_C4M_P2,77454800
V1_scalar_F3R_Q2X_C4M_P2,77200800
V1_scalar_F3R_Q2X_C4M_P2,77834200
V1_scalar_F3R_Q2X_C4M_P2,77317300
V1_scalar_F3R_Q2X_C4M_P2,77546900
V1_scalar_F3R_Q2X_C4M_P2,78562200
V1_scalar_F3R_Q2X_C4M_P2,79265600
V1_scalar_F3R_Q2X_C5F_P2,83246900
V1_scalar_F3R_Q2X_C5F_P2,80761400
V1_scalar_F3R_Q2X_C5F_P2,80049400
V1_scalar_F3R_Q2X_C5F_P2,81421600
V1_scalar_F3R_Q2X_C5F_P2,82889800
V1_scalar_F3R_Q2X_C5F_P2,80366100
V1_scalar_F3R_Q2X_C5F_P2,79834600
V1_scalar_F3R_Q2X_C5F_P2,82478900
V1_scalar_F3R_Q2X_C5F_P2,82706400
V1_scalar_F3R_Q2X_C5F_P2,81974900
V1_scalar_F3R_Q2X_C5F_P2,81606500
V1_scalar_F3R_Q2X_C5F_P2,85973500
V1_scalar_F3R_Q2X_C5F_P2,84969600
V1_scalar_F3R_Q2X_C5F_P2,84511800
V1_scalar_F3R_Q2X_C5F_P2,82211200
V1_scalar_F3R_Q2X_C5F_P2,82438300
V1_scalar_F3R_Q2X_C5F_P2,81403400
V1_scalar_F3R_Q2X_C5F_P2,83170800
V1_scalar_F3R_Q2X_C5F_P2,82089100
V1_scalar_F3R_Q2X_C5F_P2,80384300
V1_scalar_F3R_Q2X_C5F_P2,83604300
V1_scalar_F3R_Q2X_C5F_P2,80763300
V1_scalar_F3R_Q2X_C5F_P2,81012200
V1_scalar_F3R_Q2X_C5M_P2,92221100
V1_scalar_F3R_Q2X_C5M_P2,91704000
V1_scalar_F3R_Q2X_C5M_P2,90679100
V1_scalar_F3R_Q2X_C5M_P2,91248000
V1_scalar_F3R_Q2X_C5M_P2,90008100
V1_scalar_F3R_Q2X_C5M_P2,88443800
V1_scalar_F3R_Q2X_C5M_P2,90266500
V1_scalar_F3R_Q2X_C5M_P2,89821600
V1_scalar_F3R_Q2X_C5M_P2,87767100
V1_scalar_F3R_Q2X_C5M_P2,92269400
V1_scalar_F3R_Q2X_C5M_P2,89272700
V1_scalar_F3R_Q2X_C5M_P2,88291700
V1_scalar_F3R_Q2X_C5M_P2,88832900
V1_scalar_F3R_Q2X_C5M_P2,89905100
V1_scalar_F3R_Q2X_C5M_P2,90394600
V1_scalar_F3R_Q2X_C5M_P2,93159300
V1_scalar_F3R_Q2X_C5M_P2,91344900
V1_scalar_F3R_Q2X_C5M_P2,89552900
V1_scalar_F3R_Q2X_C5M_P2,91889900
V1_scalar_F3R_Q2X_C5M_P2,90714400
V1_scalar_F3R_Q2X_C5M_P2,90621600
V1_scalar_F3R_Q2X_C5M_P2,90892800
V1_scalar_F3R_Q3M_C1R_P2,106841400
V1_scalar_F3R_Q3M_C1R_P2,107432100
V1_scalar_F3R_Q3M_C1R_P2,107401300
V1_scalar_F3R_Q3M_C1R_P2,106279000
V1_scalar_F3R_Q3M_C1R_P2,107021500
V1_scalar_F3R_Q3M_C1R_P2,107458700
V1_scalar_F3R_Q3M_C1R_P2,106899000
V1_scalar_F3R_Q3M_C1R_P2,107674400
V1_scalar_F3R_Q3M_C1R_P2,108201800
V1_scalar_F3R_Q3M_C1R_P2,107900400
V1_scalar_F3R_Q3M_C1R_P2,108478800
V1_scalar_F3R_Q3M_C1R_P2,106939400
V1_scalar_F3R_Q3M_C1R_P2,106993100
V1_scalar_F3R_Q3M_C1R_P2,107531500
V1_scalar_F3R_Q3M_C1R_P2,106066800
V1_scalar_F3R_Q3M_C1R_P2,109916100
V1_scalar_F3R_Q3M_C1R_P2,109921400
V1_scalar_F3R_Q3M_C1R_P2,106669400
V1_scalar_F3R_Q3M_C1R_P2,106882900
V1_scalar_F3R_Q3M_C1R_P2,111259800
V1_scalar_F3R_Q3M_C1X_P2,85600600
V1_scalar_F3R_Q3M_C1X_P2,90842700
V1_scalar_F3R_Q3M_C1X_P2,86587400
V1_scalar_F3R_Q3M_C1X_P2,88656300
V1_scalar_F3R_Q3M_C1X_P2,89034000
V1_scalar_F3R_Q3M_C1X_P2,91600000
V1_scalar_F3R_Q3M_C1X_P2,89563700
V1_scalar_F3R_Q3M_C1X_P2,86340600
V1_scalar_F3R_Q3M_C1X_P2,89134700
V1_scalar_F3R_Q3M_C1X_P2,87971800
V1_scalar_F3R_Q3M_C1X_P2,89029700
V1_scalar_F3R_Q3M_C1X_P2,85689000
V1_scalar_F3R_Q3M_C1X_P2,88511300
V1_scalar_F3R_Q3M_C1X_P2,85347000
V1_scalar_F3R_Q3M_C1X_P2,85616500
V1_scalar_F3R_Q3M_C1X_P2,85899700
V1_scalar_F3R_Q3M_C1X_P2,88717400
V1_scalar_F3R_Q3M_C1X_P2,90078700
V1_scalar_F3R_Q3M_C1X_P2,85636200
V1_scalar_F3R_Q3M_C1X_P2,91538800
V1_scalar_F3R_Q3M_C1X_P2,86109900
V1_scalar_F3R_Q3M_C1X_P2,85900800
V1_scalar_F3R_Q3M_C1X_P2,86644500
V1_scalar_F3R_Q3M_C2R_P2,104899500
V1_scalar_F3R_Q3M_C2R_P2,100161400
V1_scalar_F3R_Q3M_C2R_P2,102205600
V1_scalar_F3R_Q3M_C2R_P2,101573400
V1_scalar_F3R_Q3M_C2R_P2,103117300
V1_scalar_F3R_Q3M_C2R_P2,99323300
V1_scalar_F3R_Q3M_C2R_P2,100036400
V1_scalar_F3R_Q3M_C2R_P2,102480100
V1_scalar_F3R_Q3M_C2R_P2,101593400
V1_scalar_F3R_Q3M_C2R_P2,100060000
V1_scalar_F3R_Q3M_C2R_P2,100765400
V1_scalar_F3R_Q3M_C2R_P2,100120000
V1_scalar_F3R_Q3M_C2R_P2,99496500
V1_scalar_F3R_Q3M_C2R_P2,99326000
V1_scalar_F3R_Q3M_C2R_P2,100968900
V1_scalar_F3R_Q3M_C2R_P2,100869900
V1_scalar_F3R_Q3M_C2R_P2,101083400
V1_scalar_F3R_Q3M_C2R_P2,99661700
V1_scalar_F3R_Q3M_C2R_P2,100714800
V1_scalar_F3R_Q3M_C2R_P2,99704000
V1_scalar_F3R_Q3M_C2R_P2,100697200
V1_scalar_F3R_Q3M_C2X_P2,85335000
V1_scalar_F3R_Q3M_C2X_P2,82931400
V1_scalar_F3R_Q3M_C2X_P2,82630100
V1_scalar_F3R_Q3M_C2X_P2,83221700
V1_scalar_F3R_Q3M_C2X_P2,85102900
V1_scalar_F3R_Q3M_C2X_P2,82723200
V1_scalar_F3R_Q3M_C2X_P2,83591100
V1_scalar_F3R_Q3M_C2X_P2,82608000
V1_scalar_F3R_Q3M_C2X_P2,86082600
V1_scalar_F3R_Q3M_C2X_P2,85592900
V1_scalar_F3R_Q3M_C2X_P2,83057400
V1_scalar_F3R_Q3M_C2X_P2,82741000
V1_scalar_F3R_Q3M_C2X_P2,84311600
V1_scalar_F3R_Q3M_C2X_P2,84417800
V1_scalar_F3R_Q3M_C2X_P2,83313700
V1_scalar_F3R_Q3M_C2X_P2,84075000
V1_scalar_F3R_Q3M_C2X_P2,82655100
V1_scalar_F3R_Q3M_C2X_P2,84710600
V1_scalar_F3R_Q3M_C2X_P2,86163400
V1_scalar_F3R_Q3M_C2X_P2,82816400
V1_scalar_F3R_Q3M_C2X_P2,84807000
V1_scalar_F3R_Q3M_C2X_P2,82684700
V1_scalar_F3R_Q3M_C2X_P2,85088700
V1_scalar_F3R_Q3M_C2X_P2,83452200
V1_scalar_F3R_Q3M_C3_P2,75860200
V1_scalar_F3R_Q3M_C3_P2,77293300
V1_scalar_F3R_Q3M_C3_P2,77613600
V1_scalar_F3R_Q3M_C3_P2,77630100
V1_scalar_F3R_Q3M_C3_P2,77911300
V1_scalar_F3R_Q3M_C3_P2,77035800
V1_scalar_F3R_Q3M_C3_P2,76355800
V1_scalar_F3R_Q3M_C3_P2,76165600
V1_scalar_F3R_Q3M_C3_P2,76274400
V1_scalar_F3R_Q3M_C3_P2,75988600
V1_scalar_F3R_Q3M_C3_P2,76780000
V1_scalar_F3R_Q3M_C3_P2,76635000
V1_scalar_F3R_Q3M_C3_P2,78290700
V1_scalar_F3R_Q3M_C3_P2,76505300
V1_scalar_F3R_Q3M_C3_P2,76642900
V1_scalar_F3R_Q3M_C3_P2,78359300
V1_scalar_F3R_Q3M_C3_P2,79498600
V1_scalar_F3R_Q3M_C3_P2,78622100
V1_scalar_F3R_Q3M_C3_P2,76033900
V1_scalar_F3R_Q3M_C3_P2,78299000
V1_scalar_F3R_Q3M_C3_P2,77693300
V1_scalar_F3R_Q3M_C3_P2,80219000
V1_scalar_F3R_Q3M_C3_P2,80151800
V1_scalar_F3R_Q3M_C3_P2,79068700
V1_scalar_F3R_Q3M_C3_P2,76291000
V1_scalar_F3R_Q3M_C3_P2,77098800
V1_scalar_F3R_Q3M_C4F_P2,76929500
V1_scalar_F3R_Q3M_C4F_P2,80729600
V1_scalar_F3R_Q3M_C4F_P2,78966600
V1_scalar_F3R_Q3M_C4F_P2,77382100
V1_scalar_F3R_Q3M_C4F_P2,77324000
V1_scalar_F3R_Q3M_C4F_P2,81941200
V1_scalar_F3R_Q3M_C4F_P2,78532600
V1_scalar_F3R_Q3M_C4F_P2,79491700
V1_scalar_F3R_Q3M_C4F_P2,77238100
V1_scalar_F3R_Q3M_C4F_P2,77283000
V1_scalar_F3R_Q3M_C4F_P2,78568200
V1_scalar_F3R_Q3M_C4F_P2,79009600
V1_scalar_F3R_Q3M_C4F_P2,78812700
V1_scalar_F3R_Q3M_C4F_P2,77129600
V1_scalar_F3R_Q3M_C4F_P2,78659400
V1_scalar_F3R_Q3M_C4F_P2,82887500
V1_scalar_F3R_Q3M_C4F_P2,80807500
V1_scalar_F3R_Q3M_C4F_P2,77561300
V1_scalar_F3R_Q3M_C4F_P2,77475000
V1_scalar_F3R_Q3M_C4F_P2,80930000
V1_scalar_F3R_Q3M_C4F_P2,78323000
V1_scalar_F3R_Q3M_C4F_P2,79126300
V1_scalar_F3R_Q3M_C4F_P2,77729500
V1_scalar_F3R_Q3M_C4F_P2,77502300
V1_scalar_F3R_Q3M_C4F_P2,80685400
V1_scalar_F3R_Q3M_C4M_P2,82182600
V1_scalar_F3R_Q3M_C4M_P2,80234000
V1_scalar_F3R_Q3M_C4M_P2,82587900
V1_scalar_F3R_Q3M_C4M_P2,79858900
V1_scalar_F3R_Q3M_C4M_P2,83710700
V1_scalar_F3R_Q3M_C4M_P2,80652300
V1_scalar_F3R_Q3M_C4M_P2,81637500
V1_scalar_F3R_Q3M_C4M_P2,81077600
V1_scalar_F3R_Q3M_C4M_P2,79852100
V1_scalar_F3R_Q3M_C4M_P2,79979000
V1_scalar_F3R_Q3M_C4M_P2,80544600
V1_scalar_F3R_Q3M_C4M_P2,81773000
V1_scalar_F3R_Q3M_C4M_P2,80296600
V1_scalar_F3R_Q3M_C4M_P2,80391900
V1_scalar_F3R_Q3M_C4M_P2,81561900
V1_scalar_F3R_Q3M_C4M_P2,82127700
V1_scalar_F3R_Q3M_C4M_P2,79853900
V1_scalar_F3R_Q3M_C4M_P2,83492900
V1_scalar_F3R_Q3M_C4M_P2,80135100
V1_scalar_F3R_Q3M_C4M_P2,80095900
V1_scalar_F3R_Q3M_C4M_P2,81184000
V1_scalar_F3R_Q3M_C4M_P2,81439300
V1_scalar_F3R_Q3M_C4M_P2,85294700
V1_scalar_F3R_Q3M_C4M_P2,80811700
V1_scalar_F3R_Q3M_C5F_P2,83150000
V1_scalar_F3R_Q3M_C5F_P2,82231300
V1_scalar_F3R_Q3M_C5F_P2,82876200
V1_scalar_F3R_Q3M_C5F_P2,83770500
V1_scalar_F3R_Q3M_C5F_P2,81750100
V1_scalar_F3R_Q3M_C5F_P2,85599700
V1_scalar_F3R_Q3M_C5F_P2,82484200
V1_scalar_F3R_Q3M_C5F_P2,84427900
V1_scalar_F3R_Q3M_C5F_P2,82957600
V1_scalar_F3R_Q3M_C5F_P2,82317600
V1_scalar_F3R_Q3M_C5F_P2,87594100
V1_scalar_F3R_Q3M_C5F_P2,82434500
V1_scalar_F3R_Q3M_C5F_P2,84785700
V1_scalar_F3R_Q3M_C5F_P2,83867200
V1_scalar_F3R_Q3M_C5F_P2,88128000
V1_scalar_F3R_Q3M_C5F_P2,85650100
V1_scalar_F3R_Q3M_C5F_P2,86117000
V1_scalar_F3R_Q3M_C5F_P2,82779200
V1_scalar_F3R_Q3M_C5F_P2,82255200
V1_scalar_F3R_Q3M_C5F_P2,84475300
V1_scalar_F3R_Q3M_C5F_P2,84149400
V1_scalar_F3R_Q3M_C5F_P2,87227800
V1_scalar_F3R_Q3M_C5F_P2,84955000
V1_scalar_F3R_Q3M_C5F_P2,84209300
V1_scalar_F3R_Q3M_C5M_P2,90969000
V1_scalar_F3R_Q3M_C5M_P2,91882500
V1_scalar_F3R_Q3M_C5M_P2,91928400
V1_scalar_F3R_Q3M_C5M_P2,93399000
V1_scalar_F3R_Q3M_C5M_P2,90891100
V1_scalar_F3R_Q3M_C5M_P2,92573100
V1_scalar_F3R_Q3M_C5M_P2,91390300
V1_scalar_F3R_Q3M_C5M_P2,90945300
V1_scalar_F3R_Q3M_C5M_P2,91291100
V1_scalar_F3R_Q3M_C5M_P2,93838200
V1_scalar_F3R_Q3M_C5M_P2,91618100
V1_scalar_F3R_Q3M_C5M_P2,92680400
V1_scalar_F3R_Q3M_C5M_P2,91219100
V1_scalar_F3R_Q3M_C5M_P2,91594200
V1_scalar_F3R_Q3M_C5M_P2,91502800
V1_scalar_F3R_Q3M_C5M_P2,94030500
V1_scalar_F3R_Q3M_C5M_P2,95898100
V1_scalar_F3R_Q3M_C5M_P2,94182600
V1_scalar_F3R_Q3M_C5M_P2,91492900
V1_scalar_F3R_Q3M_C5M_P2,91416000
V1_scalar_F3R_Q3M_C5M_P2,91383600
V1_scalar_F3R_Q4F_C1R_P2,99740900
V1_scalar_F3R_Q4F_C1R_P2,101267600
V1_scalar_F3R_Q4F_C1R_P2,101214700
V1_scalar_F3R_Q4F_C1R_P2,100093000
V1_scalar_F3R_Q4F_C1R_P2,101267900
V1_scalar_F3R_Q4F_C1R_P2,100481600
V1_scalar_F3R_Q4F_C1R_P2,99200600
V1_scalar_F3R_Q4F_C1R_P2,102689000
V1_scalar_F3R_Q4F_C1R_P2,103451400
V1_scalar_F3R_Q4F_C1R_P2,99550900
V1_scalar_F3R_Q4F_C1R_P2,102816700
V1_scalar_F3R_Q4F_C1R_P2,101468400
V1_scalar_F3R_Q4F_C1R_P2,100208800
V1_scalar_F3R_Q4F_C1R_P2,99017600
V1_scalar_F3R_Q4F_C1R_P2,99751400
V1_scalar_F3R_Q4F_C1R_P2,99108600
V1_scalar_F3R_Q4F_C1R_P2,101447100
V1_scalar_F3R_Q4F_C1R_P2,99351200
V1_scalar_F3R_Q4F_C1R_P2,99674300
V1_scalar_F3R_Q4F_C1R_P2,102158800
V1_scalar_F3R_Q4F_C1R_P2,101883800
V1_scalar_F3R_Q4F_C1X_P2,77931200
V1_scalar_F3R_Q4F_C1X_P2,77082800
V1_scalar_F3R_Q4F_C1X_P2,77641700
V1_scalar_F3R_Q4F_C1X_P2,81170800
V1_scalar_F3R_Q4F_C1X_P2,79189200
V1_scalar_F3R_Q4F_C1X_P2,76700200
V1_scalar_F3R_Q4F_C1X_P2,78281700
V1_scalar_F3R_Q4F_C1X_P2,76685500
V1_scalar_F3R_Q4F_C1X_P2,78580800
V1_scalar_F3R_Q4F_C1X_P2,77955700
V1_scalar_F3R_Q4F_C1X_P2,77114100
V1_scalar_F3R_Q4F_C1X_P2,76703400
V1_scalar_F3R_Q4F_C1X_P2,76501400
V1_scalar_F3R_Q4F_C1X_P2,77022500
V1_scalar_F3R_Q4F_C1X_P2,80116800
V1_scalar_F3R_Q4F_C1X_P2,77101100
V1_scalar_F3R_Q4F_C1X_P2,76704600
V1_scalar_F3R_Q4F_C1X_P2,77211000
V1_scalar_F3R_Q4F_C1X_P2,76733100
V1_scalar_F3R_Q4F_C1X_P2,77326000
V1_scalar_F3R_Q4F_C1X_P2,76398700
V1_scalar_F3R_Q4F_C1X_P2,80524100
V1_scalar_F3R_Q4F_C1X_P2,76990600
V1_scalar_F3R_Q4F_C1X_P2,78756000
V1_scalar_F3R_Q4F_C1X_P2,77362800
V1_scalar_F3R_Q4F_C1X_P2,80356300
V1_scalar_F3R_Q4F_C2R_P2,96802700
V1_scalar_F3R_Q4F_C2R_P2,94552400
V1_scalar_F3R_Q4F_C2R_P2,91690500
V1_scalar_F3R_Q4F_C2R_P2,91619400
V1_scalar_F3R_Q4F_C2R_P2,95898100
V1_scalar_F3R_Q4F_C2R_P2,93013600
V1_scalar_F3R_Q4F_C2R_P2,91397800
V1_scalar_F3R_Q4F_C2R_P2,94863800
V1_scalar_F3R_Q4F_C2R_P2,93723300
V1_scalar_F3R_Q4F_C2R_P2,91102400
V1_scalar_F3R_Q4F_C2R_P2,90570200
V1_scalar_F3R_Q4F_C2R_P2,95015100
V1_scalar_F3R_Q4F_C2R_P2,91028300
V1_scalar_F3R_Q4F_C2R_P2,91910400
V1_scalar_F3R_Q4F_C2R_P2,91585200
V1_scalar_F3R_Q4F_C2R_P2,94526600
V1_scalar_F3R_Q4F_C2R_P2,91064700
V1_scalar_F3R_Q4F_C2R_P2,95613400
V1_scalar_F3R_Q4F_C2R_P2,95745000
V1_scalar_F3R_Q4F_C2R_P2,90955200
V1_scalar_F3R_Q4F_C2R_P2,93886100
V1_scalar_F3R_Q4F_C2X_P2,75059300
V1_scalar_F3R_Q4F_C2X_P2,73867300
V1_scalar_F3R_Q4F_C2X_P2,74488900
V1_scalar_F3R_Q4F_C2X_P2,73806700
V1_scalar_F3R_Q4F_C2X_P2,77200600
V1_scalar_F3R_Q4F_C2X_P2,73081400
V1_scalar_F3R_Q4F_C2X_P2,73558600
V1_scalar_F3R_Q4F_C2X_P2,73539000
V1_scalar_F3R_Q4F_C2X_P2,74876100
V1_scalar_F3R_Q4F_C2X_P2,72969900
V1_scalar_F3R_Q4F_C2X_P2,75664200
V1_scalar_F3R_Q4F_C2X_P2,72925600
V1_scalar_F3R_Q4F_C2X_P2,74196100
V1_scalar_F3R_Q4F_C2X_P2,76095500
V1_scalar_F3R_Q4F_C2X_P2,72782000
V1_scalar_F3R_Q4F_C2X_P2,72819400
V1_scalar_F3R_Q4F_C2X_P2,72882800
V1_scalar_F3R_Q4F_C2X_P2,74764800
V1_scalar_F3R_Q4F_C2X_P2,75122000
V1_scalar_F3R_Q4F_C2X_P2,75262200
V1_scalar_F3R_Q4F_C2X_P2,75053600
V1_scalar_F3R_Q4F_C2X_P2,73187500
V1_scalar_F3R_Q4F_C2X_P2,74294700
V1_scalar_F3R_Q4F_C2X_P2,73728700
V1_scalar_F3R_Q4F_C2X_P2,76571200
V1_scalar_F3R_Q4F_C2X_P2,76174100
V1_scalar_F3R_Q4F_C3_P2,68774600
V1_scalar_F3R_Q4F_C3_P2,69309800
V1_scalar_F3R_Q4F_C3_P2,71789500
V1_scalar_F3R_Q4F_C3_P2,68556200
V1_scalar_F3R_Q4F_C3_P2,70316500
V1_scalar_F3R_Q4F_C3_P2,72471400
V1_scalar_F3R_Q4F_C3_P2,71600900
V1_scalar_F3R_Q4F_C3_P2,71048400
V1_scalar_F3R_Q4F_C3_P2,71116800
V1_scalar_F3R_Q4F_C3_P2,72601000
V1_scalar_F3R_Q4F_C3_P2,68519200
V1_scalar_F3R_Q4F_C3_P2,69421600
V1_scalar_F3R_Q4F_C3_P2,68284600
V1_scalar_F3R_Q4F_C3_P2,67708200
V1_scalar_F3R_Q4F_C3_P2,70219800
V1_scalar_F3R_Q4F_C3_P2,71399000
V1_scalar_F3R_Q4F_C3_P2,69847000
V1_scalar_F3R_Q4F_C3_P2,69308600
V1_scalar_F3R_Q4F_C3_P2,70935900
V1_scalar_F3R_Q4F_C3_P2,68129600
V1_scalar_F3R_Q4F_C3_P2,67904600
V1_scalar_F3R_Q4F_C3_P2,70970600
V1_scalar_F3R_Q4F_C3_P2,68966400
V1_scalar_F3R_Q4F_C3_P2,69852300
V1_scalar_F3R_Q4F_C3_P2,68916100
V1_scalar_F3R_Q4F_C3_P2,71941200
V1_scalar_F3R_Q4F_C3_P2,68199700
V1_scalar_F3R_Q4F_C3_P2,68252200
V1_scalar_F3R_Q4F_C4F_P2,67752900
V1_scalar_F3R_Q4F_C4F_P2,69853400
V1_scalar_F3R_Q4F_C4F_P2,70962600
V1_scalar_F3R_Q4F_C4F_P2,69456800
V1_scalar_F3R_Q4F_C4F_P2,68987400
V1_scalar_F3R_Q4F_C4F_P2,69709700
V1_scalar_F3R_Q4F_C4F_P2,67932600
V1_scalar_F3R_Q4F_C4F_P2,73131700
V1_scalar_F3R_Q4F_C4F_P2,71393800
V1_scalar_F3R_Q4F_C4F_P2,68331700
V1_scalar_F3R_Q4F_C4F_P2,70442500
V1_scalar_F3R_Q4F_C4F_P2,71026800
V1_scalar_F3R_Q4F_C4F_P2,71183900
V1_scalar_F3R_Q4F_C4F_P2,68102000
V1_scalar_F3R_Q4F_C4F_P2,69432600
V1_scalar_F3R_Q4F_C4F_P2,71341800
V1_scalar_F3R_Q4F_C4F_P2,67885800
V1_scalar_F3R_Q4F_C4F_P2,68145400
V1_scalar_F3R_Q4F_C4F_P2,70371800
V1_scalar_F3R_Q4F_C4F_P2,68714600
V1_scalar_F3R_Q4F_C4F_P2,69113600
V1_scalar_F3R_Q4F_C4F_P2,69304100
V1_scalar_F3R_Q4F_C4F_P2,67769800
V1_scalar_F3R_Q4F_C4F_P2,67943100
V1_scalar_F3R_Q4F_C4F_P2,68319300
V1_scalar_F3R_Q4F_C4F_P2,69623800
V1_scalar_F3R_Q4F_C4F_P2,71024100
V1_scalar_F3R_Q4F_C4F_P2,68127300
V1_scalar_F3R_Q4F_C4M_P2,69241400
V1_scalar_F3R_Q4F_C4M_P2,69361000
V1_scalar_F3R_Q4F_C4M_P2,69749100
V1_scalar_F3R_Q4F_C4M_P2,72695400
V1_scalar_F3R_Q4F_C4M_P2,69448400
V1_scalar_F3R_Q4F_C4M_P2,69174700
V1_scalar_F3R_Q4F_C4M_P2,69272600
V1_scalar_F3R_Q4F_C4M_P2,69006000
V1_scalar_F3R_Q4F_C4M_P2,68329500
V1_scalar_F3R_Q4F_C4M_P2,72216800
V1_scalar_F3R_Q4F_C4M_P2,69163900
V1_scalar_F3R_Q4F_C4M_P2,68807200
V1_scalar_F3R_Q4F_C4M_P2,69001300
V1_scalar_F3R_Q4F_C4M_P2,72796100
V1_scalar_F3R_Q4F_C4M_P2,70547300
V1_scalar_F3R_Q4F_C4M_P2,69328200
V1_scalar_F3R_Q4F_C4M_P2,72039700
V1_scalar_F3R_Q4F_C4M_P2,69076800
V1_scalar_F3R_Q4F_C4M_P2,70072500
V1_scalar_F3R_Q4F_C4M_P2,70429400
V1_scalar_F3R_Q4F_C4M_P2,69167700
V1_scalar_F3R_Q4F_C4M_P2,70401900
V1_scalar_F3R_Q4F_C4M_P2,69523600
V1_scalar_F3R_Q4F_C4M_P2,69016400
V1_scalar_F3R_Q4F_C4M_P2,68689600
V1_scalar_F3R_Q4F_C4M_P2,70028600
V1_scalar_F3R_Q4F_C4M_P2,68611100
V1_scalar_F3R_Q4F_C4M_P2,69038600
V1_scalar_F3R_Q4F_C5F_P2,73630600
V1_scalar_F3R_Q4F_C5F_P2,73697800
V1_scalar_F3R_Q4F_C5F_P2,73181000
V1_scalar_F3R_Q4F_C5F_P2,75274800
V1_scalar_F3R_Q4F_C5F_P2,72118400
V1_scalar_F3R_Q4F_C5F_P2,70416700
V1_scalar_F3R_Q4F_C5F_P2,71932200
V1_scalar_F3R_Q4F_C5F_P2,71765900
V1_scalar_F3R_Q4F_C5F_P2,75290700
V1_scalar_F3R_Q4F_C5F_P2,74541800
V1_scalar_F3R_Q4F_C5F_P2,73824200
V1_scalar_F3R_Q4F_C5F_P2,71785700
V1_scalar_F3R_Q4F_C5F_P2,73923300
V1_scalar_F3R_Q4F_C5F_P2,72399100
V1_scalar_F3R_Q4F_C5F_P2,76931100
V1_scalar_F3R_Q4F_C5F_P2,71727200
V1_scalar_F3R_Q4F_C5F_P2,75116100
V1_scalar_F3R_Q4F_C5F_P2,71532900
V1_scalar_F3R_Q4F_C5F_P2,72757200
V1_scalar_F3R_Q4F_C5F_P2,71349300
V1_scalar_F3R_Q4F_C5F_P2,70672300
V1_scalar_F3R_Q4F_C5F_P2,74351800
V1_scalar_F3R_Q4F_C5F_P2,71478200
V1_scalar_F3R_Q4F_C5F_P2,72529200
V1_scalar_F3R_Q4F_C5F_P2,70771800
V1_scalar_F3R_Q4F_C5F_P2,71686200
V1_scalar_F3R_Q4F_C5F_P2,70419300
V1_scalar_F3R_Q4F_C5M_P2,81762900
V1_scalar_F3R_Q4F_C5M_P2,80687400
V1_scalar_F3R_Q4F_C5M_P2,79773600
V1_scalar_F3R_Q4F_C5M_P2,79578800
V1_scalar_F3R_Q4F_C5M_P2,78621900
V1_scalar_F3R_Q4F_C5M_P2,81899300
V1_scalar_F3R_Q4F_C5M_P2,78318000
V1_scalar_F3R_Q4F_C5M_P2,79232600
V1_scalar_F3R_Q4F_C5M_P2,78201900
V1_scalar_F3R_Q4F_C5M_P2,77823600
V1_scalar_F3R_Q4F_C5M_P2,77679000
V1_scalar_F3R_Q4F_C5M_P2,77996900
V1_scalar_F3R_Q4F_C5M_P2,78276000
V1_scalar_F3R_Q4F_C5M_P2,79498200
V1_scalar_F3R_Q4F_C5M_P2,79469300
V1_scalar_F3R_Q4F_C5M_P2,77198700
V1_scalar_F3R_Q4F_C5M_P2,77163100
V1_scalar_F3R_Q4F_C5M_P2,78916900
V1_scalar_F3R_Q4F_C5M_P2,77981100
V1_scalar_F3R_Q4F_C5M_P2,78419800
V1_scalar_F3R_Q4F_C5M_P2,77792100
V1_scalar_F3R_Q4F_C5M_P2,77984400
V1_scalar_F3R_Q4F_C5M_P2,80881000
V1_scalar_F3R_Q4F_C5M_P2,79970600
V1_scalar_F3R_Q4F_C5M_P2,80443100
V1_scalar_F3R_Q4M_C1R_P2,103113900
V1_scalar_F3R_Q4M_C1R_P2,101767600
V1_scalar_F3R_Q4M_C1R_P2,104105300
V1_scalar_F3R_Q4M_C1R_P2,101133500
V1_scalar_F3R_Q4M_C1R_P2,101137800
V1_scalar_F3R_Q4M_C1R_P2,102372900
V1_scalar_F3R_Q4M_C1R_P2,103919700
V1_scalar_F3R_Q4M_C1R_P2,102075700
V1_scalar_F3R_Q4M_C1R_P2,100767500
V1_scalar_F3R_Q4M_C1R_P2,103904000
V1_scalar_F3R_Q4M_C1R_P2,100215900
V1_scalar_F3R_Q4M_C1R_P2,100712300
V1_scalar_F3R_Q4M_C1R_P2,101259100
V1_scalar_F3R_Q4M_C1R_P2,102825500
V1_scalar_F3R_Q4M_C1R_P2,105530400
V1_scalar_F3R_Q4M_C1R_P2,100617700
V1_scalar_F3R_Q4M_C1R_P2,101988700
V1_scalar_F3R_Q4M_C1R_P2,101109800
V1_scalar_F3R_Q4M_C1R_P2,103120200
V1_scalar_F3R_Q4M_C1R_P2,103276400
V1_scalar_F3R_Q4M_C1X_P2,80145600
V1_scalar_F3R_Q4M_C1X_P2,79838800
V1_scalar_F3R_Q4M_C1X_P2,79554200
V1_scalar_F3R_Q4M_C1X_P2,84520100
V1_scalar_F3R_Q4M_C1X_P2,79222800
V1_scalar_F3R_Q4M_C1X_P2,78876100
V1_scalar_F3R_Q4M_C1X_P2,79483500
V1_scalar_F3R_Q4M_C1X_P2,80653300
V1_scalar_F3R_Q4M_C1X_P2,82059200
V1_scalar_F3R_Q4M_C1X_P2,80386100
V1_scalar_F3R_Q4M_C1X_P2,80460900
V1_scalar_F3R_Q4M_C1X_P2,78744100
V1_scalar_F3R_Q4M_C1X_P2,79186800
V1_scalar_F3R_Q4M_C1X_P2,81798900
V1_scalar_F3R_Q4M_C1X_P2,79107900
V1_scalar_F3R_Q4M_C1X_P2,82435500
V1_scalar_F3R_Q4M_C1X_P2,79147300
V1_scalar_F3R_Q4M_C1X_P2,79482000
V1_scalar_F3R_Q4M_C1X_P2,79115200
V1_scalar_F3R_Q4M_C1X_P2,79401300
V1_scalar_F3R_Q4M_C1X_P2,78552300
V1_scalar_F3R_Q4M_C1X_P2,80760100
V1_scalar_F3R_Q4M_C1X_P2,79603100
V1_scalar_F3R_Q4M_C1X_P2,83407500
V1_scalar_F3R_Q4M_C1X_P2,80584600
V1_scalar_F3R_Q4M_C2R_P2,93173900
V1_scalar_F3R_Q4M_C2R_P2,93977500
V1_scalar_F3R_Q4M_C2R_P2,97457400
V1_scalar_F3R_Q4M_C2R_P2,94162700
V1_scalar_F3R_Q4M_C2R_P2,96374600
V1_scalar_F3R_Q4M_C2R_P2,94940300
V1_scalar_F3R_Q4M_C2R_P2,98652200
V1_scalar_F3R_Q4M_C2R_P2,93433600
V1_scalar_F3R_Q4M_C2R_P2,94947000
V1_scalar_F3R_Q4M_C2R_P2,95554500
V1_scalar_F3R_Q4M_C2R_P2,96949700
V1_scalar_F3R_Q4M_C2R_P2,95981000
V1_scalar_F3R_Q4M_C2R_P2,95866000
V1_scalar_F3R_Q4M_C2R_P2,92942400
V1_scalar_F3R_Q4M_C2R_P2,95299600
V1_scalar_F3R_Q4M_C2R_P2,97156900
V1_scalar_F3R_Q4M_C2R_P2,95833500
V1_scalar_F3R_Q4M_C2R_P2,96123000
V1_scalar_F3R_Q4M_C2R_P2,93490900
V1_scalar_F3R_Q4M_C2R_P2,98536500
V1_scalar_F3R_Q4M_C2R_P2,92587000
V1_scalar_F3R_Q4M_C2X_P2,75041900
V1_scalar_F3R_Q4M_C2X_P2,76398000
V1_scalar_F3R_Q4M_C2X_P2,76037000
V1_scalar_F3R_Q4M_C2X_P2,76379800
V1_scalar_F3R_Q4M_C2X_P2,75934700
V1_scalar_F3R_Q4M_C2X_P2,77146900
V1_scalar_F3R_Q4M_C2X_P2,78983100
V1_scalar_F3R_Q4M_C2X_P2,75120900
V1_scalar_F3R_Q4M_C2X_P2,76893400
V1_scalar_F3R_Q4M_C2X_P2,77950200
V1_scalar_F3R_Q4M_C2X_P2,78463900
V1_scalar_F3R_Q4M_C2X_P2,74836700
V1_scalar_F3R_Q4M_C2X_P2,75020500
V1_scalar_F3R_Q4M_C2X_P2,78206400
V1_scalar_F3R_Q4M_C2X_P2,76869700
V1_scalar_F3R_Q4M_C2X_P2,75342900
V1_scalar_F3R_Q4M_C2X_P2,74896700
V1_scalar_F3R_Q4M_C2X_P2,76145700
V1_scalar_F3R_Q4M_C2X_P2,76680200
V1_scalar_F3R_Q4M_C2X_P2,78408600
V1_scalar_F3R_Q4M_C2X_P2,76394200
V1_scalar_F3R_Q4M_C2X_P2,76684000
V1_scalar_F3R_Q4M_C2X_P2,79019700
V1_scalar_F3R_Q4M_C2X_P2,78309700
V1_scalar_F3R_Q4M_C2X_P2,77351000
V1_scalar_F3R_Q4M_C3_P2,70396700
V1_scalar_F3R_Q4M_C3_P2,71315600
V1_scalar_F3R_Q4M_C3_P2,71018000
V1_scalar_F3R_Q4M_C3_P2,70121600
V1_scalar_F3R_Q4M_C3_P2,72262100
V1_scalar_F3R_Q4M_C3_P2,70284000
V1_scalar_F3R_Q4M_C3_P2,70219500
V1_scalar_F3R_Q4M_C3_P2,71389300
V1_scalar_F3R_Q4M_C3_P2,69890400
V1_scalar_F3R_Q4M_C3_P2,71210100
V1_scalar_F3R_Q4M_C3_P2,71551200
V1_scalar_F3R_Q4M_C3_P2,72663900
V1_scalar_F3R_Q4M_C3_P2,70533800
V1_scalar_F3R_Q4M_C3_P2,70125700
V1_scalar_F3R_Q4M_C3_P2,71947600
V1_scalar_F3R_Q4M_C3_P2,70826400
V1_scalar_F3R_Q4M_C3_P2,71565100
V1_scalar_F3R_Q4M_C3_P2,70480600
V1_scalar_F3R_Q4M_C3_P2,70435000
V1_scalar_F3R_Q4M_C3_P2,70011400
V1_scalar_F3R_Q4M_C3_P2,72503500
V1_scalar_F3R_Q4M_C3_P2,70074500
V1_scalar_F3R_Q4M_C3_P2,71961200
V1_scalar_F3R_Q4M_C3_P2,71339000
V1_scalar_F3R_Q4M_C3_P2,71183100
V1_scalar_F3R_Q4M_C3_P2,70630000
V1_scalar_F3R_Q4M_C3_P2,71782000
V1_scalar_F3R_Q4M_C4F_P2,73229100
V1_scalar_F3R_Q4M_C4F_P2,73347900
V1_scalar_F3R_Q4M_C4F_P2,74677900
V1_scalar_F3R_Q4M_C4F_P2,70432900
V1_scalar_F3R_Q4M_C4F_P2,72111400
V1_scalar_F3R_Q4M_C4F_P2,70766600
V1_scalar_F3R_Q4M_C4F_P2,70046100
V1_scalar_F3R_Q4M_C4F_P2,71540000
V1_scalar_F3R_Q4M_C4F_P2,70980300
V1_scalar_F3R_Q4M_C4F_P2,70983100
V1_scalar_F3R_Q4M_C4F_P2,72296600
V1_scalar_F3R_Q4M_C4F_P2,73059000
V1_scalar_F3R_Q4M_C4F_P2,71983400
V1_scalar_F3R_Q4M_C4F_P2,72712600
V1_scalar_F3R_Q4M_C4F_P2,72939600
V1_scalar_F3R_Q4M_C4F_P2,70848700
V1_scalar_F3R_Q4M_C4F_P2,71167000
V1_scalar_F3R_Q4M_C4F_P2,71098600
V1_scalar_F3R_Q4M_C4F_P2,71367100
V1_scalar_F3R_Q4M_C4F_P2,71859300
V1_scalar_F3R_Q4M_C4F_P2,72201900
V1_scalar_F3R_Q4M_C4F_P2,72668000
V1_scalar_F3R_Q4M_C4F_P2,70826500
V1_scalar_F3R_Q4M_C4F_P2,70932300
V1_scalar_F3R_Q4M_C4F_P2,74290900
V1_scalar_F3R_Q4M_C4F_P2,73224900
V1_scalar_F3R_Q4M_C4F_P2,71770500
V1_scalar_F3R_Q4M_C4M_P2,75533500
V1_scalar_F3R_Q4M_C4M_P2,75318400
V1_scalar_F3R_Q4M_C4M_P2,76171900
V1_scalar_F3R_Q4M_C4M_P2,74063000
V1_scalar_F3R_Q4M_C4M_P2,73689100
V1_scalar_F3R_Q4M_C4M_P2,71789100
V1_scalar_F3R_Q4M_C4M_P2,71159900
V1_scalar_F3R_Q4M_C4M_P2,71365200
V1_scalar_F3R_Q4M_C4M_P2,71336900
V1_scalar_F3R_Q4M_C4M_P2,73471400
V1_scalar_F3R_Q4M_C4M_P2,71183900
V1_scalar_F3R_Q4M_C4M_P2,72860900
V1_scalar_F3R_Q4M_C4M_P2,71608100
V1_scalar_F3R_Q4M_C4M_P2,71307600
V1_scalar_F3R_Q4M_C4M_P2,70944700
V1_scalar_F3R_Q4M_C4M_P2,71343900
V1_scalar_F3R_Q4M_C4M_P2,71831800
V1_scalar_F3R_Q4M_C4M_P2,71472700
V1_scalar_F3R_Q4M_C4M_P2,71689500
V1_scalar_F3R_Q4M_C4M_P2,71277800
V1_scalar_F3R_Q4M_C4M_P2,71910100
V1_scalar_F3R_Q4M_C4M_P2,72428700
V1_scalar_F3R_Q4M_C4M_P2,72724100
V1_scalar_F3R_Q4M_C4M_P2,73473100
V1_scalar_F3R_Q4M_C4M_P2,73622800
V1_scalar_F3R_Q4M_C4M_P2,75783800
V1_scalar_F3R_Q4M_C4M_P2,72998200
V1_scalar_F3R_Q4M_C5F_P2,72837400
V1_scalar_F3R_Q4M_C5F_P2,74223100
V1_scalar_F3R_Q4M_C5F_P2,76525900
V1_scalar_F3R_Q4M_C5F_P2,72513200
V1_scalar_F3R_Q4M_C5F_P2,74939200
V1_scalar_F3R_Q4M_C5F_P2,72490900
V1_scalar_F3R_Q4M_C5F_P2,72324800
V1_scalar_F3R_Q4M_C5F_P2,72345900
V1_scalar_F3R_Q4M_C5F_P2,72560500
V1_scalar_F3R_Q4M_C5F_P2,73901200
V1_scalar_F3R_Q4M_C5F_P2,76007400
V1_scalar_F3R_Q4M_C5F_P2,72596800
V1_scalar_F3R_Q4M_C5F_P2,73854500
V1_scalar_F3R_Q4M_C5F_P2,73308400
V1_scalar_F3R_Q4M_C5F_P2,73559800
V1_scalar_F3R_Q4M_C5F_P2,75071300
V1_scalar_F3R_Q4M_C5F_P2,73689000
V1_scalar_F3R_Q4M_C5F_P2,73801400
V1_scalar_F3R_Q4M_C5F_P2,74106200
V1_scalar_F3R_Q4M_C5F_P2,74610500
V1_scalar_F3R_Q4M_C5F_P2,74529400
V1_scalar_F3R_Q4M_C5F_P2,72823200
V1_scalar_F3R_Q4M_C5F_P2,74631600
V1_scalar_F3R_Q4M_C5F_P2,75488300
V1_scalar_F3R_Q4M_C5F_P2,73431600
V1_scalar_F3R_Q4M_C5F_P2,75036200
V1_scalar_F3R_Q4M_C5F_P2,75174200
V1_scalar_F3R_Q4M_C5M_P2,79979300
V1_scalar_F3R_Q4M_C5M_P2,79612100
V1_scalar_F3R_Q4M_C5M_P2,88471100
V1_scalar_F3R_Q4M_C5M_P2,80686300
V1_scalar_F3R_Q4M_C5M_P2,79734100
V1_scalar_F3R_Q4M_C5M_P2,80559800
V1_scalar_F3R_Q4M_C5M_P2,81143400
V1_scalar_F3R_Q4M_C5M_P2,81565900
V1_scalar_F3R_Q4M_C5M_P2,79408700
V1_scalar_F3R_Q4M_C5M_P2,79496000
V1_scalar_F3R_Q4M_C5M_P2,81044000
V1_scalar_F3R_Q4M_C5M_P2,81557900
V1_scalar_F3R_Q4M_C5M_P2,82843700
V1_scalar_F3R_Q4M_C5M_P2,80469300
V1_scalar_F3R_Q4M_C5M_P2,80235500
V1_scalar_F3R_Q4M_C5M_P2,80146600
V1_scalar_F3R_Q4M_C5M_P2,79244800
V1_scalar_F3R_Q4M_C5M_P2,80338300
V1_scalar_F3R_Q4M_C5M_P2,81217100
V1_scalar_F3R_Q4M_C5M_P2,81394600
V1_scalar_F3R_Q4M_C5M_P2,82072000
V1_scalar_F3R_Q4M_C5M_P2,79974100
V1_scalar_F3R_Q4M_C5M_P2,80498200
V1_scalar_F3R_Q4M_C5M_P2,80195300
V1_scalar_F3X_Q1_C1R_P2,64575100
V1_scalar_F3X_Q1_C1R_P2,65395100
V1_scalar_F3X_Q1_C1R_P2,64039200
V1_scalar_F3X_Q1_C1R_P2,66726200
V1_scalar_F3X_Q1_C1R_P2,66206600
V1_scalar_F3X_Q1_C1R_P2,67682400
V1_scalar_F3X_Q1_C1R_P2,67611500
V1_scalar_F3X_Q1_C1R_P2,65360900
V1_scalar_F3X_Q1_C1R_P2,66839900
V1_scalar_F3X_Q1_C1R_P2,67544600
V1_scalar_F3X_Q1_C1R_P2,66352600
V1_scalar_F3X_Q1_C1R_P2,67234300
V1_scalar_F3X_Q1_C1R_P2,65806900
V1_scalar_F3X_Q1_C1R_P2,64004300
V1_scalar_F3X_Q1_C1R_P2,64147100
V1_scalar_F3X_Q1_C1R_P2,63959400
V1_scalar_F3X_Q1_C1R_P2,64533900
V1_scalar_F3X_Q1_C1R_P2,64546300
V1_scalar_F3X_Q1_C1R_P2,63790900
V1_scalar_F3X_Q1_C1R_P2,65718500
V1_scalar_F3X_Q1_C1R_P2,64027400
V1_scalar_F3X_Q1_C1R_P2,65535600
V1_scalar_F3X_Q1_C1R_P2,64779000
V1_scalar_F3X_Q1_C1R_P2,65331900
V1_scalar_F3X_Q1_C1R_P2,65857500
V1_scalar_F3X_Q1_C1R_P2,66143600
V1_scalar_F3X_Q1_C1R_P2,64126100
V1_scalar_F3X_Q1_C1R_P2,64829500
V1_scalar_F3X_Q1_C1R_P2,64494700
V1_scalar_F3X_Q1_C1R_P2,64604400
V1_scalar_F3X_Q1_C1R_P2,66937400
V1_scalar_F3X_Q1_C1X_P2,46479000
V1_scalar_F3X_Q1_C1X_P2,46601400
V1_scalar_F3X_Q1_C1X_P2,45270700
V1_scalar_F3X_Q1_C1X_P2,45877400
V1_scalar_F3X_Q1_C1X_P2,45387700
V1_scalar_F3X_Q1_C1X_P2,48375900
V1_scalar_F3X_Q1_C1X_P2,47567200
V1_scalar_F3X_Q1_C1X_P2,47964300
V1_scalar_F3X_Q1_C1X_P2,46882000
V1_scalar_F3X_Q1_C1X_P2,47945200
V1_scalar_F3X_Q1_C1X_P2,45240500
V1_scalar_F3X_Q1_C1X_P2,45118200
V1_scalar_F3X_Q1_C1X_P2,45620600
V1_scalar_F3X_Q1_C1X_P2,46444600
V1_scalar_F3X_Q1_C1X_P2,47291800
V1_scalar_F3X_Q1_C1X_P2,45519300
V1_scalar_F3X_Q1_C1X_P2,45525600
V1_scalar_F3X_Q1_C1X_P2,47989400
V1_scalar_F3X_Q1_C1X_P2,46623300
V1_scalar_F3X_Q1_C1X_P2,45357100
V1_scalar_F3X_Q1_C1X_P2,45939400
V1_scalar_F3X_Q1_C1X_P2,46426600
V1_scalar_F3X_Q1_C1X_P2,45906300
V1_scalar_F3X_Q1_C1X_P2,45327700
V1_scalar_F3X_Q1_C1X_P2,44932200
V1_scalar_F3X_Q1_C1X_P2,47417300
V1_scalar_F3X_Q1_C1X_P2,47067600
V1_scalar_F3X_Q1_C1X_P2,45118600
V1_scalar_F3X_Q1_C1X_P2,45241900
V1_scalar_F3X_Q1_C1X_P2,44962600
V1_scalar_F3X_Q1_C1X_P2,44965300
V1_scalar_F3X_Q1_C1X_P2,45181100
V1_scalar_F3X_Q1_C1X_P2,46995400
V1_scalar_F3X_Q1_C1X_P2,45516500
V1_scalar_F3X_Q1_C1X_P2,45226800
V1_scalar_F3X_Q1_C1X_P2,46221900
V1_scalar_F3X_Q1_C1X_P2,45300800
V1_scalar_F3X_Q1_C1X_P2,45346400
V1_scalar_F3X_Q1_C1X_P2,47949900
V1_scalar_F3X_Q1_C1X_P2,46075400
V1_scalar_F3X_Q1_C1X_P2,45465300
V1_scalar_F3X_Q1_C1X_P2,45094100
V1_scalar_F3X_Q1_C2R_P2,55872700
V1_scalar_F3X_Q1_C2R_P2,56613900
V1_scalar_F3X_Q1_C2R_P2,57985300
V1_scalar_F3X_Q1_C2R_P2,56355600
V1_scalar_F3X_Q1_C2R_P2,58431200
V1_scalar_F3X_Q1_C2R_P2,56345400
V1_scalar_F3X_Q1_C2R_P2,57856200
V1_scalar_F3X_Q1_C2R_P2,56355900
V1_scalar_F3X_Q1_C2R_P2,55909500
V1_scalar_F3X_Q1_C2R_P2,57219800
V1_scalar_F3X_Q1_C2R_P2,56917100
V1_scalar_F3X_Q1_C2R_P2,56455900
V1_scalar_F3X_Q1_C2R_P2,56061000
V1_scalar_F3X_Q1_C2R_P2,56087900
V1_scalar_F3X_Q1_C2R_P2,57018500
V1_scalar_F3X_Q1_C2R_P2,56884800
V1_scalar_F3X_Q1_C2R_P2,56222800
V1_scalar_F3X_Q1_C2R_P2,56124700
V1_scalar_F3X_Q1_C2R_P2,56249700
V1_scalar_F3X_Q1_C2R_P2,59522900
V1_scalar_F3X_Q1_C2R_P2,55939800
V1_scalar_F3X_Q1_C2R_P2,55848800
V1_scalar_F3X_Q1_C2R_P2,56479100
V1_scalar_F3X_Q1_C2R_P2,56729100
V1_scalar_F3X_Q1_C2R_P2,56087800
V1_scalar_F3X_Q1_C2R_P2,58267400
V1_scalar_F3X_Q1_C2R_P2,56158900
V1_scalar_F3X_Q1_C2R_P2,56656600
V1_scalar_F3X_Q1_C2R_P2,56243100
V1_scalar_F3X_Q1_C2R_P2,55899800
V1_scalar_F3X_Q1_C2R_P2,56599400
V1_scalar_F3X_Q1_C2R_P2,58605200
V1_scalar_F3X_Q1_C2R_P2,56302700
V1_scalar_F3X_Q1_C2R_P2,58832900
V1_scalar_F3X_Q1_C2X_P2,41227700
V1_scalar_F3X_Q1_C2X_P2,40325000
V1_scalar_F3X_Q1_C2X_P2,41947200
V1_scalar_F3X_Q1_C2X_P2,42280200
V1_scalar_F3X_Q1_C2X_P2,40608700
V1_scalar_F3X_Q1_C2X_P2,40387500
V1_scalar_F3X_Q1_C2X_P2,43204600
V1_scalar_F3X_Q1_C2X_P2,42226100
V1_scalar_F3X_Q1_C2X_P2,42054900
V1_scalar_F3X_Q1_C2X_P2,41397700
V1_scalar_F3X_Q1_C2X_P2,42415000
V1_scalar_F3X_Q1_C2X_P2,40561600
V1_scalar_F3X_Q1_C2X_P2,40665600
V1_scalar_F3X_Q1_C2X_P2,40430300
V1_scalar_F3X_Q1_C2X_P2,40759100
V1_scalar_F3X_Q1_C2X_P2,43467000
V1_scalar_F3X_Q1_C2X_P2,43176500
V1_scalar_F3X_Q1_C2X_P2,43077000
V1_scalar_F3X_Q1_C2X_P2,40412200
V1_scalar_F3X_Q1_C2X_P2,42613900
V1_scalar_F3X_Q1_C2X_P2,41412600
V1_scalar_F3X_Q1_C2X_P2,42965700
V1_scalar_F3X_Q1_C2X_P2,40365100
V1_scalar_F3X_Q1_C2X_P2,40350400
V1_scalar_F3X_Q1_C2X_P2,41930900
V1_scalar_F3X_Q1_C2X_P2,40428300
V1_scalar_F3X_Q1_C2X_P2,41568100
V1_scalar_F3X_Q1_C2X_P2,40587700
V1_scalar_F3X_Q1_C2X_P2,40610100
V1_scalar_F3X_Q1_C2X_P2,41611800
V1_scalar_F3X_Q1_C2X_P2,40610900
V1_scalar_F3X_Q1_C2X_P2,44699000
V1_scalar_F3X_Q1_C2X_P2,40941900
V1_scalar_F3X_Q1_C2X_P2,41723400
V1_scalar_F3X_Q1_C2X_P2,40935800
V1_scalar_F3X_Q1_C2X_P2,40327700
V1_scalar_F3X_Q1_C2X_P2,42062600
V1_scalar_F3X_Q1_C2X_P2,41998400
V1_scalar_F3X_Q1_C2X_P2,42904000
V1_scalar_F3X_Q1_C2X_P2,40723100
V1_scalar_F3X_Q1_C2X_P2,42359800
V1_scalar_F3X_Q1_C2X_P2,40847000
V1_scalar_F3X_Q1_C2X_P2,43672400
V1_scalar_F3X_Q1_C2X_P2,40994600
V1_scalar_F3X_Q1_C2X_P2,48716600
V1_scalar_F3X_Q1_C3_P2,36848200
V1_scalar_F3X_Q1_C3_P2,38049100
V1_scalar_F3X_Q1_C3_P2,36758900
V1_scalar_F3X_Q1_C3_P2,39069300
V1_scalar_F3X_Q1_C3_P2,39665400
V1_scalar_F3X_Q1_C3_P2,37148400
V1_scalar_F3X_Q1_C3_P2,39393900
V1_scalar_F3X_Q1_C3_P2,37533700
V1_scalar_F3X_Q1_C3_P2,39176200
V1_scalar_F3X_Q1_C3_P2,36840200
V1_scalar_F3X_Q1_C3_P2,38470900
V1_scalar_F3X_Q1_C3_P2,38130700
V1_scalar_F3X_Q1_C3_P2,37496500
V1_scalar_F3X_Q1_C3_P2,39270200
V1_scalar_F3X_Q1_C3_P2,38099200
V1_scalar_F3X_Q1_C3_P2,37577300
V1_scalar_F3X_Q1_C3_P2,36925300
V1_scalar_F3X_Q1_C3_P2,37612500
V1_scalar_F3X_Q1_C3_P2,37283900
V1_scalar_F3X_Q1_C3_P2,36381400
V1_scalar_F3X_Q1_C3_P2,36987400
V1_scalar_F3X_Q1_C3_P2,36749700
V1_scalar_F3X_Q1_C3_P2,36766400
V1_scalar_F3X_Q1_C3_P2,37917300
V1_scalar_F3X_Q1_C3_P2,36802400
V1_scalar_F3X_Q1_C3_P2,38599600
V1_scalar_F3X_Q1_C3_P2,36691800
V1_scalar_F3X_Q1_C3_P2,37447000
V1_scalar_F3X_Q1_C3_P2,39775300
V1_scalar_F3X_Q1_C3_P2,36589900
V1_scalar_F3X_Q1_C3_P2,38716300
V1_scalar_F3X_Q1_C3_P2,37059500
V1_scalar_F3X_Q1_C3_P2,36934200
V1_scalar_F3X_Q1_C3_P2,37104100
V1_scalar_F3X_Q1_C3_P2,36656200
V1_scalar_F3X_Q1_C3_P2,38921300
V1_scalar_F3X_Q1_C3_P2,37882900
V1_scalar_F3X_Q1_C3_P2,37474900
V1_scalar_F3X_Q1_C3_P2,38709900
V1_scalar_F3X_Q1_C3_P2,37513500
V1_scalar_F3X_Q1_C3_P2,37797600
V1_scalar_F3X_Q1_C3_P2,39446700
V1_scalar_F3X_Q1_C3_P2,37842800
V1_scalar_F3X_Q1_C3_P2,38100600
V1_scalar_F3X_Q1_C3_P2,37070500
V1_scalar_F3X_Q1_C3_P2,36808700
V1_scalar_F3X_Q1_C3_P2,36695100
V1_scalar_F3X_Q1_C3_P2,36896800
V1_scalar_F3X_Q1_C3_P2,37507300
V1_scalar_F3X_Q1_C4F_P2,37076600
V1_scalar_F3X_Q1_C4F_P2,38360100
V1_scalar_F3X_Q1_C4F_P2,37115000
V1_scalar_F3X_Q1_C4F_P2,36982200
V1_scalar_F3X_Q1_C4F_P2,36903200
V1_scalar_F3X_Q1_C4F_P2,38419400
V1_scalar_F3X_Q1_C4F_P2,38598400
V1_scalar_F3X_Q1_C4F_P2,37881300
V1_scalar_F3X_Q1_C4F_P2,37236900
V1_scalar_F3X_Q1_C4F_P2,37016700
V1_scalar_F3X_Q1_C4F_P2,37206600
V1_scalar_F3X_Q1_C4F_P2,39834200
V1_scalar_F3X_Q1_C4F_P2,37637500
V1_scalar_F3X_Q1_C4F_P2,38556800
V1_scalar_F3X_Q1_C4F_P2,38522500
V1_scalar_F3X_Q1_C4F_P2,37089400
V1_scalar_F3X_Q1_C4F_P2,37411800
V1_scalar_F3X_Q1_C4F_P2,39879400
V1_scalar_F3X_Q1_C4F_P2,39008200
V1_scalar_F3X_Q1_C4F_P2,39006800
V1_scalar_F3X_Q1_C4F_P2,39974700
V1_scalar_F3X_Q1_C4F_P2,37052200
V1_scalar_F3X_Q1_C4F_P2,37144100
V1_scalar_F3X_Q1_C4F_P2,37219000
V1_scalar_F3X_Q1_C4F_P2,42511200
V1_scalar_F3X_Q1_C4F_P2,40195200
V1_scalar_F3X_Q1_C4F_P2,37233600
V1_scalar_F3X_Q1_C4F_P2,38759800
V1_scalar_F3X_Q1_C4F_P2,43881400
V1_scalar_F3X_Q1_C4F_P2,37208300
V1_scalar_F3X_Q1_C4F_P2,37989400
V1_scalar_F3X_Q1_C4F_P2,38191400
V1_scalar_F3X_Q1_C4F_P2,37050800
V1_scalar_F3X_Q1_C4F_P2,37038100
V1_scalar_F3X_Q1_C4F_P2,37915600
V1_scalar_F3X_Q1_C4F_P2,43968800
V1_scalar_F3X_Q1_C4F_P2,37914900
V1_scalar_F3X_Q1_C4F_P2,37884700
V1_scalar_F3X_Q1_C4F_P2,37961100
V1_scalar_F3X_Q1_C4F_P2,38092300
V1_scalar_F3X_Q1_C4F_P2,37250400
V1_scalar_F3X_Q1_C4F_P2,37123300
V1_scalar_F3X_Q1_C4F_P2,36971500
V1_scalar_F3X_Q1_C4F_P2,39045500
V1_scalar_F3X_Q1_C4F_P2,39585200
V1_scalar_F3X_Q1_C4F_P2,37259300
V1_scalar_F3X_Q1_C4F_P2,40994000
V1_scalar_F3X_Q1_C4F_P2,37275600
V1_scalar_F3X_Q1_C4F_P2,37550200
V1_scalar_F3X_Q1_C4M_P2,38192800
V1_scalar_F3X_Q1_C4M_P2,37944500
V1_scalar_F3X_Q1_C4M_P2,38723200
V1_scalar_F3X_Q1_C4M_P2,39932500
V1_scalar_F3X_Q1_C4M_P2,38847900
V1_scalar_F3X_Q1_C4M_P2,38441800
V1_scalar_F3X_Q1_C4M_P2,37701400
V1_scalar_F3X_Q1_C4M_P2,39135000
V1_scalar_F3X_Q1_C4M_P2,38669600
V1_scalar_F3X_Q1_C4M_P2,37933500
V1_scalar_F3X_Q1_C4M_P2,39224800
V1_scalar_F3X_Q1_C4M_P2,38883900
V1_scalar_F3X_Q1_C4M_P2,38439200
V1_scalar_F3X_Q1_C4M_P2,37703900
V1_scalar_F3X_Q1_C4M_P2,37522400
V1_scalar_F3X_Q1_C4M_P2,38433100
V1_scalar_F3X_Q1_C4M_P2,38454200
V1_scalar_F3X_Q1_C4M_P2,39969500
V1_scalar_F3X_Q1_C4M_P2,38892700
V1_scalar_F3X_Q1_C4M_P2,39296000
V1_scalar_F3X_Q1_C4M_P2,39605600
V1_scalar_F3X_Q1_C4M_P2,42174300
V1_scalar_F3X_Q1_C4M_P2,38719000
V1_scalar_F3X_Q1_C4M_P2,38199300
V1_scalar_F3X_Q1_C4M_P2,39356500
V1_scalar_F3X_Q1_C4M_P2,39435500
V1_scalar_F3X_Q1_C4M_P2,39556700
V1_scalar_F3X_Q1_C4M_P2,39533100
V1_scalar_F3X_Q1_C4M_P2,38670400
V1_scalar_F3X_Q1_C4M_P2,38302100
V1_scalar_F3X_Q1_C4M_P2,39530200
V1_scalar_F3X_Q1_C4M_P2,37794100
V1_scalar_F3X_Q1_C4M_P2,39692700
V1_scalar_F3X_Q1_C4M_P2,38123200
V1_scalar_F3X_Q1_C4M_P2,37701300
V1_scalar_F3X_Q1_C4M_P2,37878500
V1_scalar_F3X_Q1_C4M_P2,39415700
V1_scalar_F3X_Q1_C4M_P2,42720900
V1_scalar_F3X_Q1_C4M_P2,37920900
V1_scalar_F3X_Q1_C4M_P2,37818400
V1_scalar_F3X_Q1_C4M_P2,38600600
V1_scalar_F3X_Q1_C4M_P2,37517900
V1_scalar_F3X_Q1_C4M_P2,39903300
V1_scalar_F3X_Q1_C4M_P2,38389300
V1_scalar_F3X_Q1_C4M_P2,37697200
V1_scalar_F3X_Q1_C4M_P2,39387600
V1_scalar_F3X_Q1_C4M_P2,37878900
V1_scalar_F3X_Q1_C4M_P2,37744600
V1_scalar_F3X_Q1_C5F_P2,42484400
V1_scalar_F3X_Q1_C5F_P2,42910500
V1_scalar_F3X_Q1_C5F_P2,45035800
V1_scalar_F3X_Q1_C5F_P2,43216000
V1_scalar_F3X_Q1_C5F_P2,42799600
V1_scalar_F3X_Q1_C5F_P2,45361800
V1_scalar_F3X_Q1_C5F_P2,42518600
V1_scalar_F3X_Q1_C5F_P2,43491200
V1_scalar_F3X_Q1_C5F_P2,43758600
V1_scalar_F3X_Q1_C5F_P2,43113100
V1_scalar_F3X_Q1_C5F_P2,42909600
V1_scalar_F3X_Q1_C5F_P2,42613300
V1_scalar_F3X_Q1_C5F_P2,43626800
V1_scalar_F3X_Q1_C5F_P2,42865000
V1_scalar_F3X_Q1_C5F_P2,45409700
V1_scalar_F3X_Q1_C5F_P2,44810700
V1_scalar_F3X_Q1_C5F_P2,46155600
V1_scalar_F3X_Q1_C5F_P2,45185000
V1_scalar_F3X_Q1_C5F_P2,43600000
V1_scalar_F3X_Q1_C5F_P2,44375900
V1_scalar_F3X_Q1_C5F_P2,44212100
V1_scalar_F3X_Q1_C5F_P2,44439800
V1_scalar_F3X_Q1_C5F_P2,44564500
V1_scalar_F3X_Q1_C5F_P2,47445100
V1_scalar_F3X_Q1_C5F_P2,44423700
V1_scalar_F3X_Q1_C5F_P2,62367300
V1_scalar_F3X_Q1_C5F_P2,42918100
V1_scalar_F3X_Q1_C5F_P2,43639200
V1_scalar_F3X_Q1_C5F_P2,43755300
V1_scalar_F3X_Q1_C5F_P2,43759500
V1_scalar_F3X_Q1_C5F_P2,42848100
V1_scalar_F3X_Q1_C5F_P2,44182800
V1_scalar_F3X_Q1_C5F_P2,43739300
V1_scalar_F3X_Q1_C5F_P2,42632900
V1_scalar_F3X_Q1_C5F_P2,42919100
V1_scalar_F3X_Q1_C5F_P2,42867500
V1_scalar_F3X_Q1_C5F_P2,42818200
V1_scalar_F3X_Q1_C5F_P2,44453300
V1_scalar_F3X_Q1_C5F_P2,43153300
V1_scalar_F3X_Q1_C5F_P2,44116300
V1_scalar_F3X_Q1_C5F_P2,44315100
V1_scalar_F3X_Q1_C5F_P2,43821100
V1_scalar_F3X_Q1_C5M_P2,48052700
V1_scalar_F3X_Q1_C5M_P2,47777200
V1_scalar_F3X_Q1_C5M_P2,47610900
V1_scalar_F3X_Q1_C5M_P2,47446200
V1_scalar_F3X_Q1_C5M_P2,47347600
V1_scalar_F3X_Q1_C5M_P2,47778400
V1_scalar_F3X_Q1_C5M_P2,47960000
V1_scalar_F3X_Q1_C5M_P2,48836100
V1_scalar_F3X_Q1_C5M_P2,47542700
V1_scalar_F3X_Q1_C5M_P2,49014400
V1_scalar_F3X_Q1_C5M_P2,49304600
V1_scalar_F3X_Q1_C5M_P2,48572900
V1_scalar_F3X_Q1_C5M_P2,48091700
V1_scalar_F3X_Q1_C5M_P2,47730900
V1_scalar_F3X_Q1_C5M_P2,48604500
V1_scalar_F3X_Q1_C5M_P2,49790600
V1_scalar_F3X_Q1_C5M_P2,48310900
V1_scalar_F3X_Q1_C5M_P2,49117900
V1_scalar_F3X_Q1_C5M_P2,47728900
V1_scalar_F3X_Q1_C5M_P2,47731900
V1_scalar_F3X_Q1_C5M_P2,47750800
V1_scalar_F3X_Q1_C5M_P2,48531400
V1_scalar_F3X_Q1_C5M_P2,47823700
V1_scalar_F3X_Q1_C5M_P2,48628200
V1_scalar_F3X_Q1_C5M_P2,47791700
V1_scalar_F3X_Q1_C5M_P2,47949800
V1_scalar_F3X_Q1_C5M_P2,47567600
V1_scalar_F3X_Q1_C5M_P2,47386100
V1_scalar_F3X_Q1_C5M_P2,47671000
V1_scalar_F3X_Q1_C5M_P2,47413900
V1_scalar_F3X_Q1_C5M_P2,58600500
V1_scalar_F3X_Q1_C5M_P2,48783300
V1_scalar_F3X_Q1_C5M_P2,50777700
V1_scalar_F3X_Q1_C5M_P2,49027200
V1_scalar_F3X_Q1_C5M_P2,49950400
V1_scalar_F3X_Q1_C5M_P2,50304900
V1_scalar_F3X_Q1_C5M_P2,49610500
V1_scalar_F3X_Q1_C5M_P2,47069300
V1_scalar_F3X_Q1_C5M_P2,48667000
V1_scalar_F3X_Q2R_C1R_P2,83442700
V1_scalar_F3X_Q2R_C1R_P2,87926400
V1_scalar_F3X_Q2R_C1R_P2,84169300
V1_scalar_F3X_Q2R_C1R_P2,83748700
V1_scalar_F3X_Q2R_C1R_P2,87674700
V1_scalar_F3X_Q2R_C1R_P2,86276900
V1_scalar_F3X_Q2R_C1R_P2,84819400
V1_scalar_F3X_Q2R_C1R_P2,83527400
V1_scalar_F3X_Q2R_C1R_P2,84766800
V1_scalar_F3X_Q2R_C1R_P2,86224200
V1_scalar_F3X_Q2R_C1R_P2,85181600
V1_scalar_F3X_Q2R_C1R_P2,86249000
V1_scalar_F3X_Q2R_C1R_P2,83662700
V1_scalar_F3X_Q2R_C1R_P2,83049100
V1_scalar_F3X_Q2R_C1R_P2,85554400
V1_scalar_F3X_Q2R_C1R_P2,84840700
V1_scalar_F3X_Q2R_C1R_P2,84718700
V1_scalar_F3X_Q2R_C1R_P2,88672300
V1_scalar_F3X_Q2R_C1R_P2,83766000
V1_scalar_F3X_Q2R_C1R_P2,86035000
V1_scalar_F3X_Q2R_C1R_P2,84668500
V1_scalar_F3X_Q2R_C1R_P2,87791500
V1_scalar_F3X_Q2R_C1X_P2,66038900
V1_scalar_F3X_Q2R_C1X_P2,66290400
V1_scalar_F3X_Q2R_C1X_P2,64944700
V1_scalar_F3X_Q2R_C1X_P2,67513200
V1_scalar_F3X_Q2R_C1X_P2,68368800
V1_scalar_F3X_Q2R_C1X_P2,65788200
V1_scalar_F3X_Q2R_C1X_P2,67656300
V1_scalar_F3X_Q2R_C1X_P2,64971700
V1_scalar_F3X_Q2R_C1X_P2,66430000
V1_scalar_F3X_Q2R_C1X_P2,65626100
V1_scalar_F3X_Q2R_C1X_P2,69580100
V1_scalar_F3X_Q2R_C1X_P2,65833400
V1_scalar_F3X_Q2R_C1X_P2,65318300
V1_scalar_F3X_Q2R_C1X_P2,65724400
V1_scalar_F3X_Q2R_C1X_P2,65845700
V1_scalar_F3X_Q2R_C1X_P2,66537600
V1_scalar_F3X_Q2R_C1X_P2,64296800
V1_scalar_F3X_Q2R_C1X_P2,69584400
V1_scalar_F3X_Q2R_C1X_P2,67417900
V1_scalar_F3X_Q2R_C1X_P2,69271400
V1_scalar_F3X_Q2R_C1X_P2,64585400
V1_scalar_F3X_Q2R_C1X_P2,65030300
V1_scalar_F3X_Q2R_C1X_P2,69248900
V1_scalar_F3X_Q2R_C1X_P2,70451800
V1_scalar_F3X_Q2R_C1X_P2,66369800
V1_scalar_F3X_Q2R_C1X_P2,65608700
V1_scalar_F3X_Q2R_C1X_P2,64875700
V1_scalar_F3X_Q2R_C1X_P2,69479900
V1_scalar_F3X_Q2R_C2R_P2,76463400
V1_scalar_F3X_Q2R_C2R_P2,78608900
V1_scalar_F3X_Q2R_C2R_P2,77709900
V1_scalar_F3X_Q2R_C2R_P2,77115500
V1_scalar_F3X_Q2R_C2R_P2,77050500
V1_scalar_F3X_Q2R_C2R_P2,84703300
V1_scalar_F3X_Q2R_C2R_P2,75119400
V1_scalar_F3X_Q2R_C2R_P2,75089200
V1_scalar_F3X_Q2R_C2R_P2,73373400
V1_scalar_F3X_Q2R_C2R_P2,74194600
V1_scalar_F3X_Q2R_C2R_P2,73462600
V1_scalar_F3X_Q2R_C2R_P2,78092500
V1_scalar_F3X_Q2R_C2R_P2,80215300
V1_scalar_F3X_Q2R_C2R_P2,80942200
V1_scalar_F3X_Q2R_C2R_P2,75533000
V1_scalar_F3X_Q2R_C2R_P2,73935400
V1_scalar_F3X_Q2R_C2R_P2,75208200
V1_scalar_F3X_Q2R_C2R_P2,76086700
V1_scalar_F3X_Q2R_C2R_P2,75433000
V1_scalar_F3X_Q2R_C2R_P2,78749900
V1_scalar_F3X_Q2R_C2R_P2,75974700
V1_scalar_F3X_Q2R_C2R_P2,76944800
V1_scalar_F3X_Q2R_C2R_P2,74699600
V1_scalar_F3X_Q2R_C2R_P2,77570800
V1_scalar_F3X_Q2R_C2X_P2,60530900
V1_scalar_F3X_Q2R_C2X_P2,60761800
V1_scalar_F3X_Q2R_C2X_P2,75840200
V1_scalar_F3X_Q2R_C2X_P2,60601700
V1_scalar_F3X_Q2R_C2X_P2,63022800
V1_scalar_F3X_Q2R_C2X_P2,59636900
V1_scalar_F3X_Q2R_C2X_P2,60090600
V1_scalar_F3X_Q2R_C2X_P2,59279000
V1_scalar_F3X_Q2R_C2X_P2,59858900
V1_scalar_F3X_Q2R_C2X_P2,61234500
V1_scalar_F3X_Q2R_C2X_P2,60946600
V1_scalar_F3X_Q2R_C2X_P2,60842600
V1_scalar_F3X_Q2R_C2X_P2,61629900
V1_scalar_F3X_Q2R_C2X_P2,59902700
V1_scalar_F3X_Q2R_C2X_P2,59643200
V1_scalar_F3X_Q2R_C2X_P2,59934900
V1_scalar_F3X_Q2R_C2X_P2,61334200
V1_scalar_F3X_Q2R_C2X_P2,62006800
V1_scalar_F3X_Q2R_C2X_P2,59951000
V1_scalar_F3X_Q2R_C2X_P2,59915100
V1_scalar_F3X_Q2R_C2X_P2,59821200
V1_scalar_F3X_Q2R_C2X_P2,59556700
V1_scalar_F3X_Q2R_C2X_P2,63140800
V1_scalar_F3X_Q2R_C2X_P2,59669100
V1_scalar_F3X_Q2R_C2X_P2,61339200
V1_scalar_F3X_Q2R_C2X_P2,62283200
V1_scalar_F3X_Q2R_C2X_P2,60073900
V1_scalar_F3X_Q2R_C2X_P2,60337500
V1_scalar_F3X_Q2R_C2X_P2,63553200
V1_scalar_F3X_Q2R_C3_P2,54969900
V1_scalar_F3X_Q2R_C3_P2,56984200
V1_scalar_F3X_Q2R_C3_P2,56743200
V1_scalar_F3X_Q2R_C3_P2,57025600
V1_scalar_F3X_Q2R_C3_P2,57073500
V1_scalar_F3X_Q2R_C3_P2,55236100
V1_scalar_F3X_Q2R_C3_P2,56986000
V1_scalar_F3X_Q2R_C3_P2,55194800
V1_scalar_F3X_Q2R_C3_P2,57446400
V1_scalar_F3X_Q2R_C3_P2,55753300
V1_scalar_F3X_Q2R_C3_P2,56950500
V1_scalar_F3X_Q2R_C3_P2,54072600
V1_scalar_F3X_Q2R_C3_P2,55191800
V1_scalar_F3X_Q2R_C3_P2,53331500
V1_scalar_F3X_Q2R_C3_P2,53863500
V1_scalar_F3X_Q2R_C3_P2,54814400
V1_scalar_F3X_Q2R_C3_P2,55523300
V1_scalar_F3X_Q2R_C3_P2,55824000
V1_scalar_F3X_Q2R_C3_P2,55894300
V1_scalar_F3X_Q2R_C3_P2,54448800
V1_scalar_F3X_Q2R_C3_P2,54504900
V1_scalar_F3X_Q2R_C3_P2,54295200
V1_scalar_F3X_Q2R_C3_P2,54927100
V1_scalar_F3X_Q2R_C3_P2,55362900
V1_scalar_F3X_Q2R_C3_P2,55041000
V1_scalar_F3X_Q2R_C3_P2,54761100
V1_scalar_F3X_Q2R_C3_P2,52905800
V1_scalar_F3X_Q2R_C3_P2,55933700
V1_scalar_F3X_Q2R_C3_P2,54000000
V1_scalar_F3X_Q2R_C3_P2,53478300
V1_scalar_F3X_Q2R_C3_P2,53747100
V1_scalar_F3X_Q2R_C3_P2,53139200
V1_scalar_F3X_Q2R_C4F_P2,55354000
V1_scalar_F3X_Q2R_C4F_P2,54336700
V1_scalar_F3X_Q2R_C4F_P2,54257200
V1_scalar_F3X_Q2R_C4F_P2,55022500
V1_scalar_F3X_Q2R_C4F_P2,54667900
V1_scalar_F3X_Q2R_C4F_P2,56936800
V1_scalar_F3X_Q2R_C4F_P2,55155400
V1_scalar_F3X_Q2R_C4F_P2,55310100
V1_scalar_F3X_Q2R_C4F_P2,56633900
V1_scalar_F3X_Q2R_C4F_P2,54219600
V1_scalar_F3X_Q2R_C4F_P2,57095500
V1_scalar_F3X_Q2R_C4F_P2,57002100
V1_scalar_F3X_Q2R_C4F_P2,55905100
V1_scalar_F3X_Q2R_C4F_P2,54926600
V1_scalar_F3X_Q2R_C4F_P2,55600100
V1_scalar_F3X_Q2R_C4F_P2,55744800
V1_scalar_F3X_Q2R_C4F_P2,55749900
V1_scalar_F3X_Q2R_C4F_P2,60102500
V1_scalar_F3X_Q2R_C4F_P2,56629400
V1_scalar_F3X_Q2R_C4F_P2,56894300
V1_scalar_F3X_Q2R_C4F_P2,57126100
V1_scalar_F3X_Q2R_C4F_P2,55168300
V1_scalar_F3X_Q2R_C4F_P2,55210100
V1_scalar_F3X_Q2R_C4F_P2,56097200
V1_scalar_F3X_Q2R_C4F_P2,55335000
V1_scalar_F3X_Q2R_C4F_P2,55724200
V1_scalar_F3X_Q2R_C4F_P2,55776600
V1_scalar_F3X_Q2R_C4F_P2,54180900
V1_scalar_F3X_Q2R_C4F_P2,55401600
V1_scalar_F3X_Q2R_C4F_P2,54584000
V1_scalar_F3X_Q2R_C4F_P2,55905900
V1_scalar_F3X_Q2R_C4M_P2,56821400
V1_scalar_F3X_Q2R_C4M_P2,54875400
V1_scalar_F3X_Q2R_C4M_P2,55927800
V1_scalar_F3X_Q2R_C4M_P2,56785600
V1_scalar_F3X_Q2R_C4M_P2,58497900
V1_scalar_F3X_Q2R_C4M_P2,57595400
V1_scalar_F3X_Q2R_C4M_P2,58324900
V1_scalar_F3X_Q2R_C4M_P2,58297900
V1_scalar_F3X_Q2R_C4M_P2,56914200
V1_scalar_F3X_Q2R_C4M_P2,55432700
V1_scalar_F3X_Q2R_C4M_P2,56635400
V1_scalar_F3X_Q2R_C4M_P2,55886200
V1_scalar_F3X_Q2R_C4M_P2,56198400
V1_scalar_F3X_Q2R_C4M_P2,56630800
V1_scalar_F3X_Q2R_C4M_P2,56520400
V1_scalar_F3X_Q2R_C4M_P2,56723500
V1_scalar_F3X_Q2R_C4M_P2,56205400
V1_scalar_F3X_Q2R_C4M_P2,55754600
V1_scalar_F3X_Q2R_C4M_P2,58619800
V1_scalar_F3X_Q2R_C4M_P2,56688700
V1_scalar_F3X_Q2R_C4M_P2,56774700
V1_scalar_F3X_Q2R_C4M_P2,57527000
V1_scalar_F3X_Q2R_C4M_P2,57545200
V1_scalar_F3X_Q2R_C4M_P2,56159900
V1_scalar_F3X_Q2R_C4M_P2,57229200
V1_scalar_F3X_Q2R_C4M_P2,59115800
V1_scalar_F3X_Q2R_C4M_P2,55406200
V1_scalar_F3X_Q2R_C4M_P2,54867300
V1_scalar_F3X_Q2R_C4M_P2,55603800
V1_scalar_F3X_Q2R_C4M_P2,57338600
V1_scalar_F3X_Q2R_C5F_P2,63168900
V1_scalar_F3X_Q2R_C5F_P2,61320900
V1_scalar_F3X_Q2R_C5F_P2,60556600
V1_scalar_F3X_Q2R_C5F_P2,60091000
V1_scalar_F3X_Q2R_C5F_P2,61618300
V1_scalar_F3X_Q2R_C5F_P2,62745000
V1_scalar_F3X_Q2R_C5F_P2,63526400
V1_scalar_F3X_Q2R_C5F_P2,61275500
V1_scalar_F3X_Q2R_C5F_P2,62618600
V1_scalar_F3X_Q2R_C5F_P2,64631900
V1_scalar_F3X_Q2R_C5F_P2,64315600
V1_scalar_F3X_Q2R_C5F_P2,63475900
V1_scalar_F3X_Q2R_C5F_P2,63028200
V1_scalar_F3X_Q2R_C5F_P2,64721500
V1_scalar_F3X_Q2R_C5F_P2,63595100
V1_scalar_F3X_Q2R_C5F_P2,63761500
V1_scalar_F3X_Q2R_C5F_P2,65408000
V1_scalar_F3X_Q2R_C5F_P2,63019700
V1_scalar_F3X_Q2R_C5F_P2,64575400
V1_scalar_F3X_Q2R_C5F_P2,64297000
V1_scalar_F3X_Q2R_C5F_P2,64272900
V1_scalar_F3X_Q2R_C5F_P2,62963300
V1_scalar_F3X_Q2R_C5F_P2,63299700
V1_scalar_F3X_Q2R_C5F_P2,60792400
V1_scalar_F3X_Q2R_C5F_P2,61591300
V1_scalar_F3X_Q2R_C5F_P2,61755900
V1_scalar_F3X_Q2R_C5F_P2,63167000
V1_scalar_F3X_Q2R_C5F_P2,62441200
V1_scalar_F3X_Q2R_C5M_P2,68463700
V1_scalar_F3X_Q2R_C5M_P2,67203200
V1_scalar_F3X_Q2R_C5M_P2,68494300
V1_scalar_F3X_Q2R_C5M_P2,68805700
V1_scalar_F3X_Q2R_C5M_P2,67891500
V1_scalar_F3X_Q2R_C5M_P2,70415000
V1_scalar_F3X_Q2R_C5M_P2,70163700
V1_scalar_F3X_Q2R_C5M_P2,68424800
V1_scalar_F3X_Q2R_C5M_P2,68511600
V1_scalar_F3X_Q2R_C5M_P2,69849600
V1_scalar_F3X_Q2R_C5M_P2,70650000
V1_scalar_F3X_Q2R_C5M_P2,69254800
V1_scalar_F3X_Q2R_C5M_P2,67783000
V1_scalar_F3X_Q2R_C5M_P2,67152300
V1_scalar_F3X_Q2R_C5M_P2,69567800
V1_scalar_F3X_Q2R_C5M_P2,66964800
V1_scalar_F3X_Q2R_C5M_P2,67434600
V1_scalar_F3X_Q2R_C5M_P2,67612000
V1_scalar_F3X_Q2R_C5M_P2,68002800
V1_scalar_F3X_Q2R_C5M_P2,65604500
V1_scalar_F3X_Q2R_C5M_P2,66307900
V1_scalar_F3X_Q2R_C5M_P2,68465900
V1_scalar_F3X_Q2R_C5M_P2,69202700
V1_scalar_F3X_Q2R_C5M_P2,70053800
V1_scalar_F3X_Q2R_C5M_P2,68326200
V1_scalar_F3X_Q2R_C5M_P2,67393000
V1_scalar_F3X_Q2X_C1R_P2,75508300
V1_scalar_F3X_Q2X_C1R_P2,75746400
V1_scalar_F3X_Q2X_C1R_P2,74534500
V1_scalar_F3X_Q2X_C1R_P2,74799100
V1_scalar_F3X_Q2X_C1R_P2,77554700
V1_scalar_F3X_Q2X_C1R_P2,79210400
V1_scalar_F3X_Q2X_C1R_P2,75867500
V1_scalar_F3X_Q2X_C1R_P2,78709300
V1_scalar_F3X_Q2X_C1R_P2,74560200
V1_scalar_F3X_Q2X_C1R_P2,75056500
V1_scalar_F3X_Q2X_C1R_P2,78016300
V1_scalar_F3X_Q2X_C1R_P2,80013500
V1_scalar_F3X_Q2X_C1R_P2,78356700
V1_scalar_F3X_Q2X_C1R_P2,77832800
V1_scalar_F3X_Q2X_C1R_P2,74471100
V1_scalar_F3X_Q2X_C1R_P2,76076600
V1_scalar_F3X_Q2X_C1R_P2,75755600
V1_scalar_F3X_Q2X_C1R_P2,74068600
V1_scalar_F3X_Q2X_C1R_P2,75840700
V1_scalar_F3X_Q2X_C1R_P2,74297100
V1_scalar_F3X_Q2X_C1R_P2,76204500
V1_scalar_F3X_Q2X_C1R_P2,75933100
V1_scalar_F3X_Q2X_C1R_P2,75237800
V1_scalar_F3X_Q2X_C1R_P2,76551600
V1_scalar_F3X_Q2X_C1R_P2,76541300
V1_scalar_F3X_Q2X_C1X_P2,56007900
V1_scalar_F3X_Q2X_C1X_P2,56588700
V1_scalar_F3X_Q2X_C1X_P2,56773300
V1_scalar_F3X_Q2X_C1X_P2,56780800
V1_scalar_F3X_Q2X_C1X_P2,55414900
V1_scalar_F3X_Q2X_C1X_P2,54781600
V1_scalar_F3X_Q2X_C1X_P2,54782000
V1_scalar_F3X_Q2X_C1X_P2,54505800
V1_scalar_F3X_Q2X_C1X_P2,55525000
V1_scalar_F3X_Q2X_C1X_P2,55668400
V1_scalar_F3X_Q2X_C1X_P2,57565900
V1_scalar_F3X_Q2X_C1X_P2,56793000
V1_scalar_F3X_Q2X_C1X_P2,56398300
V1_scalar_F3X_Q2X_C1X_P2,55559300
V1_scalar_F3X_Q2X_C1X_P2,54254900
V1_scalar_F3X_Q2X_C1X_P2,54923300
V1_scalar_F3X_Q2X_C1X_P2,56250800
V1_scalar_F3X_Q2X_C1X_P2,54587600
V1_scalar_F3X_Q2X_C1X_P2,55956200
V1_scalar_F3X_Q2X_C1X_P2,56121900
V1_scalar_F3X_Q2X_C1X_P2,57675700
V1_scalar_F3X_Q2X_C1X_P2,56711800
V1_scalar_F3X_Q2X_C1X_P2,57336400
V1_scalar_F3X_Q2X_C1X_P2,55983500
V1_scalar_F3X_Q2X_C1X_P2,56572700
V1_scalar_F3X_Q2X_C1X_P2,54900200
V1_scalar_F3X_Q2X_C1X_P2,54097000
V1_scalar_F3X_Q2X_C1X_P2,54639800
V1_scalar_F3X_Q2X_C1X_P2,54431700
V1_scalar_F3X_Q2X_C1X_P2,55611000
V1_scalar_F3X_Q2X_C1X_P2,57081500
V1_scalar_F3X_Q2X_C1X_P2,56667900
V1_scalar_F3X_Q2X_C1X_P2,56466800
V1_scalar_F3X_Q2X_C2R_P2,67041200
V1_scalar_F3X_Q2X_C2R_P2,67857400
V1_scalar_F3X_Q2X_C2R_P2,69358500
V1_scalar_F3X_Q2X_C2R_P2,65707100
V1_scalar_F3X_Q2X_C2R_P2,65092300
V1_scalar_F3X_Q2X_C2R_P2,65353200
V1_scalar_F3X_Q2X_C2R_P2,66632200
V1_scalar_F3X_Q2X_C2R_P2,65933200
V1_scalar_F3X_Q2X_C2R_P2,65982400
V1_scalar_F3X_Q2X_C2R_P2,68534100
V1_scalar_F3X_Q2X_C2R_P2,67880200
V1_scalar_F3X_Q2X_C2R_P2,66877800
V1_scalar_F3X_Q2X_C2R_P2,68964500
V1_scalar_F3X_Q2X_C2R_P2,68873300
V1_scalar_F3X_Q2X_C2R_P2,66995700
V1_scalar_F3X_Q2X_C2R_P2,65717200
V1_scalar_F3X_Q2X_C2R_P2,67972500
V1_scalar_F3X_Q2X_C2R_P2,68367100
V1_scalar_F3X_Q2X_C2R_P2,67133500
V1_scalar_F3X_Q2X_C2R_P2,65869900
V1_scalar_F3X_Q2X_C2R_P2,65077500
V1_scalar_F3X_Q2X_C2R_P2,66508000
V1_scalar_F3X_Q2X_C2R_P2,66645900
V1_scalar_F3X_Q2X_C2R_P2,67748100
V1_scalar_F3X_Q2X_C2R_P2,65070800
V1_scalar_F3X_Q2X_C2R_P2,65842200
V1_scalar_F3X_Q2X_C2R_P2,65906900
V1_scalar_F3X_Q2X_C2R_P2,64662700
V1_scalar_F3X_Q2X_C2X_P2,48631000
V1_scalar_F3X_Q2X_C2X_P2,53307500
V1_scalar_F3X_Q2X_C2X_P2,50733300
V1_scalar_F3X_Q2X_C2X_P2,54674600
V1_scalar_F3X_Q2X_C2X_P2,50631100
V1_scalar_F3X_Q2X_C2X_P2,50848400
V1_scalar_F3X_Q2X_C2X_P2,52240600
V1_scalar_F3X_Q2X_C2X_P2,52013200
V1_scalar_F3X_Q2X_C2X_P2,52355500
V1_scalar_F3X_Q2X_C2X_P2,52227400
V1_scalar_F3X_Q2X_C2X_P2,50571500
V1_scalar_F3X_Q2X_C2X_P2,48947200
V1_scalar_F3X_Q2X_C2X_P2,49226800
V1_scalar_F3X_Q2X_C2X_P2,50066500
V1_scalar_F3X_Q2X_C2X_P2,52610500
V1_scalar_F3X_Q2X_C2X_P2,49464900
V1_scalar_F3X_Q2X_C2X_P2,51081400
V1_scalar_F3X_Q2X_C2X_P2,48844200
V1_scalar_F3X_Q2X_C2X_P2,49793100
V1_scalar_F3X_Q2X_C2X_P2,49553500
V1_scalar_F3X_Q2X_C2X_P2,49772400
V1_scalar_F3X_Q2X_C2X_P2,50315900
V1_scalar_F3X_Q2X_C2X_P2,51169200
V1_scalar_F3X_Q2X_C2X_P2,49051200
V1_scalar_F3X_Q2X_C2X_P2,51105000
V1_scalar_F3X_Q2X_C2X_P2,49590400
V1_scalar_F3X_Q2X_C2X_P2,48928300
V1_scalar_F3X_Q2X_C2X_P2,49808900
V1_scalar_F3X_Q2X_C2X_P2,49289600
V1_scalar_F3X_Q2X_C2X_P2,51270000
V1_scalar_F3X_Q2X_C2X_P2,49048700
V1_scalar_F3X_Q2X_C2X_P2,51033100
V1_scalar_F3X_Q2X_C2X_P2,52717000
V1_scalar_F3X_Q2X_C2X_P2,50824200
V1_scalar_F3X_Q2X_C2X_P2,50695800
V1_scalar_F3X_Q2X_C3_P2,46801700
V1_scalar_F3X_Q2X_C3_P2,46735600
V1_scalar_F3X_Q2X_C3_P2,44753800
V1_scalar_F3X_Q2X_C3_P2,48443100
V1_scalar_F3X_Q2X_C3_P2,48077900
V1_scalar_F3X_Q2X_C3_P2,46789600
V1_scalar_F3X_Q2X_C3_P2,45997400
V1_scalar_F3X_Q2X_C3_P2,47664000
V1_scalar_F3X_Q2X_C3_P2,47805300
V1_scalar_F3X_Q2X_C3_P2,47797800
V1_scalar_F3X_Q2X_C3_P2,47370300
V1_scalar_F3X_Q2X_C3_P2,46707900
V1_scalar_F3X_Q2X_C3_P2,44570800
V1_scalar_F3X_Q2X_C3_P2,46612600
V1_scalar_F3X_Q2X_C3_P2,45452400
V1_scalar_F3X_Q2X_C3_P2,46264800
V1_scalar_F3X_Q2X_C3_P2,45394900
V1_scalar_F3X_Q2X_C3_P2,45647300
V1_scalar_F3X_Q2X_C3_P2,44819500
V1_scalar_F3X_Q2X_C3_P2,44447600
V1_scalar_F3X_Q2X_C3_P2,46096200
V1_scalar_F3X_Q2X_C3_P2,44842700
V1_scalar_F3X_Q2X_C3_P2,45718400
V1_scalar_F3X_Q2X_C3_P2,46376000
V1_scalar_F3X_Q2X_C3_P2,44441900
V1_scalar_F3X_Q2X_C3_P2,47896400
V1_scalar_F3X_Q2X_C3_P2,48966800
V1_scalar_F3X_Q2X_C3_P2,46986700
V1_scalar_F3X_Q2X_C3_P2,45100900
V1_scalar_F3X_Q2X_C3_P2,47097600
V1_scalar_F3X_Q2X_C3_P2,46367900
V1_scalar_F3X_Q2X_C3_P2,44958900
V1_scalar_F3X_Q2X_C3_P2,47092900
V1_scalar_F3X_Q2X_C3_P2,44885200
V1_scalar_F3X_Q2X_C3_P2,47097100
V1_scalar_F3X_Q2X_C3_P2,48569800
V1_scalar_F3X_Q2X_C3_P2,47207100
V1_scalar_F3X_Q2X_C3_P2,44439500
V1_scalar_F3X_Q2X_C4F_P2,46027500
V1_scalar_F3X_Q2X_C4F_P2,45402000
V1_scalar_F3X_Q2X_C4F_P2,45348300
V1_scalar_F3X_Q2X_C4F_P2,46735700
V1_scalar_F3X_Q2X_C4F_P2,45199300
V1_scalar_F3X_Q2X_C4F_P2,45479600
V1_scalar_F3X_Q2X_C4F_P2,44719800
V1_scalar_F3X_Q2X_C4F_P2,47555600
V1_scalar_F3X_Q2X_C4F_P2,47403000
V1_scalar_F3X_Q2X_C4F_P2,45294400
V1_scalar_F3X_Q2X_C4F_P2,44940000
V1_scalar_F3X_Q2X_C4F_P2,46159100
V1_scalar_F3X_Q2X_C4F_P2,45148200
V1_scalar_F3X_Q2X_C4F_P2,48196200
V1_scalar_F3X_Q2X_C4F_P2,46331800
V1_scalar_F3X_Q2X_C4F_P2,47407800
V1_scalar_F3X_Q2X_C4F_P2,46565800
V1_scalar_F3X_Q2X_C4F_P2,45810100
V1_scalar_F3X_Q2X_C4F_P2,45815400
V1_scalar_F3X_Q2X_C4F_P2,47989900
V1_scalar_F3X_Q2X_C4F_P2,45034700
V1_scalar_F3X_Q2X_C4F_P2,47750000
V1_scalar_F3X_Q2X_C4F_P2,46097200
V1_scalar_F3X_Q2X_C4F_P2,45488500
V1_scalar_F3X_Q2X_C4F_P2,45708000
V1_scalar_F3X_Q2X_C4F_P2,46232600
V1_scalar_F3X_Q2X_C4F_P2,45589000
V1_scalar_F3X_Q2X_C4F_P2,46626000
V1_scalar_F3X_Q2X_C4F_P2,45026500
V1_scalar_F3X_Q2X_C4F_P2,46524700
V1_scalar_F3X_Q2X_C4F_P2,46110300
V1_scalar_F3X_Q2X_C4F_P2,45718200
V1_scalar_F3X_Q2X_C4F_P2,46162500
V1_scalar_F3X_Q2X_C4F_P2,46256900
V1_scalar_F3X_Q2X_C4F_P2,47732700
V1_scalar_F3X_Q2X_C4F_P2,46940800
V1_scalar_F3X_Q2X_C4F_P2,45515200
V1_scalar_F3X_Q2X_C4F_P2,48547300
V1_scalar_F3X_Q2X_C4M_P2,45849800
V1_scalar_F3X_Q2X_C4M_P2,46598300
V1_scalar_F3X_Q2X_C4M_P2,47059200
V1_scalar_F3X_Q2X_C4M_P2,46414700
V1_scalar_F3X_Q2X_C4M_P2,45665900
V1_scalar_F3X_Q2X_C4M_P2,46903400
V1_scalar_F3X_Q2X_C4M_P2,47697500
V1_scalar_F3X_Q2X_C4M_P2,47503700
V1_scalar_F3X_Q2X_C4M_P2,48780000
V1_scalar_F3X_Q2X_C4M_P2,46909700
V1_scalar_F3X_Q2X_C4M_P2,48747000
V1_scalar_F3X_Q2X_C4M_P2,47497500
V1_scalar_F3X_Q2X_C4M_P2,45847900
V1_scalar_F3X_Q2X_C4M_P2,48058100
V1_scalar_F3X_Q2X_C4M_P2,45855000
V1_scalar_F3X_Q2X_C4M_P2,45756000
V1_scalar_F3X_Q2X_C4M_P2,46736200
V1_scalar_F3X_Q2X_C4M_P2,46359500
V1_scalar_F3X_Q2X_C4M_P2,47802800
V1_scalar_F3X_Q2X_C4M_P2,47923500
V1_scalar_F3X_Q2X_C4M_P2,49962200
V1_scalar_F3X_Q2X_C4M_P2,46758700
V1_scalar_F3X_Q2X_C4M_P2,46994400
V1_scalar_F3X_Q2X_C4M_P2,46258200
V1_scalar_F3X_Q2X_C4M_P2,45427800
V1_scalar_F3X_Q2X_C4M_P2,46835400
V1_scalar_F3X_Q2X_C4M_P2,48268900
V1_scalar_F3X_Q2X_C4M_P2,46117700
V1_scalar_F3X_Q2X_C4M_P2,49322100
V1_scalar_F3X_Q2X_C4M_P2,46609200
V1_scalar_F3X_Q2X_C4M_P2,46979800
V1_scalar_F3X_Q2X_C4M_P2,46108000
V1_scalar_F3X_Q2X_C4M_P2,45281200
V1_scalar_F3X_Q2X_C4M_P2,45596200
V1_scalar_F3X_Q2X_C4M_P2,45271800
V1_scalar_F3X_Q2X_C4M_P2,45737100
V1_scalar_F3X_Q2X_C4M_P2,47215900
V1_scalar_F3X_Q2X_C4M_P2,46734100
V1_scalar_F3X_Q2X_C5F_P2,53786300
V1_scalar_F3X_Q2X_C5F_P2,54652200
V1_scalar_F3X_Q2X_C5F_P2,53520600
V1_scalar_F3X_Q2X_C5F_P2,54978400
V1_scalar_F3X_Q2X_C5F_P2,55523200
V1_scalar_F3X_Q2X_C5F_P2,51387000
V1_scalar_F3X_Q2X_C5F_P2,52163200
V1_scalar_F3X_Q2X_C5F_P2,52872400
V1_scalar_F3X_Q2X_C5F_P2,53915300
V1_scalar_F3X_Q2X_C5F_P2,55033800
V1_scalar_F3X_Q2X_C5F_P2,57429600
V1_scalar_F3X_Q2X_C5F_P2,57017400
V1_scalar_F3X_Q2X_C5F_P2,54590500
V1_scalar_F3X_Q2X_C5F_P2,54509200
V1_scalar_F3X_Q2X_C5F_P2,56949400
V1_scalar_F3X_Q2X_C5F_P2,54234600
V1_scalar_F3X_Q2X_C5F_P2,55803100
V1_scalar_F3X_Q2X_C5F_P2,55875200
V1_scalar_F3X_Q2X_C5F_P2,54460700
V1_scalar_F3X_Q2X_C5F_P2,53934700
V1_scalar_F3X_Q2X_C5F_P2,53837700
V1_scalar_F3X_Q2X_C5F_P2,54541300
V1_scalar_F3X_Q2X_C5F_P2,52794000
V1_scalar_F3X_Q2X_C5F_P2,51998600
V1_scalar_F3X_Q2X_C5F_P2,53865900
V1_scalar_F3X_Q2X_C5F_P2,58507900
V1_scalar_F3X_Q2X_C5F_P2,53065400
V1_scalar_F3X_Q2X_C5F_P2,55654600
V1_scalar_F3X_Q2X_C5F_P2,54221400
V1_scalar_F3X_Q2X_C5F_P2,54580200
V1_scalar_F3X_Q2X_C5F_P2,55256100
V1_scalar_F3X_Q2X_C5F_P2,56831300
V1_scalar_F3X_Q2X_C5F_P2,54214600
V1_scalar_F3X_Q2X_C5M_P2,59325600
V1_scalar_F3X_Q2X_C5M_P2,58777800
V1_scalar_F3X_Q2X_C5M_P2,59209500
V1_scalar_F3X_Q2X_C5M_P2,59963300
V1_scalar_F3X_Q2X_C5M_P2,58966300
V1_scalar_F3X_Q2X_C5M_P2,60430500
V1_scalar_F3X_Q2X_C5M_P2,58850200
V1_scalar_F3X_Q2X_C5M_P2,60845200
V1_scalar_F3X_Q2X_C5M_P2,59260600
V1_scalar_F3X_Q2X_C5M_P2,59352200
V1_scalar_F3X_Q2X_C5M_P2,62977000
V1_scalar_F3X_Q2X_C5M_P2,59174000
V1_scalar_F3X_Q2X_C5M_P2,60285300
V1_scalar_F3X_Q2X_C5M_P2,59103500
V1_scalar_F3X_Q2X_C5M_P2,61968700
V1_scalar_F3X_Q2X_C5M_P2,58817000
V1_scalar_F3X_Q2X_C5M_P2,59457600
V1_scalar_F3X_Q2X_C5M_P2,61121900
V1_scalar_F3X_Q2X_C5M_P2,59430100
V1_scalar_F3X_Q2X_C5M_P2,58781000
V1_scalar_F3X_Q2X_C5M_P2,58986400
V1_scalar_F3X_Q2X_C5M_P2,59032800
V1_scalar_F3X_Q2X_C5M_P2,61514600
V1_scalar_F3X_Q2X_C5M_P2,61361300
V1_scalar_F3X_Q2X_C5M_P2,60611900
V1_scalar_F3X_Q2X_C5M_P2,62133700
V1_scalar_F3X_Q2X_C5M_P2,63484300
V1_scalar_F3X_Q2X_C5M_P2,63475400
V1_scalar_F3X_Q2X_C5M_P2,62155900
V1_scalar_F3X_Q2X_C5M_P2,60180200
V1_scalar_F3X_Q2X_C5M_P2,62872600
V1_scalar_F3X_Q3M_C1R_P2,174860300
V1_scalar_F3X_Q3M_C1R_P2,173975900
V1_scalar_F3X_Q3M_C1R_P2,174370200
V1_scalar_F3X_Q3M_C1R_P2,179651400
V1_scalar_F3X_Q3M_C1R_P2,176025700
V1_scalar_F3X_Q3M_C1R_P2,174241500
V1_scalar_F3X_Q3M_C1R_P2,174468000
V1_scalar_F3X_Q3M_C1R_P2,174283200
V1_scalar_F3X_Q3M_C1R_P2,173862000
V1_scalar_F3X_Q3M_C1R_P2,175346400
V1_scalar_F3X_Q3M_C1R_P2,175856400
V1_scalar_F3X_Q3M_C1R_P2,174390100
V1_scalar_F3X_Q3M_C1X_P2,133017900
V1_scalar_F3X_Q3M_C1X_P2,132232900
V1_scalar_F3X_Q3M_C1X_P2,133139200
V1_scalar_F3X_Q3M_C1X_P2,133623100
V1_scalar_F3X_Q3M_C1X_P2,132143000
V1_scalar_F3X_Q3M_C1X_P2,132915500
V1_scalar_F3X_Q3M_C1X_P2,132775800
V1_scalar_F3X_Q3M_C1X_P2,134480300
V1_scalar_F3X_Q3M_C1X_P2,131883400
V1_scalar_F3X_Q3M_C1X_P2,132947900
V1_scalar_F3X_Q3M_C1X_P2,133418300
V1_scalar_F3X_Q3M_C1X_P2,133079600
V1_scalar_F3X_Q3M_C1X_P2,133548000
V1_scalar_F3X_Q3M_C1X_P2,135127000
V1_scalar_F3X_Q3M_C1X_P2,134321500
V1_scalar_F3X_Q3M_C1X_P2,134068200
V1_scalar_F3X_Q3M_C2R_P2,161956500
V1_scalar_F3X_Q3M_C2R_P2,161290200
V1_scalar_F3X_Q3M_C2R_P2,163811800
V1_scalar_F3X_Q3M_C2R_P2,163584200
V1_scalar_F3X_Q3M_C2R_P2,161352800
V1_scalar_F3X_Q3M_C2R_P2,162042600
V1_scalar_F3X_Q3M_C2R_P2,164092100
V1_scalar_F3X_Q3M_C2R_P2,164681400
V1_scalar_F3X_Q3M_C2R_P2,162297800
V1_scalar_F3X_Q3M_C2R_P2,167447800
V1_scalar_F3X_Q3M_C2R_P2,161286700
V1_scalar_F3X_Q3M_C2R_P2,162093700
V1_scalar_F3X_Q3M_C2R_P2,164186400
V1_scalar_F3X_Q3M_C2X_P2,125526100
V1_scalar_F3X_Q3M_C2X_P2,122937800
V1_scalar_F3X_Q3M_C2X_P2,123090200
V1_scalar_F3X_Q3M_C2X_P2,124430200
V1_scalar_F3X_Q3M_C2X_P2,123067400
V1_scalar_F3X_Q3M_C2X_P2,123868000
V1_scalar_F3X_Q3M_C2X_P2,125252100
V1_scalar_F3X_Q3M_C2X_P2,123527400
V1_scalar_F3X_Q3M_C2X_P2,125103900
V1_scalar_F3X_Q3M_C2X_P2,126839900
V1_scalar_F3X_Q3M_C2X_P2,126234700
V1_scalar_F3X_Q3M_C2X_P2,124972900
V1_scalar_F3X_Q3M_C2X_P2,125664700
V1_scalar_F3X_Q3M_C2X_P2,126658700
V1_scalar_F3X_Q3M_C2X_P2,125572300
V1_scalar_F3X_Q3M_C2X_P2,125185800
V1_scalar_F3X_Q3M_C2X_P2,124426300
V1_scalar_F3X_Q3M_C3_P2,111177300
V1_scalar_F3X_Q3M_C3_P2,113110300
V1_scalar_F3X_Q3M_C3_P2,113749600
V1_scalar_F3X_Q3M_C3_P2,113662600
V1_scalar_F3X_Q3M_C3_P2,115288600
V1_scalar_F3X_Q3M_C3_P2,113319300
V1_scalar_F3X_Q3M_C3_P2,116207200
V1_scalar_F3X_Q3M_C3_P2,112360800
V1_scalar_F3X_Q3M_C3_P2,112675500
V1_scalar_F3X_Q3M_C3_P2,112894700
V1_scalar_F3X_Q3M_C3_P2,113222800
V1_scalar_F3X_Q3M_C3_P2,112100600
V1_scalar_F3X_Q3M_C3_P2,113481300
V1_scalar_F3X_Q3M_C3_P2,112588300
V1_scalar_F3X_Q3M_C3_P2,111455800
V1_scalar_F3X_Q3M_C3_P2,112176900
V1_scalar_F3X_Q3M_C3_P2,113458600
V1_scalar_F3X_Q3M_C3_P2,116131200
V1_scalar_F3X_Q3M_C4F_P2,113010000
V1_scalar_F3X_Q3M_C4F_P2,118510100
V1_scalar_F3X_Q3M_C4F_P2,116511700
V1_scalar_F3X_Q3M_C4F_P2,117149200
V1_scalar_F3X_Q3M_C4F_P2,115716300
V1_scalar_F3X_Q3M_C4F_P2,113655900
V1_scalar_F3X_Q3M_C4F_P2,113216200
V1_scalar_F3X_Q3M_C4F_P2,114131100
V1_scalar_F3X_Q3M_C4F_P2,113058800
V1_scalar_F3X_Q3M_C4F_P2,114434900
V1_scalar_F3X_Q3M_C4F_P2,115451000
V1_scalar_F3X_Q3M_C4F_P2,115557600
V1_scalar_F3X_Q3M_C4F_P2,113310500
V1_scalar_F3X_Q3M_C4F_P2,115868400
V1_scalar_F3X_Q3M_C4F_P2,116541900
V1_scalar_F3X_Q3M_C4F_P2,113821100
V1_scalar_F3X_Q3M_C4F_P2,114335200
V1_scalar_F3X_Q3M_C4F_P2,114185600
V1_scalar_F3X_Q3M_C4M_P2,114850900
V1_scalar_F3X_Q3M_C4M_P2,116634600
V1_scalar_F3X_Q3M_C4M_P2,114370800
V1_scalar_F3X_Q3M_C4M_P2,115835500
V1_scalar_F3X_Q3M_C4M_P2,119313200
V1_scalar_F3X_Q3M_C4M_P2,118734900
V1_scalar_F3X_Q3M_C4M_P2,116744600
V1_scalar_F3X_Q3M_C4M_P2,116161500
V1_scalar_F3X_Q3M_C4M_P2,115903200
V1_scalar_F3X_Q3M_C4M_P2,115083100
V1_scalar_F3X_Q3M_C4M_P2,116665400
V1_scalar_F3X_Q3M_C4M_P2,116977100
V1_scalar_F3X_Q3M_C4M_P2,116176800
V1_scalar_F3X_Q3M_C4M_P2,115432400
V1_scalar_F3X_Q3M_C4M_P2,114645500
V1_scalar_F3X_Q3M_C4M_P2,117121200
V1_scalar_F3X_Q3M_C4M_P2,115849900
V1_scalar_F3X_Q3M_C4M_P2,116096800
V1_scalar_F3X_Q3M_C5F_P2,110567700
V1_scalar_F3X_Q3M_C5F_P2,110334300
V1_scalar_F3X_Q3M_C5F_P2,114164800
V1_scalar_F3X_Q3M_C5F_P2,113436000
V1_scalar_F3X_Q3M_C5F_P2,110981400
V1_scalar_F3X_Q3M_C5F_P2,111448600
V1_scalar_F3X_Q3M_C5F_P2,112279900
V1_scalar_F3X_Q3M_C5F_P2,111338900
V1_scalar_F3X_Q3M_C5F_P2,110626800
V1_scalar_F3X_Q3M_C5F_P2,110187200
V1_scalar_F3X_Q3M_C5F_P2,110301600
V1_scalar_F3X_Q3M_C5F_P2,109652300
V1_scalar_F3X_Q3M_C5F_P2,110018700
V1_scalar_F3X_Q3M_C5F_P2,110956300
V1_scalar_F3X_Q3M_C5F_P2,110854100
V1_scalar_F3X_Q3M_C5F_P2,109911800
V1_scalar_F3X_Q3M_C5F_P2,109317600
V1_scalar_F3X_Q3M_C5F_P2,110581200
V1_scalar_F3X_Q3M_C5F_P2,109855300
V1_scalar_F3X_Q3M_C5M_P2,121867100
V1_scalar_F3X_Q3M_C5M_P2,122113200
V1_scalar_F3X_Q3M_C5M_P2,121574100
V1_scalar_F3X_Q3M_C5M_P2,126468400
V1_scalar_F3X_Q3M_C5M_P2,123345300
V1_scalar_F3X_Q3M_C5M_P2,121991500
V1_scalar_F3X_Q3M_C5M_P2,121561100
V1_scalar_F3X_Q3M_C5M_P2,125008600
V1_scalar_F3X_Q3M_C5M_P2,121173700
V1_scalar_F3X_Q3M_C5M_P2,122668700
V1_scalar_F3X_Q3M_C5M_P2,122644500
V1_scalar_F3X_Q3M_C5M_P2,123728200
V1_scalar_F3X_Q3M_C5M_P2,124946300
V1_scalar_F3X_Q3M_C5M_P2,120335500
V1_scalar_F3X_Q3M_C5M_P2,119963600
V1_scalar_F3X_Q3M_C5M_P2,121056000
V1_scalar_F3X_Q3M_C5M_P2,120843700
V1_scalar_F3X_Q4F_C1R_P2,64552000
V1_scalar_F3X_Q4F_C1R_P2,65978600
V1_scalar_F3X_Q4F_C1R_P2,64765500
V1_scalar_F3X_Q4F_C1R_P2,66171200
V1_scalar_F3X_Q4F_C1R_P2,65301500
V1_scalar_F3X_Q4F_C1R_P2,65686100
V1_scalar_F3X_Q4F_C1R_P2,66502400
V1_scalar_F3X_Q4F_C1R_P2,67133500
V1_scalar_F3X_Q4F_C1R_P2,64940600
V1_scalar_F3X_Q4F_C1R_P2,65671500
V1_scalar_F3X_Q4F_C1R_P2,66260900
V1_scalar_F3X_Q4F_C1R_P2,65932000
V1_scalar_F3X_Q4F_C1R_P2,66242300
V1_scalar_F3X_Q4F_C1R_P2,65205200
V1_scalar_F3X_Q4F_C1R_P2,65415900
V1_scalar_F3X_Q4F_C1R_P2,65754000
V1_scalar_F3X_Q4F_C1R_P2,66685600
V1_scalar_F3X_Q4F_C1R_P2,68109700
V1_scalar_F3X_Q4F_C1R_P2,67038900
V1_scalar_F3X_Q4F_C1R_P2,69887100
V1_scalar_F3X_Q4F_C1R_P2,66079700
V1_scalar_F3X_Q4F_C1R_P2,65292400
V1_scalar_F3X_Q4F_C1R_P2,65521200
V1_scalar_F3X_Q4F_C1R_P2,64595300
V1_scalar_F3X_Q4F_C1R_P2,65132000
V1_scalar_F3X_Q4F_C1R_P2,65430600
V1_scalar_F3X_Q4F_C1R_P2,65895700
V1_scalar_F3X_Q4F_C1R_P2,66462100
V1_scalar_F3X_Q4F_C1R_P2,64836700
V1_scalar_F3X_Q4F_C1R_P2,65341300
V1_scalar_F3X_Q4F_C1R_P2,66466600
V1_scalar_F3X_Q4F_C1X_P2,46232000
V1_scalar_F3X_Q4F_C1X_P2,46664100
V1_scalar_F3X_Q4F_C1X_P2,47335500
V1_scalar_F3X_Q4F_C1X_P2,46704500
V1_scalar_F3X_Q4F_C1X_P2,47873100
V1_scalar_F3X_Q4F_C1X_P2,46960800
V1_scalar_F3X_Q4F_C1X_P2,48639600
V1_scalar_F3X_Q4F_C1X_P2,46125600
V1_scalar_F3X_Q4F_C1X_P2,46809200
V1_scalar_F3X_Q4F_C1X_P2,46358200
V1_scalar_F3X_Q4F_C1X_P2,46861900
V1_scalar_F3X_Q4F_C1X_P2,46622100
V1_scalar_F3X_Q4F_C1X_P2,47935100
V1_scalar_F3X_Q4F_C1X_P2,45920700
V1_scalar_F3X_Q4F_C1X_P2,48866200
V1_scalar_F3X_Q4F_C1X_P2,46494200
V1_scalar_F3X_Q4F_C1X_P2,45842900
V1_scalar_F3X_Q4F_C1X_P2,46818000
V1_scalar_F3X_Q4F_C1X_P2,47458400
V1_scalar_F3X_Q4F_C1X_P2,47578800
V1_scalar_F3X_Q4F_C1X_P2,46579300
V1_scalar_F3X_Q4F_C1X_P2,47730400
V1_scalar_F3X_Q4F_C1X_P2,46489900
V1_scalar_F3X_Q4F_C1X_P2,46826700
V1_scalar_F3X_Q4F_C1X_P2,46190100
V1_scalar_F3X_Q4F_C1X_P2,47357200
V1_scalar_F3X_Q4F_C1X_P2,45994000
V1_scalar_F3X_Q4F_C1X_P2,49462900
V1_scalar_F3X_Q4F_C1X_P2,46093600
V1_scalar_F3X_Q4F_C1X_P2,46616400
V1_scalar_F3X_Q4F_C1X_P2,45810700
V1_scalar_F3X_Q4F_C1X_P2,47704100
V1_scalar_F3X_Q4F_C1X_P2,47290700
V1_scalar_F3X_Q4F_C1X_P2,46421100
V1_scalar_F3X_Q4F_C1X_P2,46348600
V1_scalar_F3X_Q4F_C1X_P2,47224700
V1_scalar_F3X_Q4F_C1X_P2,46836000
V1_scalar_F3X_Q4F_C1X_P2,46647000
V1_scalar_F3X_Q4F_C1X_P2,47384200
V1_scalar_F3X_Q4F_C1X_P2,47003100
V1_scalar_F3X_Q4F_C1X_P2,47411700
V1_scalar_F3X_Q4F_C2R_P2,57669000
V1_scalar_F3X_Q4F_C2R_P2,56156700
V1_scalar_F3X_Q4F_C2R_P2,57808700
V1_scalar_F3X_Q4F_C2R_P2,56303900
V1_scalar_F3X_Q4F_C2R_P2,59180900
V1_scalar_F3X_Q4F_C2R_P2,58427400
V1_scalar_F3X_Q4F_C2R_P2,58794400
V1_scalar_F3X_Q4F_C2R_P2,56667700
V1_scalar_F3X_Q4F_C2R_P2,57282700
V1_scalar_F3X_Q4F_C2R_P2,58711900
V1_scalar_F3X_Q4F_C2R_P2,57576700
V1_scalar_F3X_Q4F_C2R_P2,57637700
V1_scalar_F3X_Q4F_C2R_P2,57886300
V1_scalar_F3X_Q4F_C2R_P2,56461400
V1_scalar_F3X_Q4F_C2R_P2,56298100
V1_scalar_F3X_Q4F_C2R_P2,57206800
V1_scalar_F3X_Q4F_C2R_P2,56942700
V1_scalar_F3X_Q4F_C2R_P2,58681200
V1_scalar_F3X_Q4F_C2R_P2,59481200
V1_scalar_F3X_Q4F_C2R_P2,58867800
V1_scalar_F3X_Q4F_C2R_P2,57463800
V1_scalar_F3X_Q4F_C2R_P2,57202900
V1_scalar_F3X_Q4F_C2R_P2,57521000
V1_scalar_F3X_Q4F_C2R_P2,58260600
V1_scalar_F3X_Q4F_C2R_P2,56950800
V1_scalar_F3X_Q4F_C2R_P2,57880600
V1_scalar_F3X_Q4F_C2R_P2,57673100
V1_scalar_F3X_Q4F_C2R_P2,56984700
V1_scalar_F3X_Q4F_C2R_P2,56981800
V1_scalar_F3X_Q4F_C2R_P2,57765700
V1_scalar_F3X_Q4F_C2R_P2,58071100
V1_scalar_F3X_Q4F_C2R_P2,57866400
V1_scalar_F3X_Q4F_C2R_P2,57292000
V1_scalar_F3X_Q4F_C2X_P2,42693600
V1_scalar_F3X_Q4F_C2X_P2,41612100
V1_scalar_F3X_Q4F_C2X_P2,43471100
V1_scalar_F3X_Q4F_C2X_P2,44599600
V1_scalar_F3X_Q4F_C2X_P2,43118500
V1_scalar_F3X_Q4F_C2X_P2,42785500
V1_scalar_F3X_Q4F_C2X_P2,42783200
V1_scalar_F3X_Q4F_C2X_P2,41203600
V1_scalar_F3X_Q4F_C2X_P2,43707100
V1_scalar_F3X_Q4F_C2X_P2,43442800
V1_scalar_F3X_Q4F_C2X_P2,44632600
V1_scalar_F3X_Q4F_C2X_P2,41564500
V1_scalar_F3X_Q4F_C2X_P2,41883900
V1_scalar_F3X_Q4F_C2X_P2,42862200
V1_scalar_F3X_Q4F_C2X_P2,43135300
V1_scalar_F3X_Q4F_C2X_P2,45154200
V1_scalar_F3X_Q4F_C2X_P2,43299200
V1_scalar_F3X_Q4F_C2X_P2,42010900
V1_scalar_F3X_Q4F_C2X_P2,42612900
V1_scalar_F3X_Q4F_C2X_P2,43817700
V1_scalar_F3X_Q4F_C2X_P2,42068200
V1_scalar_F3X_Q4F_C2X_P2,41490700
V1_scalar_F3X_Q4F_C2X_P2,42405900
V1_scalar_F3X_Q4F_C2X_P2,42610600
V1_scalar_F3X_Q4F_C2X_P2,42746400
V1_scalar_F3X_Q4F_C2X_P2,41927100
V1_scalar_F3X_Q4F_C2X_P2,42808500
V1_scalar_F3X_Q4F_C2X_P2,43259700
V1_scalar_F3X_Q4F_C2X_P2,42022200
V1_scalar_F3X_Q4F_C2X_P2,41623900
V1_scalar_F3X_Q4F_C2X_P2,42070500
V1_scalar_F3X_Q4F_C2X_P2,41315900
V1_scalar_F3X_Q4F_C2X_P2,41358500
V1_scalar_F3X_Q4F_C2X_P2,41340000
V1_scalar_F3X_Q4F_C2X_P2,42123300
V1_scalar_F3X_Q4F_C2X_P2,42244400
V1_scalar_F3X_Q4F_C2X_P2,42613800
V1_scalar_F3X_Q4F_C2X_P2,41372600
V1_scalar_F3X_Q4F_C2X_P2,41934600
V1_scalar_F3X_Q4F_C2X_P2,41247900
V1_scalar_F3X_Q4F_C2X_P2,42321300
V1_scalar_F3X_Q4F_C2X_P2,41414600
V1_scalar_F3X_Q4F_C2X_P2,41395400
V1_scalar_F3X_Q4F_C2X_P2,41140100
V1_scalar_F3X_Q4F_C3_P2,38042000
V1_scalar_F3X_Q4F_C3_P2,37648500
V1_scalar_F3X_Q4F_C3_P2,37420300
V1_scalar_F3X_Q4F_C3_P2,37938800
V1_scalar_F3X_Q4F_C3_P2,38675300
V1_scalar_F3X_Q4F_C3_P2,39515400
V1_scalar_F3X_Q4F_C3_P2,39072100
V1_scalar_F3X_Q4F_C3_P2,38797200
V1_scalar_F3X_Q4F_C3_P2,38513300
V1_scalar_F3X_Q4F_C3_P2,38607400
V1_scalar_F3X_Q4F_C3_P2,40954700
V1_scalar_F3X_Q4F_C3_P2,38532900
V1_scalar_F3X_Q4F_C3_P2,38461000
V1_scalar_F3X_Q4F_C3_P2,38172700
V1_scalar_F3X_Q4F_C3_P2,38231600
V1_scalar_F3X_Q4F_C3_P2,39158900
V1_scalar_F3X_Q4F_C3_P2,38944200
V1_scalar_F3X_Q4F_C3_P2,38853400
V1_scalar_F3X_Q4F_C3_P2,37767800
V1_scalar_F3X_Q4F_C3_P2,39312500
V1_scalar_F3X_Q4F_C3_P2,37949400
V1_scalar_F3X_Q4F_C3_P2,38927800
V1_scalar_F3X_Q4F_C3_P2,38701000
V1_scalar_F3X_Q4F_C3_P2,38460300
V1_scalar_F3X_Q4F_C3_P2,38480200
V1_scalar_F3X_Q4F_C3_P2,38828300
V1_scalar_F3X_Q4F_C3_P2,38904300
V1_scalar_F3X_Q4F_C3_P2,38217100
V1_scalar_F3X_Q4F_C3_P2,38418400
V1_scalar_F3X_Q4F_C3_P2,38337800
V1_scalar_F3X_Q4F_C3_P2,38393500
V1_scalar_F3X_Q4F_C3_P2,38467500
V1_scalar_F3X_Q4F_C3_P2,38557700
V1_scalar_F3X_Q4F_C3_P2,38261100
V1_scalar_F3X_Q4F_C3_P2,38191300
V1_scalar_F3X_Q4F_C3_P2,38785700
V1_scalar_F3X_Q4F_C3_P2,37961500
V1_scalar_F3X_Q4F_C3_P2,37540400
V1_scalar_F3X_Q4F_C3_P2,37729100
V1_scalar_F3X_Q4F_C3_P2,37475800
V1_scalar_F3X_Q4F_C3_P2,37998800
V1_scalar_F3X_Q4F_C3_P2,37833100
V1_scalar_F3X_Q4F_C3_P2,37551400
V1_scalar_F3X_Q4F_C3_P2,38817700
V1_scalar_F3X_Q4F_C3_P2,37950100
V1_scalar_F3X_Q4F_C3_P2,39222200
V1_scalar_F3X_Q4F_C3_P2,37801100
V1_scalar_F3X_Q4F_C3_P2,38002100
V1_scalar_F3X_Q4F_C4F_P2,38651100
V1_scalar_F3X_Q4F_C4F_P2,39426900
V1_scalar_F3X_Q4F_C4F_P2,39053600
V1_scalar_F3X_Q4F_C4F_P2,38300800
V1_scalar_F3X_Q4F_C4F_P2,39913100
V1_scalar_F3X_Q4F_C4F_P2,39454900
V1_scalar_F3X_Q4F_C4F_P2,37753800
V1_scalar_F3X_Q4F_C4F_P2,38981700
V1_scalar_F3X_Q4F_C4F_P2,38969600
V1_scalar_F3X_Q4F_C4F_P2,39295300
V1_scalar_F3X_Q4F_C4F_P2,37741700
V1_scalar_F3X_Q4F_C4F_P2,38730000
V1_scalar_F3X_Q4F_C4F_P2,37841500
V1_scalar_F3X_Q4F_C4F_P2,39565300
V1_scalar_F3X_Q4F_C4F_P2,37436700
V1_scalar_F3X_Q4F_C4F_P2,38057500
V1_scalar_F3X_Q4F_C4F_P2,37829900
V1_scalar_F3X_Q4F_C4F_P2,38331400
V1_scalar_F3X_Q4F_C4F_P2,39263100
V1_scalar_F3X_Q4F_C4F_P2,37672100
V1_scalar_F3X_Q4F_C4F_P2,37763100
V1_scalar_F3X_Q4F_C4F_P2,37239100
V1_scalar_F3X_Q4F_C4F_P2,38489400
V1_scalar_F3X_Q4F_C4F_P2,40481500
V1_scalar_F3X_Q4F_C4F_P2,39364500
V1_scalar_F3X_Q4F_C4F_P2,41706300
V1_scalar_F3X_Q4F_C4F_P2,39311500
V1_scalar_F3X_Q4F_C4F_P2,39077800
V1_scalar_F3X_Q4F_C4F_P2,41271600
V1_scalar_F3X_Q4F_C4F_P2,38487300
V1_scalar_F3X_Q4F_C4F_P2,38553600
V1_scalar_F3X_Q4F_C4F_P2,39463600
V1_scalar_F3X_Q4F_C4F_P2,38887000
V1_scalar_F3X_Q4F_C4F_P2,37851300
V1_scalar_F3X_Q4F_C4F_P2,39210600
V1_scalar_F3X_Q4F_C4F_P2,38781100
V1_scalar_F3X_Q4F_C4F_P2,38892200
V1_scalar_F3X_Q4F_C4F_P2,38504400
V1_scalar_F3X_Q4F_C4F_P2,37565300
V1_scalar_F3X_Q4F_C4F_P2,38669200
V1_scalar_F3X_Q4F_C4F_P2,37859700
V1_scalar_F3X_Q4F_C4F_P2,37341300
V1_scalar_F3X_Q4F_C4F_P2,37967900
V1_scalar_F3X_Q4F_C4F_P2,38396300
V1_scalar_F3X_Q4F_C4F_P2,38134600
V1_scalar_F3X_Q4F_C4F_P2,37724600
V1_scalar_F3X_Q4F_C4F_P2,38249200
V1_scalar_F3X_Q4F_C4F_P2,37326300
V1_scalar_F3X_Q4F_C4M_P2,39870800
V1_scalar_F3X_Q4F_C4M_P2,38161500
V1_scalar_F3X_Q4F_C4M_P2,38706700
V1_scalar_F3X_Q4F_C4M_P2,38475900
V1_scalar_F3X_Q4F_C4M_P2,39719600
V1_scalar_F3X_Q4F_C4M_P2,40711700
V1_scalar_F3X_Q4F_C4M_P2,39378000
V1_scalar_F3X_Q4F_C4M_P2,40797900
V1_scalar_F3X_Q4F_C4M_P2,38987200
V1_scalar_F3X_Q4F_C4M_P2,38737200
V1_scalar_F3X_Q4F_C4M_P2,38644100
V1_scalar_F3X_Q4F_C4M_P2,39453000
V1_scalar_F3X_Q4F_C4M_P2,39727200
V1_scalar_F3X_Q4F_C4M_P2,39534200
V1_scalar_F3X_Q4F_C4M_P2,39826200
V1_scalar_F3X_Q4F_C4M_P2,39322100
V1_scalar_F3X_Q4F_C4M_P2,39211100
V1_scalar_F3X_Q4F_C4M_P2,39016000
V1_scalar_F3X_Q4F_C4M_P2,39336100
V1_scalar_F3X_Q4F_C4M_P2,39785500
V1_scalar_F3X_Q4F_C4M_P2,39301200
V1_scalar_F3X_Q4F_C4M_P2,38448900
V1_scalar_F3X_Q4F_C4M_P2,39086100
V1_scalar_F3X_Q4F_C4M_P2,39559300
V1_scalar_F3X_Q4F_C4M_P2,38675800
V1_scalar_F3X_Q4F_C4M_P2,38321100
V1_scalar_F3X_Q4F_C4M_P2,39529200
V1_scalar_F3X_Q4F_C4M_P2,38652200
V1_scalar_F3X_Q4F_C4M_P2,38247600
V1_scalar_F3X_Q4F_C4M_P2,38212800
V1_scalar_F3X_Q4F_C4M_P2,39230700
V1_scalar_F3X_Q4F_C4M_P2,38255000
V1_scalar_F3X_Q4F_C4M_P2,39746900
V1_scalar_F3X_Q4F_C4M_P2,40454400
V1_scalar_F3X_Q4F_C4M_P2,39942800
V1_scalar_F3X_Q4F_C4M_P2,40005400
V1_scalar_F3X_Q4F_C4M_P2,39491400
V1_scalar_F3X_Q4F_C4M_P2,39243800
V1_scalar_F3X_Q4F_C4M_P2,39045500
V1_scalar_F3X_Q4F_C4M_P2,38319100
V1_scalar_F3X_Q4F_C4M_P2,39934300
V1_scalar_F3X_Q4F_C4M_P2,39298400
V1_scalar_F3X_Q4F_C4M_P2,39366100
V1_scalar_F3X_Q4F_C4M_P2,39649300
V1_scalar_F3X_Q4F_C4M_P2,38529600
V1_scalar_F3X_Q4F_C4M_P2,39629200
V1_scalar_F3X_Q4F_C4M_P2,40098900
V1_scalar_F3X_Q4F_C4M_P2,39393000
V1_scalar_F3X_Q4F_C5F_P2,44698500
V1_scalar_F3X_Q4F_C5F_P2,44480000
V1_scalar_F3X_Q4F_C5F_P2,44825700
V1_scalar_F3X_Q4F_C5F_P2,45938600
V1_scalar_F3X_Q4F_C5F_P2,45199200
V1_scalar_F3X_Q4F_C5F_P2,44910200
V1_scalar_F3X_Q4F_C5F_P2,45370800
V1_scalar_F3X_Q4F_C5F_P2,44567000
V1_scalar_F3X_Q4F_C5F_P2,44482300
V1_scalar_F3X_Q4F_C5F_P2,44235900
V1_scalar_F3X_Q4F_C5F_P2,43344100
V1_scalar_F3X_Q4F_C5F_P2,43450000
V1_scalar_F3X_Q4F_C5F_P2,43261500
V1_scalar_F3X_Q4F_C5F_P2,44050100
V1_scalar_F3X_Q4F_C5F_P2,44295200
V1_scalar_F3X_Q4F_C5F_P2,45156400
V1_scalar_F3X_Q4F_C5F_P2,48477000
V1_scalar_F3X_Q4F_C5F_P2,44848700
V1_scalar_F3X_Q4F_C5F_P2,44735900
V1_scalar_F3X_Q4F_C5F_P2,44768000
V1_scalar_F3X_Q4F_C5F_P2,44410000
V1_scalar_F3X_Q4F_C5F_P2,44258200
V1_scalar_F3X_Q4F_C5F_P2,44516700
V1_scalar_F3X_Q4F_C5F_P2,44710100
V1_scalar_F3X_Q4F_C5F_P2,44884000
V1_scalar_F3X_Q4F_C5F_P2,44922600
V1_scalar_F3X_Q4F_C5F_P2,45504100
V1_scalar_F3X_Q4F_C5F_P2,48793600
V1_scalar_F3X_Q4F_C5F_P2,46738600
V1_scalar_F3X_Q4F_C5F_P2,49060000
V1_scalar_F3X_Q4F_C5F_P2,46961500
V1_scalar_F3X_Q4F_C5F_P2,46764700
V1_scalar_F3X_Q4F_C5F_P2,44815900
V1_scalar_F3X_Q4F_C5F_P2,45672000
V1_scalar_F3X_Q4F_C5F_P2,44172500
V1_scalar_F3X_Q4F_C5F_P2,45841600
V1_scalar_F3X_Q4F_C5F_P2,45741100
V1_scalar_F3X_Q4F_C5F_P2,44541400
V1_scalar_F3X_Q4F_C5F_P2,46281800
V1_scalar_F3X_Q4F_C5F_P2,44762200
V1_scalar_F3X_Q4F_C5F_P2,47025900
V1_scalar_F3X_Q4F_C5M_P2,49330400
V1_scalar_F3X_Q4F_C5M_P2,49821600
V1_scalar_F3X_Q4F_C5M_P2,50703500
V1_scalar_F3X_Q4F_C5M_P2,51814800
V1_scalar_F3X_Q4F_C5M_P2,49614700
V1_scalar_F3X_Q4F_C5M_P2,49517000
V1_scalar_F3X_Q4F_C5M_P2,49596400
V1_scalar_F3X_Q4F_C5M_P2,48669900
V1_scalar_F3X_Q4F_C5M_P2,48757800
V1_scalar_F3X_Q4F_C5M_P2,49429000
V1_scalar_F3X_Q4F_C5M_P2,50370900
V1_scalar_F3X_Q4F_C5M_P2,48794300
V1_scalar_F3X_Q4F_C5M_P2,49772700
V1_scalar_F3X_Q4F_C5M_P2,50706800
V1_scalar_F3X_Q4F_C5M_P2,49398900
V1_scalar_F3X_Q4F_C5M_P2,49572200
V1_scalar_F3X_Q4F_C5M_P2,48581200
V1_scalar_F3X_Q4F_C5M_P2,50616200
V1_scalar_F3X_Q4F_C5M_P2,49145300
V1_scalar_F3X_Q4F_C5M_P2,56691800
V1_scalar_F3X_Q4F_C5M_P2,54085800
V1_scalar_F3X_Q4F_C5M_P2,52627500
V1_scalar_F3X_Q4F_C5M_P2,49900700
V1_scalar_F3X_Q4F_C5M_P2,51262700
V1_scalar_F3X_Q4F_C5M_P2,50284800
V1_scalar_F3X_Q4F_C5M_P2,49803500
V1_scalar_F3X_Q4F_C5M_P2,50333100
V1_scalar_F3X_Q4F_C5M_P2,49678100
V1_scalar_F3X_Q4F_C5M_P2,49695500
V1_scalar_F3X_Q4F_C5M_P2,49733700
V1_scalar_F3X_Q4F_C5M_P2,50645300
V1_scalar_F3X_Q4F_C5M_P2,49335300
V1_scalar_F3X_Q4F_C5M_P2,48671100
V1_scalar_F3X_Q4F_C5M_P2,49425700
V1_scalar_F3X_Q4F_C5M_P2,50013900
V1_scalar_F3X_Q4F_C5M_P2,49939800
V1_scalar_F3X_Q4F_C5M_P2,49454900
V1_scalar_F3X_Q4F_C5M_P2,50442400
V1_scalar_F3X_Q4M_C1R_P2,66742200
V1_scalar_F3X_Q4M_C1R_P2,68245300
V1_scalar_F3X_Q4M_C1R_P2,70398700
V1_scalar_F3X_Q4M_C1R_P2,66525300
V1_scalar_F3X_Q4M_C1R_P2,68128600
V1_scalar_F3X_Q4M_C1R_P2,67407700
V1_scalar_F3X_Q4M_C1R_P2,66494100
V1_scalar_F3X_Q4M_C1R_P2,67678300
V1_scalar_F3X_Q4M_C1R_P2,67300600
V1_scalar_F3X_Q4M_C1R_P2,68103800
V1_scalar_F3X_Q4M_C1R_P2,66728000
V1_scalar_F3X_Q4M_C1R_P2,67314700
V1_scalar_F3X_Q4M_C1R_P2,68925200
V1_scalar_F3X_Q4M_C1R_P2,67057900
V1_scalar_F3X_Q4M_C1R_P2,66509300
V1_scalar_F3X_Q4M_C1R_P2,66799100
V1_scalar_F3X_Q4M_C1R_P2,67815800
V1_scalar_F3X_Q4M_C1R_P2,65451100
V1_scalar_F3X_Q4M_C1R_P2,65747700
V1_scalar_F3X_Q4M_C1R_P2,66946900
V1_scalar_F3X_Q4M_C1R_P2,66778400
V1_scalar_F3X_Q4M_C1R_P2,67014900
V1_scalar_F3X_Q4M_C1R_P2,66752400
V1_scalar_F3X_Q4M_C1R_P2,68105900
V1_scalar_F3X_Q4M_C1R_P2,68067200
V1_scalar_F3X_Q4M_C1R_P2,66478500
V1_scalar_F3X_Q4M_C1R_P2,67205000
V1_scalar_F3X_Q4M_C1R_P2,68060400
V1_scalar_F3X_Q4M_C1R_P2,67891900
V1_scalar_F3X_Q4M_C1R_P2,67460200
V1_scalar_F3X_Q4M_C1X_P2,47986700
V1_scalar_F3X_Q4M_C1X_P2,47438300
V1_scalar_F3X_Q4M_C1X_P2,49154300
V1_scalar_F3X_Q4M_C1X_P2,49040000
V1_scalar_F3X_Q4M_C1X_P2,48626800
V1_scalar_F3X_Q4M_C1X_P2,48055000
V1_scalar_F3X_Q4M_C1X_P2,49311700
V1_scalar_F3X_Q4M_C1X_P2,47910600
V1_scalar_F3X_Q4M_C1X_P2,47157100
V1_scalar_F3X_Q4M_C1X_P2,47530000
V1_scalar_F3X_Q4M_C1X_P2,47135600
V1_scalar_F3X_Q4M_C1X_P2,47422600
V1_scalar_F3X_Q4M_C1X_P2,47796200
V1_scalar_F3X_Q4M_C1X_P2,48658800
V1_scalar_F3X_Q4M_C1X_P2,48365700
V1_scalar_F3X_Q4M_C1X_P2,47942900
V1_scalar_F3X_Q4M_C1X_P2,48338300
V1_scalar_F3X_Q4M_C1X_P2,47305200
V1_scalar_F3X_Q4M_C1X_P2,48642600
V1_scalar_F3X_Q4M_C1X_P2,48916500
V1_scalar_F3X_Q4M_C1X_P2,48907500
V1_scalar_F3X_Q4M_C1X_P2,47355300
V1_scalar_F3X_Q4M_C1X_P2,47005100
V1_scalar_F3X_Q4M_C1X_P2,48180600
V1_scalar_F3X_Q4M_C1X_P2,47726800
V1_scalar_F3X_Q4M_C1X_P2,47237100
V1_scalar_F3X_Q4M_C1X_P2,49439000
V1_scalar_F3X_Q4M_C1X_P2,47240100
V1_scalar_F3X_Q4M_C1X_P2,47298900
V1_scalar_F3X_Q4M_C1X_P2,49138100
V1_scalar_F3X_Q4M_C1X_P2,48996000
V1_scalar_F3X_Q4M_C1X_P2,47519700
V1_scalar_F3X_Q4M_C1X_P2,47289600
V1_scalar_F3X_Q4M_C1X_P2,49476600
V1_scalar_F3X_Q4M_C1X_P2,48853100
V1_scalar_F3X_Q4M_C1X_P2,47807200
V1_scalar_F3X_Q4M_C1X_P2,48781500
V1_scalar_F3X_Q4M_C1X_P2,47340200
V1_scalar_F3X_Q4M_C1X_P2,47699100
V1_scalar_F3X_Q4M_C1X_P2,47818100
V1_scalar_F3X_Q4M_C1X_P2,48148000
V1_scalar_F3X_Q4M_C2R_P2,61953500
V1_scalar_F3X_Q4M_C2R_P2,57438000
V1_scalar_F3X_Q4M_C2R_P2,58819700
V1_scalar_F3X_Q4M_C2R_P2,58773700
V1_scalar_F3X_Q4M_C2R_P2,60531800
V1_scalar_F3X_Q4M_C2R_P2,60850200
V1_scalar_F3X_Q4M_C2R_P2,60624400
V1_scalar_F3X_Q4M_C2R_P2,60901800
V1_scalar_F3X_Q4M_C2R_P2,58518000
V1_scalar_F3X_Q4M_C2R_P2,58395300
V1_scalar_F3X_Q4M_C2R_P2,58886800
V1_scalar_F3X_Q4M_C2R_P2,58675300
V1_scalar_F3X_Q4M_C2R_P2,59132800
V1_scalar_F3X_Q4M_C2R_P2,58554500
V1_scalar_F3X_Q4M_C2R_P2,58239800
V1_scalar_F3X_Q4M_C2R_P2,59230400
V1_scalar_F3X_Q4M_C2R_P2,58341900
V1_scalar_F3X_Q4M_C2R_P2,58802700
V1_scalar_F3X_Q4M_C2R_P2,58465400
V1_scalar_F3X_Q4M_C2R_P2,57765700
V1_scalar_F3X_Q4M_C2R_P2,58969200
V1_scalar_F3X_Q4M_C2R_P2,59475600
V1_scalar_F3X_Q4M_C2R_P2,58922900
V1_scalar_F3X_Q4M_C2R_P2,58615000
V1_scalar_F3X_Q4M_C2R_P2,58985600
V1_scalar_F3X_Q4M_C2R_P2,59274000
V1_scalar_F3X_Q4M_C2R_P2,58560700
V1_scalar_F3X_Q4M_C2R_P2,58761000
V1_scalar_F3X_Q4M_C2R_P2,58467200
V1_scalar_F3X_Q4M_C2R_P2,57753200
V1_scalar_F3X_Q4M_C2R_P2,57594500
V1_scalar_F3X_Q4M_C2R_P2,58600400
V1_scalar_F3X_Q4M_C2R_P2,58867200
V1_scalar_F3X_Q4M_C2X_P2,43206400
V1_scalar_F3X_Q4M_C2X_P2,42946300
V1_scalar_F3X_Q4M_C2X_P2,42672400
V1_scalar_F3X_Q4M_C2X_P2,42896800
V1_scalar_F3X_Q4M_C2X_P2,42603400
V1_scalar_F3X_Q4M_C2X_P2,48155700
V1_scalar_F3X_Q4M_C2X_P2,43174300
V1_scalar_F3X_Q4M_C2X_P2,43914200
V1_scalar_F3X_Q4M_C2X_P2,42739800
V1_scalar_F3X_Q4M_C2X_P2,43531700
V1_scalar_F3X_Q4M_C2X_P2,43172500
V1_scalar_F3X_Q4M_C2X_P2,43385900
V1_scalar_F3X_Q4M_C2X_P2,43006900
V1_scalar_F3X_Q4M_C2X_P2,43549300
V1_scalar_F3X_Q4M_C2X_P2,43225000
V1_scalar_F3X_Q4M_C2X_P2,43481300
V1_scalar_F3X_Q4M_C2X_P2,43484800
V1_scalar_F3X_Q4M_C2X_P2,43626200
V1_scalar_F3X_Q4M_C2X_P2,44811300
V1_scalar_F3X_Q4M_C2X_P2,44528000
V1_scalar_F3X_Q4M_C2X_P2,43175800
V1_scalar_F3X_Q4M_C2X_P2,42416200
V1_scalar_F3X_Q4M_C2X_P2,43732400
V1_scalar_F3X_Q4M_C2X_P2,43630700
V1_scalar_F3X_Q4M_C2X_P2,44258900
V1_scalar_F3X_Q4M_C2X_P2,44918700
V1_scalar_F3X_Q4M_C2X_P2,42762100
V1_scalar_F3X_Q4M_C2X_P2,43384700
V1_scalar_F3X_Q4M_C2X_P2,42915900
V1_scalar_F3X_Q4M_C2X_P2,43502700
V1_scalar_F3X_Q4M_C2X_P2,42064600
V1_scalar_F3X_Q4M_C2X_P2,43778800
V1_scalar_F3X_Q4M_C2X_P2,42112100
V1_scalar_F3X_Q4M_C2X_P2,42737100
V1_scalar_F3X_Q4M_C2X_P2,43706900
V1_scalar_F3X_Q4M_C2X_P2,45055300
V1_scalar_F3X_Q4M_C2X_P2,42978200
V1_scalar_F3X_Q4M_C2X_P2,42173600
V1_scalar_F3X_Q4M_C2X_P2,42503800
V1_scalar_F3X_Q4M_C2X_P2,42345500
V1_scalar_F3X_Q4M_C2X_P2,43440700
V1_scalar_F3X_Q4M_C2X_P2,42587700
V1_scalar_F3X_Q4M_C2X_P2,42562300
V1_scalar_F3X_Q4M_C3_P2,45608400
V1_scalar_F3X_Q4M_C3_P2,39273100
V1_scalar_F3X_Q4M_C3_P2,38996500
V1_scalar_F3X_Q4M_C3_P2,39220000
V1_scalar_F3X_Q4M_C3_P2,39719900
V1_scalar_F3X_Q4M_C3_P2,39448800
V1_scalar_F3X_Q4M_C3_P2,40007900
V1_scalar_F3X_Q4M_C3_P2,38493000
V1_scalar_F3X_Q4M_C3_P2,38458200
V1_scalar_F3X_Q4M_C3_P2,38861900
V1_scalar_F3X_Q4M_C3_P2,38506100
V1_scalar_F3X_Q4M_C3_P2,39240300
V1_scalar_F3X_Q4M_C3_P2,38785100
V1_scalar_F3X_Q4M_C3_P2,38959900
V1_scalar_F3X_Q4M_C3_P2,38603800
V1_scalar_F3X_Q4M_C3_P2,38470900
V1_scalar_F3X_Q4M_C3_P2,39520600
V1_scalar_F3X_Q4M_C3_P2,39070100
V1_scalar_F3X_Q4M_C3_P2,38800700
V1_scalar_F3X_Q4M_C3_P2,39304900
V1_scalar_F3X_Q4M_C3_P2,39134300
V1_scalar_F3X_Q4M_C3_P2,39127500
V1_scalar_F3X_Q4M_C3_P2,39277900
V1_scalar_F3X_Q4M_C3_P2,39439100
V1_scalar_F3X_Q4M_C3_P2,39299200
V1_scalar_F3X_Q4M_C3_P2,39379600
V1_scalar_F3X_Q4M_C3_P2,40223300
V1_scalar_F3X_Q4M_C3_P2,38204200
V1_scalar_F3X_Q4M_C3_P2,39478700
V1_scalar_F3X_Q4M_C3_P2,38592500
V1_scalar_F3X_Q4M_C3_P2,40457600
V1_scalar_F3X_Q4M_C3_P2,39045300
V1_scalar_F3X_Q4M_C3_P2,38901300
V1_scalar_F3X_Q4M_C3_P2,39435400
V1_scalar_F3X_Q4M_C3_P2,38561100
V1_scalar_F3X_Q4M_C3_P2,38149300
V1_scalar_F3X_Q4M_C3_P2,38291700
V1_scalar_F3X_Q4M_C3_P2,38666800
V1_scalar_F3X_Q4M_C3_P2,39063300
V1_scalar_F3X_Q4M_C3_P2,39473000
V1_scalar_F3X_Q4M_C3_P2,40874600
V1_scalar_F3X_Q4M_C3_P2,38718800
V1_scalar_F3X_Q4M_C3_P2,38997500
V1_scalar_F3X_Q4M_C3_P2,45304700
V1_scalar_F3X_Q4M_C3_P2,38041500
V1_scalar_F3X_Q4M_C3_P2,38060400
V1_scalar_F3X_Q4M_C3_P2,39227300
V1_scalar_F3X_Q4M_C4F_P2,39580900
V1_scalar_F3X_Q4M_C4F_P2,39365900
V1_scalar_F3X_Q4M_C4F_P2,39476800
V1_scalar_F3X_Q4M_C4F_P2,39688200
V1_scalar_F3X_Q4M_C4F_P2,39070500
V1_scalar_F3X_Q4M_C4F_P2,38951300
V1_scalar_F3X_Q4M_C4F_P2,39401000
V1_scalar_F3X_Q4M_C4F_P2,39796300
V1_scalar_F3X_Q4M_C4F_P2,40010800
V1_scalar_F3X_Q4M_C4F_P2,39182200
V1_scalar_F3X_Q4M_C4F_P2,38858400
V1_scalar_F3X_Q4M_C4F_P2,39223300
V1_scalar_F3X_Q4M_C4F_P2,39449300
V1_scalar_F3X_Q4M_C4F_P2,39800300
V1_scalar_F3X_Q4M_C4F_P2,40190900
V1_scalar_F3X_Q4M_C4F_P2,40068400
V1_scalar_F3X_Q4M_C4F_P2,39711700
V1_scalar_F3X_Q4M_C4F_P2,39614100
V1_scalar_F3X_Q4M_C4F_P2,39685800
V1_scalar_F3X_Q4M_C4F_P2,39648700
V1_scalar_F3X_Q4M_C4F_P2,42536100
V1_scalar_F3X_Q4M_C4F_P2,40532700
V1_scalar_F3X_Q4M_C4F_P2,39124200
V1_scalar_F3X_Q4M_C4F_P2,39651100
V1_scalar_F3X_Q4M_C4F_P2,40717500
V1_scalar_F3X_Q4M_C4F_P2,40717900
V1_scalar_F3X_Q4M_C4F_P2,39176000
V1_scalar_F3X_Q4M_C4F_P2,39563700
V1_scalar_F3X_Q4M_C4F_P2,39169000
V1_scalar_F3X_Q4M_C4F_P2,39451000
V1_scalar_F3X_Q4M_C4F_P2,40750100
V1_scalar_F3X_Q4M_C4F_P2,39364600
V1_scalar_F3X_Q4M_C4F_P2,40304900
V1_scalar_F3X_Q4M_C4F_P2,39593800
V1_scalar_F3X_Q4M_C4F_P2,41500500
V1_scalar_F3X_Q4M_C4F_P2,39987800
V1_scalar_F3X_Q4M_C4F_P2,40321400
V1_scalar_F3X_Q4M_C4F_P2,40212700
V1_scalar_F3X_Q4M_C4F_P2,38818000
V1_scalar_F3X_Q4M_C4F_P2,39406300
V1_scalar_F3X_Q4M_C4F_P2,39351400
V1_scalar_F3X_Q4M_C4F_P2,39634700
V1_scalar_F3X_Q4M_C4F_P2,39566700
V1_scalar_F3X_Q4M_C4F_P2,38760600
V1_scalar_F3X_Q4M_C4F_P2,40212600
V1_scalar_F3X_Q4M_C4F_P2,40814900
V1_scalar_F3X_Q4M_C4F_P2,39302000
V1_scalar_F3X_Q4M_C4M_P2,39946600
V1_scalar_F3X_Q4M_C4M_P2,40956800
V1_scalar_F3X_Q4M_C4M_P2,41139600
V1_scalar_F3X_Q4M_C4M_P2,39787300
V1_scalar_F3X_Q4M_C4M_P2,40662100
V1_scalar_F3X_Q4M_C4M_P2,39717600
V1_scalar_F3X_Q4M_C4M_P2,41392100
V1_scalar_F3X_Q4M_C4M_P2,39342500
V1_scalar_F3X_Q4M_C4M_P2,41384100
V1_scalar_F3X_Q4M_C4M_P2,40116300
V1_scalar_F3X_Q4M_C4M_P2,39876900
V1_scalar_F3X_Q4M_C4M_P2,40398200
V1_scalar_F3X_Q4M_C4M_P2,39370200
V1_scalar_F3X_Q4M_C4M_P2,40135300
V1_scalar_F3X_Q4M_C4M_P2,40141400
V1_scalar_F3X_Q4M_C4M_P2,40344900
V1_scalar_F3X_Q4M_C4M_P2,40264300
V1_scalar_F3X_Q4M_C4M_P2,39395100
V1_scalar_F3X_Q4M_C4M_P2,39518000
V1_scalar_F3X_Q4M_C4M_P2,39907300
V1_scalar_F3X_Q4M_C4M_P2,41066300
V1_scalar_F3X_Q4M_C4M_P2,40217500
V1_scalar_F3X_Q4M_C4M_P2,40120000
V1_scalar_F3X_Q4M_C4M_P2,40795100
V1_scalar_F3X_Q4M_C4M_P2,40285100
V1_scalar_F3X_Q4M_C4M_P2,40154800
V1_scalar_F3X_Q4M_C4M_P2,40562400
V1_scalar_F3X_Q4M_C4M_P2,39442600
V1_scalar_F3X_Q4M_C4M_P2,39756800
V1_scalar_F3X_Q4M_C4M_P2,39919800
V1_scalar_F3X_Q4M_C4M_P2,40669100
V1_scalar_F3X_Q4M_C4M_P2,40707400
V1_scalar_F3X_Q4M_C4M_P2,39891400
V1_scalar_F3X_Q4M_C4M_P2,39516100
V1_scalar_F3X_Q4M_C4M_P2,39668700
V1_scalar_F3X_Q4M_C4M_P2,39843400
V1_scalar_F3X_Q4M_C4M_P2,40899600
V1_scalar_F3X_Q4M_C4M_P2,38931300
V1_scalar_F3X_Q4M_C4M_P2,40535600
V1_scalar_F3X_Q4M_C4M_P2,39885700
V1_scalar_F3X_Q4M_C4M_P2,40896100
V1_scalar_F3X_Q4M_C4M_P2,39690800
V1_scalar_F3X_Q4M_C4M_P2,39441600
V1_scalar_F3X_Q4M_C4M_P2,40845600
V1_scalar_F3X_Q4M_C4M_P2,40033900
V1_scalar_F3X_Q4M_C4M_P2,39907900
V1_scalar_F3X_Q4M_C5F_P2,45461700
V1_scalar_F3X_Q4M_C5F_P2,48686100
V1_scalar_F3X_Q4M_C5F_P2,45065100
V1_scalar_F3X_Q4M_C5F_P2,45053600
V1_scalar_F3X_Q4M_C5F_P2,44962600
V1_scalar_F3X_Q4M_C5F_P2,45660800
V1_scalar_F3X_Q4M_C5F_P2,45173900
V1_scalar_F3X_Q4M_C5F_P2,45734000
V1_scalar_F3X_Q4M_C5F_P2,46423300
V1_scalar_F3X_Q4M_C5F_P2,45862600
V1_scalar_F3X_Q4M_C5F_P2,45543400
V1_scalar_F3X_Q4M_C5F_P2,46003500
V1_scalar_F3X_Q4M_C5F_P2,44910300
V1_scalar_F3X_Q4M_C5F_P2,44868400
V1_scalar_F3X_Q4M_C5F_P2,44404000
V1_scalar_F3X_Q4M_C5F_P2,44630400
V1_scalar_F3X_Q4M_C5F_P2,45774300
V1_scalar_F3X_Q4M_C5F_P2,47491700
V1_scalar_F3X_Q4M_C5F_P2,45816000
V1_scalar_F3X_Q4M_C5F_P2,45549800
V1_scalar_F3X_Q4M_C5F_P2,46447900
V1_scalar_F3X_Q4M_C5F_P2,46907800
V1_scalar_F3X_Q4M_C5F_P2,45464300
V1_scalar_F3X_Q4M_C5F_P2,44497600
V1_scalar_F3X_Q4M_C5F_P2,45014200
V1_scalar_F3X_Q4M_C5F_P2,45826700
V1_scalar_F3X_Q4M_C5F_P2,46352700
V1_scalar_F3X_Q4M_C5F_P2,46825500
V1_scalar_F3X_Q4M_C5F_P2,46688700
V1_scalar_F3X_Q4M_C5F_P2,45698100
V1_scalar_F3X_Q4M_C5F_P2,45475200
V1_scalar_F3X_Q4M_C5F_P2,44976400
V1_scalar_F3X_Q4M_C5F_P2,44726900
V1_scalar_F3X_Q4M_C5F_P2,44915500
V1_scalar_F3X_Q4M_C5F_P2,45071000
V1_scalar_F3X_Q4M_C5F_P2,44585100
V1_scalar_F3X_Q4M_C5F_P2,44601900
V1_scalar_F3X_Q4M_C5F_P2,45923500
V1_scalar_F3X_Q4M_C5F_P2,47179800
V1_scalar_F3X_Q4M_C5F_P2,44845300
V1_scalar_F3X_Q4M_C5F_P2,45564600
V1_scalar_F3X_Q4M_C5F_P2,48562400
V1_scalar_F3X_Q4M_C5M_P2,51008000
V1_scalar_F3X_Q4M_C5M_P2,51596000
V1_scalar_F3X_Q4M_C5M_P2,51358800
V1_scalar_F3X_Q4M_C5M_P2,52347800
V1_scalar_F3X_Q4M_C5M_P2,50356500
V1_scalar_F3X_Q4M_C5M_P2,51565600
V1_scalar_F3X_Q4M_C5M_P2,52764400
V1_scalar_F3X_Q4M_C5M_P2,51471100
V1_scalar_F3X_Q4M_C5M_P2,50811600
V1_scalar_F3X_Q4M_C5M_P2,51382300
V1_scalar_F3X_Q4M_C5M_P2,50900400
V1_scalar_F3X_Q4M_C5M_P2,52500000
V1_scalar_F3X_Q4M_C5M_P2,51319400
V1_scalar_F3X_Q4M_C5M_P2,51754000
V1_scalar_F3X_Q4M_C5M_P2,50798900
V1_scalar_F3X_Q4M_C5M_P2,51742200
V1_scalar_F3X_Q4M_C5M_P2,52807600
V1_scalar_F3X_Q4M_C5M_P2,51113400
V1_scalar_F3X_Q4M_C5M_P2,50741200
V1_scalar_F3X_Q4M_C5M_P2,50917000
V1_scalar_F3X_Q4M_C5M_P2,51589800
V1_scalar_F3X_Q4M_C5M_P2,52528100
V1_scalar_F3X_Q4M_C5M_P2,49914900
V1_scalar_F3X_Q4M_C5M_P2,49675200
V1_scalar_F3X_Q4M_C5M_P2,49146700
V1_scalar_F3X_Q4M_C5M_P2,49691700
V1_scalar_F3X_Q4M_C5M_P2,50088800
V1_scalar_F3X_Q4M_C5M_P2,50635200
V1_scalar_F3X_Q4M_C5M_P2,49829000
V1_scalar_F3X_Q4M_C5M_P2,51271200
V1_scalar_F3X_Q4M_C5M_P2,49547100
V1_scalar_F3X_Q4M_C5M_P2,49643100
V1_scalar_F3X_Q4M_C5M_P2,51570400
V1_scalar_F3X_Q4M_C5M_P2,51584000
V1_scalar_F3X_Q4M_C5M_P2,52055800
V1_scalar_F3X_Q4M_C5M_P2,50970600
V1_scalar_F3X_Q4M_C5M_P2,50843200
V1_scalar_F3X_Q4M_C5M_P2,51040300
V1_scalar_F4_Q1_C1R_P2,487872200
V1_scalar_F4_Q1_C1R_P2,479463500
V1_scalar_F4_Q1_C1R_P2,480433600
V1_scalar_F4_Q1_C1R_P2,483502100
V1_scalar_F4_Q1_C1R_P2,478341500
V1_scalar_F4_Q1_C1X_P2,308910900
V1_scalar_F4_Q1_C1X_P2,308680000
V1_scalar_F4_Q1_C1X_P2,310420100
V1_scalar_F4_Q1_C1X_P2,311138200
V1_scalar_F4_Q1_C1X_P2,312786000
V1_scalar_F4_Q1_C1X_P2,308327200
V1_scalar_F4_Q1_C1X_P2,310287100
V1_scalar_F4_Q1_C2R_P2,453224400
V1_scalar_F4_Q1_C2R_P2,459357100
V1_scalar_F4_Q1_C2R_P2,453372800
V1_scalar_F4_Q1_C2R_P2,450361700
V1_scalar_F4_Q1_C2R_P2,451670300
V1_scalar_F4_Q1_C2X_P2,291238300
V1_scalar_F4_Q1_C2X_P2,289910800
V1_scalar_F4_Q1_C2X_P2,290551800
V1_scalar_F4_Q1_C2X_P2,291463800
V1_scalar_F4_Q1_C2X_P2,292298200
V1_scalar_F4_Q1_C2X_P2,293847100
V1_scalar_F4_Q1_C2X_P2,294306300
V1_scalar_F4_Q1_C3_P2,257897400
V1_scalar_F4_Q1_C3_P2,253886600
V1_scalar_F4_Q1_C3_P2,255593400
V1_scalar_F4_Q1_C3_P2,256043300
V1_scalar_F4_Q1_C3_P2,269642400
V1_scalar_F4_Q1_C3_P2,259273000
V1_scalar_F4_Q1_C3_P2,265925300
V1_scalar_F4_Q1_C3_P2,255855300
V1_scalar_F4_Q1_C4F_P2,266431000
V1_scalar_F4_Q1_C4F_P2,260221800
V1_scalar_F4_Q1_C4F_P2,262074600
V1_scalar_F4_Q1_C4F_P2,262524100
V1_scalar_F4_Q1_C4F_P2,260993300
V1_scalar_F4_Q1_C4F_P2,260677300
V1_scalar_F4_Q1_C4F_P2,263495800
V1_scalar_F4_Q1_C4F_P2,260652600
V1_scalar_F4_Q1_C4M_P2,268776100
V1_scalar_F4_Q1_C4M_P2,265176000
V1_scalar_F4_Q1_C4M_P2,264478500
V1_scalar_F4_Q1_C4M_P2,266282400
V1_scalar_F4_Q1_C4M_P2,267670000
V1_scalar_F4_Q1_C4M_P2,267505300
V1_scalar_F4_Q1_C4M_P2,267273300
V1_scalar_F4_Q1_C4M_P2,266432600
V1_scalar_F4_Q1_C5F_P2,251423100
V1_scalar_F4_Q1_C5F_P2,250238100
V1_scalar_F4_Q1_C5F_P2,250530500
V1_scalar_F4_Q1_C5F_P2,252544100
V1_scalar_F4_Q1_C5F_P2,252864700
V1_scalar_F4_Q1_C5F_P2,250919600
V1_scalar_F4_Q1_C5F_P2,250391500
V1_scalar_F4_Q1_C5F_P2,250475900
V1_scalar_F4_Q1_C5M_P2,274123700
V1_scalar_F4_Q1_C5M_P2,272016600
V1_scalar_F4_Q1_C5M_P2,272646000
V1_scalar_F4_Q1_C5M_P2,280116700
V1_scalar_F4_Q1_C5M_P2,274758600
V1_scalar_F4_Q1_C5M_P2,274892800
V1_scalar_F4_Q1_C5M_P2,275443000
V1_scalar_F4_Q2R_C1R_P2,646713800
V1_scalar_F4_Q2R_C1R_P2,638237400
V1_scalar_F4_Q2R_C1R_P2,638443900
V1_scalar_F4_Q2R_C1R_P2,638748800
V1_scalar_F4_Q2R_C1R_P2,645041400
V1_scalar_F4_Q2R_C1X_P2,477107800
V1_scalar_F4_Q2R_C1X_P2,467948800
V1_scalar_F4_Q2R_C1X_P2,468975000
V1_scalar_F4_Q2R_C1X_P2,470120800
V1_scalar_F4_Q2R_C1X_P2,469462700
V1_scalar_F4_Q2R_C2R_P2,596776400
V1_scalar_F4_Q2R_C2R_P2,590702900
V1_scalar_F4_Q2R_C2R_P2,596164100
V1_scalar_F4_Q2R_C2R_P2,599098000
V1_scalar_F4_Q2R_C2R_P2,593359000
V1_scalar_F4_Q2R_C2X_P2,456148700
V1_scalar_F4_Q2R_C2X_P2,475940400
V1_scalar_F4_Q2R_C2X_P2,458257700
V1_scalar_F4_Q2R_C2X_P2,457546700
V1_scalar_F4_Q2R_C2X_P2,458829800
V1_scalar_F4_Q2R_C3_P2,414054100
V1_scalar_F4_Q2R_C3_P2,405696100
V1_scalar_F4_Q2R_C3_P2,415442900
V1_scalar_F4_Q2R_C3_P2,410946500
V1_scalar_F4_Q2R_C3_P2,405288700
V1_scalar_F4_Q2R_C4F_P2,410785800
V1_scalar_F4_Q2R_C4F_P2,405312900
V1_scalar_F4_Q2R_C4F_P2,403028800
V1_scalar_F4_Q2R_C4F_P2,405595000
V1_scalar_F4_Q2R_C4F_P2,407465400
V1_scalar_F4_Q2R_C4M_P2,415932400
V1_scalar_F4_Q2R_C4M_P2,414875300
V1_scalar_F4_Q2R_C4M_P2,410892900
V1_scalar_F4_Q2R_C4M_P2,412550400
V1_scalar_F4_Q2R_C4M_P2,415970200
V1_scalar_F4_Q2R_C5F_P2,397752700
V1_scalar_F4_Q2R_C5F_P2,398975400
V1_scalar_F4_Q2R_C5F_P2,400644100
V1_scalar_F4_Q2R_C5F_P2,405204300
V1_scalar_F4_Q2R_C5F_P2,404218100
V1_scalar_F4_Q2R_C5M_P2,420437500
V1_scalar_F4_Q2R_C5M_P2,420210600
V1_scalar_F4_Q2R_C5M_P2,418769100
V1_scalar_F4_Q2R_C5M_P2,418553900
V1_scalar_F4_Q2R_C5M_P2,418376200
V1_scalar_F4_Q2X_C1R_P2,547978600
V1_scalar_F4_Q2X_C1R_P2,541462000
V1_scalar_F4_Q2X_C1R_P2,545731500
V1_scalar_F4_Q2X_C1R_P2,545106700
V1_scalar_F4_Q2X_C1R_P2,556959000
V1_scalar_F4_Q2X_C1X_P2,377707300
V1_scalar_F4_Q2X_C1X_P2,374166300
V1_scalar_F4_Q2X_C1X_P2,374264700
V1_scalar_F4_Q2X_C1X_P2,368716700
V1_scalar_F4_Q2X_C1X_P2,367051100
V1_scalar_F4_Q2X_C2R_P2,506579200
V1_scalar_F4_Q2X_C2R_P2,507797600
V1_scalar_F4_Q2X_C2R_P2,513636600
V1_scalar_F4_Q2X_C2R_P2,510449800
V1_scalar_F4_Q2X_C2R_P2,513371500
V1_scalar_F4_Q2X_C2X_P2,358216400
V1_scalar_F4_Q2X_C2X_P2,353958600
V1_scalar_F4_Q2X_C2X_P2,354010300
V1_scalar_F4_Q2X_C2X_P2,358533200
V1_scalar_F4_Q2X_C2X_P2,358454800
V1_scalar_F4_Q2X_C3_P2,319507700
V1_scalar_F4_Q2X_C3_P2,310776400
V1_scalar_F4_Q2X_C3_P2,309116300
V1_scalar_F4_Q2X_C3_P2,308164200
V1_scalar_F4_Q2X_C3_P2,314210500
V1_scalar_F4_Q2X_C3_P2,306240400
V1_scalar_F4_Q2X_C4F_P2,320506600
V1_scalar_F4_Q2X_C4F_P2,320880100
V1_scalar_F4_Q2X_C4F_P2,316237000
V1_scalar_F4_Q2X_C4F_P2,313831200
V1_scalar_F4_Q2X_C4F_P2,337250100
V1_scalar_F4_Q2X_C4F_P2,315982800
V1_scalar_F4_Q2X_C4M_P2,322257500
V1_scalar_F4_Q2X_C4M_P2,319377700
V1_scalar_F4_Q2X_C4M_P2,318096000
V1_scalar_F4_Q2X_C4M_P2,321405500
V1_scalar_F4_Q2X_C4M_P2,321203800
V1_scalar_F4_Q2X_C4M_P2,319693500
V1_scalar_F4_Q2X_C5F_P2,318665800
V1_scalar_F4_Q2X_C5F_P2,310213200
V1_scalar_F4_Q2X_C5F_P2,306320900
V1_scalar_F4_Q2X_C5F_P2,304191300
V1_scalar_F4_Q2X_C5F_P2,309324300
V1_scalar_F4_Q2X_C5F_P2,304765800
V1_scalar_F4_Q2X_C5M_P2,338908200
V1_scalar_F4_Q2X_C5M_P2,337586400
V1_scalar_F4_Q2X_C5M_P2,331587200
V1_scalar_F4_Q2X_C5M_P2,331381500
V1_scalar_F4_Q2X_C5M_P2,333366500
V1_scalar_F4_Q2X_C5M_P2,332491300
V1_scalar_F4_Q3M_C1R_P2,56469700
V1_scalar_F4_Q3M_C1R_P2,53029100
V1_scalar_F4_Q3M_C1R_P2,52768500
V1_scalar_F4_Q3M_C1R_P2,55700300
V1_scalar_F4_Q3M_C1R_P2,53177600
V1_scalar_F4_Q3M_C1R_P2,54866900
V1_scalar_F4_Q3M_C1R_P2,53724400
V1_scalar_F4_Q3M_C1R_P2,54279600
V1_scalar_F4_Q3M_C1R_P2,54439800
V1_scalar_F4_Q3M_C1R_P2,56214600
V1_scalar_F4_Q3M_C1R_P2,54013400
V1_scalar_F4_Q3M_C1R_P2,54648800
V1_scalar_F4_Q3M_C1R_P2,54135300
V1_scalar_F4_Q3M_C1R_P2,53316300
V1_scalar_F4_Q3M_C1R_P2,53338700
V1_scalar_F4_Q3M_C1R_P2,52491700
V1_scalar_F4_Q3M_C1R_P2,52826300
V1_scalar_F4_Q3M_C1R_P2,52937800
V1_scalar_F4_Q3M_C1R_P2,55971000
V1_scalar_F4_Q3M_C1R_P2,52928600
V1_scalar_F4_Q3M_C1R_P2,53078200
V1_scalar_F4_Q3M_C1R_P2,52774100
V1_scalar_F4_Q3M_C1R_P2,55094000
V1_scalar_F4_Q3M_C1R_P2,55334500
V1_scalar_F4_Q3M_C1R_P2,52756900
V1_scalar_F4_Q3M_C1R_P2,54472200
V1_scalar_F4_Q3M_C1R_P2,56667700
V1_scalar_F4_Q3M_C1R_P2,54425500
V1_scalar_F4_Q3M_C1R_P2,53630200
V1_scalar_F4_Q3M_C1R_P2,54201200
V1_scalar_F4_Q3M_C1R_P2,54924500
V1_scalar_F4_Q3M_C1R_P2,53998900
V1_scalar_F4_Q3M_C1R_P2,54665800
V1_scalar_F4_Q3M_C1R_P2,53702100
V1_scalar_F4_Q3M_C1R_P2,54560400
V1_scalar_F4_Q3M_C1R_P2,53803800
V1_scalar_F4_Q3M_C1R_P2,54160400
V1_scalar_F4_Q3M_C1R_P2,53948900
V1_scalar_F4_Q3M_C1X_P2,46213400
V1_scalar_F4_Q3M_C1X_P2,44010400
V1_scalar_F4_Q3M_C1X_P2,43714000
V1_scalar_F4_Q3M_C1X_P2,44045700
V1_scalar_F4_Q3M_C1X_P2,44149700
V1_scalar_F4_Q3M_C1X_P2,42867400
V1_scalar_F4_Q3M_C1X_P2,43377100
V1_scalar_F4_Q3M_C1X_P2,43327100
V1_scalar_F4_Q3M_C1X_P2,44330100
V1_scalar_F4_Q3M_C1X_P2,43049700
V1_scalar_F4_Q3M_C1X_P2,43923100
V1_scalar_F4_Q3M_C1X_P2,43541300
V1_scalar_F4_Q3M_C1X_P2,44606100
V1_scalar_F4_Q3M_C1X_P2,43780500
V1_scalar_F4_Q3M_C1X_P2,45476200
V1_scalar_F4_Q3M_C1X_P2,44323600
V1_scalar_F4_Q3M_C1X_P2,45572800
V1_scalar_F4_Q3M_C1X_P2,44988900
V1_scalar_F4_Q3M_C1X_P2,45191100
V1_scalar_F4_Q3M_C1X_P2,43955900
V1_scalar_F4_Q3M_C1X_P2,44924300
V1_scalar_F4_Q3M_C1X_P2,45145100
V1_scalar_F4_Q3M_C1X_P2,44981300
V1_scalar_F4_Q3M_C1X_P2,43343200
V1_scalar_F4_Q3M_C1X_P2,45013500
V1_scalar_F4_Q3M_C1X_P2,43457600
V1_scalar_F4_Q3M_C1X_P2,44125100
V1_scalar_F4_Q3M_C1X_P2,43635000
V1_scalar_F4_Q3M_C1X_P2,44250500
V1_scalar_F4_Q3M_C1X_P2,44223800
V1_scalar_F4_Q3M_C1X_P2,45031000
V1_scalar_F4_Q3M_C1X_P2,45185100
V1_scalar_F4_Q3M_C1X_P2,43414400
V1_scalar_F4_Q3M_C1X_P2,46424000
V1_scalar_F4_Q3M_C1X_P2,43499300
V1_scalar_F4_Q3M_C1X_P2,43568800
V1_scalar_F4_Q3M_C1X_P2,45472700
V1_scalar_F4_Q3M_C1X_P2,46169300
V1_scalar_F4_Q3M_C1X_P2,45100100
V1_scalar_F4_Q3M_C1X_P2,45332200
V1_scalar_F4_Q3M_C1X_P2,44763900
V1_scalar_F4_Q3M_C1X_P2,47102800
V1_scalar_F4_Q3M_C1X_P2,46054700
V1_scalar_F4_Q3M_C1X_P2,44498400
V1_scalar_F4_Q3M_C1X_P2,47403900
V1_scalar_F4_Q3M_C2R_P2,45354600
V1_scalar_F4_Q3M_C2R_P2,46674300
V1_scalar_F4_Q3M_C2R_P2,46203900
V1_scalar_F4_Q3M_C2R_P2,45510400
V1_scalar_F4_Q3M_C2R_P2,44284800
V1_scalar_F4_Q3M_C2R_P2,45918700
V1_scalar_F4_Q3M_C2R_P2,45125700
V1_scalar_F4_Q3M_C2R_P2,45243900
V1_scalar_F4_Q3M_C2R_P2,46070300
V1_scalar_F4_Q3M_C2R_P2,46135200
V1_scalar_F4_Q3M_C2R_P2,45429000
V1_scalar_F4_Q3M_C2R_P2,46562700
V1_scalar_F4_Q3M_C2R_P2,45837100
V1_scalar_F4_Q3M_C2R_P2,45613600
V1_scalar_F4_Q3M_C2R_P2,45294100
V1_scalar_F4_Q3M_C2R_P2,45277000
V1_scalar_F4_Q3M_C2R_P2,48562800
V1_scalar_F4_Q3M_C2R_P2,43989000
V1_scalar_F4_Q3M_C2R_P2,45790400
V1_scalar_F4_Q3M_C2R_P2,44279100
V1_scalar_F4_Q3M_C2R_P2,44463100
V1_scalar_F4_Q3M_C2R_P2,43890400
V1_scalar_F4_Q3M_C2R_P2,44888000
V1_scalar_F4_Q3M_C2R_P2,53700400
V1_scalar_F4_Q3M_C2R_P2,45199900
V1_scalar_F4_Q3M_C2R_P2,44810900
V1_scalar_F4_Q3M_C2R_P2,46391200
V1_scalar_F4_Q3M_C2R_P2,44021900
V1_scalar_F4_Q3M_C2R_P2,45510300
V1_scalar_F4_Q3M_C2R_P2,45041800
V1_scalar_F4_Q3M_C2R_P2,46058800
V1_scalar_F4_Q3M_C2R_P2,43774100
V1_scalar_F4_Q3M_C2R_P2,45078700
V1_scalar_F4_Q3M_C2R_P2,45125200
V1_scalar_F4_Q3M_C2R_P2,44925900
V1_scalar_F4_Q3M_C2R_P2,45961700
V1_scalar_F4_Q3M_C2R_P2,45358100
V1_scalar_F4_Q3M_C2R_P2,47332500
V1_scalar_F4_Q3M_C2R_P2,44894500
V1_scalar_F4_Q3M_C2R_P2,45639300
V1_scalar_F4_Q3M_C2R_P2,47631200
V1_scalar_F4_Q3M_C2R_P2,45960500
V1_scalar_F4_Q3M_C2X_P2,39454300
V1_scalar_F4_Q3M_C2X_P2,39478600
V1_scalar_F4_Q3M_C2X_P2,37846900
V1_scalar_F4_Q3M_C2X_P2,38704800
V1_scalar_F4_Q3M_C2X_P2,37941300
V1_scalar_F4_Q3M_C2X_P2,38340500
V1_scalar_F4_Q3M_C2X_P2,38914700
V1_scalar_F4_Q3M_C2X_P2,40662800
V1_scalar_F4_Q3M_C2X_P2,38513300
V1_scalar_F4_Q3M_C2X_P2,38685000
V1_scalar_F4_Q3M_C2X_P2,39103700
V1_scalar_F4_Q3M_C2X_P2,38817000
V1_scalar_F4_Q3M_C2X_P2,38976600
V1_scalar_F4_Q3M_C2X_P2,39669200
V1_scalar_F4_Q3M_C2X_P2,39608500
V1_scalar_F4_Q3M_C2X_P2,40673700
V1_scalar_F4_Q3M_C2X_P2,37682600
V1_scalar_F4_Q3M_C2X_P2,39133300
V1_scalar_F4_Q3M_C2X_P2,38942500
V1_scalar_F4_Q3M_C2X_P2,39723100
V1_scalar_F4_Q3M_C2X_P2,38187800
V1_scalar_F4_Q3M_C2X_P2,38556800
V1_scalar_F4_Q3M_C2X_P2,38715700
V1_scalar_F4_Q3M_C2X_P2,37536500
V1_scalar_F4_Q3M_C2X_P2,39724800
V1_scalar_F4_Q3M_C2X_P2,37311900
V1_scalar_F4_Q3M_C2X_P2,37646700
V1_scalar_F4_Q3M_C2X_P2,39124400
V1_scalar_F4_Q3M_C2X_P2,40309900
V1_scalar_F4_Q3M_C2X_P2,39198200
V1_scalar_F4_Q3M_C2X_P2,38328000
V1_scalar_F4_Q3M_C2X_P2,38836000
V1_scalar_F4_Q3M_C2X_P2,40249600
V1_scalar_F4_Q3M_C2X_P2,38474100
V1_scalar_F4_Q3M_C2X_P2,39697900
V1_scalar_F4_Q3M_C2X_P2,38064300
V1_scalar_F4_Q3M_C2X_P2,40794700
V1_scalar_F4_Q3M_C2X_P2,39275300
V1_scalar_F4_Q3M_C2X_P2,39114200
V1_scalar_F4_Q3M_C2X_P2,38634000
V1_scalar_F4_Q3M_C2X_P2,38213100
V1_scalar_F4_Q3M_C2X_P2,39300600
V1_scalar_F4_Q3M_C2X_P2,38089100
V1_scalar_F4_Q3M_C2X_P2,40071200
V1_scalar_F4_Q3M_C2X_P2,38244200
V1_scalar_F4_Q3M_C2X_P2,39164300
V1_scalar_F4_Q3M_C2X_P2,38486900
V1_scalar_F4_Q3M_C2X_P2,37436200
V1_scalar_F4_Q3M_C2X_P2,39123500
V1_scalar_F4_Q3M_C2X_P2,39975500
V1_scalar_F4_Q3M_C3_P2,35771000
V1_scalar_F4_Q3M_C3_P2,37351300
V1_scalar_F4_Q3M_C3_P2,36564100
V1_scalar_F4_Q3M_C3_P2,36027100
V1_scalar_F4_Q3M_C3_P2,38331500
V1_scalar_F4_Q3M_C3_P2,36865200
V1_scalar_F4_Q3M_C3_P2,37046000
V1_scalar_F4_Q3M_C3_P2,36793700
V1_scalar_F4_Q3M_C3_P2,37717500
V1_scalar_F4_Q3M_C3_P2,37334300
V1_scalar_F4_Q3M_C3_P2,37628100
V1_scalar_F4_Q3M_C3_P2,37997900
V1_scalar_F4_Q3M_C3_P2,35851600
V1_scalar_F4_Q3M_C3_P2,35749900
V1_scalar_F4_Q3M_C3_P2,36338900
V1_scalar_F4_Q3M_C3_P2,36679800
V1_scalar_F4_Q3M_C3_P2,37372300
V1_scalar_F4_Q3M_C3_P2,36535800
V1_scalar_F4_Q3M_C3_P2,36218900
V1_scalar_F4_Q3M_C3_P2,35945100
V1_scalar_F4_Q3M_C3_P2,35873300
V1_scalar_F4_Q3M_C3_P2,36062400
V1_scalar_F4_Q3M_C3_P2,36277800
V1_scalar_F4_Q3M_C3_P2,36633600
V1_scalar_F4_Q3M_C3_P2,37348000
V1_scalar_F4_Q3M_C3_P2,36139400
V1_scalar_F4_Q3M_C3_P2,35716100
V1_scalar_F4_Q3M_C3_P2,35744700
V1_scalar_F4_Q3M_C3_P2,34776700
V1_scalar_F4_Q3M_C3_P2,34606700
V1_scalar_F4_Q3M_C3_P2,35385400
V1_scalar_F4_Q3M_C3_P2,34360100
V1_scalar_F4_Q3M_C3_P2,36111400
V1_scalar_F4_Q3M_C3_P2,36351700
V1_scalar_F4_Q3M_C3_P2,34751100
V1_scalar_F4_Q3M_C3_P2,36001500
V1_scalar_F4_Q3M_C3_P2,35553600
V1_scalar_F4_Q3M_C3_P2,36645300
V1_scalar_F4_Q3M_C3_P2,35921400
V1_scalar_F4_Q3M_C3_P2,35113800
V1_scalar_F4_Q3M_C3_P2,35629300
V1_scalar_F4_Q3M_C3_P2,34422900
V1_scalar_F4_Q3M_C3_P2,34813100
V1_scalar_F4_Q3M_C3_P2,35963900
V1_scalar_F4_Q3M_C3_P2,36051000
V1_scalar_F4_Q3M_C3_P2,35514600
V1_scalar_F4_Q3M_C3_P2,34686100
V1_scalar_F4_Q3M_C3_P2,35988600
V1_scalar_F4_Q3M_C3_P2,36445800
V1_scalar_F4_Q3M_C3_P2,37625100
V1_scalar_F4_Q3M_C3_P2,36704100
V1_scalar_F4_Q3M_C3_P2,36028500
V1_scalar_F4_Q3M_C3_P2,35860200
V1_scalar_F4_Q3M_C4F_P2,34920100
V1_scalar_F4_Q3M_C4F_P2,34656900
V1_scalar_F4_Q3M_C4F_P2,34816100
V1_scalar_F4_Q3M_C4F_P2,35913700
V1_scalar_F4_Q3M_C4F_P2,35546400
V1_scalar_F4_Q3M_C4F_P2,35872600
V1_scalar_F4_Q3M_C4F_P2,35748400
V1_scalar_F4_Q3M_C4F_P2,35470700
V1_scalar_F4_Q3M_C4F_P2,35095800
V1_scalar_F4_Q3M_C4F_P2,34666900
V1_scalar_F4_Q3M_C4F_P2,34512900
V1_scalar_F4_Q3M_C4F_P2,34437900
V1_scalar_F4_Q3M_C4F_P2,34548600
V1_scalar_F4_Q3M_C4F_P2,35807500
V1_scalar_F4_Q3M_C4F_P2,34433200
V1_scalar_F4_Q3M_C4F_P2,37051700
V1_scalar_F4_Q3M_C4F_P2,35605200
V1_scalar_F4_Q3M_C4F_P2,35368200
V1_scalar_F4_Q3M_C4F_P2,35573700
V1_scalar_F4_Q3M_C4F_P2,34742500
V1_scalar_F4_Q3M_C4F_P2,35325300
V1_scalar_F4_Q3M_C4F_P2,34582200
V1_scalar_F4_Q3M_C4F_P2,36162100
V1_scalar_F4_Q3M_C4F_P2,37013800
V1_scalar_F4_Q3M_C4F_P2,34679900
V1_scalar_F4_Q3M_C4F_P2,37057000
V1_scalar_F4_Q3M_C4F_P2,34674800
V1_scalar_F4_Q3M_C4F_P2,34840900
V1_scalar_F4_Q3M_C4F_P2,36359400
V1_scalar_F4_Q3M_C4F_P2,35545000
V1_scalar_F4_Q3M_C4F_P2,35958400
V1_scalar_F4_Q3M_C4F_P2,34916800
V1_scalar_F4_Q3M_C4F_P2,35056100
V1_scalar_F4_Q3M_C4F_P2,35880800
V1_scalar_F4_Q3M_C4F_P2,35687500
V1_scalar_F4_Q3M_C4F_P2,34380300
V1_scalar_F4_Q3M_C4F_P2,36418900
V1_scalar_F4_Q3M_C4F_P2,34687400
V1_scalar_F4_Q3M_C4F_P2,35019400
V1_scalar_F4_Q3M_C4F_P2,36007700
V1_scalar_F4_Q3M_C4F_P2,35192600
V1_scalar_F4_Q3M_C4F_P2,36384100
V1_scalar_F4_Q3M_C4F_P2,36729700
V1_scalar_F4_Q3M_C4F_P2,36757600
V1_scalar_F4_Q3M_C4F_P2,34995200
V1_scalar_F4_Q3M_C4F_P2,35253300
V1_scalar_F4_Q3M_C4F_P2,35276500
V1_scalar_F4_Q3M_C4F_P2,36212600
V1_scalar_F4_Q3M_C4F_P2,34960400
V1_scalar_F4_Q3M_C4F_P2,34472200
V1_scalar_F4_Q3M_C4F_P2,35520500
V1_scalar_F4_Q3M_C4F_P2,34944100
V1_scalar_F4_Q3M_C4F_P2,35120500
V1_scalar_F4_Q3M_C4F_P2,34507800
V1_scalar_F4_Q3M_C4M_P2,36632000
V1_scalar_F4_Q3M_C4M_P2,39151800
V1_scalar_F4_Q3M_C4M_P2,37056800
V1_scalar_F4_Q3M_C4M_P2,36118700
V1_scalar_F4_Q3M_C4M_P2,38569200
V1_scalar_F4_Q3M_C4M_P2,39721200
V1_scalar_F4_Q3M_C4M_P2,37968300
V1_scalar_F4_Q3M_C4M_P2,37314100
V1_scalar_F4_Q3M_C4M_P2,37549300
V1_scalar_F4_Q3M_C4M_P2,37710500
V1_scalar_F4_Q3M_C4M_P2,38671200
V1_scalar_F4_Q3M_C4M_P2,39242200
V1_scalar_F4_Q3M_C4M_P2,39776200
V1_scalar_F4_Q3M_C4M_P2,40601200
V1_scalar_F4_Q3M_C4M_P2,38457000
V1_scalar_F4_Q3M_C4M_P2,37503800
V1_scalar_F4_Q3M_C4M_P2,38536800
V1_scalar_F4_Q3M_C4M_P2,37662800
V1_scalar_F4_Q3M_C4M_P2,37549300
V1_scalar_F4_Q3M_C4M_P2,37907100
V1_scalar_F4_Q3M_C4M_P2,36312900
V1_scalar_F4_Q3M_C4M_P2,36297600
V1_scalar_F4_Q3M_C4M_P2,36512300
V1_scalar_F4_Q3M_C4M_P2,38204800
V1_scalar_F4_Q3M_C4M_P2,37621900
V1_scalar_F4_Q3M_C4M_P2,37054200
V1_scalar_F4_Q3M_C4M_P2,38079300
V1_scalar_F4_Q3M_C4M_P2,37509200
V1_scalar_F4_Q3M_C4M_P2,36741100
V1_scalar_F4_Q3M_C4M_P2,36298400
V1_scalar_F4_Q3M_C4M_P2,36497200
V1_scalar_F4_Q3M_C4M_P2,36251900
V1_scalar_F4_Q3M_C4M_P2,36536900
V1_scalar_F4_Q3M_C4M_P2,36226400
V1_scalar_F4_Q3M_C4M_P2,37306100
V1_scalar_F4_Q3M_C4M_P2,37426000
V1_scalar_F4_Q3M_C4M_P2,37943500
V1_scalar_F4_Q3M_C4M_P2,37277900
V1_scalar_F4_Q3M_C4M_P2,37185800
V1_scalar_F4_Q3M_C4M_P2,37971800
V1_scalar_F4_Q3M_C4M_P2,36540700
V1_scalar_F4_Q3M_C4M_P2,36648500
V1_scalar_F4_Q3M_C4M_P2,37002500
V1_scalar_F4_Q3M_C4M_P2,37363200
V1_scalar_F4_Q3M_C4M_P2,36393200
V1_scalar_F4_Q3M_C4M_P2,36664200
V1_scalar_F4_Q3M_C4M_P2,36664800
V1_scalar_F4_Q3M_C4M_P2,36609100
V1_scalar_F4_Q3M_C4M_P2,37319000
V1_scalar_F4_Q3M_C4M_P2,37472400
V1_scalar_F4_Q3M_C4M_P2,36683200
V1_scalar_F4_Q3M_C5F_P2,43356700
V1_scalar_F4_Q3M_C5F_P2,43223600
V1_scalar_F4_Q3M_C5F_P2,44473300
V1_scalar_F4_Q3M_C5F_P2,46742300
V1_scalar_F4_Q3M_C5F_P2,44226400
V1_scalar_F4_Q3M_C5F_P2,45277400
V1_scalar_F4_Q3M_C5F_P2,43979100
V1_scalar_F4_Q3M_C5F_P2,45513000
V1_scalar_F4_Q3M_C5F_P2,46055100
V1_scalar_F4_Q3M_C5F_P2,45610300
V1_scalar_F4_Q3M_C5F_P2,45324500
V1_scalar_F4_Q3M_C5F_P2,44122300
V1_scalar_F4_Q3M_C5F_P2,45050800
V1_scalar_F4_Q3M_C5F_P2,44600600
V1_scalar_F4_Q3M_C5F_P2,43183200
V1_scalar_F4_Q3M_C5F_P2,43214300
V1_scalar_F4_Q3M_C5F_P2,45480200
V1_scalar_F4_Q3M_C5F_P2,47139600
V1_scalar_F4_Q3M_C5F_P2,45299700
V1_scalar_F4_Q3M_C5F_P2,45475500
V1_scalar_F4_Q3M_C5F_P2,43207000
V1_scalar_F4_Q3M_C5F_P2,44434700
V1_scalar_F4_Q3M_C5F_P2,48779200
V1_scalar_F4_Q3M_C5F_P2,44425500
V1_scalar_F4_Q3M_C5F_P2,43804200
V1_scalar_F4_Q3M_C5F_P2,43704400
V1_scalar_F4_Q3M_C5F_P2,43130800
V1_scalar_F4_Q3M_C5F_P2,43923200
V1_scalar_F4_Q3M_C5F_P2,43439500
V1_scalar_F4_Q3M_C5F_P2,44027900
V1_scalar_F4_Q3M_C5F_P2,44827300
V1_scalar_F4_Q3M_C5F_P2,46369900
V1_scalar_F4_Q3M_C5F_P2,44558300
V1_scalar_F4_Q3M_C5F_P2,44513900
V1_scalar_F4_Q3M_C5F_P2,44225500
V1_scalar_F4_Q3M_C5F_P2,43037000
V1_scalar_F4_Q3M_C5F_P2,44795800
V1_scalar_F4_Q3M_C5F_P2,43293600
V1_scalar_F4_Q3M_C5F_P2,43901800
V1_scalar_F4_Q3M_C5F_P2,43817400
V1_scalar_F4_Q3M_C5F_P2,45452500
V1_scalar_F4_Q3M_C5F_P2,43440900
V1_scalar_F4_Q3M_C5F_P2,44174400
V1_scalar_F4_Q3M_C5F_P2,43387300
V1_scalar_F4_Q3M_C5M_P2,49039300
V1_scalar_F4_Q3M_C5M_P2,51213800
V1_scalar_F4_Q3M_C5M_P2,50478500
V1_scalar_F4_Q3M_C5M_P2,50217400
V1_scalar_F4_Q3M_C5M_P2,50409700
V1_scalar_F4_Q3M_C5M_P2,50469600
V1_scalar_F4_Q3M_C5M_P2,51097700
V1_scalar_F4_Q3M_C5M_P2,51524800
V1_scalar_F4_Q3M_C5M_P2,50694200
V1_scalar_F4_Q3M_C5M_P2,50333700
V1_scalar_F4_Q3M_C5M_P2,50933400
V1_scalar_F4_Q3M_C5M_P2,50262100
V1_scalar_F4_Q3M_C5M_P2,50467200
V1_scalar_F4_Q3M_C5M_P2,50559400
V1_scalar_F4_Q3M_C5M_P2,50326900
V1_scalar_F4_Q3M_C5M_P2,50476100
V1_scalar_F4_Q3M_C5M_P2,50543900
V1_scalar_F4_Q3M_C5M_P2,50186200
V1_scalar_F4_Q3M_C5M_P2,49886800
V1_scalar_F4_Q3M_C5M_P2,50165500
V1_scalar_F4_Q3M_C5M_P2,51432900
V1_scalar_F4_Q3M_C5M_P2,50928600
V1_scalar_F4_Q3M_C5M_P2,51768200
V1_scalar_F4_Q3M_C5M_P2,51676300
V1_scalar_F4_Q3M_C5M_P2,50823000
V1_scalar_F4_Q3M_C5M_P2,49998700
V1_scalar_F4_Q3M_C5M_P2,50128700
V1_scalar_F4_Q3M_C5M_P2,53259000
V1_scalar_F4_Q3M_C5M_P2,49753900
V1_scalar_F4_Q3M_C5M_P2,52134500
V1_scalar_F4_Q3M_C5M_P2,51345800
V1_scalar_F4_Q3M_C5M_P2,56194000
V1_scalar_F4_Q3M_C5M_P2,49934500
V1_scalar_F4_Q3M_C5M_P2,50472600
V1_scalar_F4_Q3M_C5M_P2,49818000
V1_scalar_F4_Q3M_C5M_P2,50457200
V1_scalar_F4_Q3M_C5M_P2,49676300
V1_scalar_F4_Q3M_C5M_P2,50814100
V1_scalar_F4_Q3M_C5M_P2,50836000
V1_scalar_F4_Q4F_C1R_P2,496027200
V1_scalar_F4_Q4F_C1R_P2,491434000
V1_scalar_F4_Q4F_C1R_P2,495897500
V1_scalar_F4_Q4F_C1R_P2,492043400
V1_scalar_F4_Q4F_C1R_P2,494250300
V1_scalar_F4_Q4F_C1X_P2,317498900
V1_scalar_F4_Q4F_C1X_P2,320072100
V1_scalar_F4_Q4F_C1X_P2,317391900
V1_scalar_F4_Q4F_C1X_P2,312819600
V1_scalar_F4_Q4F_C1X_P2,314654000
V1_scalar_F4_Q4F_C1X_P2,316381700
V1_scalar_F4_Q4F_C2R_P2,462537100
V1_scalar_F4_Q4F_C2R_P2,456713300
V1_scalar_F4_Q4F_C2R_P2,455885400
V1_scalar_F4_Q4F_C2R_P2,456747400
V1_scalar_F4_Q4F_C2R_P2,455444000
V1_scalar_F4_Q4F_C2X_P2,307831900
V1_scalar_F4_Q4F_C2X_P2,301136600
V1_scalar_F4_Q4F_C2X_P2,305268100
V1_scalar_F4_Q4F_C2X_P2,308549300
V1_scalar_F4_Q4F_C2X_P2,303526800
V1_scalar_F4_Q4F_C2X_P2,311614200
V1_scalar_F4_Q4F_C3_P2,263492300
V1_scalar_F4_Q4F_C3_P2,264389200
V1_scalar_F4_Q4F_C3_P2,264113900
V1_scalar_F4_Q4F_C3_P2,263250700
V1_scalar_F4_Q4F_C3_P2,263861700
V1_scalar_F4_Q4F_C3_P2,265028300
V1_scalar_F4_Q4F_C3_P2,263629600
V1_scalar_F4_Q4F_C3_P2,268337300
V1_scalar_F4_Q4F_C4F_P2,266360800
V1_scalar_F4_Q4F_C4F_P2,267396500
V1_scalar_F4_Q4F_C4F_P2,272212500
V1_scalar_F4_Q4F_C4F_P2,264472000
V1_scalar_F4_Q4F_C4F_P2,264549100
V1_scalar_F4_Q4F_C4F_P2,266001100
V1_scalar_F4_Q4F_C4F_P2,265268800
V1_scalar_F4_Q4F_C4F_P2,264734900
V1_scalar_F4_Q4F_C4M_P2,275782100
V1_scalar_F4_Q4F_C4M_P2,274337300
V1_scalar_F4_Q4F_C4M_P2,279273300
V1_scalar_F4_Q4F_C4M_P2,273047200
V1_scalar_F4_Q4F_C4M_P2,276704500
V1_scalar_F4_Q4F_C4M_P2,272650900
V1_scalar_F4_Q4F_C4M_P2,275560400
V1_scalar_F4_Q4F_C5F_P2,258635400
V1_scalar_F4_Q4F_C5F_P2,258254900
V1_scalar_F4_Q4F_C5F_P2,263314100
V1_scalar_F4_Q4F_C5F_P2,273354900
V1_scalar_F4_Q4F_C5F_P2,259279000
V1_scalar_F4_Q4F_C5F_P2,264923600
V1_scalar_F4_Q4F_C5F_P2,262170400
V1_scalar_F4_Q4F_C5F_P2,264032900
V1_scalar_F4_Q4F_C5M_P2,284556600
V1_scalar_F4_Q4F_C5M_P2,284432900
V1_scalar_F4_Q4F_C5M_P2,284224100
V1_scalar_F4_Q4F_C5M_P2,286770000
V1_scalar_F4_Q4F_C5M_P2,284938600
V1_scalar_F4_Q4F_C5M_P2,289722200
V1_scalar_F4_Q4F_C5M_P2,287885900
V1_scalar_F4_Q4M_C1R_P2,502930200
V1_scalar_F4_Q4M_C1R_P2,505180500
V1_scalar_F4_Q4M_C1R_P2,505862000
V1_scalar_F4_Q4M_C1R_P2,497630600
V1_scalar_F4_Q4M_C1R_P2,501725800
V1_scalar_F4_Q4M_C1X_P2,326689800
V1_scalar_F4_Q4M_C1X_P2,328251700
V1_scalar_F4_Q4M_C1X_P2,331833100
V1_scalar_F4_Q4M_C1X_P2,333080800
V1_scalar_F4_Q4M_C1X_P2,328992500
V1_scalar_F4_Q4M_C1X_P2,329058100
V1_scalar_F4_Q4M_C2R_P2,468437100
V1_scalar_F4_Q4M_C2R_P2,465710200
V1_scalar_F4_Q4M_C2R_P2,472725300
V1_scalar_F4_Q4M_C2R_P2,473722500
V1_scalar_F4_Q4M_C2R_P2,464043600
V1_scalar_F4_Q4M_C2X_P2,316707100
V1_scalar_F4_Q4M_C2X_P2,313475400
V1_scalar_F4_Q4M_C2X_P2,322429200
V1_scalar_F4_Q4M_C2X_P2,315812000
V1_scalar_F4_Q4M_C2X_P2,313593500
V1_scalar_F4_Q4M_C2X_P2,316093300
V1_scalar_F4_Q4M_C3_P2,272952900
V1_scalar_F4_Q4M_C3_P2,271752300
V1_scalar_F4_Q4M_C3_P2,270176500
V1_scalar_F4_Q4M_C3_P2,270473400
V1_scalar_F4_Q4M_C3_P2,270363400
V1_scalar_F4_Q4M_C3_P2,276297600
V1_scalar_F4_Q4M_C3_P2,271042200
V1_scalar_F4_Q4M_C4F_P2,278510900
V1_scalar_F4_Q4M_C4F_P2,278017200
V1_scalar_F4_Q4M_C4F_P2,277116600
V1_scalar_F4_Q4M_C4F_P2,280126000
V1_scalar_F4_Q4M_C4F_P2,276534200
V1_scalar_F4_Q4M_C4F_P2,279082900
V1_scalar_F4_Q4M_C4F_P2,278058800
V1_scalar_F4_Q4M_C4M_P2,292891400
V1_scalar_F4_Q4M_C4M_P2,287152600
V1_scalar_F4_Q4M_C4M_P2,284819200
V1_scalar_F4_Q4M_C4M_P2,283160200
V1_scalar_F4_Q4M_C4M_P2,286692500
V1_scalar_F4_Q4M_C4M_P2,293738100
V1_scalar_F4_Q4M_C4M_P2,291715000
V1_scalar_F4_Q4M_C5F_P2,269188600
V1_scalar_F4_Q4M_C5F_P2,272985100
V1_scalar_F4_Q4M_C5F_P2,271556900
V1_scalar_F4_Q4M_C5F_P2,265252900
V1_scalar_F4_Q4M_C5F_P2,277213900
V1_scalar_F4_Q4M_C5F_P2,272414900
V1_scalar_F4_Q4M_C5F_P2,264673800
V1_scalar_F4_Q4M_C5M_P2,291741600
V1_scalar_F4_Q4M_C5M_P2,297870600
V1_scalar_F4_Q4M_C5M_P2,296983300
V1_scalar_F4_Q4M_C5M_P2,294328800
V1_scalar_F4_Q4M_C5M_P2,295245800
V1_scalar_F4_Q4M_C5M_P2,293099900
V1_scalar_F4_Q4M_C5M_P2,290657400
V1_scalar_F5F_Q1_C1R_P2,533335400
V1_scalar_F5F_Q1_C1R_P2,548650500
V1_scalar_F5F_Q1_C1R_P2,530472900
V1_scalar_F5F_Q1_C1R_P2,535209300
V1_scalar_F5F_Q1_C1R_P2,549091200
V1_scalar_F5F_Q1_C1X_P2,311431700
V1_scalar_F5F_Q1_C1X_P2,299969300
V1_scalar_F5F_Q1_C1X_P2,300763200
V1_scalar_F5F_Q1_C1X_P2,304977300
V1_scalar_F5F_Q1_C1X_P2,301949700
V1_scalar_F5F_Q1_C1X_P2,300481300
V1_scalar_F5F_Q1_C1X_P2,302776600
V1_scalar_F5F_Q1_C2R_P2,464514900
V1_scalar_F5F_Q1_C2R_P2,456767200
V1_scalar_F5F_Q1_C2R_P2,467488800
V1_scalar_F5F_Q1_C2R_P2,462521400
V1_scalar_F5F_Q1_C2R_P2,461923100
V1_scalar_F5F_Q1_C2X_P2,269792800
V1_scalar_F5F_Q1_C2X_P2,268777300
V1_scalar_F5F_Q1_C2X_P2,272554900
V1_scalar_F5F_Q1_C2X_P2,268205900
V1_scalar_F5F_Q1_C2X_P2,266590900
V1_scalar_F5F_Q1_C2X_P2,265800500
V1_scalar_F5F_Q1_C2X_P2,269925200
V1_scalar_F5F_Q1_C3_P2,217614400
V1_scalar_F5F_Q1_C3_P2,216316300
V1_scalar_F5F_Q1_C3_P2,214118300
V1_scalar_F5F_Q1_C3_P2,214554600
V1_scalar_F5F_Q1_C3_P2,215589100
V1_scalar_F5F_Q1_C3_P2,218120600
V1_scalar_F5F_Q1_C3_P2,215889000
V1_scalar_F5F_Q1_C3_P2,218760400
V1_scalar_F5F_Q1_C3_P2,219743500
V1_scalar_F5F_Q1_C4F_P2,227211700
V1_scalar_F5F_Q1_C4F_P2,225450800
V1_scalar_F5F_Q1_C4F_P2,222957000
V1_scalar_F5F_Q1_C4F_P2,223543900
V1_scalar_F5F_Q1_C4F_P2,230334900
V1_scalar_F5F_Q1_C4F_P2,221020200
V1_scalar_F5F_Q1_C4F_P2,220620100
V1_scalar_F5F_Q1_C4F_P2,221909300
V1_scalar_F5F_Q1_C4F_P2,227275700
V1_scalar_F5F_Q1_C4M_P2,251414500
V1_scalar_F5F_Q1_C4M_P2,250443500
V1_scalar_F5F_Q1_C4M_P2,247531500
V1_scalar_F5F_Q1_C4M_P2,245333400
V1_scalar_F5F_Q1_C4M_P2,243974200
V1_scalar_F5F_Q1_C4M_P2,250271700
V1_scalar_F5F_Q1_C4M_P2,250101800
V1_scalar_F5F_Q1_C4M_P2,247317200
V1_scalar_F5F_Q1_C5F_P2,209492500
V1_scalar_F5F_Q1_C5F_P2,210503000
V1_scalar_F5F_Q1_C5F_P2,209919000
V1_scalar_F5F_Q1_C5F_P2,212258600
V1_scalar_F5F_Q1_C5F_P2,209511700
V1_scalar_F5F_Q1_C5F_P2,208784600
V1_scalar_F5F_Q1_C5F_P2,218209800
V1_scalar_F5F_Q1_C5F_P2,211120500
V1_scalar_F5F_Q1_C5F_P2,207619000
V1_scalar_F5F_Q1_C5F_P2,209789000
V1_scalar_F5F_Q1_C5M_P2,242886300
V1_scalar_F5F_Q1_C5M_P2,243697700
V1_scalar_F5F_Q1_C5M_P2,242732000
V1_scalar_F5F_Q1_C5M_P2,245901100
V1_scalar_F5F_Q1_C5M_P2,247243900
V1_scalar_F5F_Q1_C5M_P2,243314300
V1_scalar_F5F_Q1_C5M_P2,245496800
V1_scalar_F5F_Q1_C5M_P2,250442800
V1_scalar_F5F_Q2R_C1R_P2,855744600
V1_scalar_F5F_Q2R_C1R_P2,864501000
V1_scalar_F5F_Q2R_C1R_P2,848898700
V1_scalar_F5F_Q2R_C1R_P2,853346200
V1_scalar_F5F_Q2R_C1R_P2,863418000
V1_scalar_F5F_Q2R_C1X_P2,600194400
V1_scalar_F5F_Q2R_C1X_P2,607179100
V1_scalar_F5F_Q2R_C1X_P2,601571400
V1_scalar_F5F_Q2R_C1X_P2,606933100
V1_scalar_F5F_Q2R_C1X_P2,604647000
V1_scalar_F5F_Q2R_C2R_P2,766370000
V1_scalar_F5F_Q2R_C2R_P2,786585800
V1_scalar_F5F_Q2R_C2R_P2,772106400
V1_scalar_F5F_Q2R_C2R_P2,779920300
V1_scalar_F5F_Q2R_C2R_P2,775058000
V1_scalar_F5F_Q2R_C2X_P2,569258800
V1_scalar_F5F_Q2R_C2X_P2,582782300
V1_scalar_F5F_Q2R_C2X_P2,572570800
V1_scalar_F5F_Q2R_C2X_P2,575525500
V1_scalar_F5F_Q2R_C2X_P2,567193900
V1_scalar_F5F_Q2R_C3_P2,484282000
V1_scalar_F5F_Q2R_C3_P2,481655300
V1_scalar_F5F_Q2R_C3_P2,480879900
V1_scalar_F5F_Q2R_C3_P2,484988200
V1_scalar_F5F_Q2R_C3_P2,481806800
V1_scalar_F5F_Q2R_C4F_P2,480754600
V1_scalar_F5F_Q2R_C4F_P2,483463000
V1_scalar_F5F_Q2R_C4F_P2,478662900
V1_scalar_F5F_Q2R_C4F_P2,483808500
V1_scalar_F5F_Q2R_C4F_P2,489638200
V1_scalar_F5F_Q2R_C4M_P2,491384800
V1_scalar_F5F_Q2R_C4M_P2,494693200
V1_scalar_F5F_Q2R_C4M_P2,507109600
V1_scalar_F5F_Q2R_C4M_P2,496646000
V1_scalar_F5F_Q2R_C4M_P2,488381800
V1_scalar_F5F_Q2R_C5F_P2,460914900
V1_scalar_F5F_Q2R_C5F_P2,461767700
V1_scalar_F5F_Q2R_C5F_P2,466607100
V1_scalar_F5F_Q2R_C5F_P2,460798000
V1_scalar_F5F_Q2R_C5F_P2,473038900
V1_scalar_F5F_Q2R_C5M_P2,499686300
V1_scalar_F5F_Q2R_C5M_P2,494199900
V1_scalar_F5F_Q2R_C5M_P2,497697300
V1_scalar_F5F_Q2R_C5M_P2,500602500
V1_scalar_F5F_Q2R_C5M_P2,506186500
V1_scalar_F5F_Q2X_C1R_P2,684069800
V1_scalar_F5F_Q2X_C1R_P2,695474000
V1_scalar_F5F_Q2X_C1R_P2,689258900
V1_scalar_F5F_Q2X_C1R_P2,690182100
V1_scalar_F5F_Q2X_C1R_P2,692205100
V1_scalar_F5F_Q2X_C1X_P2,449247200
V1_scalar_F5F_Q2X_C1X_P2,436000000
V1_scalar_F5F_Q2X_C1X_P2,435590500
V1_scalar_F5F_Q2X_C1X_P2,436268200
V1_scalar_F5F_Q2X_C1X_P2,429641400
V1_scalar_F5F_Q2X_C2R_P2,612767400
V1_scalar_F5F_Q2X_C2R_P2,605267600
V1_scalar_F5F_Q2X_C2R_P2,609307400
V1_scalar_F5F_Q2X_C2R_P2,621410600
V1_scalar_F5F_Q2X_C2R_P2,616959800
V1_scalar_F5F_Q2X_C2X_P2,393734300
V1_scalar_F5F_Q2X_C2X_P2,388653400
V1_scalar_F5F_Q2X_C2X_P2,411196700
V1_scalar_F5F_Q2X_C2X_P2,381537100
V1_scalar_F5F_Q2X_C2X_P2,389303400
V1_scalar_F5F_Q2X_C3_P2,324188500
V1_scalar_F5F_Q2X_C3_P2,319109100
V1_scalar_F5F_Q2X_C3_P2,340094600
V1_scalar_F5F_Q2X_C3_P2,315805700
V1_scalar_F5F_Q2X_C3_P2,316828900
V1_scalar_F5F_Q2X_C3_P2,330723800
V1_scalar_F5F_Q2X_C4F_P2,349814800
V1_scalar_F5F_Q2X_C4F_P2,339788300
V1_scalar_F5F_Q2X_C4F_P2,329100700
V1_scalar_F5F_Q2X_C4F_P2,331818200
V1_scalar_F5F_Q2X_C4F_P2,332826100
V1_scalar_F5F_Q2X_C4F_P2,337246000
V1_scalar_F5F_Q2X_C4M_P2,339976700
V1_scalar_F5F_Q2X_C4M_P2,340725100
V1_scalar_F5F_Q2X_C4M_P2,339161700
V1_scalar_F5F_Q2X_C4M_P2,336946300
V1_scalar_F5F_Q2X_C4M_P2,333075800
V1_scalar_F5F_Q2X_C4M_P2,330305000
V1_scalar_F5F_Q2X_C5F_P2,309759900
V1_scalar_F5F_Q2X_C5F_P2,307479500
V1_scalar_F5F_Q2X_C5F_P2,315219100
V1_scalar_F5F_Q2X_C5F_P2,311420000
V1_scalar_F5F_Q2X_C5F_P2,311664200
V1_scalar_F5F_Q2X_C5F_P2,307214700
V1_scalar_F5F_Q2X_C5M_P2,346202800
V1_scalar_F5F_Q2X_C5M_P2,346446300
V1_scalar_F5F_Q2X_C5M_P2,347480300
V1_scalar_F5F_Q2X_C5M_P2,358065600
V1_scalar_F5F_Q2X_C5M_P2,343866000
V1_scalar_F5F_Q2X_C5M_P2,341824700
V1_scalar_F5F_Q3M_C1R_P2,56863400
V1_scalar_F5F_Q3M_C1R_P2,56809000
V1_scalar_F5F_Q3M_C1R_P2,58035100
V1_scalar_F5F_Q3M_C1R_P2,57375600
V1_scalar_F5F_Q3M_C1R_P2,56903600
V1_scalar_F5F_Q3M_C1R_P2,54835100
V1_scalar_F5F_Q3M_C1R_P2,55653600
V1_scalar_F5F_Q3M_C1R_P2,55243900
V1_scalar_F5F_Q3M_C1R_P2,60477700
V1_scalar_F5F_Q3M_C1R_P2,54838100
V1_scalar_F5F_Q3M_C1R_P2,58294400
V1_scalar_F5F_Q3M_C1R_P2,54897000
V1_scalar_F5F_Q3M_C1R_P2,58155900
V1_scalar_F5F_Q3M_C1R_P2,54311400
V1_scalar_F5F_Q3M_C1R_P2,55312900
V1_scalar_F5F_Q3M_C1R_P2,54910800
V1_scalar_F5F_Q3M_C1R_P2,54855300
V1_scalar_F5F_Q3M_C1R_P2,56100700
V1_scalar_F5F_Q3M_C1R_P2,55493200
V1_scalar_F5F_Q3M_C1R_P2,56104100
V1_scalar_F5F_Q3M_C1R_P2,56500400
V1_scalar_F5F_Q3M_C1R_P2,54159200
V1_scalar_F5F_Q3M_C1R_P2,57179700
V1_scalar_F5F_Q3M_C1R_P2,61360100
V1_scalar_F5F_Q3M_C1R_P2,55766600
V1_scalar_F5F_Q3M_C1R_P2,57319300
V1_scalar_F5F_Q3M_C1R_P2,56668200
V1_scalar_F5F_Q3M_C1R_P2,55655300
V1_scalar_F5F_Q3M_C1R_P2,55051500
V1_scalar_F5F_Q3M_C1R_P2,55711000
V1_scalar_F5F_Q3M_C1R_P2,57715600
V1_scalar_F5F_Q3M_C1R_P2,56453000
V1_scalar_F5F_Q3M_C1R_P2,56065400
V1_scalar_F5F_Q3M_C1R_P2,54709600
V1_scalar_F5F_Q3M_C1R_P2,54485600
V1_scalar_F5F_Q3M_C1R_P2,55135600
V1_scalar_F5F_Q3M_C1X_P2,47394200
V1_scalar_F5F_Q3M_C1X_P2,45872700
V1_scalar_F5F_Q3M_C1X_P2,46225000
V1_scalar_F5F_Q3M_C1X_P2,47188900
V1_scalar_F5F_Q3M_C1X_P2,47192700
V1_scalar_F5F_Q3M_C1X_P2,45618700
V1_scalar_F5F_Q3M_C1X_P2,45824100
V1_scalar_F5F_Q3M_C1X_P2,47845500
V1_scalar_F5F_Q3M_C1X_P2,47850600
V1_scalar_F5F_Q3M_C1X_P2,45739900
V1_scalar_F5F_Q3M_C1X_P2,48003800
V1_scalar_F5F_Q3M_C1X_P2,47490600
V1_scalar_F5F_Q3M_C1X_P2,47456500
V1_scalar_F5F_Q3M_C1X_P2,46622900
V1_scalar_F5F_Q3M_C1X_P2,46273300
V1_scalar_F5F_Q3M_C1X_P2,45439500
V1_scalar_F5F_Q3M_C1X_P2,46627400
V1_scalar_F5F_Q3M_C1X_P2,46825500
V1_scalar_F5F_Q3M_C1X_P2,46505000
V1_scalar_F5F_Q3M_C1X_P2,47540200
V1_scalar_F5F_Q3M_C1X_P2,45620400
V1_scalar_F5F_Q3M_C1X_P2,46426800
V1_scalar_F5F_Q3M_C1X_P2,47107500
V1_scalar_F5F_Q3M_C1X_P2,45641300
V1_scalar_F5F_Q3M_C1X_P2,44999900
V1_scalar_F5F_Q3M_C1X_P2,47329000
V1_scalar_F5F_Q3M_C1X_P2,45241500
V1_scalar_F5F_Q3M_C1X_P2,46725900
V1_scalar_F5F_Q3M_C1X_P2,49084300
V1_scalar_F5F_Q3M_C1X_P2,47922200
V1_scalar_F5F_Q3M_C1X_P2,46120900
V1_scalar_F5F_Q3M_C1X_P2,45481800
V1_scalar_F5F_Q3M_C1X_P2,47931600
V1_scalar_F5F_Q3M_C1X_P2,46660200
V1_scalar_F5F_Q3M_C1X_P2,46423400
V1_scalar_F5F_Q3M_C1X_P2,46780400
V1_scalar_F5F_Q3M_C1X_P2,45358700
V1_scalar_F5F_Q3M_C1X_P2,46772300
V1_scalar_F5F_Q3M_C1X_P2,47253900
V1_scalar_F5F_Q3M_C1X_P2,46894100
V1_scalar_F5F_Q3M_C1X_P2,46636000
V1_scalar_F5F_Q3M_C1X_P2,46158600
V1_scalar_F5F_Q3M_C1X_P2,46452900
V1_scalar_F5F_Q3M_C2R_P2,47228600
V1_scalar_F5F_Q3M_C2R_P2,46445400
V1_scalar_F5F_Q3M_C2R_P2,46307400
V1_scalar_F5F_Q3M_C2R_P2,47115500
V1_scalar_F5F_Q3M_C2R_P2,47129500
V1_scalar_F5F_Q3M_C2R_P2,46788400
V1_scalar_F5F_Q3M_C2R_P2,48137100
V1_scalar_F5F_Q3M_C2R_P2,47423500
V1_scalar_F5F_Q3M_C2R_P2,46384100
V1_scalar_F5F_Q3M_C2R_P2,47316800
V1_scalar_F5F_Q3M_C2R_P2,49296600
V1_scalar_F5F_Q3M_C2R_P2,46829200
V1_scalar_F5F_Q3M_C2R_P2,46940700
V1_scalar_F5F_Q3M_C2R_P2,49180300
V1_scalar_F5F_Q3M_C2R_P2,47300300
V1_scalar_F5F_Q3M_C2R_P2,47891900
V1_scalar_F5F_Q3M_C2R_P2,49980100
V1_scalar_F5F_Q3M_C2R_P2,52522800
V1_scalar_F5F_Q3M_C2R_P2,50424000
V1_scalar_F5F_Q3M_C2R_P2,49167600
V1_scalar_F5F_Q3M_C2R_P2,50610800
V1_scalar_F5F_Q3M_C2R_P2,48158500
V1_scalar_F5F_Q3M_C2R_P2,49609600
V1_scalar_F5F_Q3M_C2R_P2,48942000
V1_scalar_F5F_Q3M_C2R_P2,48068000
V1_scalar_F5F_Q3M_C2R_P2,46731600
V1_scalar_F5F_Q3M_C2R_P2,46468500
V1_scalar_F5F_Q3M_C2R_P2,48996300
V1_scalar_F5F_Q3M_C2R_P2,47843900
V1_scalar_F5F_Q3M_C2R_P2,47356200
V1_scalar_F5F_Q3M_C2R_P2,46952300
V1_scalar_F5F_Q3M_C2R_P2,47859500
V1_scalar_F5F_Q3M_C2R_P2,48265300
V1_scalar_F5F_Q3M_C2R_P2,47274300
V1_scalar_F5F_Q3M_C2R_P2,49124600
V1_scalar_F5F_Q3M_C2R_P2,48485700
V1_scalar_F5F_Q3M_C2R_P2,47627000
V1_scalar_F5F_Q3M_C2R_P2,46866100
V1_scalar_F5F_Q3M_C2R_P2,48136600
V1_scalar_F5F_Q3M_C2R_P2,47698600
V1_scalar_F5F_Q3M_C2X_P2,41443000
V1_scalar_F5F_Q3M_C2X_P2,40809600
V1_scalar_F5F_Q3M_C2X_P2,41699000
V1_scalar_F5F_Q3M_C2X_P2,40504000
V1_scalar_F5F_Q3M_C2X_P2,41026600
V1_scalar_F5F_Q3M_C2X_P2,41416100
V1_scalar_F5F_Q3M_C2X_P2,43167800
V1_scalar_F5F_Q3M_C2X_P2,40097300
V1_scalar_F5F_Q3M_C2X_P2,39682600
V1_scalar_F5F_Q3M_C2X_P2,43321100
V1_scalar_F5F_Q3M_C2X_P2,39437400
V1_scalar_F5F_Q3M_C2X_P2,39866600
V1_scalar_F5F_Q3M_C2X_P2,42194800
V1_scalar_F5F_Q3M_C2X_P2,40846500
V1_scalar_F5F_Q3M_C2X_P2,40767100
V1_scalar_F5F_Q3M_C2X_P2,43043100
V1_scalar_F5F_Q3M_C2X_P2,44255400
V1_scalar_F5F_Q3M_C2X_P2,41339700
V1_scalar_F5F_Q3M_C2X_P2,42395700
V1_scalar_F5F_Q3M_C2X_P2,42522600
V1_scalar_F5F_Q3M_C2X_P2,42085900
V1_scalar_F5F_Q3M_C2X_P2,40964800
V1_scalar_F5F_Q3M_C2X_P2,41525700
V1_scalar_F5F_Q3M_C2X_P2,41066900
V1_scalar_F5F_Q3M_C2X_P2,41746500
V1_scalar_F5F_Q3M_C2X_P2,40372300
V1_scalar_F5F_Q3M_C2X_P2,40261600
V1_scalar_F5F_Q3M_C2X_P2,39775900
V1_scalar_F5F_Q3M_C2X_P2,39606800
V1_scalar_F5F_Q3M_C2X_P2,40133700
V1_scalar_F5F_Q3M_C2X_P2,39647500
V1_scalar_F5F_Q3M_C2X_P2,40223100
V1_scalar_F5F_Q3M_C2X_P2,40070000
V1_scalar_F5F_Q3M_C2X_P2,40505700
V1_scalar_F5F_Q3M_C2X_P2,39818300
V1_scalar_F5F_Q3M_C2X_P2,39831200
V1_scalar_F5F_Q3M_C2X_P2,40391800
V1_scalar_F5F_Q3M_C2X_P2,39388800
V1_scalar_F5F_Q3M_C2X_P2,41346900
V1_scalar_F5F_Q3M_C2X_P2,42997000
V1_scalar_F5F_Q3M_C2X_P2,43168300
V1_scalar_F5F_Q3M_C2X_P2,41857600
V1_scalar_F5F_Q3M_C2X_P2,42542800
V1_scalar_F5F_Q3M_C2X_P2,42100300
V1_scalar_F5F_Q3M_C2X_P2,41838000
V1_scalar_F5F_Q3M_C2X_P2,41362700
V1_scalar_F5F_Q3M_C2X_P2,43805900
V1_scalar_F5F_Q3M_C3_P2,39391100
V1_scalar_F5F_Q3M_C3_P2,38403300
V1_scalar_F5F_Q3M_C3_P2,39634600
V1_scalar_F5F_Q3M_C3_P2,40241000
V1_scalar_F5F_Q3M_C3_P2,39548500
V1_scalar_F5F_Q3M_C3_P2,40551700
V1_scalar_F5F_Q3M_C3_P2,39068800
V1_scalar_F5F_Q3M_C3_P2,39222200
V1_scalar_F5F_Q3M_C3_P2,39193000
V1_scalar_F5F_Q3M_C3_P2,39060500
V1_scalar_F5F_Q3M_C3_P2,38392600
V1_scalar_F5F_Q3M_C3_P2,39601600
V1_scalar_F5F_Q3M_C3_P2,38452700
V1_scalar_F5F_Q3M_C3_P2,39335000
V1_scalar_F5F_Q3M_C3_P2,39003000
V1_scalar_F5F_Q3M_C3_P2,39444600
V1_scalar_F5F_Q3M_C3_P2,38267100
V1_scalar_F5F_Q3M_C3_P2,39775500
V1_scalar_F5F_Q3M_C3_P2,40519200
V1_scalar_F5F_Q3M_C3_P2,40575500
V1_scalar_F5F_Q3M_C3_P2,38476100
V1_scalar_F5F_Q3M_C3_P2,38977700
V1_scalar_F5F_Q3M_C3_P2,39313100
V1_scalar_F5F_Q3M_C3_P2,39936700
V1_scalar_F5F_Q3M_C3_P2,39497500
V1_scalar_F5F_Q3M_C3_P2,38367500
V1_scalar_F5F_Q3M_C3_P2,39371400
V1_scalar_F5F_Q3M_C3_P2,38950000
V1_scalar_F5F_Q3M_C3_P2,38596400
V1_scalar_F5F_Q3M_C3_P2,39522900
V1_scalar_F5F_Q3M_C3_P2,38951700
V1_scalar_F5F_Q3M_C3_P2,39114500
V1_scalar_F5F_Q3M_C3_P2,38252600
V1_scalar_F5F_Q3M_C3_P2,38970000
V1_scalar_F5F_Q3M_C3_P2,38558700
V1_scalar_F5F_Q3M_C3_P2,39148700
V1_scalar_F5F_Q3M_C3_P2,38426200
V1_scalar_F5F_Q3M_C3_P2,38141600
V1_scalar_F5F_Q3M_C3_P2,39623100
V1_scalar_F5F_Q3M_C3_P2,39619000
V1_scalar_F5F_Q3M_C3_P2,39308700
V1_scalar_F5F_Q3M_C3_P2,39521800
V1_scalar_F5F_Q3M_C3_P2,48208400
V1_scalar_F5F_Q3M_C3_P2,38619100
V1_scalar_F5F_Q3M_C3_P2,40201900
V1_scalar_F5F_Q3M_C3_P2,39184700
V1_scalar_F5F_Q3M_C3_P2,38404100
V1_scalar_F5F_Q3M_C3_P2,39121500
V1_scalar_F5F_Q3M_C3_P2,39263200
V1_scalar_F5F_Q3M_C4F_P2,36962800
V1_scalar_F5F_Q3M_C4F_P2,37566600
V1_scalar_F5F_Q3M_C4F_P2,37542600
V1_scalar_F5F_Q3M_C4F_P2,37244700
V1_scalar_F5F_Q3M_C4F_P2,38009400
V1_scalar_F5F_Q3M_C4F_P2,36378800
V1_scalar_F5F_Q3M_C4F_P2,37503700
V1_scalar_F5F_Q3M_C4F_P2,37937700
V1_scalar_F5F_Q3M_C4F_P2,37451900
V1_scalar_F5F_Q3M_C4F_P2,36577600
V1_scalar_F5F_Q3M_C4F_P2,37808400
V1_scalar_F5F_Q3M_C4F_P2,37996700
V1_scalar_F5F_Q3M_C4F_P2,36720200
V1_scalar_F5F_Q3M_C4F_P2,37509200
V1_scalar_F5F_Q3M_C4F_P2,36895900
V1_scalar_F5F_Q3M_C4F_P2,36960700
V1_scalar_F5F_Q3M_C4F_P2,36769700
V1_scalar_F5F_Q3M_C4F_P2,36093400
V1_scalar_F5F_Q3M_C4F_P2,37578600
V1_scalar_F5F_Q3M_C4F_P2,37287000
V1_scalar_F5F_Q3M_C4F_P2,36354700
V1_scalar_F5F_Q3M_C4F_P2,37178900
V1_scalar_F5F_Q3M_C4F_P2,38428900
V1_scalar_F5F_Q3M_C4F_P2,36923000
V1_scalar_F5F_Q3M_C4F_P2,38851400
V1_scalar_F5F_Q3M_C4F_P2,37407300
V1_scalar_F5F_Q3M_C4F_P2,36892600
V1_scalar_F5F_Q3M_C4F_P2,37737400
V1_scalar_F5F_Q3M_C4F_P2,36802700
V1_scalar_F5F_Q3M_C4F_P2,38279900
V1_scalar_F5F_Q3M_C4F_P2,36457700
V1_scalar_F5F_Q3M_C4F_P2,37220900
V1_scalar_F5F_Q3M_C4F_P2,37544800
V1_scalar_F5F_Q3M_C4F_P2,36883600
V1_scalar_F5F_Q3M_C4F_P2,36867500
V1_scalar_F5F_Q3M_C4F_P2,36875900
V1_scalar_F5F_Q3M_C4F_P2,36524300
V1_scalar_F5F_Q3M_C4F_P2,37496400
V1_scalar_F5F_Q3M_C4F_P2,37410700
V1_scalar_F5F_Q3M_C4F_P2,37206400
V1_scalar_F5F_Q3M_C4F_P2,36708300
V1_scalar_F5F_Q3M_C4F_P2,39182300
V1_scalar_F5F_Q3M_C4F_P2,37549100
V1_scalar_F5F_Q3M_C4F_P2,37116800
V1_scalar_F5F_Q3M_C4F_P2,37040600
V1_scalar_F5F_Q3M_C4F_P2,36528700
V1_scalar_F5F_Q3M_C4F_P2,37045600
V1_scalar_F5F_Q3M_C4F_P2,37202100
V1_scalar_F5F_Q3M_C4F_P2,37203800
V1_scalar_F5F_Q3M_C4F_P2,36533000
V1_scalar_F5F_Q3M_C4F_P2,37760000
V1_scalar_F5F_Q3M_C4M_P2,39512600
V1_scalar_F5F_Q3M_C4M_P2,39333700
V1_scalar_F5F_Q3M_C4M_P2,39564700
V1_scalar_F5F_Q3M_C4M_P2,41381900
V1_scalar_F5F_Q3M_C4M_P2,38500800
V1_scalar_F5F_Q3M_C4M_P2,38970900
V1_scalar_F5F_Q3M_C4M_P2,40878500
V1_scalar_F5F_Q3M_C4M_P2,39932500
V1_scalar_F5F_Q3M_C4M_P2,40369500
V1_scalar_F5F_Q3M_C4M_P2,42020300
V1_scalar_F5F_Q3M_C4M_P2,39754900
V1_scalar_F5F_Q3M_C4M_P2,39407700
V1_scalar_F5F_Q3M_C4M_P2,38762900
V1_scalar_F5F_Q3M_C4M_P2,38984800
V1_scalar_F5F_Q3M_C4M_P2,39404700
V1_scalar_F5F_Q3M_C4M_P2,39610600
V1_scalar_F5F_Q3M_C4M_P2,38748200
V1_scalar_F5F_Q3M_C4M_P2,38502800
V1_scalar_F5F_Q3M_C4M_P2,38753100
V1_scalar_F5F_Q3M_C4M_P2,39425600
V1_scalar_F5F_Q3M_C4M_P2,40486900
V1_scalar_F5F_Q3M_C4M_P2,38562400
V1_scalar_F5F_Q3M_C4M_P2,39764900
V1_scalar_F5F_Q3M_C4M_P2,38444900
V1_scalar_F5F_Q3M_C4M_P2,39929000
V1_scalar_F5F_Q3M_C4M_P2,40787900
V1_scalar_F5F_Q3M_C4M_P2,39423200
V1_scalar_F5F_Q3M_C4M_P2,38514800
V1_scalar_F5F_Q3M_C4M_P2,39210600
V1_scalar_F5F_Q3M_C4M_P2,38695800
V1_scalar_F5F_Q3M_C4M_P2,39241000
V1_scalar_F5F_Q3M_C4M_P2,38493200
V1_scalar_F5F_Q3M_C4M_P2,40095700
V1_scalar_F5F_Q3M_C4M_P2,39351200
V1_scalar_F5F_Q3M_C4M_P2,39677000
V1_scalar_F5F_Q3M_C4M_P2,39054100
V1_scalar_F5F_Q3M_C4M_P2,38906900
V1_scalar_F5F_Q3M_C4M_P2,40298900
V1_scalar_F5F_Q3M_C4M_P2,38634100
V1_scalar_F5F_Q3M_C4M_P2,38210800
V1_scalar_F5F_Q3M_C4M_P2,39773700
V1_scalar_F5F_Q3M_C4M_P2,38822900
V1_scalar_F5F_Q3M_C4M_P2,39799700
V1_scalar_F5F_Q3M_C4M_P2,38604600
V1_scalar_F5F_Q3M_C4M_P2,38965000
V1_scalar_F5F_Q3M_C4M_P2,40142900
V1_scalar_F5F_Q3M_C4M_P2,40003700
V1_scalar_F5F_Q3M_C4M_P2,39703400
V1_scalar_F5F_Q3M_C4M_P2,39337600
V1_scalar_F5F_Q3M_C5F_P2,44805300
V1_scalar_F5F_Q3M_C5F_P2,47107000
V1_scalar_F5F_Q3M_C5F_P2,43452900
V1_scalar_F5F_Q3M_C5F_P2,43390800
V1_scalar_F5F_Q3M_C5F_P2,49287100
V1_scalar_F5F_Q3M_C5F_P2,43397100
V1_scalar_F5F_Q3M_C5F_P2,43101900
V1_scalar_F5F_Q3M_C5F_P2,43092700
V1_scalar_F5F_Q3M_C5F_P2,44966100
V1_scalar_F5F_Q3M_C5F_P2,48478700
V1_scalar_F5F_Q3M_C5F_P2,47157000
V1_scalar_F5F_Q3M_C5F_P2,48225200
V1_scalar_F5F_Q3M_C5F_P2,47208100
V1_scalar_F5F_Q3M_C5F_P2,50869400
V1_scalar_F5F_Q3M_C5F_P2,45675400
V1_scalar_F5F_Q3M_C5F_P2,44655200
V1_scalar_F5F_Q3M_C5F_P2,42718500
V1_scalar_F5F_Q3M_C5F_P2,46148800
V1_scalar_F5F_Q3M_C5F_P2,44955100
V1_scalar_F5F_Q3M_C5F_P2,44967800
V1_scalar_F5F_Q3M_C5F_P2,42586000
V1_scalar_F5F_Q3M_C5F_P2,42410500
V1_scalar_F5F_Q3M_C5F_P2,42959300
V1_scalar_F5F_Q3M_C5F_P2,45324600
V1_scalar_F5F_Q3M_C5F_P2,45212300
V1_scalar_F5F_Q3M_C5F_P2,46560200
V1_scalar_F5F_Q3M_C5F_P2,46572900
V1_scalar_F5F_Q3M_C5F_P2,45358000
V1_scalar_F5F_Q3M_C5F_P2,44441000
V1_scalar_F5F_Q3M_C5F_P2,44077100
V1_scalar_F5F_Q3M_C5F_P2,43388300
V1_scalar_F5F_Q3M_C5F_P2,43790900
V1_scalar_F5F_Q3M_C5F_P2,44006300
V1_scalar_F5F_Q3M_C5F_P2,44184300
V1_scalar_F5F_Q3M_C5F_P2,44490900
V1_scalar_F5F_Q3M_C5F_P2,43849500
V1_scalar_F5F_Q3M_C5F_P2,46273100
V1_scalar_F5F_Q3M_C5F_P2,46508400
V1_scalar_F5F_Q3M_C5F_P2,42793800
V1_scalar_F5F_Q3M_C5F_P2,46881600
V1_scalar_F5F_Q3M_C5F_P2,43334800
V1_scalar_F5F_Q3M_C5F_P2,42654400
V1_scalar_F5F_Q3M_C5F_P2,44256000
V1_scalar_F5F_Q3M_C5M_P2,52502800
V1_scalar_F5F_Q3M_C5M_P2,52314200
V1_scalar_F5F_Q3M_C5M_P2,51516300
V1_scalar_F5F_Q3M_C5M_P2,52377800
V1_scalar_F5F_Q3M_C5M_P2,51692800
V1_scalar_F5F_Q3M_C5M_P2,50952300
V1_scalar_F5F_Q3M_C5M_P2,51172400
V1_scalar_F5F_Q3M_C5M_P2,51092800
V1_scalar_F5F_Q3M_C5M_P2,51732500
V1_scalar_F5F_Q3M_C5M_P2,54611000
V1_scalar_F5F_Q3M_C5M_P2,51320000
V1_scalar_F5F_Q3M_C5M_P2,52772700
V1_scalar_F5F_Q3M_C5M_P2,53134600
V1_scalar_F5F_Q3M_C5M_P2,52405000
V1_scalar_F5F_Q3M_C5M_P2,52384200
V1_scalar_F5F_Q3M_C5M_P2,54352600
V1_scalar_F5F_Q3M_C5M_P2,53421200
V1_scalar_F5F_Q3M_C5M_P2,53422000
V1_scalar_F5F_Q3M_C5M_P2,52723200
V1_scalar_F5F_Q3M_C5M_P2,52454600
V1_scalar_F5F_Q3M_C5M_P2,53339500
V1_scalar_F5F_Q3M_C5M_P2,53264400
V1_scalar_F5F_Q3M_C5M_P2,53047500
V1_scalar_F5F_Q3M_C5M_P2,52957200
V1_scalar_F5F_Q3M_C5M_P2,52521400
V1_scalar_F5F_Q3M_C5M_P2,52628000
V1_scalar_F5F_Q3M_C5M_P2,54174200
V1_scalar_F5F_Q3M_C5M_P2,53697600
V1_scalar_F5F_Q3M_C5M_P2,50877200
V1_scalar_F5F_Q3M_C5M_P2,53001900
V1_scalar_F5F_Q3M_C5M_P2,53641500
V1_scalar_F5F_Q3M_C5M_P2,53322000
V1_scalar_F5F_Q3M_C5M_P2,52537400
V1_scalar_F5F_Q3M_C5M_P2,52373900
V1_scalar_F5F_Q3M_C5M_P2,52658300
V1_scalar_F5F_Q3M_C5M_P2,53005900
V1_scalar_F5F_Q3M_C5M_P2,52069000
V1_scalar_F5F_Q3M_C5M_P2,53971300
V1_scalar_F5F_Q4F_C1R_P2,560922700
V1_scalar_F5F_Q4F_C1R_P2,553134700
V1_scalar_F5F_Q4F_C1R_P2,552142500
V1_scalar_F5F_Q4F_C1R_P2,554230400
V1_scalar_F5F_Q4F_C1R_P2,549230100
V1_scalar_F5F_Q4F_C1X_P2,314086700
V1_scalar_F5F_Q4F_C1X_P2,313856000
V1_scalar_F5F_Q4F_C1X_P2,318380500
V1_scalar_F5F_Q4F_C1X_P2,314312000
V1_scalar_F5F_Q4F_C1X_P2,314571500
V1_scalar_F5F_Q4F_C1X_P2,315256800
V1_scalar_F5F_Q4F_C2R_P2,476026100
V1_scalar_F5F_Q4F_C2R_P2,475451000
V1_scalar_F5F_Q4F_C2R_P2,476361300
V1_scalar_F5F_Q4F_C2R_P2,489134800
V1_scalar_F5F_Q4F_C2R_P2,474725700
V1_scalar_F5F_Q4F_C2X_P2,286618100
V1_scalar_F5F_Q4F_C2X_P2,284015500
V1_scalar_F5F_Q4F_C2X_P2,284956000
V1_scalar_F5F_Q4F_C2X_P2,291100000
V1_scalar_F5F_Q4F_C2X_P2,286873900
V1_scalar_F5F_Q4F_C2X_P2,284487500
V1_scalar_F5F_Q4F_C2X_P2,289865200
V1_scalar_F5F_Q4F_C3_P2,234020300
V1_scalar_F5F_Q4F_C3_P2,232903900
V1_scalar_F5F_Q4F_C3_P2,230610300
V1_scalar_F5F_Q4F_C3_P2,229021700
V1_scalar_F5F_Q4F_C3_P2,230681600
V1_scalar_F5F_Q4F_C3_P2,230587600
V1_scalar_F5F_Q4F_C3_P2,230967700
V1_scalar_F5F_Q4F_C3_P2,233944400
V1_scalar_F5F_Q4F_C3_P2,241680700
V1_scalar_F5F_Q4F_C4F_P2,239437100
V1_scalar_F5F_Q4F_C4F_P2,243969500
V1_scalar_F5F_Q4F_C4F_P2,240264900
V1_scalar_F5F_Q4F_C4F_P2,239854100
V1_scalar_F5F_Q4F_C4F_P2,238468400
V1_scalar_F5F_Q4F_C4F_P2,234339500
V1_scalar_F5F_Q4F_C4F_P2,240417100
V1_scalar_F5F_Q4F_C4F_P2,235104300
V1_scalar_F5F_Q4F_C4M_P2,257022800
V1_scalar_F5F_Q4F_C4M_P2,255381200
V1_scalar_F5F_Q4F_C4M_P2,253157400
V1_scalar_F5F_Q4F_C4M_P2,255582700
V1_scalar_F5F_Q4F_C4M_P2,256435800
V1_scalar_F5F_Q4F_C4M_P2,256654000
V1_scalar_F5F_Q4F_C4M_P2,256601000
V1_scalar_F5F_Q4F_C4M_P2,251184200
V1_scalar_F5F_Q4F_C5F_P2,233322600
V1_scalar_F5F_Q4F_C5F_P2,226989900
V1_scalar_F5F_Q4F_C5F_P2,226539500
V1_scalar_F5F_Q4F_C5F_P2,225144000
V1_scalar_F5F_Q4F_C5F_P2,229297400
V1_scalar_F5F_Q4F_C5F_P2,238107000
V1_scalar_F5F_Q4F_C5F_P2,234243000
V1_scalar_F5F_Q4F_C5F_P2,234396000
V1_scalar_F5F_Q4F_C5F_P2,232858300
V1_scalar_F5F_Q4F_C5M_P2,265098500
V1_scalar_F5F_Q4F_C5M_P2,263451800
V1_scalar_F5F_Q4F_C5M_P2,262171400
V1_scalar_F5F_Q4F_C5M_P2,261123200
V1_scalar_F5F_Q4F_C5M_P2,265468300
V1_scalar_F5F_Q4F_C5M_P2,260221400
V1_scalar_F5F_Q4F_C5M_P2,262314700
V1_scalar_F5F_Q4F_C5M_P2,261962600
V1_scalar_F5F_Q4M_C1R_P2,564204300
V1_scalar_F5F_Q4M_C1R_P2,574595700
V1_scalar_F5F_Q4M_C1R_P2,561545300
V1_scalar_F5F_Q4M_C1R_P2,561315200
V1_scalar_F5F_Q4M_C1R_P2,570258300
V1_scalar_F5F_Q4M_C1X_P2,329376600
V1_scalar_F5F_Q4M_C1X_P2,329173100
V1_scalar_F5F_Q4M_C1X_P2,339918500
V1_scalar_F5F_Q4M_C1X_P2,333571000
V1_scalar_F5F_Q4M_C1X_P2,331764500
V1_scalar_F5F_Q4M_C1X_P2,332617700
V1_scalar_F5F_Q4M_C2R_P2,495946700
V1_scalar_F5F_Q4M_C2R_P2,499594400
V1_scalar_F5F_Q4M_C2R_P2,496251600
V1_scalar_F5F_Q4M_C2R_P2,488126700
V1_scalar_F5F_Q4M_C2R_P2,487607300
V1_scalar_F5F_Q4M_C2X_P2,305801900
V1_scalar_F5F_Q4M_C2X_P2,305406500
V1_scalar_F5F_Q4M_C2X_P2,305580500
V1_scalar_F5F_Q4M_C2X_P2,301102400
V1_scalar_F5F_Q4M_C2X_P2,295093100
V1_scalar_F5F_Q4M_C2X_P2,301122000
V1_scalar_F5F_Q4M_C2X_P2,303853400
V1_scalar_F5F_Q4M_C3_P2,252452800
V1_scalar_F5F_Q4M_C3_P2,253758900
V1_scalar_F5F_Q4M_C3_P2,256712200
V1_scalar_F5F_Q4M_C3_P2,254718600
V1_scalar_F5F_Q4M_C3_P2,249840400
V1_scalar_F5F_Q4M_C3_P2,256789500
V1_scalar_F5F_Q4M_C3_P2,256131700
V1_scalar_F5F_Q4M_C3_P2,254527100
V1_scalar_F5F_Q4M_C4F_P2,251569500
V1_scalar_F5F_Q4M_C4F_P2,252179500
V1_scalar_F5F_Q4M_C4F_P2,251525400
V1_scalar_F5F_Q4M_C4F_P2,249282600
V1_scalar_F5F_Q4M_C4F_P2,260272600
V1_scalar_F5F_Q4M_C4F_P2,251842300
V1_scalar_F5F_Q4M_C4F_P2,251897500
V1_scalar_F5F_Q4M_C4F_P2,249074500
V1_scalar_F5F_Q4M_C4M_P2,270280800
V1_scalar_F5F_Q4M_C4M_P2,262944000
V1_scalar_F5F_Q4M_C4M_P2,265997600
V1_scalar_F5F_Q4M_C4M_P2,264903400
V1_scalar_F5F_Q4M_C4M_P2,265646500
V1_scalar_F5F_Q4M_C4M_P2,270816500
V1_scalar_F5F_Q4M_C4M_P2,264563600
V1_scalar_F5F_Q4M_C5F_P2,234055400
V1_scalar_F5F_Q4M_C5F_P2,232150500
V1_scalar_F5F_Q4M_C5F_P2,234422700
V1_scalar_F5F_Q4M_C5F_P2,230888300
V1_scalar_F5F_Q4M_C5F_P2,232009100
V1_scalar_F5F_Q4M_C5F_P2,236484800
V1_scalar_F5F_Q4M_C5F_P2,231667200
V1_scalar_F5F_Q4M_C5F_P2,233659900
V1_scalar_F5F_Q4M_C5F_P2,233145000
V1_scalar_F5F_Q4M_C5M_P2,274872600
V1_scalar_F5F_Q4M_C5M_P2,270306200
V1_scalar_F5F_Q4M_C5M_P2,272229500
V1_scalar_F5F_Q4M_C5M_P2,272262100
V1_scalar_F5F_Q4M_C5M_P2,266998900
V1_scalar_F5F_Q4M_C5M_P2,270509500
V1_scalar_F5F_Q4M_C5M_P2,275938000
V1_scalar_F5M_Q1_C1R_P2,640806200
V1_scalar_F5M_Q1_C1R_P2,640459900
V1_scalar_F5M_Q1_C1R_P2,641202800
V1_scalar_F5M_Q1_C1R_P2,638049800
V1_scalar_F5M_Q1_C1R_P2,636860400
V1_scalar_F5M_Q1_C1X_P2,427728800
V1_scalar_F5M_Q1_C1X_P2,418522000
V1_scalar_F5M_Q1_C1X_P2,415635300
V1_scalar_F5M_Q1_C1X_P2,417101100
V1_scalar_F5M_Q1_C1X_P2,424124500
V1_scalar_F5M_Q1_C2R_P2,566613700
V1_scalar_F5M_Q1_C2R_P2,565705300
V1_scalar_F5M_Q1_C2R_P2,570891400
V1_scalar_F5M_Q1_C2R_P2,565349000
V1_scalar_F5M_Q1_C2R_P2,573676400
V1_scalar_F5M_Q1_C2X_P2,377004300
V1_scalar_F5M_Q1_C2X_P2,377391100
V1_scalar_F5M_Q1_C2X_P2,383588100
V1_scalar_F5M_Q1_C2X_P2,375618400
V1_scalar_F5M_Q1_C2X_P2,375165100
V1_scalar_F5M_Q1_C3_P2,326585700
V1_scalar_F5M_Q1_C3_P2,329013300
V1_scalar_F5M_Q1_C3_P2,335811000
V1_scalar_F5M_Q1_C3_P2,332140400
V1_scalar_F5M_Q1_C3_P2,334697300
V1_scalar_F5M_Q1_C3_P2,327637600
V1_scalar_F5M_Q1_C4F_P2,327738700
V1_scalar_F5M_Q1_C4F_P2,331857100
V1_scalar_F5M_Q1_C4F_P2,330544100
V1_scalar_F5M_Q1_C4F_P2,330454000
V1_scalar_F5M_Q1_C4F_P2,327465200
V1_scalar_F5M_Q1_C4F_P2,331142500
V1_scalar_F5M_Q1_C4M_P2,336924400
V1_scalar_F5M_Q1_C4M_P2,341581800
V1_scalar_F5M_Q1_C4M_P2,336014400
V1_scalar_F5M_Q1_C4M_P2,335586000
V1_scalar_F5M_Q1_C4M_P2,339036500
V1_scalar_F5M_Q1_C4M_P2,339074900
V1_scalar_F5M_Q1_C5F_P2,303390600
V1_scalar_F5M_Q1_C5F_P2,306578900
V1_scalar_F5M_Q1_C5F_P2,306396200
V1_scalar_F5M_Q1_C5F_P2,310254900
V1_scalar_F5M_Q1_C5F_P2,308209800
V1_scalar_F5M_Q1_C5F_P2,305022700
V1_scalar_F5M_Q1_C5F_P2,306759600
V1_scalar_F5M_Q1_C5M_P2,339869900
V1_scalar_F5M_Q1_C5M_P2,340200900
V1_scalar_F5M_Q1_C5M_P2,344355200
V1_scalar_F5M_Q1_C5M_P2,341912200
V1_scalar_F5M_Q1_C5M_P2,341989900
V1_scalar_F5M_Q1_C5M_P2,341275900
V1_scalar_F5M_Q2R_C1R_P2,965771000
V1_scalar_F5M_Q2R_C1R_P2,971517200
V1_scalar_F5M_Q2R_C1R_P2,966270300
V1_scalar_F5M_Q2R_C1R_P2,966084400
V1_scalar_F5M_Q2R_C1R_P2,979009900
V1_scalar_F5M_Q2R_C1X_P2,754087700
V1_scalar_F5M_Q2R_C1X_P2,724822100
V1_scalar_F5M_Q2R_C1X_P2,717636000
V1_scalar_F5M_Q2R_C1X_P2,724763400
V1_scalar_F5M_Q2R_C1X_P2,721043400
V1_scalar_F5M_Q2R_C2R_P2,875180700
V1_scalar_F5M_Q2R_C2R_P2,875795200
V1_scalar_F5M_Q2R_C2R_P2,868194300
V1_scalar_F5M_Q2R_C2R_P2,878983200
V1_scalar_F5M_Q2R_C2R_P2,874101700
V1_scalar_F5M_Q2R_C2X_P2,694776800
V1_scalar_F5M_Q2R_C2X_P2,684608400
V1_scalar_F5M_Q2R_C2X_P2,696267900
V1_scalar_F5M_Q2R_C2X_P2,690859500
V1_scalar_F5M_Q2R_C2X_P2,680674700
V1_scalar_F5M_Q2R_C3_P2,598068700
V1_scalar_F5M_Q2R_C3_P2,598698300
V1_scalar_F5M_Q2R_C3_P2,596813500
V1_scalar_F5M_Q2R_C3_P2,605067600
V1_scalar_F5M_Q2R_C3_P2,593767400
V1_scalar_F5M_Q2R_C4F_P2,595546500
V1_scalar_F5M_Q2R_C4F_P2,598258300
V1_scalar_F5M_Q2R_C4F_P2,606876700
V1_scalar_F5M_Q2R_C4F_P2,600445200
V1_scalar_F5M_Q2R_C4F_P2,606093400
V1_scalar_F5M_Q2R_C4M_P2,608637200
V1_scalar_F5M_Q2R_C4M_P2,612419100
V1_scalar_F5M_Q2R_C4M_P2,610293000
V1_scalar_F5M_Q2R_C4M_P2,602738000
V1_scalar_F5M_Q2R_C4M_P2,608540900
V1_scalar_F5M_Q2R_C5F_P2,568768100
V1_scalar_F5M_Q2R_C5F_P2,571774000
V1_scalar_F5M_Q2R_C5F_P2,571066900
V1_scalar_F5M_Q2R_C5F_P2,577360700
V1_scalar_F5M_Q2R_C5F_P2,573559000
V1_scalar_F5M_Q2R_C5M_P2,602149000
V1_scalar_F5M_Q2R_C5M_P2,602152500
V1_scalar_F5M_Q2R_C5M_P2,601495300
V1_scalar_F5M_Q2R_C5M_P2,602228900
V1_scalar_F5M_Q2R_C5M_P2,601440300
V1_scalar_F5M_Q2X_C1R_P2,792061200
V1_scalar_F5M_Q2X_C1R_P2,812645400
V1_scalar_F5M_Q2X_C1R_P2,801654700
V1_scalar_F5M_Q2X_C1R_P2,799508700
V1_scalar_F5M_Q2X_C1R_P2,803964900
V1_scalar_F5M_Q2X_C1X_P2,558439000
V1_scalar_F5M_Q2X_C1X_P2,545305100
V1_scalar_F5M_Q2X_C1X_P2,549231700
V1_scalar_F5M_Q2X_C1X_P2,557980800
V1_scalar_F5M_Q2X_C1X_P2,538817700
V1_scalar_F5M_Q2X_C2R_P2,699737900
V1_scalar_F5M_Q2X_C2R_P2,701723000
V1_scalar_F5M_Q2X_C2R_P2,706870000
V1_scalar_F5M_Q2X_C2R_P2,707805300
V1_scalar_F5M_Q2X_C2R_P2,699049200
V1_scalar_F5M_Q2X_C2X_P2,497853600
V1_scalar_F5M_Q2X_C2X_P2,522349500
V1_scalar_F5M_Q2X_C2X_P2,507824000
V1_scalar_F5M_Q2X_C2X_P2,507015400
V1_scalar_F5M_Q2X_C2X_P2,509339500
V1_scalar_F5M_Q2X_C3_P2,434252100
V1_scalar_F5M_Q2X_C3_P2,445654000
V1_scalar_F5M_Q2X_C3_P2,436604500
V1_scalar_F5M_Q2X_C3_P2,429925100
V1_scalar_F5M_Q2X_C3_P2,426024300
V1_scalar_F5M_Q2X_C4F_P2,441323000
V1_scalar_F5M_Q2X_C4F_P2,433776800
V1_scalar_F5M_Q2X_C4F_P2,439295600
V1_scalar_F5M_Q2X_C4F_P2,436469700
V1_scalar_F5M_Q2X_C4F_P2,444775200
V1_scalar_F5M_Q2X_C4M_P2,477136500
V1_scalar_F5M_Q2X_C4M_P2,450270600
V1_scalar_F5M_Q2X_C4M_P2,446893600
V1_scalar_F5M_Q2X_C4M_P2,451345200
V1_scalar_F5M_Q2X_C4M_P2,448492800
V1_scalar_F5M_Q2X_C5F_P2,414883800
V1_scalar_F5M_Q2X_C5F_P2,411656800
V1_scalar_F5M_Q2X_C5F_P2,418461400
V1_scalar_F5M_Q2X_C5F_P2,413959300
V1_scalar_F5M_Q2X_C5F_P2,413011400
V1_scalar_F5M_Q2X_C5M_P2,443762000
V1_scalar_F5M_Q2X_C5M_P2,442269600
V1_scalar_F5M_Q2X_C5M_P2,439274700
V1_scalar_F5M_Q2X_C5M_P2,442342900
V1_scalar_F5M_Q2X_C5M_P2,431266600
V1_scalar_F5M_Q3M_C1R_P2,105339300
V1_scalar_F5M_Q3M_C1R_P2,105645000
V1_scalar_F5M_Q3M_C1R_P2,105703000
V1_scalar_F5M_Q3M_C1R_P2,116104000
V1_scalar_F5M_Q3M_C1R_P2,105919500
V1_scalar_F5M_Q3M_C1R_P2,105412300
V1_scalar_F5M_Q3M_C1R_P2,108163600
V1_scalar_F5M_Q3M_C1R_P2,107835400
V1_scalar_F5M_Q3M_C1R_P2,106881300
V1_scalar_F5M_Q3M_C1R_P2,108733800
V1_scalar_F5M_Q3M_C1R_P2,107074700
V1_scalar_F5M_Q3M_C1R_P2,106385200
V1_scalar_F5M_Q3M_C1R_P2,107644400
V1_scalar_F5M_Q3M_C1R_P2,106322600
V1_scalar_F5M_Q3M_C1R_P2,106773800
V1_scalar_F5M_Q3M_C1R_P2,103623300
V1_scalar_F5M_Q3M_C1R_P2,106042400
V1_scalar_F5M_Q3M_C1R_P2,105888900
V1_scalar_F5M_Q3M_C1R_P2,104981400
V1_scalar_F5M_Q3M_C1R_P2,103748400
V1_scalar_F5M_Q3M_C1X_P2,97047600
V1_scalar_F5M_Q3M_C1X_P2,96059200
V1_scalar_F5M_Q3M_C1X_P2,99458400
V1_scalar_F5M_Q3M_C1X_P2,96005400
V1_scalar_F5M_Q3M_C1X_P2,94778300
V1_scalar_F5M_Q3M_C1X_P2,94840000
V1_scalar_F5M_Q3M_C1X_P2,96985800
V1_scalar_F5M_Q3M_C1X_P2,96103900
V1_scalar_F5M_Q3M_C1X_P2,98572800
V1_scalar_F5M_Q3M_C1X_P2,98087800
V1_scalar_F5M_Q3M_C1X_P2,98250600
V1_scalar_F5M_Q3M_C1X_P2,97865100
V1_scalar_F5M_Q3M_C1X_P2,99103500
V1_scalar_F5M_Q3M_C1X_P2,98192200
V1_scalar_F5M_Q3M_C1X_P2,101493300
V1_scalar_F5M_Q3M_C1X_P2,96019800
V1_scalar_F5M_Q3M_C1X_P2,95346400
V1_scalar_F5M_Q3M_C1X_P2,94758000
V1_scalar_F5M_Q3M_C1X_P2,95676900
V1_scalar_F5M_Q3M_C1X_P2,95069600
V1_scalar_F5M_Q3M_C1X_P2,96412000
V1_scalar_F5M_Q3M_C2R_P2,96480900
V1_scalar_F5M_Q3M_C2R_P2,95713200
V1_scalar_F5M_Q3M_C2R_P2,96290400
V1_scalar_F5M_Q3M_C2R_P2,95261400
V1_scalar_F5M_Q3M_C2R_P2,94419600
V1_scalar_F5M_Q3M_C2R_P2,94986600
V1_scalar_F5M_Q3M_C2R_P2,96062300
V1_scalar_F5M_Q3M_C2R_P2,95772400
V1_scalar_F5M_Q3M_C2R_P2,94522100
V1_scalar_F5M_Q3M_C2R_P2,97874900
V1_scalar_F5M_Q3M_C2R_P2,94871300
V1_scalar_F5M_Q3M_C2R_P2,94950000
V1_scalar_F5M_Q3M_C2R_P2,99477400
V1_scalar_F5M_Q3M_C2R_P2,99090800
V1_scalar_F5M_Q3M_C2R_P2,98021400
V1_scalar_F5M_Q3M_C2R_P2,95741700
V1_scalar_F5M_Q3M_C2R_P2,96333300
V1_scalar_F5M_Q3M_C2R_P2,98358800
V1_scalar_F5M_Q3M_C2R_P2,96847300
V1_scalar_F5M_Q3M_C2R_P2,94620600
V1_scalar_F5M_Q3M_C2R_P2,95154000
V1_scalar_F5M_Q3M_C2R_P2,95688600
V1_scalar_F5M_Q3M_C2X_P2,91413000
V1_scalar_F5M_Q3M_C2X_P2,91141100
V1_scalar_F5M_Q3M_C2X_P2,91658800
V1_scalar_F5M_Q3M_C2X_P2,91931500
V1_scalar_F5M_Q3M_C2X_P2,91959800
V1_scalar_F5M_Q3M_C2X_P2,92476000
V1_scalar_F5M_Q3M_C2X_P2,91729400
V1_scalar_F5M_Q3M_C2X_P2,90873300
V1_scalar_F5M_Q3M_C2X_P2,89493000
V1_scalar_F5M_Q3M_C2X_P2,91954500
V1_scalar_F5M_Q3M_C2X_P2,91710900
V1_scalar_F5M_Q3M_C2X_P2,92089200
V1_scalar_F5M_Q3M_C2X_P2,92481100
V1_scalar_F5M_Q3M_C2X_P2,91551300
V1_scalar_F5M_Q3M_C2X_P2,91683700
V1_scalar_F5M_Q3M_C2X_P2,92622300
V1_scalar_F5M_Q3M_C2X_P2,92161000
V1_scalar_F5M_Q3M_C2X_P2,92879700
V1_scalar_F5M_Q3M_C2X_P2,90916600
V1_scalar_F5M_Q3M_C2X_P2,91670700
V1_scalar_F5M_Q3M_C2X_P2,90249400
V1_scalar_F5M_Q3M_C2X_P2,89714800
V1_scalar_F5M_Q3M_C3_P2,87198900
V1_scalar_F5M_Q3M_C3_P2,87522300
V1_scalar_F5M_Q3M_C3_P2,88034100
V1_scalar_F5M_Q3M_C3_P2,88834500
V1_scalar_F5M_Q3M_C3_P2,87054900
V1_scalar_F5M_Q3M_C3_P2,86085200
V1_scalar_F5M_Q3M_C3_P2,85729500
V1_scalar_F5M_Q3M_C3_P2,86118300
V1_scalar_F5M_Q3M_C3_P2,87696800
V1_scalar_F5M_Q3M_C3_P2,86316500
V1_scalar_F5M_Q3M_C3_P2,85991900
V1_scalar_F5M_Q3M_C3_P2,86475200
V1_scalar_F5M_Q3M_C3_P2,89523200
V1_scalar_F5M_Q3M_C3_P2,87254300
V1_scalar_F5M_Q3M_C3_P2,85469400
V1_scalar_F5M_Q3M_C3_P2,86037100
V1_scalar_F5M_Q3M_C3_P2,86568700
V1_scalar_F5M_Q3M_C3_P2,86281200
V1_scalar_F5M_Q3M_C3_P2,86716100
V1_scalar_F5M_Q3M_C3_P2,86020700
V1_scalar_F5M_Q3M_C3_P2,84876300
V1_scalar_F5M_Q3M_C3_P2,85946900
V1_scalar_F5M_Q3M_C3_P2,86500400
V1_scalar_F5M_Q3M_C4F_P2,87435600
V1_scalar_F5M_Q3M_C4F_P2,86604300
V1_scalar_F5M_Q3M_C4F_P2,88684600
V1_scalar_F5M_Q3M_C4F_P2,87982000
V1_scalar_F5M_Q3M_C4F_P2,87915700
V1_scalar_F5M_Q3M_C4F_P2,87556400
V1_scalar_F5M_Q3M_C4F_P2,88462100
V1_scalar_F5M_Q3M_C4F_P2,88297400
V1_scalar_F5M_Q3M_C4F_P2,87562800
V1_scalar_F5M_Q3M_C4F_P2,88320200
V1_scalar_F5M_Q3M_C4F_P2,88756200
V1_scalar_F5M_Q3M_C4F_P2,90046600
V1_scalar_F5M_Q3M_C4F_P2,88840000
V1_scalar_F5M_Q3M_C4F_P2,88346300
V1_scalar_F5M_Q3M_C4F_P2,88580700
V1_scalar_F5M_Q3M_C4F_P2,88027400
V1_scalar_F5M_Q3M_C4F_P2,86894800
V1_scalar_F5M_Q3M_C4F_P2,88210300
V1_scalar_F5M_Q3M_C4F_P2,87133400
V1_scalar_F5M_Q3M_C4F_P2,88827500
V1_scalar_F5M_Q3M_C4F_P2,90704400
V1_scalar_F5M_Q3M_C4F_P2,87633900
V1_scalar_F5M_Q3M_C4F_P2,87076100
V1_scalar_F5M_Q3M_C4M_P2,87987300
V1_scalar_F5M_Q3M_C4M_P2,88198000
V1_scalar_F5M_Q3M_C4M_P2,89503400
V1_scalar_F5M_Q3M_C4M_P2,87500300
V1_scalar_F5M_Q3M_C4M_P2,86544000
V1_scalar_F5M_Q3M_C4M_P2,88005600
V1_scalar_F5M_Q3M_C4M_P2,88292300
V1_scalar_F5M_Q3M_C4M_P2,89325300
V1_scalar_F5M_Q3M_C4M_P2,89850800
V1_scalar_F5M_Q3M_C4M_P2,88684600
V1_scalar_F5M_Q3M_C4M_P2,90622100
V1_scalar_F5M_Q3M_C4M_P2,89578100
V1_scalar_F5M_Q3M_C4M_P2,88949000
V1_scalar_F5M_Q3M_C4M_P2,88315800
V1_scalar_F5M_Q3M_C4M_P2,88807900
V1_scalar_F5M_Q3M_C4M_P2,88186900
V1_scalar_F5M_Q3M_C4M_P2,88413900
V1_scalar_F5M_Q3M_C4M_P2,88046500
V1_scalar_F5M_Q3M_C4M_P2,88772300
V1_scalar_F5M_Q3M_C4M_P2,89536300
V1_scalar_F5M_Q3M_C4M_P2,88736700
V1_scalar_F5M_Q3M_C4M_P2,86130800
V1_scalar_F5M_Q3M_C4M_P2,86476800
V1_scalar_F5M_Q3M_C5F_P2,92531800
V1_scalar_F5M_Q3M_C5F_P2,95078900
V1_scalar_F5M_Q3M_C5F_P2,92766500
V1_scalar_F5M_Q3M_C5F_P2,93463700
V1_scalar_F5M_Q3M_C5F_P2,93391300
V1_scalar_F5M_Q3M_C5F_P2,94180300
V1_scalar_F5M_Q3M_C5F_P2,92514400
V1_scalar_F5M_Q3M_C5F_P2,97741700
V1_scalar_F5M_Q3M_C5F_P2,99094100
V1_scalar_F5M_Q3M_C5F_P2,93887300
V1_scalar_F5M_Q3M_C5F_P2,94914700
V1_scalar_F5M_Q3M_C5F_P2,92992800
V1_scalar_F5M_Q3M_C5F_P2,92126900
V1_scalar_F5M_Q3M_C5F_P2,94251300
V1_scalar_F5M_Q3M_C5F_P2,95875200
V1_scalar_F5M_Q3M_C5F_P2,93548400
V1_scalar_F5M_Q3M_C5F_P2,94474900
V1_scalar_F5M_Q3M_C5F_P2,93845100
V1_scalar_F5M_Q3M_C5F_P2,92329700
V1_scalar_F5M_Q3M_C5F_P2,92939600
V1_scalar_F5M_Q3M_C5F_P2,93587100
V1_scalar_F5M_Q3M_C5M_P2,100358500
V1_scalar_F5M_Q3M_C5M_P2,100918200
V1_scalar_F5M_Q3M_C5M_P2,100025900
V1_scalar_F5M_Q3M_C5M_P2,100351700
V1_scalar_F5M_Q3M_C5M_P2,98975900
V1_scalar_F5M_Q3M_C5M_P2,100787100
V1_scalar_F5M_Q3M_C5M_P2,99116800
V1_scalar_F5M_Q3M_C5M_P2,100258200
V1_scalar_F5M_Q3M_C5M_P2,101624100
V1_scalar_F5M_Q3M_C5M_P2,111359900
V1_scalar_F5M_Q3M_C5M_P2,108418100
V1_scalar_F5M_Q3M_C5M_P2,98732100
V1_scalar_F5M_Q3M_C5M_P2,100332500
V1_scalar_F5M_Q3M_C5M_P2,98880200
V1_scalar_F5M_Q3M_C5M_P2,99068800
V1_scalar_F5M_Q3M_C5M_P2,99736500
V1_scalar_F5M_Q3M_C5M_P2,100382800
V1_scalar_F5M_Q3M_C5M_P2,100503600
V1_scalar_F5M_Q3M_C5M_P2,99265100
V1_scalar_F5M_Q3M_C5M_P2,102680500
V1_scalar_F5M_Q3M_C5M_P2,101730400
V1_scalar_F5M_Q4F_C1R_P2,660781500
V1_scalar_F5M_Q4F_C1R_P2,652185800
V1_scalar_F5M_Q4F_C1R_P2,656568900
V1_scalar_F5M_Q4F_C1R_P2,654230600
V1_scalar_F5M_Q4F_C1R_P2,664813100
V1_scalar_F5M_Q4F_C1X_P2,431835300
V1_scalar_F5M_Q4F_C1X_P2,427748300
V1_scalar_F5M_Q4F_C1X_P2,436885400
V1_scalar_F5M_Q4F_C1X_P2,436943100
V1_scalar_F5M_Q4F_C1X_P2,429572800
V1_scalar_F5M_Q4F_C2R_P2,581730900
V1_scalar_F5M_Q4F_C2R_P2,574766300
V1_scalar_F5M_Q4F_C2R_P2,587269300
V1_scalar_F5M_Q4F_C2R_P2,576451900
V1_scalar_F5M_Q4F_C2R_P2,577268500
V1_scalar_F5M_Q4F_C2X_P2,390153200
V1_scalar_F5M_Q4F_C2X_P2,381855400
V1_scalar_F5M_Q4F_C2X_P2,381701200
V1_scalar_F5M_Q4F_C2X_P2,387876000
V1_scalar_F5M_Q4F_C2X_P2,389317900
V1_scalar_F5M_Q4F_C3_P2,340259500
V1_scalar_F5M_Q4F_C3_P2,338552400
V1_scalar_F5M_Q4F_C3_P2,336673100
V1_scalar_F5M_Q4F_C3_P2,336645700
V1_scalar_F5M_Q4F_C3_P2,338586200
V1_scalar_F5M_Q4F_C3_P2,340658600
V1_scalar_F5M_Q4F_C4F_P2,344726200
V1_scalar_F5M_Q4F_C4F_P2,343816400
V1_scalar_F5M_Q4F_C4F_P2,338815300
V1_scalar_F5M_Q4F_C4F_P2,340010700
V1_scalar_F5M_Q4F_C4F_P2,339851500
V1_scalar_F5M_Q4F_C4F_P2,340108100
V1_scalar_F5M_Q4F_C4M_P2,358876700
V1_scalar_F5M_Q4F_C4M_P2,359780900
V1_scalar_F5M_Q4F_C4M_P2,355600600
V1_scalar_F5M_Q4F_C4M_P2,354258500
V1_scalar_F5M_Q4F_C4M_P2,354502200
V1_scalar_F5M_Q4F_C4M_P2,362179900
V1_scalar_F5M_Q4F_C5F_P2,322267500
V1_scalar_F5M_Q4F_C5F_P2,326281200
V1_scalar_F5M_Q4F_C5F_P2,323149500
V1_scalar_F5M_Q4F_C5F_P2,320055000
V1_scalar_F5M_Q4F_C5F_P2,323630300
V1_scalar_F5M_Q4F_C5F_P2,320595000
V1_scalar_F5M_Q4F_C5M_P2,361116000
V1_scalar_F5M_Q4F_C5M_P2,355312100
V1_scalar_F5M_Q4F_C5M_P2,353416200
V1_scalar_F5M_Q4F_C5M_P2,355336100
V1_scalar_F5M_Q4F_C5M_P2,354701400
V1_scalar_F5M_Q4F_C5M_P2,352013200
V1_scalar_F5M_Q4M_C1R_P2,680991800
V1_scalar_F5M_Q4M_C1R_P2,667708300
V1_scalar_F5M_Q4M_C1R_P2,664675300
V1_scalar_F5M_Q4M_C1R_P2,666397000
V1_scalar_F5M_Q4M_C1R_P2,669770200
V1_scalar_F5M_Q4M_C1X_P2,445677000
V1_scalar_F5M_Q4M_C1X_P2,449140700
V1_scalar_F5M_Q4M_C1X_P2,442928300
V1_scalar_F5M_Q4M_C1X_P2,447449200
V1_scalar_F5M_Q4M_C1X_P2,449108700
V1_scalar_F5M_Q4M_C2R_P2,592330200
V1_scalar_F5M_Q4M_C2R_P2,589866800
V1_scalar_F5M_Q4M_C2R_P2,596919000
V1_scalar_F5M_Q4M_C2R_P2,590900100
V1_scalar_F5M_Q4M_C2R_P2,597384500
V1_scalar_F5M_Q4M_C2X_P2,403085400
V1_scalar_F5M_Q4M_C2X_P2,409731600
V1_scalar_F5M_Q4M_C2X_P2,406598700
V1_scalar_F5M_Q4M_C2X_P2,401494800
V1_scalar_F5M_Q4M_C2X_P2,402990000
V1_scalar_F5M_Q4M_C3_P2,349879900
V1_scalar_F5M_Q4M_C3_P2,350649500
V1_scalar_F5M_Q4M_C3_P2,348869700
V1_scalar_F5M_Q4M_C3_P2,349061500
V1_scalar_F5M_Q4M_C3_P2,346646500
V1_scalar_F5M_Q4M_C3_P2,352510900
V1_scalar_F5M_Q4M_C4F_P2,357463000
V1_scalar_F5M_Q4M_C4F_P2,357389400
V1_scalar_F5M_Q4M_C4F_P2,358174700
V1_scalar_F5M_Q4M_C4F_P2,355494800
V1_scalar_F5M_Q4M_C4F_P2,355343000
V1_scalar_F5M_Q4M_C4F_P2,356292500
V1_scalar_F5M_Q4M_C4M_P2,367552600
V1_scalar_F5M_Q4M_C4M_P2,363126200
V1_scalar_F5M_Q4M_C4M_P2,368642200
V1_scalar_F5M_Q4M_C4M_P2,365109900
V1_scalar_F5M_Q4M_C4M_P2,373370200
V1_scalar_F5M_Q4M_C5F_P2,339874600
V1_scalar_F5M_Q4M_C5F_P2,335626000
V1_scalar_F5M_Q4M_C5F_P2,331449800
V1_scalar_F5M_Q4M_C5F_P2,333614500
V1_scalar_F5M_Q4M_C5F_P2,328328600
V1_scalar_F5M_Q4M_C5F_P2,332043900
V1_scalar_F5M_Q4M_C5M_P2,366286700
V1_scalar_F5M_Q4M_C5M_P2,365634500
V1_scalar_F5M_Q4M_C5M_P2,365961000
V1_scalar_F5M_Q4M_C5M_P2,367838600
V1_scalar_F5M_Q4M_C5M_P2,364207100
